plot_id,language,title_bn,title_en,synopsis,n_sentences,source_url,source_type,collected_date,split,revision_id,revision_timestamp,licence
BN001,bn,অংশুমান এমবিএ,,"চলচ্চিত্রটি অংশুমান (সোহম চক্রবর্তী) এবং গোপী (আভাস মুখার্জি) এর উপর আলোকপাত করে, উভয় গুজরাটি ছাত্র একসাথে তাদের স্নাতক অধ্যয়ন করছে। অংশুমান তার উদ্যোক্তা স্বপ্নগুলি অনুসরণ করার জন্য এমবিএ করার সিদ্ধান্ত নেয়, যখন গোপী একটি ধনী পরিবার থেকে আসে। তারা বিয়ের গতিশীলতা সম্পর্কিত একটি ব্যবসা শুরু করার সিদ্ধান্ত নেয়। আনশুমানের জীবন একটি ভিন্ন দিকে নিয়ে যায় যখন সে লাবণ্য (কৌশানী মুখোপাধ্যায়) এর প্রেমে পড়ে, যা একটি অনন্য প্রেমের গল্পের দিকে পরিচালিত করে।",4,https://bn.wikipedia.org/wiki/%E0%A6%85%E0%A6%82%E0%A6%B6%E0%A7%81%E0%A6%AE%E0%A6%BE%E0%A6%A8_%E0%A6%8F%E0%A6%AE%E0%A6%AC%E0%A6%BF%E0%A6%8F,wikipedia_bn,2026-07-31,,8891319,2026-04-14T05:30:11Z,CC BY-SA 4.0
BN002,bn,অকাল বিসর্জন,,"দুর্গা, ষোলো বছর বয়সী এক বুদ্ধিমতী ও সকলের প্রিয় মেয়ে, পড়াশোনা এবং তার বাবা-মায়ের স্বপ্ন পূরণের জন্য ভালোবাসাকে প্রত্যাখ্যান করে। সে স্থানীয় ছেলেদের হাতে রাখি পরায়। কিন্তু নেশায় জর্জরিত কয়েকজন এক রাতে তাকে আক্রমণ করে এবং হত্যা করে। নেশা কেটে গেলে অপরাধবোধ তাদের গ্রাস করে— তারাও মারা যায়।",4,https://bn.wikipedia.org/wiki/%E0%A6%85%E0%A6%95%E0%A6%BE%E0%A6%B2_%E0%A6%AC%E0%A6%BF%E0%A6%B8%E0%A6%B0%E0%A7%8D%E0%A6%9C%E0%A6%A8,wikipedia_bn,2026-07-31,,8942116,2026-05-17T17:41:30Z,CC BY-SA 4.0
BN003,bn,অগ্নি (চলচ্চিত্র),,"তানিশা (মাহিয়া মাহী) থাইল্যান্ডে ছদ্মবেশী হত্যাকারী, যে আন্ডারওয়ার্ল্ডের বড়ো অপরাধীদের হত্যা করে, তানিশাকে থাইল্যান্ডের সবাই ""দা কিলার ওয়ান"" বলে জানে কিন্তু কেউ তাকে চেনে না। আইনাল (মিশা সদাগর), থাইল্যান্ডের সবচেয়ে বড়ো আন্ডারওয়ার্ল্ড ডন। আইনাল তানিশাকে মেরে ফেলার সিদ্ধান্ত নেয়। ড্রাগণ (আরেফিন শুভ) থাইল্যান্ডের সবচেয়ে দু:সাহসী ফাইটার, ৩ বার ওয়ার্ল্ড বক্সিং চ্যাম্পিয়ন। আইনাল তানিশাকে মারার মিশন দিয়ে ড্রাগনকে পাঠায়, মিশনের মাঝে ড্রাগণ একটি মেয়ের প্রেমে পরে কিন্তু পরে জানতে পায় তার প্রেমিকা হচ্ছে তানিশা।",5,https://bn.wikipedia.org/wiki/%E0%A6%85%E0%A6%97%E0%A7%8D%E0%A6%A8%E0%A6%BF_(%E0%A6%9A%E0%A6%B2%E0%A6%9A%E0%A7%8D%E0%A6%9A%E0%A6%BF%E0%A6%A4%E0%A7%8D%E0%A6%B0),wikipedia_bn,2026-07-31,,8982954,2026-06-03T03:28:44Z,CC BY-SA 4.0
BN004,bn,অগ্নি সংস্কার,,রাঘবপুর কারখানার চিফ ইঞ্জিনিয়ার ছিলেন রজত চৌধুরী। তিনি মেশিনগুলি ভালভাবে দেখাশোনা করতেন এবং শ্রমিকদের চাহিদা সম্পর্কে সচেতন ছিলেন। কোম্পানি তার কাজে সন্তুষ্ট। কোম্পানি পুরানো ম্যানেজারকে সরিয়ে একজন কম দক্ষতাস সম্পন্ন ধীরেনকে রাখতে চেয়েছিল। শুরু হয় দ্বন্দ্ব। কারখানার মালিকের ছেলে অলোক রজতের ভাল বন্ধু। ধীরেন প্রতিশোধ নিতে প্রস্তুত এবং এর জন্য তিনি সমস্ত যোগাযোগ করেছিলেন। পুরো জিনিসটি নষ্ট করার জন্য তিনি তার স্তরের সর্বোচ্চ চেষ্টা করেছিলেন। ফলস্বরূপ প্রচুর উত্থান-পতন ঘটেছিল এবং শেষ পর্যন্ত সত্যটি ধরা পড়ে। ন্যায়বিচার পেতে রজতকে অনেক ভোগান্তি পোহাতে হয়েছিল এবং প্রিয়জনের কাছ থেকে ভাল সমর্থন পেয়েছিলেন। ফলস্বরূপ তিনি তার সাফল্যের শীর্ষে ছুঁয়েছিলেন।,11,https://bn.wikipedia.org/wiki/%E0%A6%85%E0%A6%97%E0%A7%8D%E0%A6%A8%E0%A6%BF_%E0%A6%B8%E0%A6%82%E0%A6%B8%E0%A7%8D%E0%A6%95%E0%A6%BE%E0%A6%B0,wikipedia_bn,2026-07-31,,8902464,2026-04-23T23:07:26Z,CC BY-SA 4.0
BN005,bn,অগ্নি ২,,"পিতার মৃত্যুর প্রতিশোধ নিতে গুলজার ও তার গ্যাং কে হারানোর পর তানিশা শিশিরের সঙ্গে বাংলাদেশে ফেরত আসে আবার স্বাভাবিক জীবন যাপন করতে । শিশির, তানিশার প্রেমিক একজন মারাত্মক গুপ্তঘাতক এবং গুলজার অপরাধ সিন্ডিকেটের একজন সদস্য ছিলো, সে পরে তানিশাকে তার বাবার মৃত্যুর প্রতিশোধ নিতে সাহায্য করে । শিশির তানিশার জন্য স্থায়ীভাবে বাংলাদেশে ফেরার সিদ্ধান্ত নেয় । কিন্তু পাইথন, গুলজারের ভাই এবং একটি বৃহৎ অপরাধ সিন্ডিকেটের নেতা তাকে হত্যা করে ভাই মৃত্যুর জন্য প্রতিশোধ নিতে । তানিশা শিশিরের হত্যাকারী পাইথনকে হত্যা করার শপথ নেয় ।তবে পাইথন এর আসল পরিচয় বহির্বিশ্বের কাছ থেকে অজানা । তাই, তানিশা অন্যান্য কুখ্যাত অপরাধীদের পাইথনের এর অবস্থান ট্রেস করার সিদ্ধান্ত নেয় । তানিশা থাইল্যান্ডে পাইথন এর অবস্থান জানতে পারে এবং থাইল্যান্ড যাওয়ার সিদ্ধান্ত নেয়। তানিশা তার পরিচয় গোপন করে থ্যাইল্যান্ড আসে। পাইথনকে খুজতে খুজতে সেখানে দেখা হয় ইশানে সাথে, ইশান পাইথন এর অপরাধ সংগঠনের একজন সদস্য যা তানিশ জানতো । কিন্তু, সে জানতো না ইশানই পাইথনকে শিশিরের ঠিকানা দিয়েছে। ইশান তানিশার আসল পরিচয় না জেনেই তার প্রেমে পড়ে যায়।",12,https://bn.wikipedia.org/wiki/%E0%A6%85%E0%A6%97%E0%A7%8D%E0%A6%A8%E0%A6%BF_%E0%A7%A8,wikipedia_bn,2026-07-31,,8985778,2026-06-04T15:24:56Z,CC BY-SA 4.0
BN006,bn,অনেক দামে কেনা,,অবৈধ বক্সিং ক্লাবে ফাইট করে নিজের পেট চালায় ভবঘুরে হিরো। রাস্তার পাশে অন্ধ ফুল বিক্রেতা পুষ্পকে দেখে ভালোবাসে ফেলে সে। পুষ্প’র চোখের চিকিৎসা করানোর জন্য সাহায্য চায় ঘটনাক্রমে পরিচয় হওয়া মাতাল ধনকুবের ইমুরুজ মীর্জা সাথে। হঠাৎ তাদের হাতে খুন হয় দুজন সন্ত্রাসী। হিরো কি পারবে তার অনেক দামে কেনা ভালোবাসা সফল করতে ?,5,https://bn.wikipedia.org/wiki/%E0%A6%85%E0%A6%A8%E0%A7%87%E0%A6%95_%E0%A6%A6%E0%A6%BE%E0%A6%AE%E0%A7%87_%E0%A6%95%E0%A7%87%E0%A6%A8%E0%A6%BE,wikipedia_bn,2026-07-31,,8804143,2026-02-22T05:20:26Z,CC BY-SA 4.0
BN007,bn,অনেক সাধের ময়না,,"ময়না গ্রামের সুন্দরী মেয়ে, মতি গ্রামের শিক্ষিত ছেলে এবং মনা গ্রামের একজন সাধারণ এবং নির্বোধ ছেলে। যখন ময়না তাদের উভয়ের জীবন থেকে হারিয়ে যায় তখন সবকিছুই পরিবর্তন হয়ে যায়। এই প্রেমের গল্প কি সবসময়ই ভালোভাবে শেষ হতে হবে? অথবা একটি দুঃখজনক বা উভয় হতে হবে?",4,https://bn.wikipedia.org/wiki/%E0%A6%85%E0%A6%A8%E0%A7%87%E0%A6%95_%E0%A6%B8%E0%A6%BE%E0%A6%A7%E0%A7%87%E0%A6%B0_%E0%A6%AE%E0%A6%AF%E0%A6%BC%E0%A6%A8%E0%A6%BE,wikipedia_bn,2026-07-31,,8903269,2026-04-23T23:54:09Z,CC BY-SA 4.0
BN008,bn,অন্তিম যাত্রা,,একজন মহিলা তার অনুশোচনাপূর্ণ একাকী জীবন কাটায়। তার উপলব্ধি তাকে অতীতের কিছু স্মৃতি স্মরণ করিয়ে দেয় । যেখানে একজন নব্য বিবাহিত মহিলার তার শ্বশুর ও স্বামীর প্রতি অভদ্র আচরণ ফুটে ওঠে। তিনি একসময় বৃদ্ধ শশুড়ের প্রতি তার রাগ ও বিরক্তিভাব প্রকাশ করেন এবং তাকে বৃদ্ধাশ্রমে পাঠানোর সিদ্ধান্ত নেয়। কিন্তু তাকে বৃদ্ধাশ্রমে পাঠানোর আগেই তিনি শেষ নিঃশ্বাস ত্যাগ করেন। এতে তখনও তার বিন্দুমাত্র অনুতাপ হয় না। কিন্তু যখন তার অন্তিম যাত্রার সময় হয়  তখন তিনি গভীর ভাবে বুঝতে পারেন এবং অতীতের স্মৃতিগুলো স্মরণ করতে করতে একসময় পরলোক গমন করেন ।,7,https://bn.wikipedia.org/wiki/%E0%A6%85%E0%A6%A8%E0%A7%8D%E0%A6%A4%E0%A6%BF%E0%A6%AE_%E0%A6%AF%E0%A6%BE%E0%A6%A4%E0%A7%8D%E0%A6%B0%E0%A6%BE,wikipedia_bn,2026-07-31,,7316265,2024-04-06T19:30:08Z,CC BY-SA 4.0
BN009,bn,অবুঝ মন,,মাসুম (রাজ্জাক) তার বন্ধুর (বিজয়) সাহায্যে পড়াশুনা করে সদ্য ডাক্তারী পাস করে গ্রামে যাবে ডাক্তারী করার জন্য। গ্রামের পথে ট্রেনে তার পরিচয় হয় জমিদার মেয়ে মাধবীর (শাবানা) সাথে এবং অনতিবিলম্বে প্রেম। মাধবীর পিতা মাসুমের গ্রামের জমিদার। কিন্তু এই প্রেমের বাধা হয়ে দাড়ায় তাদের অসম সামাজিক পরিচয়। মাধবীর পিতার অণুরোধে মাসুম কাউকে না জানিয়ে গ্রাম ছেড়ে চলে যায়। মাধবীর পিতা মাধবীকে বিজয়ের সংগে বিয়ে দেয়।,6,https://bn.wikipedia.org/wiki/%E0%A6%85%E0%A6%AC%E0%A7%81%E0%A6%9D_%E0%A6%AE%E0%A6%A8,wikipedia_bn,2026-07-31,,8907973,2026-04-24T11:05:22Z,CC BY-SA 4.0
BN010,bn,অভিমান (১৯৭৩-এর চলচ্চিত্র),,"সুবীর এক পেশাদার গায়ক যার ক্রমবর্ধমান ক্যারিয়ার রয়েছে। তিনি বিয়ে পরিকল্পনা ছিল না - যতক্ষণ না তিনি উমার দেখা পান। উমা এক মিষ্টি গ্রামের মেয়ে যিনি সঙ্গীতে প্রতিভাবতী। সুবীর উমার প্রেমে পড়ে এবং তাকে বিয়ে করে। তিনি তার নতুন বউকে নিয়ে মুম্বাই ফিরেছেন। সুবীর গায়ক হিসেবে চালিয়ে যাচ্ছেন এবং উমার গায়কী ক্যারিয়ারকে লালন করছেন। উমার গানের ক‍্যারিয়ার যখনই বিকশিত হতে শুরু করে, ঠিক তখনই সুবীরের কর্মজীবনে পতন ঘটতে থাকে। অবশেষে, সে তার স্বামীর চেয়েও বেশি সফল হয়, যার থেকে সুবীরের মনে ঈর্ষার জন্ম নেয়। তার অহংকার আর ঈর্ষা বিবাহে ছেদ ঘটায়। প্রশ্ন ওঠে সুবীর তার ঈর্ষা কাটিয়ে উঠতে পারবে কিনা। কাহিনী বেশ সংবেদনশীল পর্যায়ে পৌঁছে যখন দম্পতি আলাদা হয়ে যায় এবং উমার গর্ভপাত ঘটে। তার খালার কাছ থেকে ব্যাপক সমালোচনার পরে, তারা আবার একটি আবেগপূর্ণ পুনর্মিলনে একত্রিত হয় এবং তারা একসাথে গান করে।",12,https://bn.wikipedia.org/wiki/%E0%A6%85%E0%A6%AD%E0%A6%BF%E0%A6%AE%E0%A6%BE%E0%A6%A8_(%E0%A7%A7%E0%A7%AF%E0%A7%AD%E0%A7%A9-%E0%A6%8F%E0%A6%B0_%E0%A6%9A%E0%A6%B2%E0%A6%9A%E0%A7%8D%E0%A6%9A%E0%A6%BF%E0%A6%A4%E0%A7%8D%E0%A6%B0),wikipedia_bn,2026-07-31,,8980244,2026-06-02T06:21:05Z,CC BY-SA 4.0
BN011,bn,অমর কন্টক,,"দেবেশ একজন সাহিত্যিক, তার ভাই বিনয় কলকাতা থেকে অনেক দূরে লক্ষ্মণপুর নামক এক অঞ্চলে সার্ভেয়ারের চাকরি করতে গিয়ে অনেকদিন ধরে নিখোঁজ। দেবেশ ভাইয়ের সন্ধানে লক্ষ্মণপুরে আসেন, যেখানে বিনয় কর্মসূত্রে এসেছিল। সেখানে এক বাংলোর চৌকিদারের কাছ থেকে তিনি জানতে পারেন, নিকটবর্তী অমরকন্টক মন্দিরের এক সন্ন্যাসিনী (বহিনজী) বিনয়ের সন্ধান দিতে পারেন।   দেবেশ বহিনজীর সাথে দেখা করেন এবং বিনয়ের সম্পর্কে জানতে চান। বহিনজীর তাকে ঠাকুর জনকলালের মেয়ে উর্মি হিসাবে নিজের প্রকৃত পরিচয় দেন এবং বিনয়ের নিখোঁজ রহস্য উন্মোচন করেন। বিনয় সার্ভেয়ারের কাজে এসে লক্ষ্মণপুরের জমিদার ঠাকুর জনকলালের সাথে শত্রুতায় জড়িয়ে পড়ে।     ঠাকুর জনকলালের দুই মেয়ে — উর্মি আর প্রমি। তারা দুজনেই বিনয়ের প্রেমে পড়ে। কিন্তু বড়ো মেয়ে উর্মির সাথে বিনয়ের প্রেমের সম্পর্ক গড়ে ওঠে। ঠাকুর জনকলালের আপত্তি স্বত্ত্বেও তাঁর স্ত্রী রাণী অহল্যা অমরকন্টক মন্দিরে বিনয় ও উর্মির বিবাহ সম্পন্ন করেন। দুশ্চরিত্র, অহংকারী ঠাকুর জনকলালের হাত থেকে নবদম্পতিকে বাঁচাতে রাণী অহল্যা গুলি করে নিজের স্বামী ঠাকুর জনকলালকে হত্যা করেন এবং তারপর নিজেও আত্মহত্যা করেন।     এরপর প্রমি প্রতিহিংসাবশত ষড়যন্ত্র করে শরবতে ওষুধ মিশিয়ে বিনয়ের সাথে ঘনিষ্ঠ হয় এবং উর্মির নিকট বিনয়কে চরিত্রহীন পুরুষ হিসাবে তুলে ধরে।",12,https://bn.wikipedia.org/wiki/%E0%A6%85%E0%A6%AE%E0%A6%B0_%E0%A6%95%E0%A6%A8%E0%A7%8D%E0%A6%9F%E0%A6%95,wikipedia_bn,2026-07-31,,8902679,2026-04-23T23:16:45Z,CC BY-SA 4.0
BN012,bn,অরণ্যের দিনরাত্রি (চলচ্চিত্র),,"চার বন্ধু, অসীম, সঞ্জয়, হরি এবং শেখর, কলকাতার বাসিন্দা, ছুটিতে পালামৌ এর কাছাকাছি বেড়াতে এসেছে। অসীম কলকাতায় একটি সওদাগরী আপিসে উচ্চপদস্থ কর্মচারী এবং এই চার বন্ধুর মধ্যে সেই অর্থনৈতিক ভাবে সবচেয়ে সচ্ছল এবং একটি অ্যাম্বাসেডর গাড়ির মালিক। সঞ্জয় কলকাতায় একটি সরকারি আপিসে কাজ করে। হরি একজন ফুটবল খেলোয়াড় এবং সম্প্রতি হরির বান্ধবী হরির সঙ্গে সম্পর্ক ছিন্ন করেছে। শেখর বর্তমানে বেকার, জুয়ার প্রতি আকর্ষণ আছে এবং তার সপ্রতিভ ব্যবহারের জন্য সে বন্ধুদের খুব প্রিয়। এরা সকলে কলকাতা থেকে পালামৌ যাবে বলে অসীমের গাড়ি করে বেরিয়ে পড়েছে। পালামৌ এর কাছাকাছি এসে একটা চায়ের দোকানে অসীম খোঁজ করে যে কাছাকাছি কোথাও টুরিস্ট বাংলো আছে কিনা। তখন একটি স্থানীয় লোক, যার নাম লখা, কিছু বখশিসের বিনিময়ে অসীমদের একটা টুরিস্ট বাংলো দেখিয়ে দিতে রাজি হয়। টুরিস্ট বাংলোয় থাকার জন্য ডালটনগঞ্জের ডি. এফ. ও ওর অগ্রিম অনুমতিপত্র থাকা জরুরি। এই নোটিস বোর্ড দেখাসত্ত্বেও অসীমরা ঠিক করে তারা ওই টুরিস্ট বাংলোতেই থাকবে এবং বাংলোর চৌকিদারকে প্রয়োজনীয় টাকা দিয়ে বাংলোর ঘর খোলাতে বাধ্য করে। একটা বাসস্থানের ব্যবস্থা হওয়ায় এরা স্বভাবতই একটু স্বস্তি লাভ করে এবং কিছুক্ষণ বিশ্রামের পরে বিকেলের দিকে জঙ্গলের দিকে ঘুরতে বেরোয়। প্রথমদিকে মনে হচ্ছিল যে এরা জঙ্গলে উদ্দেশ্যহীনভাবে ঘুরতে বেরিয়েছে, কিন্তু দেখা গেল যে অসীমের একটা নির্দিষ্ট গন্তব্য আছে এবং সেটা হলো স্থানীয় বাসিন্দাদের নেশা করার জায়গা।",12,https://bn.wikipedia.org/wiki/%E0%A6%85%E0%A6%B0%E0%A6%A3%E0%A7%8D%E0%A6%AF%E0%A7%87%E0%A6%B0_%E0%A6%A6%E0%A6%BF%E0%A6%A8%E0%A6%B0%E0%A6%BE%E0%A6%A4%E0%A7%8D%E0%A6%B0%E0%A6%BF_(%E0%A6%9A%E0%A6%B2%E0%A6%9A%E0%A7%8D%E0%A6%9A%E0%A6%BF%E0%A6%A4%E0%A7%8D%E0%A6%B0),wikipedia_bn,2026-07-31,,8908232,2026-04-24T11:47:47Z,CC BY-SA 4.0
BN013,bn,অর্পিতা (চলচ্চিত্র),,"অর্পিতা আর পুজা উত্তরায় একসাথে থাকেন, এম জে ফিনান্স নামের একটি প্রতিষ্ঠানে বিপণনের চাকুরী করেন। অর্পিতার স্বামী সিনেমার সহকারী পরিচালক, বর্তমানে হাতে কাজ নেই,সবসময় মদ আর ধূমপান করেন। সিনেমার নায়িকা কারিশমার গাড়িতে ঢিল ছোড়ার অপরাধে উত্তরা পূর্ব থানায় থাকা মদ্যপ স্বামী ছগির ও তার সহযোগী প্রকাশকে জামিনে ছাড় করতে যায় অর্পিতা। পুলিশ ছগিরকে নিজ স্ত্রী রেখে নায়িকার প্রতি ভালবাসা দেখানোর জন্য ভৎসনা করে। নিজের মেয়ে স্পর্শকে স্কুল থেকে নিয়ে বাড়ি ফেরার পথে স্থানীয় এক বখাটে শাহেদ তাকে অনুসরণ করে। অফিসে অর্পিতা আর পুজার কর্মকর্তার সাথে ব্যক্তগত সহকারীর অতিরিক্ত মেলামেশা তাদের বিবৃত করে। অর্পিতা অফিস থেকে আগেই অনেক টাকা অগ্রিম নিয়ে রেখেছে, তাই তার বস একটি পলিসি বাগানোর জন্য অর্পিতাকে একজন বিশেষ গ্রাহকের কাছে পাঠায়। সেই গ্রাহক পর্দা ব্যবসার আড়ালে দালালি করে, না না ছুতোয় অর্পিতার শরীরে স্পর্শ করে, দালালের লেলুপ আলাপ শুনে অর্পিতা বিব্রত হয়। চাকুরীর পরে অর্পিতা টিউশনি করে। তার ছাত্র আরিয়ান। টিউশনির বেতন চাওয়ার সময় আরিয়ানের বাবাও অর্পিতাকে বাজে ইঙ্গিত দেয়, একই সাথে অতিরিক্ত টাকা দিতে চায়। সংসারে আর্থিক টানাটানি থাকার কারণে অর্পিতার মায়ের সবসময় ঝগড়া হয়।",12,https://bn.wikipedia.org/wiki/%E0%A6%85%E0%A6%B0%E0%A7%8D%E0%A6%AA%E0%A6%BF%E0%A6%A4%E0%A6%BE_(%E0%A6%9A%E0%A6%B2%E0%A6%9A%E0%A7%8D%E0%A6%9A%E0%A6%BF%E0%A6%A4%E0%A7%8D%E0%A6%B0),wikipedia_bn,2026-07-31,,8725593,2026-01-13T00:13:32Z,CC BY-SA 4.0
BN014,bn,অশিক্ষিত (চলচ্চিত্র),,গ্রামের চৌকিদার রহমত (রাজ্জাক) লেখাপড়া জানে না। অশিক্ষিত রহমতকে লেখাপড়া শেখায় গ্রামের দরিদ্র অনাথ বালক মানিক। রহমত নাম দস্তখত করা শেখে তার কাছে। দুর্নীতিবাজ আড়তদারের অপরাধ দেখে ফেলায় খুন হয় মানিক। তার খুনের সাক্ষী হয় রহমত এবং তার সাক্ষ্যে শাস্তি হয় অপরাধীর। সাক্ষীর দরখাস্তে নিজ হাতে নাম সই করে রহমত।,6,https://bn.wikipedia.org/wiki/%E0%A6%85%E0%A6%B6%E0%A6%BF%E0%A6%95%E0%A7%8D%E0%A6%B7%E0%A6%BF%E0%A6%A4_(%E0%A6%9A%E0%A6%B2%E0%A6%9A%E0%A7%8D%E0%A6%9A%E0%A6%BF%E0%A6%A4%E0%A7%8D%E0%A6%B0),wikipedia_bn,2026-07-31,,8907382,2026-04-24T09:30:05Z,CC BY-SA 4.0
BN015,bn,অশ্লীলতার দায়ে (চলচ্চিত্র),,"চলচ্চিত্রটি একটি বাংলা উপন্যাস নিয়ে মামলায় আদালতের বিচারের উপর ভিত্তি করে তৈরি করা হয়েছে যা অশ্লীলতার অভিযোগে অভিযুক্ত। তরুণ আইনজীবী ভাস্কর মামলায় পক্ষে যুক্তি দিয়েছিলেন যে এই উপন্যাসটি মোটেই নোংরা বা অশ্লীল নয়। অবশেষে উদঘাটিত হয় যে, এক অবসরপ্রাপ্ত বিচারক তরুণ বয়সে উপন্যাসটি লিখেছিলেন এবং এর গল্পটি ছিল তার ব্যক্তিগত অভিজ্ঞতার আলোকে।",3,https://bn.wikipedia.org/wiki/%E0%A6%85%E0%A6%B6%E0%A7%8D%E0%A6%B2%E0%A7%80%E0%A6%B2%E0%A6%A4%E0%A6%BE%E0%A6%B0_%E0%A6%A6%E0%A6%BE%E0%A6%AF%E0%A6%BC%E0%A7%87_(%E0%A6%9A%E0%A6%B2%E0%A6%9A%E0%A7%8D%E0%A6%9A%E0%A6%BF%E0%A6%A4%E0%A7%8D%E0%A6%B0),wikipedia_bn,2026-07-31,,8993990,2026-06-09T19:18:55Z,CC BY-SA 4.0
BN016,bn,অসুর (চলচ্চিত্র),,"চলচ্চিত্রের তিন কলেজ বন্ধু, কিগান, বোধি এবং অদিতির মধ্যকার সম্পর্ককে কেন্দ্র করে। কিগান এবং অদিতি ভাস্কর্য এবং চিত্রকলায় আগ্রহী, চারুকলা অধ্যয়ন করেছিলেন। বোধি আগে ইংরেজি সাহিত্যের ছাত্র ছিলেন, তবে এখন কর্পোরেট খাতে কর্মরত।",3,https://bn.wikipedia.org/wiki/%E0%A6%85%E0%A6%B8%E0%A7%81%E0%A6%B0_(%E0%A6%9A%E0%A6%B2%E0%A6%9A%E0%A7%8D%E0%A6%9A%E0%A6%BF%E0%A6%A4%E0%A7%8D%E0%A6%B0),wikipedia_bn,2026-07-31,,8906033,2026-04-24T06:02:11Z,CC BY-SA 4.0
BN017,bn,অহল্যা (২০১৫-এর চলচ্চিত্র),,"একজন তরুণ পুলিশ অফিসার, ইন্দ্র সেন বিখ্যাত বার্ধক্য শিল্পী, গৌতম সাধুর বাড়িতে পৌঁছেছেন, অর্জুন নামে একজন নিখোঁজ ব্যক্তির মামলার তদন্ত করতে। সেখানে, তাকে গৌতমের যুবতী এবং সুন্দরী স্ত্রী অহল্যা দ্বারা অভ্যর্থনা জানানো হয়, যাকে তিনি গৌতম সাধুর কন্যা হিসাবে গ্রহণ করেছিলেন। ইন্দ্র একটি ম্যান্টেলপিসের উপর বাস্তববাদী পুতুলের একটি বিন্যাস দেখেন এবং লক্ষ্য করেন যে একটি অর্জুনের সাথে প্রায় একই রকম দেখাচ্ছে। একটি পাথর, যা কাঁচের মধ্যে আবৃত, সেখানে স্থাপন করা হয়েছে। একটি পুতুল পড়ে যায়, এবং অহল্যা অন্যদের সাথে ফিরে যাওয়ার আগে চিত্রটিকে শাস্তি দেয়। তিনি এই আকস্মিক নড়াচড়ার জন্য সিলিং ফ্যানের বাতাসকে দায়ী করেন। অহল্যা পুরুষদের চা পরিবেশন করে এবং সূক্ষ্মভাবে ফ্লার্ট করে গৌতমের উপস্থিতিতে ইন্দ্রের সাথে, যখন গৌতম বিভ্রান্ত। তারপরে সে তার ঘরে ফিরে আসে কিন্তু টেবিলে তার মোবাইল ফোনটি ভুলে যায়। ইন্দ্র গৌতমকে অর্জুন সম্পর্কে জিজ্ঞাসা করে, একজন মডেল যাকে শিল্পীর জন্য কাজ করার পর থেকে দেখা যায়নি। গৌতম ইন্দ্রকে বলেন যে কাঁচের পাথরের জাদুকরী গুণাবলী রয়েছে এবং যে কেউ এটিকে স্পর্শ করে সে যাকে ইচ্ছা পরিণত হয়। তিনি ইন্দ্রকে বলেন যে অর্জুন পাথরটি জানতেন এবং তিনি এটি ব্যবহার করতে পারেন বলে পরামর্শ দেন। ইন্দ্র প্রথমে তাকে বিশ্বাস করে না কিন্তু চেষ্টা করতে রাজি হয়।",12,https://bn.wikipedia.org/wiki/%E0%A6%85%E0%A6%B9%E0%A6%B2%E0%A7%8D%E0%A6%AF%E0%A6%BE_(%E0%A7%A8%E0%A7%A6%E0%A7%A7%E0%A7%AB-%E0%A6%8F%E0%A6%B0_%E0%A6%9A%E0%A6%B2%E0%A6%9A%E0%A7%8D%E0%A6%9A%E0%A6%BF%E0%A6%A4%E0%A7%8D%E0%A6%B0),wikipedia_bn,2026-07-31,,8900932,2026-04-22T19:58:01Z,CC BY-SA 4.0
BN018,bn,অ্যাকশন (চলচ্চিত্র),,রাকা ২০ বছর বয়সী একজন কয়লা মাফিয়া। কলেজ ছাত্র আকাশ তার প্রেম প্রত্যাখান করে।এতে রাকা তার জীবন নরকে পরিণত করে। তাই আকাশ রাকার থেকে পালায় ও কলকাতার কলেজে যোগ দেয় রোহিত রায় নামে। সেখানে তার রিনির সাথে দেখা হয় ও তাদের প্রেম হয়। এভাবেই চলচ্চিত্রটির গল্প এগিয়ে যায়।,6,https://bn.wikipedia.org/wiki/%E0%A6%85%E0%A7%8D%E0%A6%AF%E0%A6%BE%E0%A6%95%E0%A6%B6%E0%A6%A8_(%E0%A6%9A%E0%A6%B2%E0%A6%9A%E0%A7%8D%E0%A6%9A%E0%A6%BF%E0%A6%A4%E0%A7%8D%E0%A6%B0),wikipedia_bn,2026-07-31,,7732560,2024-11-12T21:41:46Z,CC BY-SA 4.0
BN019,bn,অ্যাডভেঞ্চারস অফ জোজো,,"ছবিটির কাহিনী বাঘ শিকার এবং বন্যপ্রাণী সংরক্ষণের বিষয়কে ঘিরে আবর্তিত হয়েছে। গল্পটি জোজোকে অনুসরণ করে, একটি ১২ বছর বয়সী স্কুলগামী ছেলে যে কলকাতায় তার বাবা-মায়ের সাথে থাকে। জোজো মরুভূমি এবং সেখানে বসবাসকারী প্রাণীদের স্বপ্ন দেখে। একদিন, যখন তার বাবা-মা তার দিদাকে ফিরিয়ে আনতে ভেলোরে যায়, জোজো অরুণাচল প্রদেশের বড়োপাহাড়িতে তার মামার বাড়িতে যায়। সেখানে একই বয়সী স্থানীয় ছেলে শিবুর সাথে তার বন্ধুত্ব হয়। শিবু একজন মাহুতের ছেলে এবং প্রকৃতির মাঝে বড় হয়েছে, প্রাণীদের সাথে ঘনিষ্ঠ বন্ধন গড়ে তুলেছে, বিশেষ করে ননি নামক একটি হাতির সাথে। একসাথে, জোজো এবং শিবু চোরাশিকারিদের একটি দলকে চেঙ্গিজ, একটি রাজকীয় বাঘ যাকে বনের রক্ষাকর্তা হিসাবে সম্মান করা হয়; তাকে হত্যা করা থেকে বিরত করার জন্য একটি মিশনে শুরু করে।",7,https://bn.wikipedia.org/wiki/%E0%A6%85%E0%A7%8D%E0%A6%AF%E0%A6%BE%E0%A6%A1%E0%A6%AD%E0%A7%87%E0%A6%9E%E0%A7%8D%E0%A6%9A%E0%A6%BE%E0%A6%B0%E0%A6%B8_%E0%A6%85%E0%A6%AB_%E0%A6%9C%E0%A7%8B%E0%A6%9C%E0%A7%8B,wikipedia_bn,2026-07-31,,8904298,2026-04-24T01:51:21Z,CC BY-SA 4.0
BN020,bn,আকাশ কত দূরে,,জন্ম দিয়েই মা মারা যায় বিচ্ছুর। জন্ম-পরিচয়হীন সেই বাচ্চাকে দিয়ে আসা হল একটি এতিম খানায়। সেখান থেকে তাকে পাঠান হল আরেকটি এতিম খানায় যেখানে পড়াশোনার পাশাপাশি হাতের কাজও করান হয়। কিন্তু সে সেখানকার অতিমাত্রায় শাসনে ও অত্যাচারে অতীষ্ঠ হয়ে ওঠে। মানসিকভাবে বিপর্যস্ত বিচ্ছু সিদ্ধান্ত নেয় পালিয়ে যাওয়ার। বন্ধুর সহযোগিতায় সে দেয়াল টপকে পালিয়ে চলে আসে ঢাকায়। ঢাকায় এসে পথে দেখা হল বুলেট আর জসিম নামের দুটি ছেলের সাথে। বিচ্ছুকে তারা নিয়ে গেল ওস্তাদের (মিশা সওদাগর) কাছে। এভাবে বিচ্ছু অন্ধকার জগতে প্রবেশ করে। ওস্তাদের ঘনিষ্ঠ সহচর হয়ে ওঠে সে। এখানে পরি তাকে খুব স্নেহ করে। পরি বিয়ের নামে প্রতারণা করে বেড়ায়।,12,https://bn.wikipedia.org/wiki/%E0%A6%86%E0%A6%95%E0%A6%BE%E0%A6%B6_%E0%A6%95%E0%A6%A4_%E0%A6%A6%E0%A7%82%E0%A6%B0%E0%A7%87,wikipedia_bn,2026-07-31,,8907697,2026-04-24T10:19:50Z,CC BY-SA 4.0
BN021,bn,আক্রোশ (১৯৮৯-এর চলচ্চিত্র),,"সম্রাটের সমাজবিরোধী কার্যকলাপে অতিষ্ঠ হয়ে সরকার দক্ষ পুলিশ অফিসার সুব্রতকে পাঠায় তাকে ধরতে। সম্রাট অনাথ, সে জানেনা তার মাতা পিতা কে। সে সমাজবিরোধী আখ্যা পেলেও গরীবের রবিনহুড। গ্রামের অত্যাচারী জমিদার পান্নালাল চায় সম্রাটের প্রেমিকা চুমকিকে বিয়ে করতে। সুব্রত সম্রাটকে গ্রেপ্তার করে, কিন্তু জেলে আটকে রাখতে পারেনা। সে জেল ভেঙ্গে পালায় যখন জানতে পারে সুব্রতর প্রেমিকা মিলিকে অপহরণ করেছে পান্নালাল। সুব্রতর পিতা জানেন সম্রাটের আসল পরিচয়। সে তার বিবাহিত স্ত্রীর পূর্ব সন্তান।",8,https://bn.wikipedia.org/wiki/%E0%A6%86%E0%A6%95%E0%A7%8D%E0%A6%B0%E0%A7%8B%E0%A6%B6_(%E0%A7%A7%E0%A7%AF%E0%A7%AE%E0%A7%AF-%E0%A6%8F%E0%A6%B0_%E0%A6%9A%E0%A6%B2%E0%A6%9A%E0%A7%8D%E0%A6%9A%E0%A6%BF%E0%A6%A4%E0%A7%8D%E0%A6%B0),wikipedia_bn,2026-07-31,,8040666,2025-03-13T07:36:07Z,CC BY-SA 4.0
BN022,bn,আগুন (১৯৮৮-এর চলচ্চিত্র),,"ধৃতিমান ও মমতার কোনো সন্তান ছিলনা। ধৃতিমানের দাদার একমাত্র পুত্রসন্তান রাজা। রাজার মা মানসী মৃত্যুর আগে শিশুপুত্রকে ধৃতিমান ও মমতার হাতে তুলে দিয়ে যান। মমতা ও ধৃতিমান রাজাকে সন্তানস্নেহে মানুষ করতে থাকেন। রাজার পিতা ওষুধের চোরাকারবারীদের খোজ নেওয়ার সময় খুন হয়ে যায়। রাজা বড় হয়ে খুজতে থাকে পিতার হত্যাকারীদের। সে চোরাকারবারি দলের অন্যতম নেতা সদানন্দ এবং শেঠজীর দুষ্টচক্র ধ্বংস করে দেয়। কিন্তু আসল অপরাধীর নাম জানার পরে চমকে ওঠে, যে ছিল তারই কাকা ধৃতিমান যে পিতৃস্নেহ দিয়ে এসেছে। রাজা সব জেনে যাওয়ার পরে ধৃতিমান আত্মহত্যা করেন।",9,https://bn.wikipedia.org/wiki/%E0%A6%86%E0%A6%97%E0%A7%81%E0%A6%A8_(%E0%A7%A7%E0%A7%AF%E0%A7%AE%E0%A7%AE-%E0%A6%8F%E0%A6%B0_%E0%A6%9A%E0%A6%B2%E0%A6%9A%E0%A7%8D%E0%A6%9A%E0%A6%BF%E0%A6%A4%E0%A7%8D%E0%A6%B0),wikipedia_bn,2026-07-31,,8912735,2026-04-27T15:38:08Z,CC BY-SA 4.0
BN023,bn,আগুনের পরশমণি (চলচ্চিত্র),,"১৯৭১ সালের মে মাস। অবরুদ্ধ ঢাকায় ভীষণ নিস্তব্ধ রাতের বুক চিরে ছুটছে পাকিস্তানি হানাদার বাহিনীর সাঁজোয়া গাড়ির বহর। তীব্র হতাশা, তীব্র ভয়ে কাঁপছে বাংলাদেশের মানুষ। অবরুদ্ধ ঢাকার একটি পরিবারের কর্তা মতিন সাহেব ট্রানজিস্টার শোনার চেষ্টা করছেন মৃদু ভলিউমে। ভয়েস অব আমেরিকা, বিবিসি, স্বাধীন বাংলা বেতার কেন্দ্র শোনার চেষ্টা করছেন। নব ঘোরাচ্ছেন ট্রানজিস্টারের। হঠাৎ শুনতে পেলেন বজ্রকণ্ঠের অংশ বিশেষ : ‘মনে রাখবা রক্ত যখন দিয়েছি / রক্ত আরও দিবঃ / এবারের সংগ্রাম আমাদের মুক্তির সংগ্রাম / এবারের সংগ্রাম আমাদের স্বাধীনতার সংগ্রাম। কিছুই ভালো লাগেনা মতিন সাহেবের বড় মেয়ে রাত্রির। তাদের পরিবারে কয়েকদিন পর হাজির হন মতিন সাহেবের বন্ধুর ছেলে বদি। বদি এবং তার সহযোদ্ধারা একের পর এক অভিযান করে সফলতা লাভ করে। কিন্তু এক এক করে তারা পাক বাহিনীর হাতে বন্দি হয়। একটি অপারেশনে গুলিবিদ্ধ হয় বদি।",12,https://bn.wikipedia.org/wiki/%E0%A6%86%E0%A6%97%E0%A7%81%E0%A6%A8%E0%A7%87%E0%A6%B0_%E0%A6%AA%E0%A6%B0%E0%A6%B6%E0%A6%AE%E0%A6%A3%E0%A6%BF_(%E0%A6%9A%E0%A6%B2%E0%A6%9A%E0%A7%8D%E0%A6%9A%E0%A6%BF%E0%A6%A4%E0%A7%8D%E0%A6%B0),wikipedia_bn,2026-07-31,,8915162,2026-04-29T07:51:32Z,CC BY-SA 4.0
BN024,bn,আদম সুরত,,"১৯৮২ সালে শিল্পী এস এম সুলতান বিষয়ক আহমদ ছফা রচিত একটি লেখা মাসুদকে এই প্রামাণ্যচিত্র নির্মাণে উদ্বুদ্ধ করে। সে সময়ে তিনি চলচ্চিত্র বিষয়ে অধ্যয়নের জন্য পুনা ফিল্ম ইনস্টিটিউটের বৃত্তি পান, এবং সেখানে পড়তে যাওয়ার পরিকল্পনা থাকলেও নথিপত্রের জটিলতায় তা সম্ভব হয় নি। সে সময় মাসুদ বাংলাদেশ ফিল্ম আর্কাইভসের ফিল্ম অ্যাপ্রিসিয়েশন কোর্স সদ্য শেষ করে চলচ্চিত্র বিষয়ে যুক্তরাষ্ট্রে অধ্যয়নের পরিকল্পনা করেন। যদিও এবারো চিত্রগ্রাহক এবং তৎকালীন মাসুদের শিক্ষক আনোয়ার হোসেনের উৎসাহে শেষ পর্যন্ত তিনি বিদেশে অধ্যয়নেয় বিষয় বাদ দেন। অধ্যয়নের জন্য জমানো সমস্ত অর্থব্যায়ে, সুলতানের ওপর তথ্যচিত্রের কাজ শুরু করেন। ১৯৮২ সাল থেকে টানা সাত বছর ধরে ১৯৮৯ সাল পর্যন্ত মাসুদ প্রামাণ্যচিত্রটি নির্মাণ করেন। প্রাথমিক অবস্থায় শিল্পী সুলতান স্বভাববশত গণমাধ্যম বা ক্যামেরার সামনে আসতে অনিচ্ছা প্রকাশ করেন। এ বিষয়ে তিনি বলেন: তথ্যচিতের উপস্থাপনায় প্রাথমিক ধারণাগুলি ছিলো সুলতানের দৈনন্দিন জীবন, বাংলার সংস্কৃতি এবং কৃষিচত্রি। আদম সুরতের চিত্রগ্রাহক হিসেবে শুরুতে আনোয়ার হোসেনের কাজ করার কথা ছিল। কিন্তু সেই সময় তিনি ইউনেস্কোর স্টিল ফোটোগ্রাফির একটি অ্যাসাইনমেন্টে আফ্রিকায় চলে যান। ফলে পূর্বে সহকারী চিত্রগ্রাহক হিসাবে কাজ করার কথা থাকলেও মিশুক মুনীর মূল চিত্রগ্রাহক হিসেবে কাজ করেন। এই প্রামাণ্যচিত্র নির্মাণের সময় তারেক মাসুদের সাথে ক্যাথরিন শেপিয়ারের (পরবর্তীতে ক্যাথরিন মাসুদ) পরিচয় হয়।",12,https://bn.wikipedia.org/wiki/%E0%A6%86%E0%A6%A6%E0%A6%AE_%E0%A6%B8%E0%A7%81%E0%A6%B0%E0%A6%A4,wikipedia_bn,2026-07-31,,7631814,2024-09-22T22:31:50Z,CC BY-SA 4.0
BN025,bn,আনন্দ আশ্রম,,ডা: অমরেশ (উত্তম কুমার) বড়লোক বাবার (অশোক কুমার) একমাত্র ডাক্তার পুত্র। সে তার বাবার অমতে আশাকে (শর্মিলা ঠাকুর) বিয়ে করে এবং অন্য জায়গায় গিয়ে সংসার পাতে। সন্তানের জন্ম দিতে গিয়ে আশা মারা যায়। সেই পুত্রসন্তান ডা: সমরেশ (রাকেশ রোশন) ঘটনাচক্রে ঠাকুরদার কাছে মানুষ হয়। সমরেশ আবার সুমিতার (মৌসুমি চট্টোপাধ্যায়) প্রেমে পড়ে। সুমিতা/সুমি ডা: অমরেশের বন্ধু উৎপল দত্তের মেয়ে। সমরেশের আর সুমিতার বিয়ের দিন আবার ডা: অমরেশ এবং তার বাবার মধ্যে মিলন ঘটে এবং ভুল বোঝাবুঝির অবসান হয়।,7,https://bn.wikipedia.org/wiki/%E0%A6%86%E0%A6%A8%E0%A6%A8%E0%A7%8D%E0%A6%A6_%E0%A6%86%E0%A6%B6%E0%A7%8D%E0%A6%B0%E0%A6%AE,wikipedia_bn,2026-07-31,,9011768,2026-06-19T18:35:59Z,CC BY-SA 4.0
BN026,bn,আবার বসন্ত,,ইমরান চৌধুরী (তারিক আনাম খান) দেশের একজন প্রতিষ্ঠিত ব্যবসায়ী। তার সন্তানদের সাথে তার ১৫ বছর ধরে কোন যোগাযোগ নেই। তার স্ত্রীর মৃত্যুর পর কেউ তাকে দেখতে আসে নি। একাকীত্বে ভোগা ষাটোর্ধ্ব ইমরান চৌধুরী সম্পর্কে জড়ান ২৫ বছরের তিথি মোস্তফার (অর্চিতা স্পর্শিয়া) সাথে। এতে বাধা হয়ে দাঁড়ায় ইমরান চৌধুরীর ছেলেমেয়েরা। ব্যাপারটা গড়ায় আদালতে।,6,https://bn.wikipedia.org/wiki/%E0%A6%86%E0%A6%AC%E0%A6%BE%E0%A6%B0_%E0%A6%AC%E0%A6%B8%E0%A6%A8%E0%A7%8D%E0%A6%A4,wikipedia_bn,2026-07-31,,8906377,2026-04-24T06:50:42Z,CC BY-SA 4.0
BN027,bn,আমার বডিগার্ড,,"মানবদরদী যুব অনল (প্রতীক) সবার উপকার করতে ও সবার দিকে সাহায্যের হাত বাড়িয়ে দিতে ভালোবাসে। একদিন তার সঙ্গে দেখা হয় আঁখির (ঋদ্ধিমা ঘোষ)। আঁখি একটি বখে যাওয়া মেয়ে। সে সবসময় টাকাপয়সা নিয়েই মাথা ঘামায়। কিন্তু প্রথম দিন থেকেই দু’জনের মধ্যে একটি সুসম্পর্ক গড়ে ওঠে। সব জায়গায় দু’জনে একসঙ্গে যাতায়াত শুরু করে। অনল আঁখির প্রেমে পড়ে যায়। কিন্তু আঁখিকে প্রেম নিবেদন করলে আঁখি জানায়, সে অনলকে ভালোবাসে না। আসলে অনলের সঙ্গে সে ছলনা করেছে। অনলকে সে নিজের নিরাপত্তার জন্য নিজের দেহরক্ষী হিসেবেই ব্যবহার করেছে। যদিও অনলের ভালোবাসা তারপর আঁখির মনে পরিবর্তন আনতে সক্ষম হয়। এদিকে আঁখির প্রেমিক জয়ন্ত (কাঞ্চন মল্লিক) গুন্ডা পাঠিয়ে অনলকে খুন করার চেষ্টা করে।",12,https://bn.wikipedia.org/wiki/%E0%A6%86%E0%A6%AE%E0%A6%BE%E0%A6%B0_%E0%A6%AC%E0%A6%A1%E0%A6%BF%E0%A6%97%E0%A6%BE%E0%A6%B0%E0%A7%8D%E0%A6%A1,wikipedia_bn,2026-07-31,,8906902,2026-04-24T08:18:05Z,CC BY-SA 4.0
BN028,bn,আমি তোমার হতে চাই,,"চলচ্চিত্রের শুরুতে দেখা যায় বড় সন্ত্রাসী আসলাম তার গুণ্ডাদের নির্দেশ দিচ্ছে ঈগল গ্রুপ নামের একটি অপরাধ গ্রুপের প্রধানকে মেরে ফেলতে। ঈগল গ্রুপ মূলত আসলামেরই অপরাধ গ্রুপ, আর এর প্রধান আসলামের সাথে বিশ্বাসঘাতকতা করেছে তাই আসলামের গুণ্ডারা সেই গ্রুপের প্রধানকে গুলি করে হত্যা করে। হত্যার পর আসলাম ঈগল গ্রুপের জন্য নতুন প্রধান খুঁজতে থাকে। তারপর দেখা যায় আবিরকে তার গুণ্ডাদের সাথে। আবির তারপর কথায় বুঝিয়ে দেয় যে, আসলাম তাকে ঈগল গ্রুপের প্রধান বানিয়েছে। তারপর আবির যায় ছোট সন্ত্রাসী সীমান্তকে ঈগল গ্রুপের হয়ে কাজ করার জন্য রাজি করাতে। সীমান্ত প্রথমে আবিরের কথা শোনেনি, পরে আবির তাকে হত্যার হুমকি দিলে ভয়ে সীমান্ত রাজি হয়ে যায়। এরপরের দৃশ্যে আবির ঈগল গ্রুপের সবাইকে বলে সে কোনো সাধারন মানুষ বা সৎ লোকের ক্ষতি করবে না, ক্ষতি শুধু অবৈধ পথে হাঁটা ব্যবসায়ী ও দুর্নীতিবাজদের করবে। এরপর আবির যায় চাঁদাবাজি করতে। কিছু দৃশ্য পরে দেখা যায় আসলামকে, যে আবিরের প্রতি অনেক খুশি ছিল। তখন আসলাম আরেক সন্ত্রাসী রকিকে বলে যে, আবির নতুন হয়েও তার চেয়ে অনেক বেশি কিছু করতে পারে। রকিও জবাব দেয় যে, সেও কম কিছু নয়।",12,https://bn.wikipedia.org/wiki/%E0%A6%86%E0%A6%AE%E0%A6%BF_%E0%A6%A4%E0%A7%8B%E0%A6%AE%E0%A6%BE%E0%A6%B0_%E0%A6%B9%E0%A6%A4%E0%A7%87_%E0%A6%9A%E0%A6%BE%E0%A6%87,wikipedia_bn,2026-07-31,,8903300,2026-04-23T23:54:54Z,CC BY-SA 4.0
BN029,bn,"আমি, ইয়াসিন আর আমার মধুবালা",,"যখন কোনও কলকাতার নজরদারি বিশেষজ্ঞ এবং তার রুমমেট তাদের সুন্দরী প্রতিবেশীর বাড়িতে একটি ছোট ক্যামেরা ইনস্টল করেন, তারা কোনওভাবে সিসিটিভি সোসাইটিতে পরিচালক বুদ্ধদেব দাশগুপ্তের মন্তব্যে মন্তব্য করে সন্ত্রাসবাদে পরিণত হন। তাদের সুন্দরী নতুন প্রতিবেশী রেখা (সামিরার রেড্ডি) ইয়াসিন (অমিতাভ ভট্টাচার্য) এবং তার রুমমেট দিলীপের প্রসেনজিৎ চ্যাটার্জী) হৃদয়হরণ করে। তবে, যখন দিলীপ রেখার বিছানার উপরে সরাসরি নজরদারি ক্যামেরা স্থাপন করার সিদ্ধান্ত নেন, তখন নির্দোষ নজরদারি নিরব অবসাদে পরিণত হয়। প্রথমে রেখার অজান্তেই থেকে যায় যে তার গোপনীয়তা লঙ্ঘন করা হয়েছে, তবে অবশেষে যখন বুঝতে পারে যে তাকে গুপ্তচরবৃত্তি করা হচ্ছে, তখন তার প্রতিবেশীরা পালাতে বাধ্য হয়। ইয়াসিন ও দিলীপ কীভাবে যেন বুঝতে পারে যে শহর জুড়ে একটি সন্ত্রাসী সেল একটি হামলার পরিকল্পনা করছে এবং তখন স্থানীয় কর্তৃপক্ষও বিশ্বাস করে ফেলে যে ইয়াসিন তাদের নারকীয় পরিকল্পনার মূল হোতা হতে পারে।",5,"https://bn.wikipedia.org/wiki/%E0%A6%86%E0%A6%AE%E0%A6%BF,_%E0%A6%87%E0%A6%AF%E0%A6%BC%E0%A6%BE%E0%A6%B8%E0%A6%BF%E0%A6%A8_%E0%A6%86%E0%A6%B0_%E0%A6%86%E0%A6%AE%E0%A6%BE%E0%A6%B0_%E0%A6%AE%E0%A6%A7%E0%A7%81%E0%A6%AC%E0%A6%BE%E0%A6%B2%E0%A6%BE",wikipedia_bn,2026-07-31,,8905103,2026-04-24T04:01:42Z,CC BY-SA 4.0
BN030,bn,আরাধনা (১৯৬৯-এর চলচ্চিত্র),,"ভারতীয় বিমান বাহিনীর বৈমানিক ফ্লাইট লেফটেন্যান্ট অরুণ বর্মা একটি জীপে একটি নারীকে উদ্দেশ্য করে গান গাচ্ছেন, ফ্লাঃ লেঃ অরুণের সঙ্গে তার সহকর্মী বৈমানিক ফ্লাঃ লেঃ মদন বর্মা রয়েছেন, যাকে উদ্দেশ্য করে গান গাচ্ছিলেন অরুণ তিনি ডক্টর গোপাল ত্রিপাঠীর মেয়ে বন্দনা। সংক্ষিপ্ত প্রেমের পর অরুণ বন্দনার সঙ্গে দৈহিক মিলন করেন। বিমান বাহিনীর একটি অনুশীলনে ফ্লাঃ লেঃ অরুণ আহত হয়ে হাসপাতালে মৃত্যুবরণ করেন এবং আগেই বন্দনা গর্ভবতী হয়ে পড়েছিলেন অরুণের বীর্যের দ্বারা। অরুণের অভিভাবক বন্দনাকে গ্রহণ করতে অস্বীকৃতি জানায় কারণ তাদের বিয়ে হয়েছে এরকম কোনো প্রমাণ নেই। হঠাৎ বন্দনার বাবা মারা যায়। বন্দনার একটা ছেলের জন্ম হয় এবং সন্তানহীন এক দম্পতি ঐ ছেলেটাকে দত্তক নেয়। ঐ ছেলেটার জীবনের অংশ হওয়ার জন্য বন্দনা উক্ত পরিবারে বাচ্চাদেখভালকারীর কর্মচারী হিসেবে যোগ দেয়। ছেলেটার নাম সূর্য রাখা হয়। উক্ত পরিবারের কর্ত্রীর ভাই শ্যাম বন্দনার উপর যৌননজর দেয়। একদা শ্যাম বন্দনাকে বলাৎকার করার চেষ্টা করলে সূর্য তাকে খুন করে ফেলে, পুলিশের কাছে বন্দনা নিজেকে অপরাধী সাজায় সূর্যকে বাঁচানোর জন্য। বন্দনার জেল হয়। অনেক বছর পর বন্দনা জেল থেকে ছাড়া পায় এবং তার জেলার তাকে পছন্দ করায় তাকে তার বাসায় নিয়ে যায় এবং তার মেয়ে রেণুর সঙ্গে পরিচয় করিয়ে দেয়।",12,https://bn.wikipedia.org/wiki/%E0%A6%86%E0%A6%B0%E0%A6%BE%E0%A6%A7%E0%A6%A8%E0%A6%BE_(%E0%A7%A7%E0%A7%AF%E0%A7%AC%E0%A7%AF-%E0%A6%8F%E0%A6%B0_%E0%A6%9A%E0%A6%B2%E0%A6%9A%E0%A7%8D%E0%A6%9A%E0%A6%BF%E0%A6%A4%E0%A7%8D%E0%A6%B0),wikipedia_bn,2026-07-31,,8907861,2026-04-24T10:47:46Z,CC BY-SA 4.0
BN031,bn,আশ্রয় (চলচ্চিত্র),,"ডাঃ আঁখু (দীপঙ্কর দে), একজন হৃদরোগ বিশেষজ্ঞ, তার স্ত্রীকে হারিয়েছেন এবং এখন তাদের ছেলে সুধাংশু (প্রসেনজিৎ চট্টোপাধ্যায়)-এর সঙ্গে বসবাস করেন। ডাঃ আঁখু আবার বিয়ে করেন, এবং তার নতুন স্ত্রী বনশ্রী সুধাংশুর খুব যত্ন নেন, ফলে সুধাংশু তার প্রতি গভীর মমত্ববোধ তৈরি করে। সুধাংশু একটি মনোমুগ্ধকর তরুণী, জয়শ্রী (ঋতুপর্ণা সেনগুপ্ত)-এর প্রেমে পড়ে। তাদের সম্পর্কের বিকাশের সাথে সাথে জয়শ্রী প্রকাশ করে যে সে একজন এতিম, যে ছোটবেলায় তার মাকে হারিয়েছে। তাকে তিনজন হিজড়া লালনপালন করেছে, যারা তাকে স্নেহভরে বড় করেছে। এই সত্য সত্ত্বেও, সুধাংশু তার প্রতি প্রতিশ্রুতিবদ্ধ থাকে এবং তার বাবা-মাকে বিয়ের প্রস্তাব দেয়। তার বাবা প্রথমে এই বিয়ের বিরোধিতা করলেও, সৎমা তার সিদ্ধান্তকে সমর্থন করে। এই সময়ের মধ্যে, সুধাংশুর একটি দুর্ঘটনা ঘটে এবং জয়শ্রী তাকে সুস্থ করে তোলে। শেষ পর্যন্ত, ডাঃ আঁখু জয়শ্রীকে তার ছেলের জন্য উপযুক্ত পাত্রি হিসেবে মেনে নেন এবং বিয়েতে সম্মতি দেন।",9,https://bn.wikipedia.org/wiki/%E0%A6%86%E0%A6%B6%E0%A7%8D%E0%A6%B0%E0%A6%AF%E0%A6%BC_(%E0%A6%9A%E0%A6%B2%E0%A6%9A%E0%A7%8D%E0%A6%9A%E0%A6%BF%E0%A6%A4%E0%A7%8D%E0%A6%B0),wikipedia_bn,2026-07-31,,8903938,2026-04-24T00:52:33Z,CC BY-SA 4.0
BN032,bn,ঈগলের চোখ,,"ডাকাতি ও নন্দিনী নাম্নী যুবতীর হত্যা তদন্তে নামে এসিস্টেন্ট কমিশনার শবর দাশগুপ্ত ও সহকারী নন্দ। ডাকাতদের গুলিতে বিষানের স্ত্রী শিভাঙ্গী আহত ও তার বন্ধু নন্দিনী মারা যায়। বিষানের জীবনের কোনো গুপ্ত অতীত আছে। সে নারীসঙ্গবিলাসী, উচ্ছৃঙ্খল ও মদাসক্ত ব্যক্তি। গল্পের পরতে পরতে জাল উন্মোচন হয়। মূলত এক পুরুষ ও তিন নারী চরিত্রের মনস্তাত্ত্বিক জটিলতা, লোভ, সন্দেহ এবং অধিকারের গল্প। আসল অপরাধীকে শেষ পর্যন্ত ধরে ফেলে শবর।",7,https://bn.wikipedia.org/wiki/%E0%A6%88%E0%A6%97%E0%A6%B2%E0%A7%87%E0%A6%B0_%E0%A6%9A%E0%A7%8B%E0%A6%96,wikipedia_bn,2026-07-31,,8907280,2026-04-24T09:19:01Z,CC BY-SA 4.0
BN033,bn,এ দেশ তোমার আমার,,"প্রলয়কারী দ্বিতীয় বিশ্বযুদ্ধ শেষ হয় ১৯৪৫ সালে। বিশ্বযুদ্ধ অবসানের সঙ্গে সঙ্গে পাক-ভারত উপমহাদেশে শুরু হয় এক নতুন সংগ্রাম। সে সংগ্রাম পৃথিবীর সবচেয়ে পুরোনো সংগ্রাম- সে দাবী দেশের আজাদীর, মানুষের বেঁচে থাকবার। সে সংগ্রাম যখন দেশের প্রতি গ্রামে, প্রতিটি গৃহে ছড়িয়ে পড়ে সেই ১৯৪৭ সালে এই গল্পের শুরু- পূর্ব বাংলার অসংখ্য গ্রামের মাঝে একটি গ্রাম কাপাশ তলিতে। সে গ্রামের পরোপকারী জমিদার বিপত্নীক খান বাহাদুর আব্দুল আজিজ আজ মৃত্যুশয্যায়। জমিদার মৃত্যুকালে জমিদারীসহ তার একমাত্র মেয়ে শাহানাকে তুলে দেন ছোট ভাইয়ের হাতে। শাহানাও তার বাবার মতো পরোপকারী। গ্রামের সংগ্রামী বীর সন্তান হারুনের সাথে ভাললাগা থেকে ভালবাসার সম্পর্ক গড়ে ওঠে। ওরা দুজনে মিলে সবসময় যে কোন সংকটে গ্রাম ও গ্রামের মানুষের পাশে থাকতে চায়। বাঁধ ভেঙ্গে গ্রামে পানি প্রবেশ করতে থাকে। হারুন গ্রামের সবাইকে একত্রিত করে নতুন বাঁধ দিতে চাইলে- শাহানার চাচা জমিদার ও তার খাস চামচা কানুলাল বিভিন্ন ষড়যন্ত্র করে বাঁধের কাজে বাধা দেয়। -পরিশেষে সততা ও জনতার দুই শক্তি মিলিত হয়ে সব বাধা অতিক্রম করে নতুন বাঁধ দিয়ে গ্রামকে রক্ষা করে সবাই।",12,https://bn.wikipedia.org/wiki/%E0%A6%8F_%E0%A6%A6%E0%A7%87%E0%A6%B6_%E0%A6%A4%E0%A7%8B%E0%A6%AE%E0%A6%BE%E0%A6%B0_%E0%A6%86%E0%A6%AE%E0%A6%BE%E0%A6%B0,wikipedia_bn,2026-07-31,,8900823,2026-04-22T17:16:06Z,CC BY-SA 4.0
BN034,bn,এক মুঠো ছবি,,"অভিনয়: দিলীপ রায়, শ্রীলেখা মিত্র, রজতাভ দত্ত পরিচালকঃ অর্ঘ্যকমল মিত্র কাহিনি: রজতাভ এবং শ্রীলেখা কলকাতায় একটি ফ্ল্যাটে থাকেন। তারা ব্যাংক লোন নিয়ে কিনেছে এই নতুন ফ্ল্যাটটি। রজত একজন ধনী ব্যবসায়ীর ব্যক্তিগত সচিব। একদিন রজত ব্যাঙ্ক থেকে একটি কল পেল যে তার ব্যাঙ্ক অ্যাকাউন্টে তহবিলের অভাবে তার ইএমআই চেক বাউন্স হয়েছে, তাকে অবিলম্বে অর্থ প্রদানের জন্য বলা হয়েছিল অন্যথায় তার ফ্ল্যাটটি ব্যাঙ্ক বাজেয়াপ্ত করবে। টাকা জোগাড় করার একমাত্র উপায় হল তার বসের জন্মদিনে তার বসের জন্য একজন মহিলার ব্যবস্থা করা। পরিস্থিতি এই সত্যের দিকে পরিচালিত করে যে মহিলাটি রজতাভের স্ত্রী শ্রীলেখা ছাড়া আর কেউ নয়, তা তাঁর কাছে অজানা। ফিল্মটি এমন এক সন্ধিক্ষণে শেষ হয় যেখানে রজত তার স্ত্রীর পারফিউমের গন্ধ পান এবং জানেন যে এটি তার বসের মহিলার কাছ থেকে যে পারফিউমের গন্ধ বের তার স্ত্রীরই পারফিউমের।",7,https://bn.wikipedia.org/wiki/%E0%A6%8F%E0%A6%95_%E0%A6%AE%E0%A7%81%E0%A6%A0%E0%A7%8B_%E0%A6%9B%E0%A6%AC%E0%A6%BF,wikipedia_bn,2026-07-31,,8904607,2026-04-24T02:44:59Z,CC BY-SA 4.0
BN035,bn,একান্ত আপন (চলচ্চিত্র),,"গল্পটি দুটি বন্ধু সুদীপা এবং কেয়াকে ঘিরে। সুদীপা ধনী লোকের একমাত্র মেয়ে হলেও কেয়া মধ্যবিত্তের পটভূমির অন্তর্গত। কেয়ার বড় ভাই একটি কারখানায় কাজ করে এবং সেখানকার ইউনিয়ন নেতা। একটি জিনিস অন্য দিকে পরিচালিত করে এবং তার নিজের আপাত দোষের কারণে ভাইকে হত্যা করা হয়। এই ঘটনাটি কেয়ার অন্য ভাই রণবীরের উপর গভীর প্রভাব ফেলেছে, যিনি হৃদয়বান গুন্ডা হয়ে ওঠেন। তিনি লোকদের সাহায্য করেন এবং মন্দ লড়াইয়ের পক্ষে লড়াই করেন। তবে সুদীপা তাকে ভুল বোঝে যে রণবীর কেয়ার ভাই বলে জানতে পেরে তার সাথে বন্ধুত্ব চালিয়ে যেতে অস্বীকার করে। কেয়া তাকে রণবীরের আক্রমণাত্মক প্রকৃতির পিছনের কারণ এবং অন্য রাস্তায় না গিয়ে কীভাবে তিনি মানুষকে সহায়তা করেন। ফলে সুদীপা রণবীরের প্রেমে পড়ে এবং শেষ পর্যন্ত তারা অনেকটা সুদীপার ধনী বাবার অনিচ্ছা সত্ত্বেও বিয়ে করে। ফলে তিনি বিবাহ মেনে নেন না, কারণ তার জন্য তাঁর উচ্চ পরিকল্পনা ছিল। ঝামেলা ঘটল যখন বিয়ের বাসর রাতে প্রবেশ করে তখন রণবীরকে তার বোন কেয়া স্থানীয় এক অপরাধী বাবুর সাথে কথিত সম্পর্কের কথা জানানো হয়। তাকে লড়াইয়ের মুখোমুখি করা হয় এবং পুলিশকে তলব করা হয়।",12,https://bn.wikipedia.org/wiki/%E0%A6%8F%E0%A6%95%E0%A6%BE%E0%A6%A8%E0%A7%8D%E0%A6%A4_%E0%A6%86%E0%A6%AA%E0%A6%A8_(%E0%A6%9A%E0%A6%B2%E0%A6%9A%E0%A7%8D%E0%A6%9A%E0%A6%BF%E0%A6%A4%E0%A7%8D%E0%A6%B0),wikipedia_bn,2026-07-31,,8001872,2025-02-26T14:30:11Z,CC BY-SA 4.0
BN036,bn,এখানে রাজনৈতিক আলাপ জরুরি,,"রাজনৈতিক দমন-পীড়ন এবং ব্যক্তিগত ক্ষতির কারণে হতাশ নুর বিদেশ থেকে এমন একটি দেশে ফিরে আসেন যেখানে ক্রমশ শূন্যতা অনুভব করা হয়। তার ছোট ভাই মুক্তো, একজন আদর্শবাদী কর্মী, বিশ্বাস করেন যে পরিবর্তন অবশ্যই ভেতর থেকে আসা উচিত এবং তিনি রাজনৈতিক সংগ্রামে নিজেকে উৎসর্গ করেন। নূর যখন পালাতে চান, তখন মুক্তো সেখানেই থেকে লড়াই করার সিদ্ধান্ত নেন। মুক্তো কর্তৃত্ববাদের অধীনে সাধারণ মানুষের দুর্দশাগ্রস্ততার গল্প লিপিবদ্ধ করেন। রাষ্ট্রীয় সহিংসতা বৃদ্ধি পাওয়ার সাথে সাথে কর্মীরা অদৃশ্য হয়ে যায় এবং বিক্ষোভ দমন করা হয়। নূর বারবার মুক্তোকে চলে যেতে বলেন, কিন্তু আদর্শ এবং কর্তব্য ভাইদের বিভক্ত করে। বিপদ বাড়ার সাথে সাথে তাদের বন্ধন দুর্বল হয়ে পড়ে।",7,https://bn.wikipedia.org/wiki/%E0%A6%8F%E0%A6%96%E0%A6%BE%E0%A6%A8%E0%A7%87_%E0%A6%B0%E0%A6%BE%E0%A6%9C%E0%A6%A8%E0%A7%88%E0%A6%A4%E0%A6%BF%E0%A6%95_%E0%A6%86%E0%A6%B2%E0%A6%BE%E0%A6%AA_%E0%A6%9C%E0%A6%B0%E0%A7%81%E0%A6%B0%E0%A6%BF,wikipedia_bn,2026-07-31,,9047252,2026-07-11T17:49:58Z,CC BY-SA 4.0
BN037,bn,এবং কিরীটী,,কলকাতায় অনুষ্ঠিত একটি পার্টিতে রাত্রে খুন হয়ে যান একজন। ঘটনাচক্রে সেখানে উপস্থিত ছিল বিখ্যাত গোয়েন্দা কিরীটী রায়। সে তদন্ত শুরু করে বুঝতে পারে উপস্থিত প্রায় প্রত্যেকেই সত্য গোপন করে যাচ্ছে। সিনেমার শেষে আসল অপরাধীকে চিহ্নিত করে কিরীটী।,4,https://bn.wikipedia.org/wiki/%E0%A6%8F%E0%A6%AC%E0%A6%82_%E0%A6%95%E0%A6%BF%E0%A6%B0%E0%A7%80%E0%A6%9F%E0%A7%80,wikipedia_bn,2026-07-31,,8900625,2026-04-22T16:14:30Z,CC BY-SA 4.0
BN038,bn,ওগো বধূ সুন্দরী,,"বাংলা ভাষার অধ্যাপক ও গবেষক গগন সেন (উত্তম কুমার) উচ্চবিত্ত সমাজের সঙ্গে মেলামেশা করা পছন্দ করেন না। কিন্তু তার স্ত্রী চিত্রা (সুমিত্রা মুখোপাধ্যায়) পার্টিতে যোগ দিতে পছন্দ করেন। কলকাতা বইমেলায় সাবিত্রী (মৌসুমী চট্টোপাধ্যায়) বাঁদরের খেলা দেখাতো। গগন ও তার বন্ধু অবলাকান্তের (সন্তোষ দত্ত) সঙ্গে সাবিত্রীর দেখা হয়। গগন সাবিত্রীকে লেখাপড়া শেখানোর দায়িত্ব নিতে চান। কিন্তু সাবিত্রী প্রথমে রাজি হয় না। কিন্তু এক রাতে পিতৃমাতৃহীনা সাবিত্রীকে তার অভিভাবক কাকা মদের টাকার জন্য একটি লোকের কাছে বিক্রি করে দিলে, সাবিত্রী বাড়ি ছেড়ে চলে যায়। ঘটনাচক্রে অবলকান্তের কাছ থেকে সে গগন সেনের ঠিকানা জোগাড় করে। সাবিত্রী তার বাড়িতে আশ্রয় নিলে চিত্রা চলে যান তার ব্যারিস্টার দাদু (বিকাশ রায়) ও ভাই সন্দীপের (রঞ্জিত মল্লিক) বাড়িতে। এদিকে গগন চ্যালেঞ্জ নেন এটা প্রমাণ করতে যে উপযুক্ত শিক্ষা, পরিবেশ পরিস্থিতি পেলে সাবিত্রীর মত অশিক্ষিত মেয়েও বদলে যেতে পারে। সাবিত্রীকে লেখাপড়া শিখিয়ে ভদ্রসমাজের উপযুক্ত করে তোলেন তিনি একাজে প্রথমে অরাজি হলেও তাকে সাহায্য করেন অবলাকান্ত। গগন সেনকে অপদস্থ করার জন্য চিত্রা সেন একটি ফ্যাশন প্যারেড আয়োজন করেন।",12,https://bn.wikipedia.org/wiki/%E0%A6%93%E0%A6%97%E0%A7%8B_%E0%A6%AC%E0%A6%A7%E0%A7%82_%E0%A6%B8%E0%A7%81%E0%A6%A8%E0%A7%8D%E0%A6%A6%E0%A6%B0%E0%A7%80,wikipedia_bn,2026-07-31,,9071447,2026-07-26T11:16:48Z,CC BY-SA 4.0
BN039,bn,কণ্ঠ (চলচ্চিত্র),,"চলচ্চিত্রের গল্পটি ক্যান্সারের থেকে বেঁচে থাকা একজন ব্যক্তির জীবন ও সংগ্রামের কথা বলে। অর্জুন মল্লিক একজন বিখ্যাত রেডিও জকি। তার শ্রোতা তার কণ্ঠ সম্পর্কে অনুরাগী। তার স্ত্রী, পৃথাও একজন কণ্ঠ শিল্পী। হঠাৎ করে জানা যায় যে অর্জুনের ল্যারেনজিয়াল ক্যান্সার রয়েছে। ক্রমশ হতাশ ও জীবনের প্রতি উঠসাহ হারানো অর্জুন তিনি রমিলা নামের একজন বক্তৃতা থেরাপিস্টের সঙ্গে দেখা করেন যিনি তাকে খাদ্যনালীর দ্বারা কথা বলতে শেখেন। তিনি কথা বলতে পারেন না, কিন্তু নিজের উন্নতি করেন। এটি একটি ক্যান্সার রোগী এবং তার নির্ভীক চেতনার একটি গল্প।",8,https://bn.wikipedia.org/wiki/%E0%A6%95%E0%A6%A3%E0%A7%8D%E0%A6%A0_(%E0%A6%9A%E0%A6%B2%E0%A6%9A%E0%A7%8D%E0%A6%9A%E0%A6%BF%E0%A6%A4%E0%A7%8D%E0%A6%B0),wikipedia_bn,2026-07-31,,8979406,2026-06-01T21:27:46Z,CC BY-SA 4.0
BN040,bn,কন্যা (২০২৫-এর ভারতীয় চলচ্চিত্র),,"সুদীপা ও সুকন্যা দুই বোন। তারা দু’জনেই এক ব্যক্তির প্রেমে পড়ে। তবে কাহিনির শুরুতে সুদীপার বিয়ে হয়েছিল সুরজিৎ সঙ্গে। কিন্তু নানা অমিল ও অমীমাংসিত দ্বন্দ্বের কারণে তাদের বিবাহিত জীবন টেকেনি। অবশেষে তারা বিবাহবিচ্ছেদ করে। বিচ্ছেদের আসল কারণ আড়ালেই থেকে যায়, যদিও ধারণা করা হয়—সন্তান ধারণে অক্ষম হওয়াই হয়তো এর মূল কারণ।",6,https://bn.wikipedia.org/wiki/%E0%A6%95%E0%A6%A8%E0%A7%8D%E0%A6%AF%E0%A6%BE_(%E0%A7%A8%E0%A7%A6%E0%A7%A8%E0%A7%AB-%E0%A6%8F%E0%A6%B0_%E0%A6%AD%E0%A6%BE%E0%A6%B0%E0%A6%A4%E0%A7%80%E0%A6%AF%E0%A6%BC_%E0%A6%9A%E0%A6%B2%E0%A6%9A%E0%A7%8D%E0%A6%9A%E0%A6%BF%E0%A6%A4%E0%A7%8D%E0%A6%B0),wikipedia_bn,2026-07-31,,8889851,2026-04-13T06:20:03Z,CC BY-SA 4.0
BN041,bn,কাঁচের দেয়াল,,অসহায় এক তরুণী মামার বাড়িতে লালিত পালিত। মায়ের মৃত্যুর পর তার বাবা হয়ে যায় বাউন্ডুলে। মামার পরিবারে মেয়েটির লাঞ্ছনা গঞ্চনার শেষ নেই। তবে এক মামা ও মামাতো ভাই তাকে আলাদা চোখে দেখে। মেয়েটি হঠাত লটারীতে প্রচুর টাকা পেয়ে যায়। এ সময় মামার পরিবারে তার আদর যত্নও বেড়ে যায়। কিছুদিন পরেই সংবাদ আসে যে লটারি মিথ্যে। মেয়েটির ভাগ্যে আবার দুর্ভোগ নেমে আসে। শেষ পর্যন্ত বিদ্রোহ করে এবং বাড়ি থেকে কাঁচের দেয়াল ভেঙ্গে বেড়িয়ে পড়ে।,9,https://bn.wikipedia.org/wiki/%E0%A6%95%E0%A6%BE%E0%A6%81%E0%A6%9A%E0%A7%87%E0%A6%B0_%E0%A6%A6%E0%A7%87%E0%A6%AF%E0%A6%BC%E0%A6%BE%E0%A6%B2,wikipedia_bn,2026-07-31,,8907767,2026-04-24T10:31:16Z,CC BY-SA 4.0
BN042,bn,কাগজের ফুল,,"২০১১ সালের ১৩ আগস্ট, তারেক মাসুদ এবং গণমাধ্যম ব্যক্তিত্ব মিশুক মুনীর কাগজের ফুল চলচ্চিত্রের চিত্রগ্রহণের স্থান পরিদর্শনের শেষে মানিকগঞ্জ থেকে ফেরার পথে ঢাকা-আরিচা মহাসড়কে সড়ক দুর্ঘটনায় মারা যান। বাংলাদেশের প্রধানমন্ত্রী শেখ হাসিনা চলচ্চিত্রটি নির্মাণে তার সহযোগিতা প্রদানের আশ্বাস দিয়েছেন। হাসিনা বলেন, মাসুদের ""মুক্তির গান (১৯৯৫) ছিল অন্ধকারে একটি আলোর রশ্মি ।"" তিনি আরো বলেন, ""কাগজের ফুল চলচ্চিত্রের নির্মাণ শেষ করতে আমি আমার সমর্থন বাড়িয়ে দেব।""",5,https://bn.wikipedia.org/wiki/%E0%A6%95%E0%A6%BE%E0%A6%97%E0%A6%9C%E0%A7%87%E0%A6%B0_%E0%A6%AB%E0%A7%81%E0%A6%B2,wikipedia_bn,2026-07-31,,8353625,2025-08-01T22:19:36Z,CC BY-SA 4.0
BN043,bn,কি যে করি,,বড়লোকের একমাত্র নাতনী শাহানা চৌধুরী। দাদুর উইল অনুযায়ী মৃত্যুর পর সব বিষয়-সম্পত্তির মালিক হবে সে আর তার হবু স্বামী। তাই সে ছল করে এক ফাঁসির আসামীকে বিয়ে করে যাতে তার মৃত্যুর পর সব সম্পত্তি তার দখলে আসে। কিন্তু ভাগ্যক্রমে সেই ফাঁসির আসামী বাদশাহ মুক্তি পায়। এখন সে স্বামীর দাবী নিয়ে আসে শাহানার কাছে।,5,https://bn.wikipedia.org/wiki/%E0%A6%95%E0%A6%BF_%E0%A6%AF%E0%A7%87_%E0%A6%95%E0%A6%B0%E0%A6%BF,wikipedia_bn,2026-07-31,,8907269,2026-04-24T09:18:09Z,CC BY-SA 4.0
BN044,bn,কুট্টি (২০০১-এর চলচ্চিত্র),,"এই চলচ্চিত্রটি একটি কিশোরী মেয়েকে নিয়ে যার পরিবারে ঘটে যাওয়া এক মর্মান্তিক ঘটনার কারণে শহুরে এক পরিবারের বাসায় তাকে শিশুশ্রমে বাধ্য করা হয়। পাভাদায় হলো মধুরাই গ্রামের কাছে বসবাসকারী একজন কুমোর। তার পেশার অবস্থা খুবই শোচনীয় হলেও, বুকভরা আশা নিয়ে তার মেয়ে কান্নাম্মাকে অনেক আদর-স্নেহ দিয়ে বড় করে তোলে। দুর্ভাগ্যবশত, পাভাদায় এক দুর্ঘটনায় মারা যাওয়ায় কান্নাম্মাকে শহুরে একটি বাসায় কাজ করতে হয়। ভালো ভালো খাবার আর পোশাকের আশায় মেয়েটি বেশ খুশিই ছিল, সেই বাসার অভিভাবকও তার সাথে ভালো আচরণ করতেন। তবে তাদের শাশুড়ির আগমনেই সবকিছু বদলে যায়। কুট্টি ঠিকমতো খাবার পায় না, শাশুড়ি ও তার নাতি মিলে তাকে অনেক অত্যাচার করে । দিন দিন পরিস্থিতি আরও খারাপ হয়। একবার কুট্টির আত্মীয়রা তাকে দেখতে আসে। দাদী তাদের সামনে কুট্টির সাথে খুবই ভালো ব্যবহার করে বিশ্বাস করায় যে কুট্টি এখানে অনেক হাসি-খুশীতে আছে।কুট্টিও তার কষ্টের কথা তাদের বলতে পারেনি। কুট্টি দেখে যে, ওপারের বাসার কাজের মেয়েটিকে হয়রানি করা হচ্ছে।",12,https://bn.wikipedia.org/wiki/%E0%A6%95%E0%A7%81%E0%A6%9F%E0%A7%8D%E0%A6%9F%E0%A6%BF_(%E0%A7%A8%E0%A7%A6%E0%A7%A6%E0%A7%A7-%E0%A6%8F%E0%A6%B0_%E0%A6%9A%E0%A6%B2%E0%A6%9A%E0%A7%8D%E0%A6%9A%E0%A6%BF%E0%A6%A4%E0%A7%8D%E0%A6%B0),wikipedia_bn,2026-07-31,,8923096,2026-05-04T14:05:12Z,CC BY-SA 4.0
BN045,bn,কুসুমপুরের গল্প,,সম্পত্তির ভাগবাঁটোয়ারা নিয়ে এক পরিবারের দুই ভাইয়ের মধ্যে শুরু হয় দ্বন্দ্ব। সম্পত্তির লোভে অন্ধ ছোটভাই বাবাকে হত্যার পর বড়ভাইকেও হত্যার পরিকল্পনা গ্রহণ করে। তখন সপরিবারে পালিয়ে যায় বড়ভাই। একদিন দুর্ভাগ্যক্রমে তার একমাত্র ছেলে রাজা হারিয়ে যায়। রাজা বড় হয়ে বাবাকে খুঁজে পায়। এরপর সে জানতে পারে তার ভালোবাসার মানুষ ময়নার বাবা আসলে তার ছোট চাচা।,6,https://bn.wikipedia.org/wiki/%E0%A6%95%E0%A7%81%E0%A6%B8%E0%A7%81%E0%A6%AE%E0%A6%AA%E0%A7%81%E0%A6%B0%E0%A7%87%E0%A6%B0_%E0%A6%97%E0%A6%B2%E0%A7%8D%E0%A6%AA,wikipedia_bn,2026-07-31,,8905082,2026-04-24T03:58:56Z,CC BY-SA 4.0
BN046,bn,কৃষ্ণপক্ষ (চলচ্চিত্র),,"অরু তার পরিবারের কারও সম্মতি ছাড়াই মুহিবকে বিয়ে করে। বিয়ের পরে তারা মুহিবের বন্ধুর বাসায় যায়। মুহিব তার নিজের জন্য একটি চাকরি জোগাড় করার চেষ্টা করতে থাকে, তবে অরুর পরিবার অন্য কথা ভেবে নেয় এবং গল্পটি নতুন দিকে মোড় নেয়। চলচ্চিত্রটি মুহিব এবং অরুর প্রেমের গল্প নিয়ে আবর্তিত হয় যেখানে দুজনে একসাথে থেকে একসাথ নয়। ছোট বেলায় মুহিব তার বাবা মাকে হারায়। তাঁর একমাত্র বোন জেবা একজন অভিজাত বুর্জোয়া পুরুষকে বিয়ে করে, যিনি কঠোর এবং রোবোটিক ধরনের। বোনের বিয়ের পর তার সাথে থাকতে এসে দুলাভাইয়ের কঠিন অনুশাসনের মুখোমুখি হয় মুহিবকে। তারপরও এই দুঃখী ভাইবোনের জীবন চলতে থাকে পরস্পরের প্রতি পরম মমতায়। তার বোন এবং দুলাভাইয়ের এক মেয়ে রয়েছে, নাম সারা। পরিবারটি দেখতে সুন্দর হলেও, পরিবারে ভালবাসা এবং স্নেহের অভাব রয়েছে। মুহিব সর্বদা তার দুলাভাইকে ভয় পায়, যিনি মুহিবের পিতৃতুল্য তবে স্নেহ মমতা ছাড়াই মুহিবকে শাসন করেন। মুহিব অরুর প্রেমে পড়ে, অরুর হাত ধরে মুহিবের জীবনে ভালোবাসা স্পর্শ করে।",12,https://bn.wikipedia.org/wiki/%E0%A6%95%E0%A7%83%E0%A6%B7%E0%A7%8D%E0%A6%A3%E0%A6%AA%E0%A6%95%E0%A7%8D%E0%A6%B7_(%E0%A6%9A%E0%A6%B2%E0%A6%9A%E0%A7%8D%E0%A6%9A%E0%A6%BF%E0%A6%A4%E0%A7%8D%E0%A6%B0),wikipedia_bn,2026-07-31,,8907406,2026-04-24T09:33:48Z,CC BY-SA 4.0
BN047,bn,কে তুমি,,"রাজেশ একজন শিক্ষক। তার স্ত্রী শিলা গাড়ি চালাতে গিয়ে দুর্ঘটনায় পড়েন। তাকে দাহ করার পর, রাজেশ বাড়ি ফিরে আসে এবং তার স্ত্রীর প্রতি অত্যন্ত অনুগত তার দাসী তাকে জানায় যে তার স্ত্রী যখন দূরে ছিল তখন বাড়িতে এসেছিল এবং সে আসার আগেই চলে গেছে। তিনি শুনে তো হতবাক হয়ে যায় কারণ তিনি নিজেই তাকে দাহ করেছিলেন এবং তিনি যা পরেছিলেন এবং তার শরীরে নির্দিষ্ট চিহ্ন দ্বারা তাকে সনাক্ত করেছিলেন। শিলার একরকম চেহারার পরেই রাজেশের জায়গায় ফিরে আসে এবং নিজেকে তার স্ত্রী বলে দাবি করে। রাজেশ তাকে বিশ্বাস করতে অস্বীকার করে এবং এই প্রতারক সম্পর্কে পুলিশকে জানায়। তিনি সময়ে সময়ে রাজেশের সামনে উপস্থিত হন এবং তিনি অত্যন্ত বিরক্ত হন। পুলিশ যারা মামলাটি সমাধান করতে আগ্রহী, তারা শিলার বিরুদ্ধে মামলা করে। পুলিশ এবং রাজেশের পক্ষে হাজির হওয়া পাবলিক প্রসিকিউটর হলেন রাজেশের ছাত্রী সুমির বাবা। প্রতারক ক্যাপ্টেন পরিণত. চৌধুরী সেনাবাহিনীর একজন মহিলা অফিসার, শিলার বন্ধু যে আসল খুনিকে ধরতে তার পরীক্ষা দিয়েছিল। হত্যাকারী সুমি, রাজেশের ছাত্রী, যে রাজেশকে ভালবাসত বলে শিলাকে নির্মূল করার জন্য কিছু লোককে অর্থ প্রদান করেছিল এবং পরে যখন সে জানতে পারে যে রাজেশ তাকে ভালবাসে না তখন সে আত্মহত্যা করে।",11,https://bn.wikipedia.org/wiki/%E0%A6%95%E0%A7%87_%E0%A6%A4%E0%A7%81%E0%A6%AE%E0%A6%BF,wikipedia_bn,2026-07-31,,8904669,2026-04-24T02:53:28Z,CC BY-SA 4.0
BN048,bn,কোমল গান্ধার,,"ভারতীয় গণনাট্য সংঘের নিবেদিতপ্রাণ ও আপোশবিহীন মানসিকতার মাধ্যমে, ঋত্বিক ঘটক তার নিজস্ব ভঙ্গিতে দেশভাগ, আদর্শবাদ, দুর্নীতি, শিল্প ও জীবনের পারস্পরিক নির্ভরশীলতা, শিল্পের পরিধি ও শ্রেণি-সংগ্রামের বিষয়টি তুলে ধরেন। এই ছবিতে দুই প্রেমিক-প্রেমিকার ইতিবাচক প্রেমের ধারণাটি প্রদর্শিত হয়েছে এবং মিলনান্তক দৃষ্টিভঙ্গিতে ছবির সমাপ্তি ঘটেছে। এই ধারণা ঋত্বিক ঘটনের অন্যান্য ছবিতে দেখা যায় না।",3,https://bn.wikipedia.org/wiki/%E0%A6%95%E0%A7%8B%E0%A6%AE%E0%A6%B2_%E0%A6%97%E0%A6%BE%E0%A6%A8%E0%A7%8D%E0%A6%A7%E0%A6%BE%E0%A6%B0,wikipedia_bn,2026-07-31,,8908289,2026-04-24T11:57:33Z,CC BY-SA 4.0
BN049,bn,ক্ষত (চলচ্চিত্র),,"চলচ্চিত্রটিতে প্রসেনজিৎ চট্টোপাধ্যায়কে একজন লেখকের ভূমিকায় দেখা যাবে। যে একজন অদ্ভুত শক্তির অধিকারী। ভবিষ্যতে কি হবে তা তিনি আগেই বুঝতে পারেন এবং তাই লেখেন। এছাড়াও চলচ্চিত্রে যৌনতা, বিশ্বাসঘাতকতা, ভালবাসা ও সহিংসতায় পরিপূর্ণ।",4,https://bn.wikipedia.org/wiki/%E0%A6%95%E0%A7%8D%E0%A6%B7%E0%A6%A4_(%E0%A6%9A%E0%A6%B2%E0%A6%9A%E0%A7%8D%E0%A6%9A%E0%A6%BF%E0%A6%A4%E0%A7%8D%E0%A6%B0),wikipedia_bn,2026-07-31,,8907303,2026-04-24T09:21:38Z,CC BY-SA 4.0
BN050,bn,খুনী শিকদার,,"শাহজাহান শিকদার (শাকিব খান) পেশায় একজন চোর। অসুস্থ মাকে নিয়ে গ্রামে থাকতো আর ছোটখাটো চুরি করে জীবিকা নির্বাহ করতো। চুরি করতে গিয়ে একাধিকবার ধরা পড়ায় গ্রামবাসী তাকে জ্যান্ত কবর দেওয়ার সিদ্ধান্ত নেয়। এতে তার মা (রাশেদা চৌধুরী) বাঁধা দিতে গেলে তিনি শাহজাহানের চোখের সামনেই মারা যান। অনুতপ্ত শাহজাহান এতে মানসিক ভারসাম্য হারিয়ে ফেলে সাইকোতে পরিনত হয় এবং ক্রোধান্বিত হয়ে গ্রামের ইমামকে প্রথম খুন করে শহরে চলে যায়। ঘটনাক্রমে তিনি সেখানকার একটি স্থানীয় একটি সন্ত্রাসী দলে যোগ দিয়ে সন্ত্রাসী কর্মকাণ্ড শুরু করেন। শাহজাহান শিকদারের একটাই ইচ্ছা সে সম্রাট শাহজাহানের মতো একটি তাজমহল বানাতে চায়। একদা তিনি এক রাতের মধ্যে সন্ত্রাসী দলটির লিডারদের খুন করে ""বড় দাদা"" উপাধি গ্রহণ করেন এবং পরবর্তীতে গুম, খুন, রাহাজানি, ধর্ষণের মতো জঘন্য কর্মকাণ্ডে লিপ্ত হন। তার ভয়ে সবাই কাপতে থাকে।",9,https://bn.wikipedia.org/wiki/%E0%A6%96%E0%A7%81%E0%A6%A8%E0%A7%80_%E0%A6%B6%E0%A6%BF%E0%A6%95%E0%A6%A6%E0%A6%BE%E0%A6%B0,wikipedia_bn,2026-07-31,,8905138,2026-04-24T04:07:39Z,CC BY-SA 4.0
BN051,bn,খেলাঘর (১৯৫৯-এর চলচ্চিত্র),,"গৌতম চ্যাটার্জি জেল থেকে পালানোর দৃশ্য দিয়ে গল্পের শুরু। গৌতম একজন মুক্তিযোদ্ধা ও রাজনৈতিক নেতা। গৌতম পালিয়ে গেলে রুচিরা ব্যানার্জির বাড়িতে আশ্রয় নেয়। রুচিরার বাবা রায়লাচাদুর। আর সি ব্যানার্জি একজন পুলিশ অফিসার। গৌতম সেখান থেকে চলে যায়। ইতোমধ্যে, রুচিরা তার বাড়ি ছেড়ে চলে যায় কারণ তার বাবা তাকে সুবীরের সাথে বিয়ে করার ইচ্ছার বিরুদ্ধে জোর করে। এর পরে, হঠাৎ রুচিরা আবার গৌতমের সাথে দেখা করে। তারা বন্ধু হয়ে যায় এবং তারা একসাথে এক জায়গা থেকে অন্য জায়গায় যায়। এবং গল্পটি প্রতিটা মোড়ে সাসপেন্স নিয়ে চলতে থাকে।",10,https://bn.wikipedia.org/wiki/%E0%A6%96%E0%A7%87%E0%A6%B2%E0%A6%BE%E0%A6%98%E0%A6%B0_(%E0%A7%A7%E0%A7%AF%E0%A7%AB%E0%A7%AF-%E0%A6%8F%E0%A6%B0_%E0%A6%9A%E0%A6%B2%E0%A6%9A%E0%A7%8D%E0%A6%9A%E0%A6%BF%E0%A6%A4%E0%A7%8D%E0%A6%B0),wikipedia_bn,2026-07-31,,7851587,2024-12-28T22:15:35Z,CC BY-SA 4.0
BN052,bn,গার্মেন্টস শ্রমিক জিন্দাবাদ,,"পোশাকশিল্পে কর্মরত শ্রমিকদের জীবন, পোশাকশিল্পে বিভিন্ন ষড়যন্ত্র ও শ্রমিক অসন্তোষের নেপথ্য ঘটনার ভিত্তিতে গার্মেন্টস শ্রমিক জিন্দাবাদ--এর গল্প রচিত। একটি স্বার্থান্বেষী চক্র বাংলাদেশের গার্মেন্টস শিল্পকে ধ্বংস করতে ষড়যন্ত্র করে। পোষকশিল্পের শ্রমিকরা সেই ধ্বংসের হাত থেকে এই শিল্পকে বাঁচাতে একত্রিত হয়, ষড়যন্ত্রকারীদের প্রতিহত করে।",3,https://bn.wikipedia.org/wiki/%E0%A6%97%E0%A6%BE%E0%A6%B0%E0%A7%8D%E0%A6%AE%E0%A7%87%E0%A6%A8%E0%A7%8D%E0%A6%9F%E0%A6%B8_%E0%A6%B6%E0%A7%8D%E0%A6%B0%E0%A6%AE%E0%A6%BF%E0%A6%95_%E0%A6%9C%E0%A6%BF%E0%A6%A8%E0%A7%8D%E0%A6%A6%E0%A6%BE%E0%A6%AC%E0%A6%BE%E0%A6%A6,wikipedia_bn,2026-07-31,,8355475,2025-08-01T23:50:37Z,CC BY-SA 4.0
BN053,bn,গুপী বাঘা ফিরে এলো,,"গুপী বাইন বাঘা বাইন শুন্ডী রাজ্য শাসন আর রাজকীয় বিলাসিতায় বিষণ্ণ হয়ে পড়ল। তারা তাদের পুরাতন আভিযানে বেড়িয়ে পড়তে চাইল কিন্ত অনেক বয়স হয়ে গেছে। নতুন অভিজ্ঞতার জন্য তারা রাজ্য ত্যাগ করল। অবশেষে তারা আনন্দগড় রাজ্যে পৌছালো এবং তাদের গান এবং বাদ্যযন্ত্রের ক্ষমতা দিয়ে রাজার মন জয় করল। বিচারকক্ষে তারা ব্রহ্মানন্দ আচার্য্যের সাথে দেখা হল, যে তাদের আনন্দগড় দুর্গে আমন্ত্রণ জানিয়েছিল। যখন তারা তার ঐ জায়গায় যান, তখন আচার্য্য তাদেরকে অলৌকিক ক্ষমতা (ভূত রাজা থেকে প্রাপ্ত) ব্যবহার করে, তাদের তিনটি মূল্যবান পাথর চুরি করার প্রস্তাব দেন, বিনিময়ে তাদের বয়স ২০ বছর কমিয়ে দিবেন। যাইহোক, তাদের স্বপ্নে ভুতের রাজার আগমন ঘটে এবং অবিচার বন্ধ করার উপদেশ দেয়। তারা তার কাছে ক্ষমাপ্রার্থী হন এবং নিজ নিজ মালিকদের পাথর ফিরিয়ে দেন। ব্রহ্মানন্দ আচার্য, অপরিমেয় ক্ষমতা অর্জন করেছে, যখন তারা আদালতের সামনে গাওয়ার সময় আচার্য নিস্পন্দ ছিলেন। কিন্তু, বিরল ও মূল্যবান পাথরের লোভে তাকে অমরত্ব দেওয়া হয়না। এটা ভবিষ্যদ্বাণী করা হয়েছিল যে,  বিক্রম নামে ১২ বছরের ছেলে, ঐশ্বরিক ক্ষমতা বলে তাকে পরাজিত করবে। তার মৃত্যু প্রতিরোধ করার জন্য, আচার্য আনন্দগড়ের ১২ বছর বয়সী বিক্রম নামের সকল ছেলেদের তার সৈন্যরা অপহরণ করত।",12,https://bn.wikipedia.org/wiki/%E0%A6%97%E0%A7%81%E0%A6%AA%E0%A7%80_%E0%A6%AC%E0%A6%BE%E0%A6%98%E0%A6%BE_%E0%A6%AB%E0%A6%BF%E0%A6%B0%E0%A7%87_%E0%A6%8F%E0%A6%B2%E0%A7%8B,wikipedia_bn,2026-07-31,,8907622,2026-04-24T10:07:55Z,CC BY-SA 4.0
BN054,bn,গুলদস্তা,,"গুলদাস্তা একটি নারী-কেন্দ্রিক চলচ্চিত্র, এবং তিনটি প্রধান নারী চরিত্রকে ঘিরে গল্পটি আবর্তিত হয়। শ্রীরূপা, রেনু এবং ডলি এই তিনজনের জীবন যাত্রা গুলদাস্তাতে চিত্রিত হয়েছে। গল্পের ভিত এই তিন নারীর মুখোমুখি জীবনের বাস্তবতার সাথে দৃঢ়ভাবে দাঁড়িয়ে আছে যাদের নিজস্ব মেক-বিলিভ আবেগের আশ্চর্যজনকভাবে অনন্য বিশ্ব রয়েছে। গল্পটি যেন দর্শকদের হৃদয় ছুঁয়ে যায়।",4,https://bn.wikipedia.org/wiki/%E0%A6%97%E0%A7%81%E0%A6%B2%E0%A6%A6%E0%A6%B8%E0%A7%8D%E0%A6%A4%E0%A6%BE,wikipedia_bn,2026-07-31,,8904643,2026-04-24T02:49:27Z,CC BY-SA 4.0
BN055,bn,গোলমাল (২০০৮-এর চলচ্চিত্র),,"প্রলয় (প্রসেনজিৎ চট্টোপাধ্যায়) একজন অনাথ।যাকে কাকাবাবু (রজতাভ দত্ত) আশ্রয় দেয়। ঠিক সেভাবে তিনি অনাথ ভাই-বোন মৈনাক (টোটা রায়চৌধুরী) ও খুশিকেও (বর্ষা প্রিয়দর্শিনী) আশ্রয় প্রদান করেন। প্রলয়, মৈনাক এবং খুশি একসঙ্গে মানুষ হয়। ঠিক একটি পরিবারের মতো। তারা বড়ো হয়ে যাবার পর প্রলয় চাঁদনীকে (প্রিয়াঙ্কা ত্রিবেদী) ভালোবেসে ফেলে। চাঁদনী হলো স্থানীয় মস্তান ত্রিদিব বাবু-র (মৃণাল মুখোপাধ্যায়) কন্যা। প্রলয় ও মৈনাকের প্রায়সময়ই ত্রিদিব বাবুর চ্যালা-চামুন্ডদের সঙ্গে বচসা বাঁধে ও মারপিট লেগে থাকে। কাহিনিতে প্রবেশ হয় সঙ্গীতার (নম্রতা থাপা)। মৈনাক সঙ্গীতাকে ভালবাসে কিন্তু সঙ্গীতার প্রলয় এর প্রতি দুর্বলতা আছে। এ কথা জানতে পেরে প্রলয় ও মৈনাকের মাঝে ভুল বোঝাবোঝি তৈরী হয়। সিদ্ধার্থ (যীশু সেনগুপ্ত) খুশির কলেজে সহপাঠি।",12,https://bn.wikipedia.org/wiki/%E0%A6%97%E0%A7%8B%E0%A6%B2%E0%A6%AE%E0%A6%BE%E0%A6%B2_(%E0%A7%A8%E0%A7%A6%E0%A7%A6%E0%A7%AE-%E0%A6%8F%E0%A6%B0_%E0%A6%9A%E0%A6%B2%E0%A6%9A%E0%A7%8D%E0%A6%9A%E0%A6%BF%E0%A6%A4%E0%A7%8D%E0%A6%B0),wikipedia_bn,2026-07-31,,8906538,2026-04-24T07:15:04Z,CC BY-SA 4.0
BN056,bn,চন্দ্রনাথ (১৯৫৭-এর চলচ্চিত্র),,একজন উচ্চ বংশীয় ব্রাহ্মণ চন্দ্রনাথ কিছুদিন হল তার বাবাকে হারায়। কাকার সাথে সম্পর্ক ভালো না হওয়ায় সে কাশীতে তার বাবার এক পুরনো ভৃত্যের বাড়িতে উঠে। সেখানে এক বিধবা সুলোচনা ও তার মেয়ে সরযূর সাথে তার পরিচয় হয়। তারা সেই ভৃত্যের বাড়িতে কাজ করে। সরযূকে চন্দ্রনাথের পছন্দ হয় এবং তাকে বিয়ে করে তার বাড়িতে ফিরে। কিন্তু তার কাকাকে না জানানোয় তিনি রাগান্বিত হন এবং তার বউকে আশীর্বাদ করতে যান নি। তার চাচাত বোন নির্মলা বউদি দেখতে তার বাড়িতে আসে এবং নতুন বউদিকে তার খুব পছন্দ হয়। এদিকে হরিদয়াল ঘোষাল নামে এক লম্পট তার কাকা মনিশংকর মুখার্জির কাছে সুলোচনা নিম্ন বর্ণের এ সম্পর্কিত একটি চিঠি পাঠায়। মনিশংকর চন্দ্রনাথকে ডেকে এনে চিঠি দেখায়। সব জানতে পেরে চন্দ্রনাথ তার গর্ভবতী স্ত্রীকে বাড়ি থেকে বের করে দেয়। সরযূ মনি খুড়োর বাড়িতে আশ্রয় নেয়। সেখানে তার একটি সন্তান হয়।,12,https://bn.wikipedia.org/wiki/%E0%A6%9A%E0%A6%A8%E0%A7%8D%E0%A6%A6%E0%A7%8D%E0%A6%B0%E0%A6%A8%E0%A6%BE%E0%A6%A5_(%E0%A7%A7%E0%A7%AF%E0%A7%AB%E0%A7%AD-%E0%A6%8F%E0%A6%B0_%E0%A6%9A%E0%A6%B2%E0%A6%9A%E0%A7%8D%E0%A6%9A%E0%A6%BF%E0%A6%A4%E0%A7%8D%E0%A6%B0),wikipedia_bn,2026-07-31,,8907128,2026-04-24T08:56:39Z,CC BY-SA 4.0
BN057,bn,চেক ইন চেক আউট,,"দ্য মিত্রা গ্রুপ একটি বিখ্যাত হোটেল চেইন, যা গোটা ভারতে তাদের সেবা বিস্তার করেছে। তবে কলকাতায় এই প্রতিষ্ঠানের যাত্রা শুরু হয়েছিল। প্রায় ১২০ বছর আগে স্যার গিরীন্দ্র মোহন মিত্র একটি হোটেল প্রতিষ্ঠা করেন, যা-ই ছিল এই বিশাল চেইনের সূচনা। এই হোটেল ছিল ক্লান্ত পথিক, ব্যবসায়ী, তীর্থযাত্রী ও সৈনিকদের জন্য একটুকরো স্বস্তির ঠিকানা। এখানে গ্রাহকদের জন্য সুলভ খাদ্য, বিনোদন ও নিরাপত্তার নিশ্চয়তা ছিল। এই হোটেল ধীরে ধীরে রূপ নিয়েছিল এক বিশ্বস্ত আশ্রয়স্থলে, যা আজকের মিত্র গ্রুপে পরিণত হয়েছে। নম্রতা মিত্র (ইশা সাহা) বিদেশ থেকে ডিগ্রি নিয়ে ফিরেছে সে । জেন জি নম্রতার বাবা বা দাদু এই হোটেলের জন্য যা করেছিল সে তার থেকে আরও ভালো কাজ কর হোটেলের উন্নতি করতে চায় । হঠাৎই সে আবিষ্কার করে যে সেই হোটেলে ভূত আছে ।",9,https://bn.wikipedia.org/wiki/%E0%A6%9A%E0%A7%87%E0%A6%95_%E0%A6%87%E0%A6%A8_%E0%A6%9A%E0%A7%87%E0%A6%95_%E0%A6%86%E0%A6%89%E0%A6%9F,wikipedia_bn,2026-07-31,,8890200,2026-04-13T09:39:50Z,CC BY-SA 4.0
BN058,bn,চ্যাম্পিয়ন (২০০৩-এর চলচ্চিত্র),,"ছবির মূল বক্তব্য হল একজন দায়িত্বজ্ঞানহীন ছেলে কীভাবে জীবনের একটি নির্দিষ্ট পর্যায়ে গিয়ে একজন দায়বদ্ধ এবং দায়িত্ববান হতে পারে। এই ছবিতে রাজা (জিৎ) এমন এক কলেজ ছাত্র, যে চিরকাল দুষ্টুমি করে চলছে। তিনি এবং তাঁর সহকর্মী ভোলা, ধোনু এবং কানু সর্বদা ব্যর্থতার তালিকার সবার ওপরে থাকেন। রাজার বড় ভাই রোহিত (সিদ্ধার্থ) ছিল রাজার ঠিক বিপরীত চরিত্র। রোহিত তাদের বাবার ক্যাফেতে কর্মরত এবং পড়াশোনাতেও খুব উজ্জ্বল ছিল। তাদের বাবা সর্বদা অস্থির রাজা থেকে বিরক্ত থাকতেন। এমনকি তার বাবার কাছ থেকে বার বার তিরস্কার পাওয়ার পরেও একগুঁয়ে রাজার কোন প্রকার কোন পরিবর্তন নেই। রাজার একমাত্র সমর্থন করত তাঁর শৈশবের বন্ধু কবিতা, যে গোপনে তাঁকে খুব ভালোবাসত কিন্তু চঞ্চল রাজা এক ধনির মেয়ে রিয়ায়কে পছন্দ করত। রাজা আর এক ধনির ছেলে রনির কাছ থেকে রিয়াকে বাঁচান। কিন্তু পরবর্তীকালে রিয়া রাজাকে প্রত্যাখ্যান করে রনি সাথে বন্ধুত্ব করে। ইতোমধ্যে রোহিত রনির বিপক্ষে আসন্ন কিক বক্সিং চ্যাম্পিয়নশিপের ফাইনালের জন্য কঠোর অনুশীলন শুরু করে। তবে হটাৎ একদিন রোহিতকে রনি ও তার বন্ধুরা আক্রমণ করে এবং আহত করে।",12,https://bn.wikipedia.org/wiki/%E0%A6%9A%E0%A7%8D%E0%A6%AF%E0%A6%BE%E0%A6%AE%E0%A7%8D%E0%A6%AA%E0%A6%BF%E0%A6%AF%E0%A6%BC%E0%A6%A8_(%E0%A7%A8%E0%A7%A6%E0%A7%A6%E0%A7%A9-%E0%A6%8F%E0%A6%B0_%E0%A6%9A%E0%A6%B2%E0%A6%9A%E0%A7%8D%E0%A6%9A%E0%A6%BF%E0%A6%A4%E0%A7%8D%E0%A6%B0),wikipedia_bn,2026-07-31,,8906104,2026-04-24T06:12:51Z,CC BY-SA 4.0
BN059,bn,জালেবি (চলচ্চিত্র),,"আয়শা হচ্ছেন একজন প্রগতিবাদী স্বাধীনতাবাদী নারী যিনি একজন লেখক। মুম্বাইতে বসবাসকারী আয়শা দিল্লীতে তার এক বান্ধবীর সঙ্গে ঘুরতে যান, ওখানে দেব নামের এক টুরিস্ট গাইডের সঙ্গে তার পরিচয় হয় এবং তাকে আয়শার ভালো লেগে যায়। আয়শা নিজেই দেবকে নিজের ভালোবাসার কথা জানায় এবং পরে তারা বিয়ে করে। কিছু মাস পরে আয়শা অন্তঃসত্ত্বা হয়ে পড়ে । দেব আয়শার গর্ভের কথা শুনে খুশী হয়ে যায় কিন্তু আয়শা মন খারাপ করে বসে এই ভেবে যে এখনই সে বাচ্চা নেওয়ার জন্য প্রস্তুত না। দেব আয়শার বিষণ্ণতা কাটানোর জন্য তার সঙ্গে অনেক গল্প করে এবং মেয়ে সন্তান হলে তার নাম দিশা (দেব এবং আয়শার সম্মিলিত নাম) রাখবে বলে সিদ্ধান্ত নেয়। দুর্ভাগ্যবশত আয়শার গর্ভপাত হয়ে যায় এবং দেবের মা আয়শাকে দোষ দিতে থাকে এই জন্য। আয়শার মন খারাপ হয়ে যায়, বিষণ্ণতায় ভুগে সে দেবের বাসা ত্যাগ করে। কিছু দিন পর দেব এবং তার মা এবং দেবের বোন আয়শার বাসায় যায় আয়শাকে আনতে কিন্তু আয়শা তাও রাজী হয়না। আয়শা দেবকে একটা বিশেষ জায়গায় আসতে বলে এই বলে যে সে যদি তাকে সত্যিই ভালোবাসে তাহলে আসতে হবে, কিন্তু দেব আসেনা। সাত বছর পর আয়শার বিয়ে ঠিক হয় কিন্তু আয়শা তার অবচেতন মনে এখনো দেবকে পছন্দ করে। আয়শা হঠাৎ দিল্লী ঘুরতে যাবার পরিকল্পনা করে একাই।",12,https://bn.wikipedia.org/wiki/%E0%A6%9C%E0%A6%BE%E0%A6%B2%E0%A7%87%E0%A6%AC%E0%A6%BF_(%E0%A6%9A%E0%A6%B2%E0%A6%9A%E0%A7%8D%E0%A6%9A%E0%A6%BF%E0%A6%A4%E0%A7%8D%E0%A6%B0),wikipedia_bn,2026-07-31,,8906327,2026-04-24T06:43:35Z,CC BY-SA 4.0
BN060,bn,জোশ (২০১০-এর চলচ্চিত্র),,"ইন্দ্র (জিৎ) এবং রাজীব (অংশুমান) একই কলেজে পড়াশোনা করে এবং ভালো বন্ধু। ইন্দ্র যখন রাজীবের সাথে দেখা করতে শহরে আসে, তখন ইন্দ্র  রাজীববের বোন অনুরাধার শ্রাবন্তী চট্টোপাধ্যায় সাথে আলাপ হয় এবং তার প্রতি আকৃষ্ট হয়। রাজীব যখন তার গ্রামে যায়, তখন ইন্দ্রও তাঁর সাথে যায়। সিঙ্গাপুর থেকে ফিরে এসেছে অনু এবং আস্তে আস্তে ইন্দ্রাকে পছন্দ করা শুরু করেছে, সে ইন্দ্রর  সাথে তার অনেক মিল খুজে পায়। ইন্দ্রও রাজীব এবং অনুর পরিবারের সাথে ভালো একটি সম্পর্ক গড়ে ওঠায় এবং নিজেকে প্রমাণ করে সেই অনুর সম্ভাব্য বর। অনুর পরিবার, মূলত তার ভাই এবং খুড়তুত ভাই, তাদের গ্রামের আঞ্চলিক গ্যাংগুলির সাথে জড়িত। একদিন অণু যখন তার ভাই তাপস পালকে না বলে ইন্দ্রের সাথে মন্দিরে যায়, তখন রুদ্রের ভাই নিখিল (ভরত কল) অনুুকে আক্রমণ করে এবং তাঁকে মেরে ফেলার হুমকি দেয়, ইন্দ্র থাকায় সে বেলায় বেঁচে যায় অনু। এই ঘটনার পরে, অনুর ভাই, ইন্দ্রকে গ্রামে কেন এই হিংসাত্মক পরিস্থিতি হয়েছে সেই নিয়ে আলোচনা করে। তিনি ব্যাখ্যা করেন যে তিনি একটি নামী বিশ্ববিদ্যালয় (পুনে) থেকে স্নাতকোত্তর করেছেন এবং তাঁর স্ত্রী কীভাবে গণিতে স্নাতক। দুর্ভাগ্যক্রমে, গ্রামের এই অবস্থার কারণে প্রতিদ্বন্দ্বিতা আরও মারাত্মক হয়ে উঠেছে যদিও তিনি জীবনের শেষদিন পর্যন্ত তার উচ্চ আদর্শে ধরে রাখবেন। কিছু দিন পরে, অত্যন্ত কাপুরুষোচিত এবং বর্বরতার সাথে প্রতিদ্বন্দ্বী গ্যাং লিডার রুদ্র (পুণিত ইসর) অনু ছাড়া রাজীবের পুর পরিবারকে হত্যা করে। ইন্দ্র অনুর ভাইয়ের কাছে প্রতিশ্রুতি দেয় যে সে অনুুর দায়িত্ব নেবে এবং তাকে বিয়ে করবে।",12,https://bn.wikipedia.org/wiki/%E0%A6%9C%E0%A7%8B%E0%A6%B6_(%E0%A7%A8%E0%A7%A6%E0%A7%A7%E0%A7%A6-%E0%A6%8F%E0%A6%B0_%E0%A6%9A%E0%A6%B2%E0%A6%9A%E0%A7%8D%E0%A6%9A%E0%A6%BF%E0%A6%A4%E0%A7%8D%E0%A6%B0),wikipedia_bn,2026-07-31,,8906112,2026-04-24T06:13:50Z,CC BY-SA 4.0
BN061,bn,টিয়ার্স ইন দ্য ফ্যাব্রিক,,"রানা প্লাজা ট্র‍্যাজেডির পর প্রামাণ্যচিত্র নির্মাতা হান্নান মাঝিদ বাংলাদেশের গার্মেন্টস কর্মীদের জীবনের দুর্গতি তুলে ধরার জন্য দ্বিতীয়বার বাংলাদেশে আসেন। চলচ্চিত্রে রানা প্লাজা ধসের ঘটনা রাজিয়া বেগম নামের একজন নারীর জীবনে কীরকম প্রভাব ফেলেছে, তা দেখানো হয়েছে। রানা প্লাজা ধসে রাজিয়া বেগমের মেয়ে ও মেয়ের জামাই নিহত হন। কোনোরকম আর্থিক সহযোগিতা না পেয়ে রাজিয়া বেগম তার দুই অনাথ নাতির দেখাশোনা করছেন। তার পরিবারের উপার্জনক্ষম সদস্যদের হারিয়ে স্বজন হারানোর কষ্টের পাশাপাশি হয়েছেন গৃহহীন। রাজিয়া বেগম কারখানা পরিচালক প্রতিষ্ঠান কিংবা পশ্চিমা ব্র‍্যান্ডের থেকে কোনো ক্ষতিপূরণ পাননি। ট্র‍্যাজেডির ঘটনায় জড়িত ব্র‍্যান্ডগুলোর থেকে ক্ষতিপূরণের আশায় তিনি ছুটোছুটি করছেন। রাতে আট বছরের নাতি বিজয় ও ছয় বছরের পারভেজের সাথে তার জায়গা হয় শহরের বিভিন্ন অস্থায়ী তাঁবুতে। তার দুই নাতির বেড়ে ওঠা ও পড়াশোনার জন্য প্রয়োজনীয় ক্ষতিপূরণ ও অর্থ সহায়তা না পেয়ে তিনি রাস্তায় নেমে আসেন, আন্দোলনের ভাষায় তিনি রানা প্লাজার ধ্বংসস্তূপ ও ছেঁড়া কাপড়ের জবাব চান।",9,https://bn.wikipedia.org/wiki/%E0%A6%9F%E0%A6%BF%E0%A6%AF%E0%A6%BC%E0%A6%BE%E0%A6%B0%E0%A7%8D%E0%A6%B8_%E0%A6%87%E0%A6%A8_%E0%A6%A6%E0%A7%8D%E0%A6%AF_%E0%A6%AB%E0%A7%8D%E0%A6%AF%E0%A6%BE%E0%A6%AC%E0%A7%8D%E0%A6%B0%E0%A6%BF%E0%A6%95,wikipedia_bn,2026-07-31,,8900672,2026-04-22T16:22:24Z,CC BY-SA 4.0
BN062,bn,ডিপ ফ্রিজ,,"ডিপ ফ্রিজ একটি একরাত্রিক নাট্যধর্মী চলচ্চিত্র, যার কাহিনি এক ঝড়বৃষ্টির রাতে মিলির অ্যাপার্টমেন্টে আবর্তিত হয়। মিলি একজন বিবাহবিচ্ছিন্ন নারী, যিনি তাঁর প্রাক্তন স্বামী স্বর্ণবের সঙ্গে যৌথভাবে তাঁদের একমাত্র সন্তান টাটাইকে লালন-পালন করছেন। একদিকে, স্বর্ণব তাঁর গর্ভবতী ছাত্রী থেকে দ্বিতীয় স্ত্রী হয়ে ওঠা রঞ্জাকে নিয়ে নতুন জীবন শুরু করার চেষ্টা করছে। মিলির সঙ্গে তৃতীয় বিবাহবার্ষিকীর দিনে স্বর্ণব রঞ্জার সঙ্গে পরকীয়ায় ধরা পড়ে। এই ঘটনাই মিলিকে তাঁর সঙ্গে বিচ্ছেদের সিদ্ধান্ত নিতে বাধ্য করে। অন্যদিকে, স্বর্ণবের সঙ্গে বিচ্ছেদের পর মিলি একজন চিত্রশিল্পী আসিফের কাছে মানসিক আশ্রয় খোঁজে। ঝড়ের সেই রাতে, তীব্র জ্বরে আক্রান্ত তাঁদের ছেলে টাটাইয়ের দেখাশোনার জন্য স্বর্ণব মানসিকভাবে বাধ্য হয়ে মিলির অ্যাপার্টমেন্টে থেকে যায়। সেই রাতেই তারা নিজেদের গভীরে চাপা পড়ে থাকা অনুভূতির মুখোমুখি হয় এবং তাদের ব্যর্থ দাম্পত্য জীবন নিয়ে আত্মসমালোচনা করে। এই সম্পর্কের ভাঙনকে রূপকভাবে মিলির অ্যাপার্টমেন্টের বিকল ফ্রিজের সঙ্গে তুলনা করা হয়েছে—যেটি বরফে জমে আছে এবং ভেঙে পড়ার দ্বারপ্রান্তে। এই ফ্রিজটি তাদের দমিয়ে রাখা অনুভূতিগুলোর প্রতীক হিসেবে ব্যবহৃত হয়েছে। চলচ্চিত্রটি তিনটি পর্বে বিভক্ত—আইস কিউব, মেল্টিং পয়েন্ট এবং ডিফ্রস্ট। এর মাধ্যমে দেখানো হয়েছে, কীভাবে দু’জনেই বর্তমানকে মেনে নেয় এবং উপলব্ধি করে যে সন্তানের মঙ্গলার্থে তারা অতীতকে পেছনে ফেলে আলাদা আলাদা ভবিষ্যতের পথে এগিয়ে যেতে পারে।",12,https://bn.wikipedia.org/wiki/%E0%A6%A1%E0%A6%BF%E0%A6%AA_%E0%A6%AB%E0%A7%8D%E0%A6%B0%E0%A6%BF%E0%A6%9C,wikipedia_bn,2026-07-31,,8902935,2026-04-23T23:34:42Z,CC BY-SA 4.0
BN063,bn,ঢাকা টু বোম্বে,,"বিল্লুকে (শাকিব খান) কিশোর বয়সে মানব পাচারকারী তাজুল (সাদেক বাচ্চু) মুম্বাই শহরে বিক্রি করে দেয় আরেক মানব পাচারকারী আগারওয়ালের কাছে। আগারওয়ালের আস্তানে থেকে পালিয়ে যায় বিল্লু। সেখানে এক হৃদয়বান ব্যক্তির কাছে আশ্রয় পায় সে।  এদিকে ঢাকায় বিল্লুর পরিবারের সবাইকে তাজুল হুমকির মুখে রাখে, কারণ বিল্লুর ছোটবোন একজন সাংবাদিক। বিল্লু এখন ২৫ বছরের যুবক, সে ভুলতে পারে না মানব পাচারকারী আগারওয়ালকে। নাটকীয়ভাবে বিল্লু মুম্বাইয়ের চলচ্চিত্রে কাজ করার সুযোগ পায়। পায়েলকে (সাহারা) তার বাংলাদেশী প্রেমিক মানব পাচারকারী আগারওয়ালের কাছে বিক্রী করে দেয়। বিল্লু পায়েলকে উদ্ধার করে এবং একে অন্যকে বিশ্বাস করা শুরু করে। সীমান্ত পাড়ি দিয়ে বাংলাদেশে প্রবেশ করে ঢাকার বাড্ডা এলাকায় যায় তারা, যেখান থেকে পাচার হয়ে গিয়েছিল বিল্লু। বিল্লু তাজুলকে খুঁজে বেড়ায়। একদিন খুঁজেও পায়। বিল্লুর জনকল্যাণমূলক কাজের জন্য চারিদিকে তার জনপ্রিয়তা বেড়ে যায়।",12,https://bn.wikipedia.org/wiki/%E0%A6%A2%E0%A6%BE%E0%A6%95%E0%A6%BE_%E0%A6%9F%E0%A7%81_%E0%A6%AC%E0%A7%8B%E0%A6%AE%E0%A7%8D%E0%A6%AC%E0%A7%87,wikipedia_bn,2026-07-31,,8905858,2026-04-24T05:33:35Z,CC BY-SA 4.0
BN064,bn,তিনমূর্তি,,"প্রমোদ চক্রবর্তীর বহু-অভিনয়ধর্মী ছবি তিনমূর্তি  তিন বন্দুকবাজের গল্প - শঙ্কর, সাঙ্ঘা এবং ড্যানি, যারা অভাবীদের সাহায্য করার জন্য এবং লোভীদের শাস্তি দেওয়ার জন্য লড়াই করে। বহু বছর আগে, মহারাজ শূরবীর সিংকে তার রাজকীয় লকেট লুট করতে বাধা দেওয়ার চেষ্টা করার সময় এক ডাকাত লক্ষনের হাতে নিহত হন, যেখানে অঞ্জনগড়ের ধন-সম্পদ মানচিত্র লুকিয়ে ছিল। মহারাজের অনুগত মঙ্গল সিং মহারাজের ছেলেকে দুষ্ট ডাকাত লক্ষনের হাত থেকে পালাতে সাহায্য করেন। একটি দুর্ঘটনার ফলে মহারাজের ছেলে তার স্মৃতিশক্তি হারিয়ে ফেলে। শঙ্কর নামে সে নম্র পরিবেশে বেড়ে ওঠে, তার গলায় যে মূল্যবান লকেটটি সে পরেছিল তা সে জানে না। সময়ের সাথে সাথে, লক্ষন একজন শিল্পপতি হয়ে ওঠে এবং নিজেকে ঠাকুর সাহেব বলে। তার সম্পদ থাকা সত্ত্বেও, সে অঞ্জনগড়ের ধন-সম্পদ অর্জনের স্বপ্ন দেখতে থাকে, যা শমশের বাহাদুর - একজন বাজপাখির সতর্ক দৃষ্টিতে রক্ষিত। শঙ্কর - প্রকৃত উত্তরাধিকারী এবং সীমা, সাঙ্ঘা এবং আশা, ড্যানির সাথে, অঞ্জনগড়ের ধনসম্পদকে দুষ্টের হাতে পড়া থেকে রক্ষা করার জন্য যাত্রা শুরু করে।",8,https://bn.wikipedia.org/wiki/%E0%A6%A4%E0%A6%BF%E0%A6%A8%E0%A6%AE%E0%A7%82%E0%A6%B0%E0%A7%8D%E0%A6%A4%E0%A6%BF,wikipedia_bn,2026-07-31,,8903279,2026-04-23T23:54:20Z,CC BY-SA 4.0
BN065,bn,তুরুপের তাস,,"চলচ্চিত্রটির কাহিনি শুরু হয় কয়েকজন তরুণ-তরুণীর গল্প দিয়ে, যারা সদ্য উচ্চমাধ্যমিক পরীক্ষা শেষ করেছে। তারা সিদ্ধান্ত নেয় পরীক্ষার শেষ দিনে একটি ভ্রমণে বের হবে। বন্ধুদের মধ্যে অয়ন, যার বাবা সদ্য একটি নতুন চার চাকার গাড়ি কিনেছেন, সেই গাড়িতে করেই ঘুরতে যাওয়ার পরিকল্পনা করে তারা। অয়ন, অনন্যা, মৈনাক এবং তন্না একসঙ্গে ভ্রমণে বের হয় এবং একটি হাইওয়ের ক্যাফেতে থামে। সেখানে মৈনাক গাড়ির চাবি নিয়ে তন্নাকে প্রোপোজ করার পরিকল্পনা করে। কিন্তু কিছুক্ষণ পর দেখা যায়, তাদের গাড়িটি চুরি হয়ে গেছে। ভয় পেয়ে মৈনাক অন্য বন্ধুদের খবর দেয়। পরের দিন চুরি হওয়া গাড়িটি একটি সেকেন্ডহ্যান্ড শোরুমে পাওয়া যায়। গ্রামে একজন সাধারণ ব্যবসায়ী মেহবুব খান সেই গাড়ি কিনতে আসেন এবং শোরুম কর্তৃপক্ষ ভুয়া কাগজপত্র তৈরি করে গাড়িটি বিক্রি করে দেয়। মেহবুব খান যখন গাড়ি নিয়ে বের হন, তখন নাকা চেকিংয়ে ধরা পড়েন। গাড়ি তল্লাশি করে পুলিশ একটি মৃতদেহ ও দুটি নিষ্ক্রিয় বোমা উদ্ধার করে। এতে মেহবুব খানকে গ্রেপ্তার করা হয়।",12,https://bn.wikipedia.org/wiki/%E0%A6%A4%E0%A7%81%E0%A6%B0%E0%A7%81%E0%A6%AA%E0%A7%87%E0%A6%B0_%E0%A6%A4%E0%A6%BE%E0%A6%B8,wikipedia_bn,2026-07-31,,8890201,2026-04-13T09:39:51Z,CC BY-SA 4.0
BN066,bn,তৃতীয় অধ্যায়,,"কৌশিক (আবিরের চরিত্র), একজন ক্রীড়া শিক্ষক, এবং  শ্রেয়া (পাওলির চরিত্র) একজন উদ্ভিদবিদ। তারা বহু বছরের ব্যবধানে মিলিত হয়। ছবির গল্পে রয়েছে সম্পর্কের টানাপোড়ন, হিংসা, প্রেমের সাথে রহস্যের ছোঁয়া, বহু বছর আগে তাদের সম্পর্কের অবসান কেন ঘটেছে, বর্তমানের সাথে তাদের পুনর্মিলন, এবং সম্ভাব্য (বা না) ভবিষ্যত কি হতে পারে সেই ঘটনা।",3,https://bn.wikipedia.org/wiki/%E0%A6%A4%E0%A7%83%E0%A6%A4%E0%A7%80%E0%A6%AF%E0%A6%BC_%E0%A6%85%E0%A6%A7%E0%A7%8D%E0%A6%AF%E0%A6%BE%E0%A6%AF%E0%A6%BC,wikipedia_bn,2026-07-31,,8905877,2026-04-24T05:35:45Z,CC BY-SA 4.0
BN067,bn,তোমাকে চাই (চলচ্চিত্র),,"চলচ্চিত্রটির গল্প একটি অল্প বয়সী যুগলকেন্দ্রিক, জয় (বনি সেনগুপ্ত) এবং দিয়া (কৌশানী মুখোপাধ্যায়) মহাবিদ্যালয়ে একে অপরের প্রেমে পড়ে। জয় এবং দিয়া উভয়ই একে অপরকে প্রচণ্ড ভালোবাসে কিন্তু দিয়ার একটি আত্মীয় ছেলে দিয়াকে ছোটো বেলা থেকেই বিরক্ত করে এবং জয়কে তার ব্যাপারে বলে বলে যে তাকে বিয়ে করতে। জয় এবং দিয়ার বিয়েতে ঐ ছেলেটা এসে দিয়াকে বিরক্ত করা শুরু করলে জয় তাকে খুন করে জেলে যায়। দিয়া অন্তঃসত্ত্বা হয়ে পড়ে এবং সময়ের বিবর্তনে তার স্মৃতি ভুলে যায় এবং তার বাড়ি থেকে পালিয়ে যায়। যে জেলে জয়কে রাখা হয়েছিলো সেই জেলেও দিয়া পৌঁছে যায়। দিয়া ঐ জেলে মারা যায় এবং জয় জেল থেকে পালানোর সময় আগেই মারা যায়।",6,https://bn.wikipedia.org/wiki/%E0%A6%A4%E0%A7%8B%E0%A6%AE%E0%A6%BE%E0%A6%95%E0%A7%87_%E0%A6%9A%E0%A6%BE%E0%A6%87_(%E0%A6%9A%E0%A6%B2%E0%A6%9A%E0%A7%8D%E0%A6%9A%E0%A6%BF%E0%A6%A4%E0%A7%8D%E0%A6%B0),wikipedia_bn,2026-07-31,,8907009,2026-04-24T08:34:48Z,CC BY-SA 4.0
BN068,bn,দহন (১৯৮৫-এর চলচ্চিত্র),,"ব্যক্তিগত প্রেমের চেয়ে সমষ্টিগত প্রেমই গল্পে প্রাধান্য পেয়েছে। গল্পে আরো অনেক গুরুত্বপূর্ণ বিষয় স্থান পেয়েছে যেমন- বাজেট নিয়ে আলোচনা, মানুষ নিয়ে রাজনীতি, শেরে বাংলা নগরে প্রেমাভিসার প্রভৃতি। গল্পে অর্থনৈতিক সামাজিক পুরানো পদ্ধতি ভাঙার সংগ্রামী প্রচেষ্টাকে তুলে ধরেছে, খুজেছে মুক্তির পথ। ফ্যাক্টস, ফিকশন, সিম্বল, হিওমার ব্যবহার করে কাহিনীতে সৃষ্টি করেছে একটি দলিলচিত্র।",4,https://bn.wikipedia.org/wiki/%E0%A6%A6%E0%A6%B9%E0%A6%A8_(%E0%A7%A7%E0%A7%AF%E0%A7%AE%E0%A7%AB-%E0%A6%8F%E0%A6%B0_%E0%A6%9A%E0%A6%B2%E0%A6%9A%E0%A7%8D%E0%A6%9A%E0%A6%BF%E0%A6%A4%E0%A7%8D%E0%A6%B0),wikipedia_bn,2026-07-31,,8907970,2026-04-24T11:05:11Z,CC BY-SA 4.0
BN069,bn,দহন (১৯৯৭-এর চলচ্চিত্র),,"রমিতা (ঋতুপর্ণা সেনগুপ্ত) এবং পলাশ (অভিষেক চট্টোপাধ্যায়) নামক এক নবদম্পতি রাস্তায় আক্রান্ত হয়। গুন্ডারা রমিতাকে শারীরিকভাবে নিগ্রহ করে কিন্তু কেউ তাদের সাহায্য করতে এগিয়ে আসে না। এই ঘটনা দেখে স্কুল শিক্ষিকা ঝিনুক (ইন্দ্রাণী হালদার) তাদের সাহায্য করার ঘটনাস্থলে দৌড়ে যায়। ঝিনুক পুলিশকে সাহায্য করে আক্রমণকারীদের শাস্তি দেওয়ার জন্য চেষ্টা শুরু করে কিন্তু এক সময়, আক্রান্ত দম্পতি নিজেরাই এই মামলায় জড়াতে না চাওয়ায় ঝিনুক প্রচণ্ড হতাশ হয়।",4,https://bn.wikipedia.org/wiki/%E0%A6%A6%E0%A6%B9%E0%A6%A8_(%E0%A7%A7%E0%A7%AF%E0%A7%AF%E0%A7%AD-%E0%A6%8F%E0%A6%B0_%E0%A6%9A%E0%A6%B2%E0%A6%9A%E0%A7%8D%E0%A6%9A%E0%A6%BF%E0%A6%A4%E0%A7%8D%E0%A6%B0),wikipedia_bn,2026-07-31,,8907550,2026-04-24T09:56:05Z,CC BY-SA 4.0
BN070,bn,দুই পৃথিবী (২০১০-এর চলচ্চিত্র),,"রাহুল রায় (জিৎ) তার ধনী বাবা অরূপ রায়ের (বি.ডি. মুখোপাধ্যায়) একমাত্র ছেলে। সে আরাম এবং বিলাসবহুল জীবনযাত্রায় অভ্যস্ত এবং তার কাছে জীবন একটি খেলামাত্র। সে একজন ভাগ্যবান চরিত্র যে সুখী জীবনযাপনে অভ্যস্ত এবং মেয়েদের কাছে জনপ্রিয়। রাহুল, নন্দিনী (কোয়েল মল্লিক) এর সাথে পরিচিত হয়। নন্দিনী একজন তরুণ ডাক্তার। রাহুল তার বন্ধুদের সাথে বাজি ধরে যে সে নন্দিনীকে তার প্রেমে ফেলবে। রাহুল নন্দিনীকে এক নাচের অনুষ্ঠানের পর কফি খাওয়ার জন্য আমন্ত্রণ জানায়। নন্দিনী একজন অনাথ হওয়ায় সে দরিদ্র ব্যক্তিদের প্রতি অত্যন্ত দয়াময় এবং একজন ভাল সেবিকা। দরিদ্র ব্যক্তিদের সুখে-দুঃখে তাদের সাথে থাকে এবং তাদের সহায়তা করে। কিন্তু একজন ধনীব্যক্তি হওয়ায় রাহুল দরিদ্রদের ঘৃণা করে। তবে নন্দিনীর মুক্তমনের ব্যবহার তাকে দরিদ্রদের প্রতি দয়াময় করে তোলে। তারা ভাল বন্ধুত্ব করে ফেলে।",12,https://bn.wikipedia.org/wiki/%E0%A6%A6%E0%A7%81%E0%A6%87_%E0%A6%AA%E0%A7%83%E0%A6%A5%E0%A6%BF%E0%A6%AC%E0%A7%80_(%E0%A7%A8%E0%A7%A6%E0%A7%A7%E0%A7%A6-%E0%A6%8F%E0%A6%B0_%E0%A6%9A%E0%A6%B2%E0%A6%9A%E0%A7%8D%E0%A6%9A%E0%A6%BF%E0%A6%A4%E0%A7%8D%E0%A6%B0),wikipedia_bn,2026-07-31,,9032922,2026-07-02T08:00:08Z,CC BY-SA 4.0
BN071,bn,দেনা পাওনা,,"জীবনানন্দ একজন মাতাল জমিদার। এককারি তার সমস্ত পাপ কাজ এবং অর্থের লোভে তার সঙ্গী। সোরাশি স্থানীয় চণ্ডী মন্দিরের পুরোহিত এবং জীবনানন্দের বিচ্ছিন্ন স্ত্রী। তিনি অবিচল এবং একগুঁয়ে, কিন্তু দায়িত্বশীল এবং সৎ। স্থানীয় সমাজের কিছু অংশে তার অপরিসীম প্রভাব রয়েছে। সোরাশি যখন যুবক ছিলেন, তখন তিনি আলাকা নামে পরিচিত ছিলেন। পরিস্থিতি ষোড়শীকে সারা রাত মাতাল জীবনানন্দের বাড়িতে থাকতে বাধ্য করে। ঘটনাটি জানাজানি হলে স্থানীয় গ্রামবাসীদের মধ্যে তোলপাড় সৃষ্টি হয়। কিন্তু সোরাশি পুলিশ ও ম্যাজিস্ট্রেটের কাছে আইনি জবানবন্দি দেন যে তিনি স্বেচ্ছায় জমিদার বাড়িতে গিয়েছিলেন। এই বক্তব্যের কারণে জীবনানন্দ সকল অপরাধ থেকে মুক্তি পান। কিন্তু গ্রামের নেতারা তাদের সিদ্ধান্তের ব্যাপারে খুবই কঠোর ছিলেন। সর্বেশ্বর শিরোমণি, মিঃ চৌধুরী, এবং জনার্দন রায় মন্দিরের পুরোহিতের দায়িত্ব আর সোরাশীকে না দেওয়ার সিদ্ধান্ত নেন।",12,https://bn.wikipedia.org/wiki/%E0%A6%A6%E0%A7%87%E0%A6%A8%E0%A6%BE_%E0%A6%AA%E0%A6%BE%E0%A6%93%E0%A6%A8%E0%A6%BE,wikipedia_bn,2026-07-31,,8907189,2026-04-24T09:07:35Z,CC BY-SA 4.0
BN072,bn,দ্য নেমসেক,,"নেমসেক অশোক এবং আশিমা গাঙ্গুলীর সংগ্রামকে নিয়ে এই চলচ্চিত্র নির্মিত হয়েছে, পশ্চিমবঙ্গ রাজ্য থেকে মার্কিন যুক্তরাষ্ট্রে প্রথম প্রজন্মের অভিবাসী এবং তাদের আমেরিকান বংশোদ্ভূত সন্তান গোগোল ও সোনিয়া। চলচ্চিত্রটিতে মূলত দেখানো হয়েছে কলকাতা, নিউ ইয়র্ক শহরের স্থান গুলো। গল্প শুরু হয় যখন অশোক এবং আশিমা কলকাতা ছেড়ে নিউ ইয়র্ক শহরে স্থায়ী হয়। একটি ধারাবাহিক ভুলের মাধ্যমে, তাদের ছেলের ডাকনাম, গোগোল (রাশিয়ান লেখক নিকোলাই গোগোলের নামানুসারে নামকরণ করা হয়েছে), তার আনুষ্ঠানিক জন্ম নাম হয়ে ওঠে, একটি ঘটনা যা তার জীবনের অনেক দিককে রূপ দেবে। গল্পটি গোগোলের আন্তঃসাংস্কৃতিক অভিজ্ঞতার বর্ণনা করে  এবং তার ভারতীয় ঐতিহ্যের অন্বেষণ, কারণ গল্পটি মার্কিন যুক্তরাষ্ট্র এবং ভারতের মধ্যে স্থানান্তরিত হয়। কলেজের পর, গোগোল তার ""ভাল নাম"" নিখিল ব্যবহার করে (পরে ছোট করে নিক করা হয়)। তিনি একজন স্থপতি হিসেবে কাজ করেন এবং ম্যাক্সিন ( জ্যাসিন্ডা ব্যারেট ) নামে একজন ধনী ব্যাকগ্রাউন্ডের একজন শ্বেতাঙ্গ আমেরিকান মহিলার সাথে দেখা করেন, যিনি তাদের সাংস্কৃতিক পার্থক্য সম্পর্কে অজ্ঞ। গোগোল ম্যাক্সিনের প্রেমে পড়েন এবং তাকে তার পিতামাতার সাথে পরিচয় করিয়ে দেন, যারা ডেটিং, বিয়ে এবং প্রেমের বিষয়ে তার আধুনিক, আমেরিকান দৃষ্টিভঙ্গি বোঝার জন্য সংগ্রাম করে। তার সাথে দেখা করার সময় তারা দ্বিধান্বিত এবং রক্ষা পায়। গোগোল ম্যাক্সিনের পরিবারের সাথে মিলিত হয় এবং তার নিজের পরিবারের চেয়ে তাদের আরও ঘনিষ্ঠ বোধ করে।শিক্ষানবিশের জন্য ওহাইওতে যাওয়ার আগে, অশোক গোগোলকে তার নামটি কীভাবে এসেছে তার গল্প বলে। কিছুক্ষণ পরে, গোগোল ম্যাক্সিনের পরিবারের সাথে ছুটিতে থাকাকালীন, অশোক মারা যায়।",12,https://bn.wikipedia.org/wiki/%E0%A6%A6%E0%A7%8D%E0%A6%AF_%E0%A6%A8%E0%A7%87%E0%A6%AE%E0%A6%B8%E0%A7%87%E0%A6%95,wikipedia_bn,2026-07-31,,8904317,2026-04-24T01:54:39Z,CC BY-SA 4.0
BN073,bn,ধন্যি মেয়ে,,"কলকাতার সচ্ছল ব্যবসায়ী কালিগতি দত্ত একজন ফুটবল পাগল মানুষ। তার নিজের ক্লাব সর্বমঙ্গলা স্পোর্টিং ক্লাবের প্রধান খেলোয়াড় তার ভাই বগলা ও শ্যালক ঘণ্টেশ্বর। নিঃসন্তান কালীগতি ও তার স্ত্রী বগলাকে পুত্রস্নহে মানুষ করেন। তার দল হাড়ভাঙ্গা গ্রামে শিল্ড ফাইন্যাল খেলতে যায়। ম্যাচ জিতলেও গ্রামের জিমিদার ও হাড়ভাঙা ক্লাবের সভাপতি গোবর্ধন চৌধুরী তার ভাগ্নি মনসার সাথে জোর করে বগলার বিয়ে দিয়ে দেয়। মনসা অনাথ, অবিহেলায় মামার বাড়িয়ে মানুষ কিন্তু বগলার বাড়ির প্রিয়পাত্রী হয়ে ওঠে যদিও কালীগতি এই বিবাহ স্বীকার করেন না। যদিও বগলা ও মনসার মধ্যে মধুর সম্পর্ক গড়ে ওঠে। মনসাকে জোর করে ফেরত পাঠিয়ে দেন কালিগতি। শিল্ড ফাইন্যালের বদলা নিতে দলবল নিয়ে তিনি আবার যান হাড়ভাঙা গ্রামে ম্যাচ জিতে আসার জন্যে।",9,https://bn.wikipedia.org/wiki/%E0%A6%A7%E0%A6%A8%E0%A7%8D%E0%A6%AF%E0%A6%BF_%E0%A6%AE%E0%A7%87%E0%A6%AF%E0%A6%BC%E0%A7%87,wikipedia_bn,2026-07-31,,8906907,2026-04-24T08:18:58Z,CC BY-SA 4.0
BN074,bn,ধূমকেতু (২০২৫-এর চলচ্চিত্র),,"ভানু সিংহ (দেব) একসময় ছিলেন সাধারণ ব্যক্তি, কিন্তু বর্তমানে তিনি একজন ওয়ান্টেড সন্ত্রাসী। তিনি হঠাৎ করেই ফিরে আসেন তাঁর শৈশবের বন্ধু, মোহুঙ্গঞ্জ ডাকঘরের পোস্টম্যান যোগেশের জীবনে। কাহিনী অতীত ও বর্তমানের প্রেক্ষাপটে এগিয়ে চলে এবং উন্মোচন করে ভানুর অতীত জীবন। দার্জিলিং জেলার কাল্পনিক পাহাড়ি শহর মোহুঙ্গঞ্জে জন্ম নেওয়া ভানু এক স্থানীয় স্কুলশিক্ষকের ছেলে। তাঁর ছোট ভাই রবিকে দুর্নীতিবাজ রাজনৈতিক ও ব্যবসায়িক গোষ্ঠীর হাতে নৃশংসভাবে খুন হতে হয়, কারণ তাঁদের বাবা প্রকাশ্যে দুর্নীতির সমালোচনা করেছিলেন। প্রাণনাশের ভয়ে ভানু পালিয়ে যান অরুণাচল প্রদেশে এবং পরে চিরঞ্জিত চক্রবর্তী অভিনীত ‘চিফ’-এর নেতৃত্বাধীন একটি চরমপন্থী সংগঠনে যোগ দেন। পরে ভানু ‘ইন্দ্রনাথ খাসনবিস’ নামের এক বৃদ্ধের ছদ্মবেশে ফিরে আসেন মোহুঙ্গঞ্জে, পরিবারের সঙ্গে শেষবারের মতো দেখা করতে এবং তাঁদের ওপর চালানো বর্বরতার প্রতিশোধ নিতে। তাঁর লক্ষ্য প্রতিশোধ সম্পন্ন করে আত্মঘাতী মিশনে অংশ নেওয়া।",8,https://bn.wikipedia.org/wiki/%E0%A6%A7%E0%A7%82%E0%A6%AE%E0%A6%95%E0%A7%87%E0%A6%A4%E0%A7%81_(%E0%A7%A8%E0%A7%A6%E0%A7%A8%E0%A7%AB-%E0%A6%8F%E0%A6%B0_%E0%A6%9A%E0%A6%B2%E0%A6%9A%E0%A7%8D%E0%A6%9A%E0%A6%BF%E0%A6%A4%E0%A7%8D%E0%A6%B0),wikipedia_bn,2026-07-31,,8982553,2026-06-02T21:34:42Z,CC BY-SA 4.0
BN075,bn,না বোলনা,,"কলেজ শিক্ষার্থী দুই ঘনিষ্ঠ বান্ধবী কবিতা (সিমলা) ও সঞ্চিতা (সুমনা সোমা)। সঞ্চিতা মাতৃহীন ধনবান পরিবারের একমাত্র মেয়ে আর কবিতা গ্রামের এক বিধবা মায়ের ঘরের। শিক্ষাঙ্গনে এসে কবিতার মায়ের লেখা একটি চিঠির ঘটনাকে কেন্দ্র করে ওদের এই বন্ধুত্ব। কলেজের সবাই ওদের বন্ধুত্বের কথা জানে। কবিতা ভালো গান করে পাশাপাশি ভালো কবিতাও লিখে। একদিন সঞ্চিতা-কবিতাসহ কলেজের কিছু ছাত্রীরা মিলে পিকনিকে যায়। সঞ্চিতা স্থান হিসেবে বেছে নেয় কবিতাদের গ্রামের বাড়ির একটি এলাকা। এর মূল কারণ, সঞ্চিতা কবিতার মায়ের লেখা ছোট ছোট চিঠি পড়ে কল্পনায় নিজের মায়ের আসনে বসিয়ে রেখেছে তাকে এবং এই পিকনিক এর বাহানে করে মাকে দেখতেই তার এখানে আগমন। কবিতার মায়ের (শর্মিলী আহমেদ) স্নেহের সংস্পর্শে এসে সঞ্চিতা নতুন করে মায়ের অভাব বুঝতে পারে এবং তাকে ঢাকা নিয়ে যেতে চায়।",9,https://bn.wikipedia.org/wiki/%E0%A6%A8%E0%A6%BE_%E0%A6%AC%E0%A7%8B%E0%A6%B2%E0%A6%A8%E0%A6%BE,wikipedia_bn,2026-07-31,,7983708,2025-02-19T06:01:03Z,CC BY-SA 4.0
BN076,bn,নিধিরাম সর্দার,,"হঠাৎ করেই ‘নিধিরাম সর্দার’ নামে এক চোর কলকাতা পুলিশের জীবনটাই বদলে দিল। সে অসাধু ব্যবসায়ীর কাছ থেকে চুরি করে গরীবদের মাঝে বিলিয়ে দিত। মিঃ গঙ্গারাম একজন আমদানি-রপ্তানিকারক হোটেল লাভ বার্ডে  মুখোমুখি হন। হোটেলের মালিক সিতেশ পাইন নামের একজন বাতিক, হাই প্রোফাইল অপরাধী এই ঘটনায় খুবই উদ্বিগ্ন হয়ে পড়েন। অন্যদিকে, যামিনী,  স্মার্ট মেয়ে একটি মধ্যবিত্ত পরিবারের একমাত্র উপার্জনকারী সদস্য হঠাৎ কিছু সমস্যার সম্মুখীন হয়। কিছু অজানা অসামাজিক তাকে নিয়মিত অনুসরণ করে। এমন পরিস্থিতিতে তিনি রাম প্রসাদ সিংহের কাছে সাহায্য চান। রাম প্রসাদ যিনি একজন স্বনামধন্য গায়ক এবং সেই সাথে তার নিজস্ব মূল্যবোধের সাথে একজন সাহসী মানুষ সমস্যাটি প্রকাশ করার চেষ্টা করেন। সে তার আপ্রাণ চেষ্টা করে এবং তার আত্মীয় মল্লিক এবং পুরানো বন্ধু সঞ্জয়ের সাহায্যে মামলাটি সমাধান করে।",9,https://bn.wikipedia.org/wiki/%E0%A6%A8%E0%A6%BF%E0%A6%A7%E0%A6%BF%E0%A6%B0%E0%A6%BE%E0%A6%AE_%E0%A6%B8%E0%A6%B0%E0%A7%8D%E0%A6%A6%E0%A6%BE%E0%A6%B0,wikipedia_bn,2026-07-31,,8982661,2026-06-03T00:20:16Z,CC BY-SA 4.0
BN077,bn,নিষ্পাপ মুন্না,,জেলখানায় জন্ম হয় শিশু মুন্নার তবে জন্মের সময় তার মা মারা যায়। জেলার মুন্নাকে মায়া করে জেলখানা থেকে নিজ বাড়িতে নিয়ে আসেন। কিন্তু পরিবারের অন্য সদস্যরা মুন্নাকে মেনে নিতে পারে না। এর মধ্যে জেলারের ছোট ভাই জেলারের স্ত্রীকে খুন করে। তবে দোষ পড়ে মুন্নার। বিচারে মুন্নার ১২ বছর জেল হয়। পরে জেল খেটে বের হয়ে মুন্না  আসল সত্য বের করার চেষ্টা করতে থাকে।,7,https://bn.wikipedia.org/wiki/%E0%A6%A8%E0%A6%BF%E0%A6%B7%E0%A7%8D%E0%A6%AA%E0%A6%BE%E0%A6%AA_%E0%A6%AE%E0%A7%81%E0%A6%A8%E0%A7%8D%E0%A6%A8%E0%A6%BE,wikipedia_bn,2026-07-31,,8906353,2026-04-24T06:47:08Z,CC BY-SA 4.0
BN078,bn,পাগল প্রেমী,,"কলেজ ছাত্রী গীতাঞ্জলি ওরফে গীতা (অর্পিতা মুখার্জি) বেড়াতে কন্যাকুমারীতে যায়। তিনি একটি সৈকতে রেখে যাওয়া ডায়েরিতে একটি কবিতা পেয়েছেন এবং এতে স্বাক্ষর রেখে বলেছেন যে তিনি চান কবিতা তার প্রেমে সফল হবে। পরে, তার গোড়ালিটি সমুদ্রের মধ্যে পড়ে এবং একটি লোক তার চোখের সামনে জলে লাফিয়ে যায় তবে কেউ তাকে পুনরুদ্ধার করতে দেখেনি। তবে সমুদ্রের মধ্যে কে ঝাঁপিয়ে পড়েছে তা গীতা দেখেনি। তিনি এই ঘটনাটি ঘন ঘন এই ধারণাটি নিয়ে স্বপ্নে দেখেছিলেন যে যে ব্যক্তি লাফ দিয়েছিল সে মারা গেছে তবে তার বন্ধুরা তাকে এটি ভুলে যেতে বলে। অজয় (যশ দাশগুপ্ত) একটি ছিন্নমূল ব্রাট এবং স্থানীয় সংসদ সদস্য এম.পি.  অবিনাশ ব্যানার্জির ছেলে। তিনি সুন্দর মেয়েদের সাথে ফ্লার্ট করতে পছন্দ করেন এবং সেগুলি তার বান্ধবী হতে চান। একদিন সে গীতা দেখে তার কাছে প্রস্তাব দেয়। তিনি যখন তা প্রত্যাখ্যান করেছেন, তিনি কলেজ ভবনের উপর থেকে লাফিয়ে যাওয়ার হুমকি দেন। মৃত্যুর জন্য দায়ী হওয়ার ভয়ে গীতা এই প্রস্তাবটি গ্রহণ করে যে কোনও লোক ইতোমধ্যে তার জন্য মারা গেছে এবং সে চায় না যে তার কারণে কেউ আহত হয় এবং তাকে ডেটিং শুরু করে। আড়িয়া (ঋত্বিক চক্রবর্তী) একজন সুখী-ভাগ্যবান ছেলে যিনি বন্ধুবান্ধব এবং বাচ্চাদের সাথে তার জীবন উপভোগ করেন। কলেজের প্রথম দিনে, তিনি গীতা দেখেন যে সবেমাত্র কলেজ ভবনের শীর্ষে থাকা অজয়ের কাছে তার প্রেমের কথা স্বীকার করছিল এবং তাকে হুমকি দিয়েছিল।",12,https://bn.wikipedia.org/wiki/%E0%A6%AA%E0%A6%BE%E0%A6%97%E0%A6%B2_%E0%A6%AA%E0%A7%8D%E0%A6%B0%E0%A7%87%E0%A6%AE%E0%A7%80,wikipedia_bn,2026-07-31,,8912664,2026-04-27T15:11:28Z,CC BY-SA 4.0
BN079,bn,পালাবি কোথায়,,"শিরিন মধ্যবিত্ত পরিবারের একটি মেয়ে। সবাই যৌতুক চায় বিধায় যৌতুক নিয়ে বিয়ে করতে রাজি নয় বলে সে বিয়ে করতে পারেনি। শিরিন একটি পোশাক কারখানায় টাইপিস্ট ও ম্যানেজারের পিএস হিসেবে কাজ করেন। নূরী ওই কারখানার একজন পরিচ্ছন্নতাকর্মী। তার বেকার স্বামী বাচ্চু প্রায়ই তার স্ত্রীর টাকা চুরি করে। চুরির টাকা দিয়ে সে মদ পান করে। বিবাহিত হাওলাদার পোশাক কারখানার ম্যানেজার একজন দুষ্টু ব্যক্তি। তিনি নারী শ্রমিক-কর্মীদের বিভিন্নভাবে যৌন হয়রানি করেন। অফিসের নারীরা বিভিন্নভাবে তার কাছ থেকে আত্মরক্ষা করে। অফিসে কম্পিউটার বিভাগ খোলা হয়। মিলি চৌধুরী নামে এক আন্দোলনকারী নারী প্রধান কার্যালয় থেকে নতুন কম্পিউটার অপারেটর হিসেবে সংগঠনে যোগ দেন। শিরিন মনে করেন, কম্পিউটার ব্যবস্থা চালু হলে টাইপিস্টদের আর প্রয়োজন হবে না।",12,https://bn.wikipedia.org/wiki/%E0%A6%AA%E0%A6%BE%E0%A6%B2%E0%A6%BE%E0%A6%AC%E0%A6%BF_%E0%A6%95%E0%A7%8B%E0%A6%A5%E0%A6%BE%E0%A6%AF%E0%A6%BC,wikipedia_bn,2026-07-31,,8904777,2026-04-24T03:11:56Z,CC BY-SA 4.0
BN080,bn,প্যান্থার - হিন্দুস্থান মেরি জান,,"মুম্বইয়ে একাধিক বোমা বিস্ফোরণের পরে সন্ত্রাসীরা তাদের দাবি মানা না হলে কলকাতা ও দিল্লিতে একই কাজ করার হুমকি দেয়। প্যানথার, দেশের সেরা RAW এজেন্ট, সন্ত্রাসবাদী সংগঠনকে রুট করার জন্য একক মিশনে যাত্রা করেছে। সে কি সফল হবে? আজকের সময়ে সন্ত্রাসবাদ মানবজাতির বৃহত্তম শত্রুতে পরিণত হয়েছে এবং আমরা প্রায়শই তাদের অমানবিক কাণ্ডের শিকার হই। আমাদের মরিয়া প্রচেষ্টা সত্ত্বেও আমরা সন্ত্রাসী সংগঠনগুলিকে আমাদের ক্ষতি করতে বাধা দিতে ব্যর্থ হই। তবে এটাই কি বাস্তব - কোন বাস্তবতা যা মনে হয় তার থেকে প্রায়শই আলাদা হয় না। গল্পটি প্যান্থারের মিশনের বিশদ বিবরণ। প্যাথার মিশনে একা ছিলেন তবে দেশের প্রতি ভালবাসা তাকে কখনও একাকী হতে দেয় না। তিনি বিভিন্ন দেশে ভ্রমণ করেছেন এবং সবচেয়ে বিপজ্জনক এবং ঝুঁকিপূর্ণ পরিস্থিতির মুখোমুখি হয়েছেন, তবে অবশেষে ট্রাম্পে এসেছেন। তিনি নিশ্চিত করেন যে ভারতে আর কোনও আক্রমণ চালানো হয়নি। এবং মিশনটি যেহেতু ভারত সরকারের সম্মতি ব্যতীত একটি গোপন তদন্ত ছিল, তাই এটি সকলের থেকে গোপন ছিল। গল্পটি বিশ্বব্যাপী প্রতিটি ভারত এবং মানুষের কাছে অনুপ্রেরণার গল্পটি উপস্থাপন করবে।",12,https://bn.wikipedia.org/wiki/%E0%A6%AA%E0%A7%8D%E0%A6%AF%E0%A6%BE%E0%A6%A8%E0%A7%8D%E0%A6%A5%E0%A6%BE%E0%A6%B0_-_%E0%A6%B9%E0%A6%BF%E0%A6%A8%E0%A7%8D%E0%A6%A6%E0%A7%81%E0%A6%B8%E0%A7%8D%E0%A6%A5%E0%A6%BE%E0%A6%A8_%E0%A6%AE%E0%A7%87%E0%A6%B0%E0%A6%BF_%E0%A6%9C%E0%A6%BE%E0%A6%A8,wikipedia_bn,2026-07-31,,8982977,2026-06-03T03:32:25Z,CC BY-SA 4.0
BN081,bn,প্রেম আমার,,"রবি (সোহম) একটি নিম্ন-মধ্যবিত্ত পরিবারের সন্তান। একটি রেলওয়ে কোয়ার্টার কলোনিতে তার বাবা-মা এবং তার ছোট বোনের সাথে থাকে।সমাজের অন্যরা তাকে ভালো কিছুর জন্য ব্যর্থ হিসাবে দেখেন। কারণ তিনি ক্লাস ফাঁকি দেন, পরীক্ষায় অকৃতকার্য হন, রবি আরও মনে করে যে তার বাবা তাকে ঘৃণা করে এবং প্রায়শই তার সাথে ঝগড়া করে, এমনকি চিরদিনের জন্য বাড়ি ছেড়ে যাওয়ার হুমকি দেয়, শুধুমাত্র তার মায়ের জন্যই তা না করার জন্য রাজি করানো হয়। রবির জীবন বদলে যায় যখন একটি পরিবার রবির বাড়ির নিচতলায় তাদের কলোনিতে আসে।রবি লক্ষ্য করে একটি সুন্দরী এবং শিক্ষিত মেয়ে, রিয়া (পায়েল) এবং তার স্বর্গীয় সৌন্দর্য এবং নবযৌবনত্বের পড়ে, ধীরে ধীরে তার প্রতি আকৃষ্ট হয়।রবি তার দৃষ্টি আকর্ষণ করার চেষ্টা করে, কিন্তু সমবেত উপভোগ্য সিনেমা চলাকালে ঝামেলা সৃষ্টি করা, স্বাধীনতা উৎসবের মিলনমেলায় তার অভিনয়ে বাধা দেওয়ার মতো তার ক্রিয়াকলাপ দেখে তার প্রতি খারাপ মতামত দেয়। কিন্তু পরবর্তীতে ঘটনার কালচক্রে ক্রমশ রিয়া, ধীরে ধীরে রবির প্রেমে পড়তে শুরু করে, যদিও তাকে সতর্ক করা হয় যে তার সাথে থাকলে তার জীবন ধ্বংস হয়ে যাবে এবং সে আংশিকভাবে নিশ্চিত।যাইহোক, রবির পীড়াপীড়িতে, রিয়া তার বাড়ি থেকে পালিয়ে যায়, কিন্তু রবির অজান্তে, সে তার পরিবর্তে অন্য একজনকে বিয়ে করার পরিকল্পনা করে এবং রবিকে এই বলে যে সে তাকে ভালোবাসে না এবং তাকে বুঝিয়ে বলার জন্য এই গেস্টহাউসে এসেছিল।রবি রাগান্বিত হয় এবং রিয়াকে রাগ দেখায় এবং তাকে বোঝানোর সিদ্ধান্ত নেয় এবং যখন সে অস্বীকার করে, তখন সে তার সাথে তর্ক শুরু করে এবং বলে সে আসলে দুশ্চরিত্রা। তারা গেস্টহাউস থেকে বের হওয়ার সাথে সাথে তারা তর্ক করতে থাকে।তর্করত অবস্থায় রাস্তা পার হওয়ার সময়, রিয়া একটি ট্রাক দ্বারা ছিটকে পড়ে, এবং অসহায় রাবি তার চোখের সামনে ভয়াবহ দুর্ঘটনাটি দেখে।",12,https://bn.wikipedia.org/wiki/%E0%A6%AA%E0%A7%8D%E0%A6%B0%E0%A7%87%E0%A6%AE_%E0%A6%86%E0%A6%AE%E0%A6%BE%E0%A6%B0,wikipedia_bn,2026-07-31,,8907457,2026-04-24T09:40:33Z,CC BY-SA 4.0
BN082,bn,ফড়িং (চলচ্চিত্র),,"একটি কিশোর (ফড়িং, ""Grasshoppers"" -এর জন্য) উত্তরবঙ্গের একটি শহরে বেড়ে ওঠে।ডুয়ার্সের লুটপাটের আশেপাশে ঘেরাও, একটি কারখানা কারখানা বন্ধ না হওয়ায় শহরটি বেঁচে যায়।  একটি জন্ম হারানো, ফড়িং তার লড়াই মাথার মধ্যে কণ্ঠস্বর যে তিনি ঈশ্বর ।একটি নতুন শিক্ষিকা (দোয়েল) বিদ্যালয়ে আসে, এবং অজানা জিনিস তার মনের  উন্মোচন। ফড়িং বিশ্বাস করতে শুরু করে যে এটি একটি স্বপ্ন নয়। দোয়েল তার সৃজনশীল দক্ষতা রক্ষার জন্য তার বাড়িতে ফড়িংকে  আমন্ত্রণ জানায়।তিনি ফড়িং এর জন্মদিনে ফড়িংয়ের জন্য একটি সেল ফোনও উপহার করেন। উৎসব উদ্‌যাপন উপলক্ষ্যে দোয়েল একটি ভিডিও রেকর্ড করে। এই ভিডিও টেপ ফড়িংএর সহপাঠীদের  দ্বারা সকলের কাছে ছড়িয়ে পড়ে। দোয়েল বয়স্ক শিক্ষকদের একটি গ্রুপ দ্বারা হয়রানি হয়।",10,https://bn.wikipedia.org/wiki/%E0%A6%AB%E0%A6%A1%E0%A6%BC%E0%A6%BF%E0%A6%82_(%E0%A6%9A%E0%A6%B2%E0%A6%9A%E0%A7%8D%E0%A6%9A%E0%A6%BF%E0%A6%A4%E0%A7%8D%E0%A6%B0),wikipedia_bn,2026-07-31,,8906993,2026-04-24T08:31:53Z,CC BY-SA 4.0
BN083,bn,ফুল পিসি ও এডওয়ার্ড,,"ফুল পিসি একদা প্রভাবশালী নন্দী জমিদার পরিবারের একটি বিয়েতে যোগ দিতে তার পৈতৃক শহরে ফিরে আসে। বিয়ের আচার-অনুষ্ঠান শেষ হওয়ার আগেই পরিবারের কর্তা হঠাৎ মারা গেলে, পরিবারটি এক স্বাভাবিক মৃত্যুর আখ্যানকে কেন্দ্র করে ঐক্যবদ্ধ হয়। ঠিক সেই সময়ে, ফুল পিসির প্রিয় বিড়াল এডওয়ার্ড প্রাসাদের ছায়াচ্ছন্ন করিডোরের মধ্যে অদৃশ্য হয়ে যায়।",3,https://bn.wikipedia.org/wiki/%E0%A6%AB%E0%A7%81%E0%A6%B2_%E0%A6%AA%E0%A6%BF%E0%A6%B8%E0%A6%BF_%E0%A6%93_%E0%A6%8F%E0%A6%A1%E0%A6%93%E0%A6%AF%E0%A6%BC%E0%A6%BE%E0%A6%B0%E0%A7%8D%E0%A6%A1,wikipedia_bn,2026-07-31,,8988850,2026-06-06T10:50:45Z,CC BY-SA 4.0
BN084,bn,বরবাদ (২০১৪-এর চলচ্চিত্র),,"জয় একজন অযোগ্য ছেলে যার জীবনের লক্ষ্য হলো একটি বাইক কেনা যাতে সে নন্দিনীকে মুগ্ধ করতে পারে। বাইক কেনার পর তার জীবনের উন্নতি হয়, কিন্তু তার চাকরি হয় এবং তার বাইক চুরি হয়ে যাওয়ার পরপরই ঝামেলা শুরু হয়। স্থানীয় ডন আকরামের ছোট ভাই ইমরানের সাথে তার ঝগড়া শুরু হয়, যে তার বড় ভাইয়ের চেয়েও অত্যন্ত উত্তেজিত। তবে বড় ভাই কখনও বয়স্কদের ক্ষতি করে না, কেবল তার মতো লোকদেরই লক্ষ্য করে। জয় কীভাবে ইমরানের সাথে তার প্রতিদ্বন্দ্বিতা বজায় রাখতে সক্ষম হয় এবং শেষ পর্যন্ত অক্ষত অবস্থায় বেরিয়ে আসে এবং তার বাইকটি উদ্ধার করে।",5,https://bn.wikipedia.org/wiki/%E0%A6%AC%E0%A6%B0%E0%A6%AC%E0%A6%BE%E0%A6%A6_(%E0%A7%A8%E0%A7%A6%E0%A7%A7%E0%A7%AA-%E0%A6%8F%E0%A6%B0_%E0%A6%9A%E0%A6%B2%E0%A6%9A%E0%A7%8D%E0%A6%9A%E0%A6%BF%E0%A6%A4%E0%A7%8D%E0%A6%B0),wikipedia_bn,2026-07-31,,8889925,2026-04-13T06:31:19Z,CC BY-SA 4.0
BN085,bn,বরবাদ (২০২৫-এর চলচ্চিত্র),,"শহরের অন্যতম বিখ্যাত ব্যবসায়ী ও রাজনীতিবিদ আদিব মির্জা। তাঁর একমাত্র ছেলে আরিয়ান মির্জা। ছেলেই আদিব মির্জার সব। ছোটবেলা থেকেই আদরে আদরে হয়ে ওঠে অপ্রতিরোধ্য এক ‘দানব’। এমন কোনো খারাপ কাজ ছিল না যা আরিয়ান করেনি। মাদক, নারী কেলেঙ্কারি, মারামারি—ইউটিউবে আরিয়ান মির্জাকে সার্চ করলে এমন অনেক কনটেন্ট আসে। কিন্তু ছেলের সব রকমের কুকর্ম সামলানোর জন্য আদিব মির্জা ঢাল হয়ে দাঁড়িয়ে ছিলেন সব সময়। তাই এত কিছু করার পরও আরিয়ানকে কেউ ছুঁতে পারত না। আরিয়ান প্রায়ই বেপরোয়া পার্টির আয়োজন করত এবং পার্টিতে নেশা আর ফূর্তি করে প্রচুর টাকা ওড়াতো। এমন এক পার্টিতে আরিয়ানের সঙ্গে দেখা হয় নিতুর। পার্টি শেষে আরিয়ানের কাছে একটি দাতব্য সংস্থার জন্য সাহায্য চাইতে আসে নিতু। প্রথম দেখাতেই নিতুর প্রেমে পড়ে যায় আরিয়ান।",12,https://bn.wikipedia.org/wiki/%E0%A6%AC%E0%A6%B0%E0%A6%AC%E0%A6%BE%E0%A6%A6_(%E0%A7%A8%E0%A7%A6%E0%A7%A8%E0%A7%AB-%E0%A6%8F%E0%A6%B0_%E0%A6%9A%E0%A6%B2%E0%A6%9A%E0%A7%8D%E0%A6%9A%E0%A6%BF%E0%A6%A4%E0%A7%8D%E0%A6%B0),wikipedia_bn,2026-07-31,,9077347,2026-07-28T18:10:02Z,CC BY-SA 4.0
BN086,bn,বসন্ত বিলাপ,,"শহরের বসন্ত বিলাপ নামক একটি হোস্টেলের মেয়েদের সাথে পাশ্ববর্তী একটি ছেলেদের হোস্টেলের ছেলেদের একে অপরের প্রতি বিদ্বেষ ও আক্রোশকে কেন্দ্র করে ঘটনা প্রবাহ এগিয়ে চলে। সেই কারণেই দুই পক্ষই নিত্যনৈমিত্তিক ভাবে নতুন নতুন ফন্দি আঁটতে থাকে। যা এই হাস্য কৌতুকের মূল উপজীব্য। যদিও শেষে হোস্টেলের তিনটি মেয়ে, তিনটি ছেলের প্রেমে পড়ে।",4,https://bn.wikipedia.org/wiki/%E0%A6%AC%E0%A6%B8%E0%A6%A8%E0%A7%8D%E0%A6%A4_%E0%A6%AC%E0%A6%BF%E0%A6%B2%E0%A6%BE%E0%A6%AA,wikipedia_bn,2026-07-31,,8906542,2026-04-24T07:15:55Z,CC BY-SA 4.0
BN087,bn,বাঁশি (চলচ্চিত্র),,আরিফের স্বপ্ন সে গ্রামের বিষয়বস্তুর উপর চলচ্চিত্র নির্মাণ করবে। এ উদ্দেশ্যে সে ঢাকার অদুরে এক গ্রামে যায়। তাকে সঙ্গ দেয় শায়লা। শায়লা তার পূর্ব পরিচিত নয়। গ্রামের নয়নাভিরাম প্রাকৃতিক দৃশ্যে দুজনেই মুগ্ধ হয়। কিন্তু তারা গ্রামের দুই প্রভাবশালী পরিবারের মধ্যে দ্বন্দ্ব দেখে শঙ্কিত হয়। গ্রামের এই বিষয়টা তার স্বপ্নের সাথে মিলে না। আরিফ দুই পরিবারের এই দ্বন্দ্বের সাথে শেকসপিয়রের রোমিও অ্যান্ড জুলিয়েট নাটকের মন্টাগুয়ে ও কাপুলেট পরিবারের এবং লিও টলস্তয়ের লিটল গার্লস উইজার দ্যান মেন-এর মিল খুঁজে পায়। আরিফ হতাশ হয় এবং সে নিজেকে তার চলচ্চিত্রের একটি চরিত্র হিসেবে খুঁজে পায়।,9,https://bn.wikipedia.org/wiki/%E0%A6%AC%E0%A6%BE%E0%A6%81%E0%A6%B6%E0%A6%BF_(%E0%A6%9A%E0%A6%B2%E0%A6%9A%E0%A7%8D%E0%A6%9A%E0%A6%BF%E0%A6%A4%E0%A7%8D%E0%A6%B0),wikipedia_bn,2026-07-31,,8903118,2026-04-23T23:42:21Z,CC BY-SA 4.0
BN088,bn,বাংলা নাচে ভাংড়া,,দুই কলেজ পড়ুয়া  রাজ চক্রবর্তী ও সিমরন রনধাওয়া । একজন বাঙালি এবং একজন পাঞ্জাবী । দুজনের মধ্যে ঝগড়া লেগে থাকে। পরে তাদের  ঝগড়া প্রেমে পরিণত হয়। সিমরন  দস্যি মেয়ে। অন্যদিকে  রাজ (সায়ন) শান্ত ছেলে।  রাজ সিমরনকে  কলেজে হারিয়ে দেয়। এজন্য সবসময় সে রাজের উপর রেগে যায়। দুর্গাপুরে আন্তঃ কলেজ কুইজ প্রতিযোগিতার জন্য সিমরন এবং রাজ সেখানে গেলে তাদের সম্পর্কের ব্যাপক পরিবর্তন ঘটে। তারা কুইজ জিতে যায় এবং একটি পার্টিতে আমন্ত্রণ পায়। যেখানে তারা একে অপরের সাথে ভালভাবে কথা বলে। তাদের মাঝে নতুন বন্ধন তৈরি হয়।,12,https://bn.wikipedia.org/wiki/%E0%A6%AC%E0%A6%BE%E0%A6%82%E0%A6%B2%E0%A6%BE_%E0%A6%A8%E0%A6%BE%E0%A6%9A%E0%A7%87_%E0%A6%AD%E0%A6%BE%E0%A6%82%E0%A6%A1%E0%A6%BC%E0%A6%BE,wikipedia_bn,2026-07-31,,8904926,2026-04-24T03:37:09Z,CC BY-SA 4.0
BN089,bn,বাংলার নায়ক,,"প্রেস রিপোর্টার প্রবীণ ব্যক্তি 'আনোয়ার হোসেন (অভিনেতা)|আনোয়ার হোসেন' (আনোয়ার হোসেন (অভিনেতা)|আনোয়ার হোসেন) দৈনিক নিউজ পেপার প্রকাশ করেছেন একটি মোস্ট ওয়ান্টেড অপরাধী 'রওশন চৌধুরী'স (আহমেদ শরীফ) এর অপরাধমূলক প্রভাব। একদিন রওশন চৌধুরী প্রেস রিপোর্টার আনোয়ার হোসেন (অভিনেতা)|আনোয়ার হোসেনকে হত্যা করার পরে এবং তার কিশোরী 'রোকেয়া' (শাবানা) তার সাথে প্রতিশ্রুতি দিয়েছিল এই হত্যাকারীরা সবচেয়ে বেশি শাস্তির উদ্যোগ নেয়। ১২ বছর আইনজীবী হন। এবং একজন প্রতিদ্বন্দ্বী মাফিয়া 'ডন' (জশিম) যে অস্ত্রের উপর ভরসা করতে পারে তা হ'ল উত্সাহের সাথে সমস্ত শক্তি, এছাড়াও রোকেয়া উত্সাহ সহকারে কলমের প্রতি বিশ্বাস রাখতে পারে সমস্ত ক্ষমতা। রোকেয়ার ছোট ভাই 'মুন্না' (রিয়াজ) একটি বিশ্ববিদ্যালয়ের ছাত্র এবং 'জুলি' (সোনিয়া) একই বিশ্ববিদ্যালয়ের ছাত্র। প্রথমবারের মতো এই দুজনের সাথে উদ্বিগ্নতা এবং দ্বিতীয়বার প্রেমের সম্পর্কের মধ্য দিয়ে। তবে জুলির ভাই এটি মানেন না  রোশন চৌধুরী এবং ডন এখন ডন স্থান নেওয়ার জন্য যুদ্ধ শুরু করেছিলেন on ডনের বোন জুলি তার প্রেমিক মুন্নার কাছে গিয়েছে  ডোন তার বোনের হাত বাঁচানোর জন্য ডনের জায়গাটি হারিয়েছে  এখন ডন নয় তিনি এখন বাংলার নায়ক। 'বাঙ্গালার নায়োক' এখনকার আগের ক্যারিয়ারে এখন রোকেয়া, জুলি এবং মুন্নার সাথে জীবনযাপন করে ফিরে এসেছেন তিনি। 'বাঙ্গালার নয়োক' শেষ পর্যন্ত মোস্ট ওয়ান্টেড অপরাধী রওশন চৌধুরীকে হত্যা করার সাথে গল্পটি শেষ হয়েছে। পারস্পরিকভাবে লাইভ সব হয়।",10,https://bn.wikipedia.org/wiki/%E0%A6%AC%E0%A6%BE%E0%A6%82%E0%A6%B2%E0%A6%BE%E0%A6%B0_%E0%A6%A8%E0%A6%BE%E0%A6%AF%E0%A6%BC%E0%A6%95,wikipedia_bn,2026-07-31,,8906161,2026-04-24T06:21:47Z,CC BY-SA 4.0
BN090,bn,বাড়ী থেকে পালিয়ে,,"কাঞ্চন নামে একটি আট বছরের ছেলে সারাক্ষণ তার গ্রামের বাড়িতে বদমায়েশি করে বেড়ায়। বাবা কাঞ্চনের মার উপর অত্যাচার চালান ও তাঁকে গৃহবন্দী করে রাখেন বলে সে তার বাবাকে এক নিষ্ঠুর দৈত্য মনে করে। তার স্বপ্নের মহানগরটি হল এল ডোরেডো (কলকাতা)। কিন্তু সেখানে পৌঁছে সে দেখতে পায় বাস্তব অনেক কঠিনতর এবং সেই নিষ্ঠুর বাস্তবতার যাঁরা শিকার হয়েছেন, তাঁদের সঙ্গে সাক্ষাৎ হওয়ার পর কলকাতা সম্পর্কে তার একটি অন্য ধারণা সৃষ্টি হয়। সে বেঁচে থাকার জন্য সংগ্রাম শুরু করে এবং বাস্তব জীবন সম্পর্কে কিছু অভিজ্ঞতা অর্জন করে। তার আলাপ হয় বহুরুপী হরিদাস যে বুলবুল ভাজা বেচে, ফুটপাতের জাদুকর, ছোট্ট মেয়ে মিনি ও তার পরিবারের সাথে, এছাড়া বাউল ভিখিরী ভবঘুরে চোর ব্যবসায়ী অসংখ্য পেশার মানুষের সঙ্গে পরিচিত হয়। কলকাতাকে চেনে এক আজব নগরী রূপে। আশা, আশা হারানোর বেদনা, দুখ সুখে মিলিয়ে সেখানকার মানুষ। শেষে সে তার গ্রামের বাড়িতে ফিরে যেতে চায়। সেই সময় সে এক পরিপক্ব মানুষে পরিণত হয়। সে বুঝতে পারে যে তার বাবা আদৌ দৈত্য নন। বরং তিনি দারিদ্রের শিকার এবং সেই দারিদ্রের সঙ্গেই সংগ্রামরত।",12,https://bn.wikipedia.org/wiki/%E0%A6%AC%E0%A6%BE%E0%A6%A1%E0%A6%BC%E0%A7%80_%E0%A6%A5%E0%A7%87%E0%A6%95%E0%A7%87_%E0%A6%AA%E0%A6%BE%E0%A6%B2%E0%A6%BF%E0%A6%AF%E0%A6%BC%E0%A7%87,wikipedia_bn,2026-07-31,,9073041,2026-07-27T09:32:33Z,CC BY-SA 4.0
BN091,bn,বাদশাহী আংটি (চলচ্চিত্র),,"তিনশো বছরের বেশি পুরনো, আওরঙ্গজেবের আংটি চুরি নিয়েই এই চলচ্চিত্রের কাহিনী এগিয়ে গেছে। এই কাহিনীর স্থান উত্তরপ্রদেশের লক্ষ্ণৌ। বাদশাহী আংটি উপন্যাসের উপর ভিত্তি করে এই চলচ্চিত্রটি নির্মিত হলেও বর্তমান প্রেক্ষাপটের কারণেই কিছু পরিবর্তন আনা হয়েছে। উপন্যাসে এক স্থানে প্রাইভেট চিড়িয়াখানার কথা বলা আছে, সেন্সরের কারণে সেখানে পরিবর্তন আনা হয়েছে।",4,https://bn.wikipedia.org/wiki/%E0%A6%AC%E0%A6%BE%E0%A6%A6%E0%A6%B6%E0%A6%BE%E0%A6%B9%E0%A7%80_%E0%A6%86%E0%A6%82%E0%A6%9F%E0%A6%BF_(%E0%A6%9A%E0%A6%B2%E0%A6%9A%E0%A7%8D%E0%A6%9A%E0%A6%BF%E0%A6%A4%E0%A7%8D%E0%A6%B0),wikipedia_bn,2026-07-31,,8907704,2026-04-24T10:21:17Z,CC BY-SA 4.0
BN092,bn,বিকেলে ভোরের ফুল (চলচ্চিত্র),,"অনীশ মিত্র (উত্তম) একজন বিলেত ফেরত মেধাবী ইঞ্জিনিয়ার, বিখ্যাত কবি, সঙ্গীতের প্রশংসিত পণ্ডিত এবং ব্যক্তিগত জীবনে নারীসুলভ উপস্থিতি এড়িয়ে যাওয়া একজন ব্যাচেলর। তার বাবা, বড় বোন, ছোট ভাই বা ভগ্নিপতি দ্বারা প্রশংসিত হয় না। তাদের আয়োজন করা অনুষ্ঠান এড়িয়ে সে পালিয়ে যায় দীঘায়, সমুদ্রের পাশের রিসোর্টে। সেখানে সে একটি গার্লস কলেজের ছাত্রদের সাথে দেখা হয় সেখানে ক্যাম্প করে। এর মধ্যে একটি মেয়ে টুকু, তাকে প্রায় বৃদ্ধাঙ্গুলি দেখায় এবং সেও তার প্রতি একটি নরম অনুভূতি তৈরি করে। টুকুর ব্যক্তিগত জীবনটাই এলোমেলো। তার মায়ের ঘনিষ্ঠ পারিবারিক বন্ধুর সাথে সম্পর্ক রয়েছে (যার সাথে তিনি দীঘায় এসেছিলেন)।",7,https://bn.wikipedia.org/wiki/%E0%A6%AC%E0%A6%BF%E0%A6%95%E0%A7%87%E0%A6%B2%E0%A7%87_%E0%A6%AD%E0%A7%8B%E0%A6%B0%E0%A7%87%E0%A6%B0_%E0%A6%AB%E0%A7%81%E0%A6%B2_(%E0%A6%9A%E0%A6%B2%E0%A6%9A%E0%A7%8D%E0%A6%9A%E0%A6%BF%E0%A6%A4%E0%A7%8D%E0%A6%B0),wikipedia_bn,2026-07-31,,8948454,2026-05-22T05:04:56Z,CC BY-SA 4.0
BN093,bn,বিনিসুতোয়,,"কাজল এবং শ্রাবনী, ত্রিশের দশকের মাঝামাঝি দুই ব্যক্তি, একটি রিয়েলিটি গেম শো অডিশনে দেখা হয়। সাধারণ ব্যাকগ্রাউন্ড তাদের দ্রুত বন্ধন তৈরি করতে সাহায্য করে। একটি অদ্ভুত দুর্ঘটনায় শ্রাবনী আহত হয় এবং কাজল তাকে ডাক্তারের কাছে নিয়ে যায়। পথে, তারা তাদের জীবনের দুটি আকর্ষণীয় গল্প ভাগ করে নেয়। চিত্তাকর্ষক মানব নাট্য তাদের মধ্যে একটি বিদ্রূপাত্মক ঝগড়ার মধ্যে শেষ হয়।",5,https://bn.wikipedia.org/wiki/%E0%A6%AC%E0%A6%BF%E0%A6%A8%E0%A6%BF%E0%A6%B8%E0%A7%81%E0%A6%A4%E0%A7%8B%E0%A6%AF%E0%A6%BC,wikipedia_bn,2026-07-31,,8909560,2026-04-25T20:33:29Z,CC BY-SA 4.0
BN094,bn,বিরাজ বৌ (১৯৭২-এর চলচ্চিত্র),,"নীলাম্বর (উত্তম কুমার) ও পীতাম্বর (অনুপ কুমার) দুই ভাই। দাদা নীলাম্বর বুদ্ধিহীন, অথচ পরোপকারী। উপার্জন করেন না। শুধু প্রচুর গাঁজা খান। ভাই পীতাম্বর সংসারী মানুষ। তিনি নিজের উপার্জন নষ্ট না করে পৈত্রিক সম্পত্তি দু'ভাগ করে দিয়ে বাড়ির মাঝে পাঁচিল তুলে দিলেন। নীলাম্বরের স্ত্রী বিরাজমোহিনী (মাধবী মুখোপাধ্যায়) এতে কষ্টে পড়লেন। দুই ভাইয়ের একমাত্র বোন হরিমতির দেখাশোনার ভার নীলাম্বরকেই নিতে হল। হরিমতির বিয়ে দিতে এবং তার স্বামীর পড়াশোনার খরচ জোগাতে নীলাম্বরকে বিষয়সম্পত্তি-জমিজমা সব বন্ধক রাখতে হল। কিন্তু বিরাজের পরামর্শ সত্ত্বেও মমতাবশত পৈতৃক সম্পত্তি বিক্রি করতে পারলেন না। বিরাজ নিজে অভুক্ত থেকেও স্বামীর অন্ন জোগাতে লাগল। ইতোমধ্যে গ্রামের নতুন জমিদার রাজেন্দ্রকুমার সুন্দরী বিরাজের প্রতি আকৃষ্ট হলেন।",12,https://bn.wikipedia.org/wiki/%E0%A6%AC%E0%A6%BF%E0%A6%B0%E0%A6%BE%E0%A6%9C_%E0%A6%AC%E0%A7%8C_(%E0%A7%A7%E0%A7%AF%E0%A7%AD%E0%A7%A8-%E0%A6%8F%E0%A6%B0_%E0%A6%9A%E0%A6%B2%E0%A6%9A%E0%A7%8D%E0%A6%9A%E0%A6%BF%E0%A6%A4%E0%A7%8D%E0%A6%B0),wikipedia_bn,2026-07-31,,8909713,2026-04-25T23:51:09Z,CC BY-SA 4.0
BN095,bn,বৃহন্নলা (চলচ্চিত্র),,মোহনপুর আধুনিক সুযোগ সুবিধা বঞ্ছিত একটি ছোট গ্রাম। গ্রামের হোমিও ডাক্তার আরজ আলী তাদের চিকিৎসার একমাত্র ভরসা। গ্রামের বিদ্যালয়ে অল্প সংখ্যক ছাত্রছাত্রী থাকলেও তাদের শিক্ষা বিদ্যালয়ের গণ্ডি পর্যন্তই সীমাবদ্ধ। গ্রামে পূর্বে হিন্দু সম্প্রদায়ের আধিক্য থাকলেও এখন হিন্দু মুসলমান দুই সম্প্রদায়ই বাস করে। হিন্দুদের ধর্ম পালনের জন্য একটি মন্দির এবং মুসলমানদের জন্য একটি মসজিদ থাকলেও উভয় সম্প্রদায় চায় গ্রামে আরেকটি মন্দির বা মসজিদ হোক। দুই সম্প্রদায়ই চায় সরকারী খাস জমিতে মন্দির বা মসজিদ হোক। গ্রামের হোমিও ডাক্তার আরজ আলী গ্রামে একজন ভালো চিকিৎসক পাঠানোর জন্য দীর্ঘদিন যাবত সরকারের কাছে চিঠি দিয়ে আসছে। যেদিন নতুন ডাক্তার গ্রামে আসবে সেদিন সরকারী খাস জমির পাশের বটগাছের নিচে গ্রামের কাঠমিস্ত্রী তুলসীর ছাগল মারা যায়। গ্রামের হিন্দু মুসলমান সবাই এতে আতংকিত হয়ে পড়ে এবং মন্দির কমিটির প্রধান গৌর বিশ্বাস কাউকে গাছের কাছে আসতে মানা করে দেন। কিন্তু কিছু দিন পর তুলসীর মা সেখানে পাতা কুড়াতে গিয়ে মারা যায়। তুলসীর স্ত্রী দুর্গারানী দাবি করে ঐ গাছই তার শাশুড়িকে হত্যা করেছে। ইতোমধ্যে শহর থেকে ডাক্তার আবির সেই গ্রামে আসে।,12,https://bn.wikipedia.org/wiki/%E0%A6%AC%E0%A7%83%E0%A6%B9%E0%A6%A8%E0%A7%8D%E0%A6%A8%E0%A6%B2%E0%A6%BE_(%E0%A6%9A%E0%A6%B2%E0%A6%9A%E0%A7%8D%E0%A6%9A%E0%A6%BF%E0%A6%A4%E0%A7%8D%E0%A6%B0),wikipedia_bn,2026-07-31,,9042511,2026-07-08T16:20:45Z,CC BY-SA 4.0
BN096,bn,ভয় (চলচ্চিত্র),,"বাবা-মায়ের মতে জয়ার বিবাহ হয় রঞ্জিতের সাথে। রঞ্জিত একজন নিষ্ঠুর ও অসৎ লোক, তার মেয়ে পাচারের ব্যবসা আছে বিয়ের আগে কেউ জানতে পারেনি। তার সাথে বিয়ে হওয়ার পর জয়া প্রায় বন্দিজীবন কাটাতে থাকে। রঞ্জিত তার ওপর নিয়মিত মানসিক ও শারীরিক অত্যাচার চালায়। নিজের অসুস্থ মা ও বাবার কথা চিন্তা করে জয়া এই বিবাহে মত দিলেও সে পালানোর কথা ভাবতে থাকে। সে যখন জানতে পারে রঞ্জিত ও তার সাথী জগমোহন নারী পাচারকারী ও চোরাচালানের সাথে যুক্ত, তখন সে রঞ্জিতের বাড়ি থেকে পালায় এবং রাস্তায় দেখা হয় সাংবাদিক পল্লবের সাথে। পল্লবের বাড়ি আশ্রয় নেয় জয়া। রঞ্জিত তাকে খুঁজতে খুঁজতে কলকাতা আসে ও পল্লবের বিষয় জানতে পারে ও তাকে হুমকি দেয়, কিন্তু সে গ্রাহ্য করেনা। জয়ার বন্ধু সমীর রঞ্জিতের কাছে জয়ার খোঁজ না পেয়ে কলকাতা আসে ও জয়াকে খুঁজে পায়। পল্লব, জয়া ও সমীর তিনজনে ঠিক করে রঞ্জিতের হাত থেকে বাঁচাতে জয়াকে বিদেশে পাঠিয়ে দিতে হবে। সেইদিন রাত্রে পল্লব বাইরে বেরলে রঞ্জিত সমীরকে খুন করে ও জয়াকে অপহরণ করে নিয়ে আসে তার আস্তানায়। পল্লব বাড়ি ফেরার পথে রঞ্জিতকে দেখে ও পিছু নিয়ে সেখানে যায়।",12,https://bn.wikipedia.org/wiki/%E0%A6%AD%E0%A6%AF%E0%A6%BC_(%E0%A6%9A%E0%A6%B2%E0%A6%9A%E0%A7%8D%E0%A6%9A%E0%A6%BF%E0%A6%A4%E0%A7%8D%E0%A6%B0),wikipedia_bn,2026-07-31,,8902866,2026-04-23T23:28:47Z,CC BY-SA 4.0
BN097,bn,ভূত চতুর্দশী (চলচ্চিত্র),,"কলকাতার তরুণ রণো সিনেমা বানাতে আগ্রহী গ্রামীণ অঞ্চলে। তার প্রেমিকা শ্রেয়া, বন্ধু পৃথা ও দেবুকে নিয়ে রণো শহর থেকে দূরে চলে যায়। পৌঁছয় বোলপুরের কাছে অজয় নদের ধারে এক সাঁওতালি গ্রামে। ভূত চতুর্দশীর দিন তারা তথ্যচিত্র বানাতে ঢোকে এক পরিত্যক্ত পোড়ো বাড়িতে। যা গ্রামের মানুষের কাছে লক্ষীবাড়ী নামে পরিচিত। এখানে লক্ষী নাম্নী এক মেয়েকে সূদূর অতীতে ডাইনী বলে পুড়িয়ে মারা হয়েছিল। গ্রামের লোকেদের বারণ না শুনে তারা সেখানে আশ্রয় নেয়। বাড়িটির ভেতর একের পর এক অলৌকিক ও ভূতুড়ে ঘটনা ঘটতে থাকে।",8,https://bn.wikipedia.org/wiki/%E0%A6%AD%E0%A7%82%E0%A6%A4_%E0%A6%9A%E0%A6%A4%E0%A7%81%E0%A6%B0%E0%A7%8D%E0%A6%A6%E0%A6%B6%E0%A7%80_(%E0%A6%9A%E0%A6%B2%E0%A6%9A%E0%A7%8D%E0%A6%9A%E0%A6%BF%E0%A6%A4%E0%A7%8D%E0%A6%B0),wikipedia_bn,2026-07-31,,8906270,2026-04-24T06:35:55Z,CC BY-SA 4.0
BN098,bn,মনপুরা,,"গভীর রাতে প্রভাবশালী গাজীর মানসিক প্রতিবন্ধী ছেলে হালিম একটা খুন করে ফেলে। গাজী সাহেবের ছেলেকে রক্ষা করতে স্ত্রীর পরামর্শে বাড়ির এতিম কাজের ছেলে সোনাইকে মনপুরা দ্বীপে নির্বাসনে পাঠানো হয় যাতে সবাই সোনাইকে দোষী ভাবে।  মনপুরা চরে সোনাইয়ের সঙ্গে দেখা হয় পরীর। পরী মাঝির মেয়ে, চরের দিকে মাছ ধরতে আসে বাবার সঙ্গে। যত দিন গড়ায় সোনাই আর পরী ততই একে অপরের কাছাকাছি আসে। একদিন চরে এসে গাজী দেখে ফেলে পরীকে। ঠিক করে পাগল ছেলে হালিমের সঙ্গে পরীর বিয়ে দেবে। হুজুরও বলেছে বিয়ে দিলে ছেলের মাথা ঠিক হয়ে যাবে। তাছাড়া কোনো অবস্থাসম্পন্ন ঘরের মেয়ে তো আর পাগলের বউ হবে না, এই মেয়ে সুন্দর এবং গরিব। অতএব মেয়ের বাবাকে লোভ দেখিয়ে পাগল ছেলের বিয়ে ঠিক করে গাজী। তারপর সোনাই আর পরী সিদ্ধান্ত নেয় তারা দূরে কোথাও পালিয়ে যাবে। কিন্তু পালানোর আগ মুহূর্তে পুলিশের হাতে আটক হন সোনাই।",12,https://bn.wikipedia.org/wiki/%E0%A6%AE%E0%A6%A8%E0%A6%AA%E0%A7%81%E0%A6%B0%E0%A6%BE,wikipedia_bn,2026-07-31,,8907986,2026-04-24T11:06:51Z,CC BY-SA 4.0
BN099,bn,মরণের পরে,,"প্রধান চরিত্রটি হল স্মৃতিকনা দেবী (প্রণতি ঘোষ)। রায় বাহাদুর ভূজঙ্গ চৌধুরী (ধীরাজ ভট্টাচার্য) প্রথম স্ত্রী স্মৃতিকনার মৃত্যুর অনেক বছর পরে। প্রায়শই তিনি তার আগের জীবনের ঘটনাগুলি মনে রাখেন এবং তিনি অত্যন্ত অস্বাভাবিক আচরণ করেন। ভূজঙ্গের প্রথম পক্ষের স্ত্রীর কন্যা তনিমা (সুচিত্রা সেন)। তনিমা তার সৎ মা স্মৃতিকনাকে চিকিৎসার জন্য হাসপাতালে নিয়ে যান। সেখানে তনিমার প্রেমে পড়েন ডাক্তার অশোক (উত্তমকুমার) যখন স্মৃতিকনাকে চিকিৎসা করাছিল। যখন প্রথমবার ডাঃ অশোককে দেখলেন, স্মৃতিকনা একটি অদ্ভুত আচরণ করছিলেন এবং তিনি ভেবেছিলেন অশোকই তাঁর পুত্র। তনিমার সঙ্গে প্রেম থাকলেও অশোক তাকে বিয়ে করতে অস্বীকার করেছিলেন কারণ তিনি নিজেই অনাথ এবং তাঁর পিতামাতা কে জানে না। একদিন ডাঃ অশোক তাঁর সিনিয়র ডাঃ (যারা শৈশব থেকেই অশোকের দেখাশোনা করেছিলেন) এবং তনিমার সাথে কথা বলছিলেন, হঠাৎ তারা কিছু লোক চোর (গুরুদাস) তাড়া করেছিল। চোর গুরুদাস কে স্মৃতিকনা দেবী তাকে দেখে চিনতে পেরে ছিলেন। তারপর তার আগের জন্মের গল্পটি মনে পড়ল। আগের জীবনে তপতী (ভারতী দেবী) একজন ধনী চিকিৎসকের স্ত্রী ছিলেন।",12,https://bn.wikipedia.org/wiki/%E0%A6%AE%E0%A6%B0%E0%A6%A3%E0%A7%87%E0%A6%B0_%E0%A6%AA%E0%A6%B0%E0%A7%87,wikipedia_bn,2026-07-31,,8914884,2026-04-29T03:19:07Z,CC BY-SA 4.0
BN100,bn,মায়া: দ্য লস্ট মাদার,,"বাংলাদেশের স্বাধীনতা যুদ্ধের এক বীরাঙ্গনার বড় সন্তান একজন যুদ্ধশিশু। এই যুদ্ধশিশু নিঁখোজ হয়, বড় হয়ে সে তার মায়ের খোঁজ করে। বীরাঙ্গনার ছোট মেয়ে মায়া। মা বীরাঙ্গনা হওয়ায়  মায়ার সংসার ভেঙ্গে যায়। বীরাঙ্গনার বাড়িতে আশ্রিত থাকে আরো একজন যুদ্ধশিশু, যার সঙ্গে মায়ার প্রেম। এদিকে গ্রামের চেয়ারম্যান, ইমাম সকলের কুদৃষ্টি থাকে মায়ার শরীরের উপর। এসবের মাঝেই কৃষিকাজ, পশুপালন করে সংসার চালায় মায়া। সমাজের কোনো অন্যায়কে প্রশ্রয় না দিয়ে একঘরে আত্মসম্মান নিয়ে বাঁচে; তবুও সমাজের অন্যায়-নিপীড়নের শিকার হয় সন্তানসম্ভবা মায়া।",8,https://bn.wikipedia.org/wiki/%E0%A6%AE%E0%A6%BE%E0%A6%AF%E0%A6%BC%E0%A6%BE:_%E0%A6%A6%E0%A7%8D%E0%A6%AF_%E0%A6%B2%E0%A6%B8%E0%A7%8D%E0%A6%9F_%E0%A6%AE%E0%A6%BE%E0%A6%A6%E0%A6%BE%E0%A6%B0,wikipedia_bn,2026-07-31,,8906715,2026-04-24T07:44:56Z,CC BY-SA 4.0
BN101,bn,মাসুদ রানা (চলচ্চিত্র),,শ্রীলংকার ক্যান্ডিতে বেড়াতে যান মাসুদ রানা। সেখানে হোটেল মালিক থিরুর সাথে হয় বন্ধুত্ব। তার হোটেলের বারে বেয়াড়া এক খদ্দেরের সাথে হাতাহাতি হবার পরে সেই খদ্দের আহত হয়। ফলে তার বদলে ফাইটার হিসাবে নামতে হয় মাসুদ রানাকে।,4,https://bn.wikipedia.org/wiki/%E0%A6%AE%E0%A6%BE%E0%A6%B8%E0%A7%81%E0%A6%A6_%E0%A6%B0%E0%A6%BE%E0%A6%A8%E0%A6%BE_(%E0%A6%9A%E0%A6%B2%E0%A6%9A%E0%A7%8D%E0%A6%9A%E0%A6%BF%E0%A6%A4%E0%A7%8D%E0%A6%B0),wikipedia_bn,2026-07-31,,8908189,2026-04-24T11:41:11Z,CC BY-SA 4.0
BN102,bn,মিশর রহস্য,,"মিশরের একনায়কের পতনের খবর শুনে কাকাবাবু (প্রসেনজিৎ চট্টোপাধ্যায়) ওরফে রাজা রায়চৌধুরী ও তার ভাইপো সন্তু (আরিয়ান ভৌমিক) আসে, এবং এই থেকেই চলচ্চিত্রটি শুরু হয়। ২০১০ সাল। মিশরীয় ব্যবসায়ী আল মামুন (রজত কাপুর) কাকাবাবুর কাছে হিয়েরোগ্লাফিক চিহ্ন বুঝিয়ে দেবার জন্য সাহায্য প্রার্থনা করে। এই চিহ্নগুলো তার শিক্ষক মুফতি মুহম্মদ (বরুন চন্দ) হঠাৎই ঘুম থেকে উঠে আঁকেন। মুহম্মদ বেশ অসুস্থ এবং তার শেষ ইচ্ছা প্রকাশ করতে চান। তিনি তখন দিল্লিতে চিকিৎসাধীন। মামুন মনে করে এই চিহ্নগুলো হল মিশরের কোন গুপ্ত অস্ত্রাগারের, যা মুফতি তার রাজনৈতিক ক্যারিয়ারের সময়ে এক বিদ্রোহ চলাকালীন সংগ্রহ করেছিলেন। তবে কাকাবাবুকে বোঝানো হয় যে এই চিহ্নগুলো খুবই গুরুত্বপূর্ণ অন্যদিক থেকে। মুফতির সাথে কাকাবাবুর দেখা হলে সে কিছু চিহ্নর সাহায্যে কাকাবাবুকে তার শেষ ইচ্ছা কি তা বোঝায়। কাকাবাবু সেইমত মিশরে যান। এখানে তিনি আল মামুন (রজত কাপুর) ও হানি আল-কাদি (ইন্দ্রনীল সেনগুপ্ত) এ দুই বিদ্রোহী দলের মধ্যে পড়ে যান। মুফতির অপর শিষ্য এই আলকাদি দাবি করে, মুফতি-এর শেষ ইচ্ছে পূরণ হলে তা হবে তার।",12,https://bn.wikipedia.org/wiki/%E0%A6%AE%E0%A6%BF%E0%A6%B6%E0%A6%B0_%E0%A6%B0%E0%A6%B9%E0%A6%B8%E0%A7%8D%E0%A6%AF,wikipedia_bn,2026-07-31,,8907674,2026-04-24T10:15:40Z,CC BY-SA 4.0
BN103,bn,মিসটেক (২০১৩-এর চলচ্চিত্র),,"পাঁচজন বন্ধুর জীবনের ঘিরে আবর্তিত এই চলচ্চিত্রের গল্প। চলচ্চিত্রটিতে কলেজ ও বিশ্ববিদ্যালয়ের সময়কালীন সময়ে তাঁদের মুখোমুখি হওয়া সমস্যাগুলি বিশ্লেষণ করা হয়েছে। এখানে দেখানো হয়েছে যে সঠিক কাজের জন্য সঠিক সময় ব্যবহার করা না হয়, তাবে তা গুরুতর সমস্যার দিকে নিয়ে যেতে পারে। প্রীতি ঝানগিয়ানি, বিক্রম চট্টোপাধ্যায়, মালবিকা, সৌরভ ও ক্লিও পাঁচজন বন্ধু হিসেবে অভিনয় করেন, অভিনেত্রী হিসেবে ইন্দ্রাণী হালদার একটি গুরুত্বপূর্ণ চরিত্র রুপায়ন করেন। চলচ্চিত্রটিতে  কুনাল পাধে, বিশ্বজিৎ চক্রবর্তী, দুলাল লাহিড়ী, বরুণ চক্রবর্তী ও অন্যান্য অভিনেতা রয়েছেন।",5,https://bn.wikipedia.org/wiki/%E0%A6%AE%E0%A6%BF%E0%A6%B8%E0%A6%9F%E0%A7%87%E0%A6%95_(%E0%A7%A8%E0%A7%A6%E0%A7%A7%E0%A7%A9-%E0%A6%8F%E0%A6%B0_%E0%A6%9A%E0%A6%B2%E0%A6%9A%E0%A7%8D%E0%A6%9A%E0%A6%BF%E0%A6%A4%E0%A7%8D%E0%A6%B0),wikipedia_bn,2026-07-31,,8889918,2026-04-13T06:30:49Z,CC BY-SA 4.0
BN104,bn,মেঘের অনেক রং,,চলচ্চিত্রটির উপজীব্য বিষয় বাংলাদেশের মুক্তিযুদ্ধ ও সে সময়ে লাঞ্ছিত নারীরা। যুদ্ধে পাক বাহিনীর দ্বারা লাঞ্ছিত এক নারী আত্মহত্যার পথ বেছে নেয়। তার সদ্যবোধ সম্পন্ন ছেলে খুঁজে বেড়ায় তার মাকে। অবশেষে আশ্রয় পায় এক ডাক্তার দম্পতির কাছে।,4,https://bn.wikipedia.org/wiki/%E0%A6%AE%E0%A7%87%E0%A6%98%E0%A7%87%E0%A6%B0_%E0%A6%85%E0%A6%A8%E0%A7%87%E0%A6%95_%E0%A6%B0%E0%A6%82,wikipedia_bn,2026-07-31,,8907332,2026-04-24T09:25:24Z,CC BY-SA 4.0
BN105,bn,মেড ইন চিটাগং,,"প্রথমবার দেখা হওয়ার পর থেকে সোলায়মান ও নূরজাহানের মধ্যে একে অপরের প্রতি তেমন একটা ছাপ ছিলো না। যখনই তারা দেখা করে তখনই তারা প্রতিনিয়ত তর্ক করে। এটি তাদের ব্যক্তিগত জীবনেও হস্তক্ষেপ করেছে। পরে তারা একে অপরের জন্য পড়ে, কিন্তু তারা কি একসাথে থাকতে পারবে?",4,https://bn.wikipedia.org/wiki/%E0%A6%AE%E0%A7%87%E0%A6%A1_%E0%A6%87%E0%A6%A8_%E0%A6%9A%E0%A6%BF%E0%A6%9F%E0%A6%BE%E0%A6%97%E0%A6%82,wikipedia_bn,2026-07-31,,8434114,2025-08-23T19:48:05Z,CC BY-SA 4.0
BN106,bn,ম্যাডাম সেনগুপ্ত,,"সিনেমাটির বিষয়বস্তু সুকুমার রায়ের ক্লাসিক ব্যঙ্গাত্মক রচনা ""আবোল তাবোল"" প্রতিফলিত করে। একজন বিশিষ্ট কার্টুনিস্ট অনুরেখা তার মেয়ে অনন্যার হত্যার রহস্য অনুসন্ধান করতে কলকাতায় আসেন । ছবিটি লুকানো রাজনৈতিক প্রতিদ্বন্দ্বিতা, প্রেম এবং বিশ্বাসঘাতকতা নিয়ে আবর্তিত হয়।",3,https://bn.wikipedia.org/wiki/%E0%A6%AE%E0%A7%8D%E0%A6%AF%E0%A6%BE%E0%A6%A1%E0%A6%BE%E0%A6%AE_%E0%A6%B8%E0%A7%87%E0%A6%A8%E0%A6%97%E0%A7%81%E0%A6%AA%E0%A7%8D%E0%A6%A4,wikipedia_bn,2026-07-31,,8890248,2026-04-13T09:48:14Z,CC BY-SA 4.0
BN107,bn,যাদুর বাঁশি,,দরিদ্র বিধবা মায়ের সন্তান যাদু বাঁশি বাজিয়ে গ্রামবাসীকে বিমোহিত করে। গ্রামের কিছু লোক এতে ক্ষুব্ধ হয়ে তাকে গ্রাম থেকে বের করে দেয়। নদীর তীরে ডুবতে থাকা জেলে মোহর আলীর স্ত্রীকে বাঁচায় সে। মোহর আলী তার একটা কাজের বন্দোবস্ত করে দেয়। কিন্তু সে তার মালিক তমিজ আলীর মেয়ের পাখির সাথে সম্পর্কে জড়িয়ে যায়। তমিজ আলী জানতে পেরে যাদু ও মোহর আলীকে শাসায়। মোহর আলী ও তার স্ত্রী আমেনার সাহায্যে তারা বিয়ে করে এবং গ্রাম ছেড়ে শহরে পালিয়ে যায়। ইতোমধ্যে যাদু অসুস্থ হয়ে পরলে তাকে হাসপাতালে নিয়ে গেলে তার ক্যান্সার ধরা পরে। অন্যদিকে পাখির চাচার কুবুদ্ধিতে পাখি যাদুকে হাসপাতালে একা রেখে বাড়ি চলে যায় এবং গৃহবন্দী হয়।,9,https://bn.wikipedia.org/wiki/%E0%A6%AF%E0%A6%BE%E0%A6%A6%E0%A7%81%E0%A6%B0_%E0%A6%AC%E0%A6%BE%E0%A6%81%E0%A6%B6%E0%A6%BF,wikipedia_bn,2026-07-31,,8907266,2026-04-24T09:17:58Z,CC BY-SA 4.0
BN108,bn,রক্তনদীর ধারা,,"পুলিশ অফিসার রুপেন রায় আন্দামানের কুখ্যাত অপরাধী জগা গুন্ডাকে গ্রেপ্তার করে। জগা গুন্ডা জেল থেকে পালিয়ে রুপেন রায়ের পরিবার ও রুপেনকে খুন করে। কিন্তু রুপেন মারা যায়নি। তার ছেলে একটি খৃষ্টান অনাথ আশ্রমে মানুষ হয়। জগা খুন করে মামলার রায়দানকারি জজ ও সাক্ষীকেও। তারপর সে আন্দামান থেকে কলকাতায় এসে প্লাস্টিক সার্জারি করে চেহারা ও নাম পালটে আবার আন্দামান ফিরে যায় এবং সন্ত্রাসবাদী দল তৈরী করে। নিহত জজ, সাক্ষী আর রুপেনের ছেলেরা বড় হয়ে প্রতিশোধ নেয় এই ঘটনার ও হত্যা করে জগা গুন্ডাকে।",7,https://bn.wikipedia.org/wiki/%E0%A6%B0%E0%A6%95%E0%A7%8D%E0%A6%A4%E0%A6%A8%E0%A6%A6%E0%A7%80%E0%A6%B0_%E0%A6%A7%E0%A6%BE%E0%A6%B0%E0%A6%BE,wikipedia_bn,2026-07-31,,8902877,2026-04-23T23:29:01Z,CC BY-SA 4.0
BN109,bn,রাক্ষুসী (চলচ্চিত্র),,"বিন্দি হলেন একনিষ্ঠ স্ত্রী, যার স্বামী ভোলা তাকে নিয়ে সর্বদা  গর্ববোধ করেন। একদা ভোলা তার ছোট শালীকা কুন্তির প্রেমে পড়ে যায় আর তার সাথে নেতিবাচক আচরণ করে, যার ফলে বিন্দি খুবই কষ্ট পায় এবং প্রতিহিংসাপূর্বক নিজেই নিজের স্বামীকে হত্যা করে কারাগারে যায়।  এলাকায় রাতারাতি এ খবর ছড়িয়ে যায়, আর এলাকার লোকজন সকলে বিন্দিকে খারাপ নারী হিসেবে মনে করে। কিন্তু কেউ তার যন্ত্রণা বুঝতে পারে না, আর সে যখন কারাসাজা শেষ করে বাড়ি ফিরে আসে তখন এলাকা বাসী তাকে ""রাক্ষুশী"" (দানবী) বলে হেয় করা শুরু করে।",4,https://bn.wikipedia.org/wiki/%E0%A6%B0%E0%A6%BE%E0%A6%95%E0%A7%8D%E0%A6%B7%E0%A7%81%E0%A6%B8%E0%A7%80_(%E0%A6%9A%E0%A6%B2%E0%A6%9A%E0%A7%8D%E0%A6%9A%E0%A6%BF%E0%A6%A4%E0%A7%8D%E0%A6%B0),wikipedia_bn,2026-07-31,,7861650,2025-01-03T15:43:45Z,CC BY-SA 4.0
BN110,bn,রিভলবার রহস্য,,"সুব্রত শর্মা, ড্যানি ডিটেকটিভ আইএনসি নামক একটি গোয়েন্দা সংস্থার অল্প সময়ের অপারেটর, একজন বড় সময়ের নির্মাতা, রাজা বন্দ্যোপাধ্যায়, তার স্ত্রী তমালীকে খুঁজে বের করার জন্য, যিনি জাভেদ খান নামে তার প্রেমিকের সাথে দার্জিলিংয়ে পালিয়ে গেছেন। সুব্রত তাকে এবং তার প্রেমিককে দার্জিলিং এর রিভলভার নামক একটি হোটেলে খুঁজে বের করতে পারে। ভাড়াটে গুন্ডাদের দ্বারা কুপিয়ে, তার নাক কেটে ফেলার পর, বাজেভাবে মারধর করা হয়, সুব্রত জানতে পারে যে তমালী এবং জাভেদ খান একটি অপহরণ করার এবং ক্লায়েন্ট রাজার কাছ থেকে মুক্তিপণ আদায় করার চেষ্টা করছে। যাইহোক, তমালী চুক্তি থেকে বেরিয়ে আসতে চায় এবং জাভেদের কাছ থেকে পালাতে সুব্রতর সাহায্য চায়। এই প্রক্রিয়ায় তমালী নিহত হয় এবং সুব্রত একটি অপহরণের সাক্ষী হয়। ক্লায়েন্ট দার্জিলিং এ আসে। সুব্রত স্থানীয় পুলিশদের কাছে প্রমাণ দেয় এবং তমালীর মৃতদেহ দাহ করা হয়। পটভূমিী অসংখ্য বাঁক এবং মোড়ের মধ্য দিয়ে সুব্রত জানতে পেরেছেন যে ঘটনাগুলির পুরো ধারাবাহিকগুলো যা মনে হয় তা নয়। যে তমালী মারা যায়নি এবং পুরো ব্যাপারটা কারচুপি করা হয়েছিল। সুব্রত অপরাধের সমাধান করতে এবং অবশেষে হত্যাকারীকে ধরতে সক্ষম হয়। সর্বোপরি, সুব্রতকে তার বস ড্যানি বন্দ্যোপাধ্যায়ের বয়স্ক ভূত দ্বারা সাহায্য করা হয় এবং সাহায্য করে, যাকে অনেক আগেই গুলি করে হত্যা করা হয়েছিল।",11,https://bn.wikipedia.org/wiki/%E0%A6%B0%E0%A6%BF%E0%A6%AD%E0%A6%B2%E0%A6%AC%E0%A6%BE%E0%A6%B0_%E0%A6%B0%E0%A6%B9%E0%A6%B8%E0%A7%8D%E0%A6%AF,wikipedia_bn,2026-07-31,,8920004,2026-05-02T15:06:36Z,CC BY-SA 4.0
BN111,bn,লগান,,"ব্রিটিশ ভারতের চম্পারণ এই চলচ্চিত্রের পটভূমি। এক ব্রিটিশ সামরিক ক্যাপ্টেনের ঔদ্ধত্য কীভাবে ক্রিকেট মাঠে খর্ব হয় তা এই ছবিতে দেখান হয়েছে। ব্রিটিশ ভারতের চম্পারণ গ্রামের মানুষ বৃষ্টি হয়নি বলে এক বছর খাজনা দিতে পারেনি। তারা সেনা ক্যাপ্টেন রাসেল নামক এক অহংকারী ব্যক্তিকে এক বছর খাজনা মাফ করার অনুরোধ জানালে সে তাদেরকে ক্রিকেট খেলতে বলে। এও বলে, জিতলে খাজনা মাফ, হারলে তিনগুন খাজনা দিতে হবে। এই খেলায় সম্পূর্ণ অনভিজ্ঞ গ্রামবাসী প্রথমে খেলতে ভয় পেলেও ভুবন রাজি হয়। এ কারণে সবাই অসন্তুষ্ট হলেও পরে সবাই ভুবনের কথা মেনে নেয়। মাঠে কাচরার হ্যাট্রিক, ভুবনের একশ রান ও ইসমাইলের পঞ্চাশ রানে গ্রামের দল জিতে যায়।",8,https://bn.wikipedia.org/wiki/%E0%A6%B2%E0%A6%97%E0%A6%BE%E0%A6%A8,wikipedia_bn,2026-07-31,,9013320,2026-06-20T10:49:24Z,CC BY-SA 4.0
BN112,bn,লাল পাহাড়ের কথা,,"মনোহর (মিঠুন চক্রবর্তী) একজন গুণী এবং সমাদৃত ছাও নৃত্যশিল্পী। মনোহরের নাচ অভিনয়গুণে মুগ্ধ হয় মালতি (মৌমিতা গুপ্ত)। মনোহরের প্রেমে পড়ে মালতি। মনোহর নাচ করতে সফরে চলে যায়। এসময় শিবের (শংকর চক্রবর্তী) সাথে জোর করে মালতিকে বিয়ে দেয়া হয়। শিব আর মলতির ঘর আলো করে জন্ম নেয় তাদের ছেলে ফেলাই (আলি কাইয়ুম)। ফেলাই জন্ম হতে শারীরিক প্রতিবন্ধী। ফেলাইয়ের প্রতিবন্ধকতা শিব সহ্য করে না। একজন প্রতিবন্ধীর বাবা হওয়ায় হীনমন্যতায় ভোগে শিব। নিজের ,মানুষিক দৈন্য ঘোচাতে ফেলাইকে খুন করতে চায় শিব। মনোহর ফেলাইকে শিবের হাত থেকে বাঁচায়। ফেলাই বড় হতে থাকে মনোহরের সাথে।",12,https://bn.wikipedia.org/wiki/%E0%A6%B2%E0%A6%BE%E0%A6%B2_%E0%A6%AA%E0%A6%BE%E0%A6%B9%E0%A6%BE%E0%A6%A1%E0%A6%BC%E0%A7%87%E0%A6%B0_%E0%A6%95%E0%A6%A5%E0%A6%BE,wikipedia_bn,2026-07-31,,8905145,2026-04-24T04:08:29Z,CC BY-SA 4.0
BN113,bn,শঙ্খবেলা,,"তৃপ্তির অসুস্থ ছেলেকে হাসপাতালে ভর্তি করা হয়েছে। পেশায় একজন শিক্ষিকা, তিনি প্রতিদিন স্কুল শেষে তার ছেলেকে দেখতে যান। একদিন তার পথে, সে তার বিচ্ছিন্ন স্বামী সুনীল গাঙ্গুলীর সাথে দেখা করে।",3,https://bn.wikipedia.org/wiki/%E0%A6%B6%E0%A6%99%E0%A7%8D%E0%A6%96%E0%A6%AC%E0%A7%87%E0%A6%B2%E0%A6%BE,wikipedia_bn,2026-07-31,,9054420,2026-07-15T02:41:13Z,CC BY-SA 4.0
BN114,bn,শিরি ফরহাদ (২০১৩-এর চলচ্চিত্র),,"ছবিটি দুই তারকা-ক্রস প্রেমিক: শিরিন এবং ফরহাদকে নিয়ে। শিরিন হলেন একজন রাজকন্যা যিনি শৈশবে একটি দোকানে দেখেছিলেন এমন একটি সুন্দর হরিণের প্রতি তার ভালো লাগা তৈরি হয়েছিল। যখন সে হরিণটিকে তার প্রাসাদে নিয়ে যায়, তখন সে তার মালিক ফরহাদকে প্রতিশ্রুতি দেয়, একজন ভাস্করের দরিদ্র শিশুটি তার প্রাসাদে প্রতিদিন আসবে এবং তার সাথে হরিণ খেলবে। ফরহাদ তা করতে থাকে এবং সামাজিক পার্থক্য সত্ত্বেও শিরিন ও ফরহাদ খুব ঘনিষ্ঠ বন্ধু হয়ে ওঠে; এবং অবশেষে প্রেমে পড়া। তবে অনিচ্ছুক শিরিনের বিয়ে ঠিক হয় শাহেনশাহ হুসরোর সঙ্গে। এটি প্রথমে ফরহাদকে ক্ষুব্ধ করে এবং তারপর তাকে পথভ্রষ্ট করে তোলে। ছবির বাকি অংশে ফরহাদ কীভাবে শিরিনের শ্বশুরবাড়িতে পৌঁছায় এবং কীভাবে তার স্বামী হুসরো তাকে প্রতিশ্রুতি দেয় যে তিনি শিরিনের স্নান করার জন্য একটি পাথুরে পাহাড় থেকে দুধের একটি হ্রদ তৈরি করতে সক্ষম হলে তাকে ""কিছু"" দেবেন। সফল হয়, তার শত্রুরা তাকে জানায় যে শিরিন মারা গেছে, এবং ফলস্বরূপ ফরহাদও দুধের লেকে একটি পাহাড় থেকে লাফ দিয়ে আত্মহত্যা করে। যাইহোক, শিরিন বেঁচে আছে এবং ফরহাদ আর নেই জেনে সে একই হ্রদে ঝাঁপ দেয়। দুই প্রেমিকের শান্তিতে স্বর্গের সিঁড়ি বেয়ে একে অপরের হাত ধরে এবং অবশেষে পুনরায় মিলিত হওয়ার মধ্য দিয়ে চলচ্চিত্রটি শেষ হয়।",10,https://bn.wikipedia.org/wiki/%E0%A6%B6%E0%A6%BF%E0%A6%B0%E0%A6%BF_%E0%A6%AB%E0%A6%B0%E0%A6%B9%E0%A6%BE%E0%A6%A6_(%E0%A7%A8%E0%A7%A6%E0%A7%A7%E0%A7%A9-%E0%A6%8F%E0%A6%B0_%E0%A6%9A%E0%A6%B2%E0%A6%9A%E0%A7%8D%E0%A6%9A%E0%A6%BF%E0%A6%A4%E0%A7%8D%E0%A6%B0),wikipedia_bn,2026-07-31,,8036543,2025-03-12T07:35:21Z,CC BY-SA 4.0
BN115,bn,শেষ জীবন,,"এই সিনেমার গল্পটি বিক্রম রাঠোড এবং তার নাতনী কাব্যকে নিয়ে, বিক্রম রাঠোড একজন অধ্যাপক, একটি বই থেকে তার গল্প বলেছেন, তার নাতনী কাব্য ক্যান্সারের রোগী এবং সে তার সাথে দার্জিলিং যায়, যেখানে কাব্য নামে একজনের সাথে থাকে কুলদীপ। মনে হচ্ছে কুলদীপ তাকে ভালোই সাজিয়েছে। শেষ পর্যন্ত কাব্য মারা যায়।",3,https://bn.wikipedia.org/wiki/%E0%A6%B6%E0%A7%87%E0%A6%B7_%E0%A6%9C%E0%A7%80%E0%A6%AC%E0%A6%A8,wikipedia_bn,2026-07-31,,8890484,2026-04-13T11:36:35Z,CC BY-SA 4.0
BN116,bn,সাড়ে চুয়াত্তর,,"রজনীবাবু (তুলসী চক্রবর্তী) কলকাতায় অন্নপূর্ণা বোর্ডিং হাউস নামে একটি মেস চালান। মেসটি বেশ শান্তিপূর্ণ এবং মেসের বাসিন্দাদের মধ্যেও বেশ ভাব রয়েছে। শুধু শিববাবু (হরিধন মুখোপাধ্যায়) অন্যদের প্রতি কিছুটা বিরূপ। একদিন রজনীবাবুর এক আত্মীয় (গুরুদাস বন্দ্যোপাধ্যায়) তার ভাড়াবাড়ি থেকে উৎখাত হয়ে তার স্ত্রী (পদ্মা দেবী) ও কন্যা রমলাকে (সুচিত্রা সেন) নিয়ে বোর্ডিং-এ এসে উপস্থিত হন। তারা শিববাবুর কাছে আশ্রয় চান। রজনীবাবু মেসের বাসিন্দাদের মতামত জানতে চান। শিববাবু ছাড়া সকলেই মত দেন। সেই বোর্ডিং-এর বাসিন্দা রামপ্রীতি (উত্তম কুমার) ছিল এক ধনী পরিবারের সন্তান। সে বাড়ি গিয়েছিল। ফেরার দিন সে চাকর মদনকে(নবদ্বীপ হালদার) খাবারের ব্যবস্থা করে রাখার কথা বলার জন্য বোর্ডিং-এ ফোন করে।  কিন্তু কেউ ফোন ধরছে না দেখে রমলা ফোন তোলে। রামপ্রীতি বিশ্বাস করতে পারেনি যে, বোর্ডিং-এ কোনও মেয়ে আছে।",12,https://bn.wikipedia.org/wiki/%E0%A6%B8%E0%A6%BE%E0%A6%A1%E0%A6%BC%E0%A7%87_%E0%A6%9A%E0%A7%81%E0%A6%AF%E0%A6%BC%E0%A6%BE%E0%A6%A4%E0%A7%8D%E0%A6%A4%E0%A6%B0,wikipedia_bn,2026-07-31,,9071374,2026-07-26T10:21:17Z,CC BY-SA 4.0
BN117,bn,সাধুবাবার লাঠি,,"গ্রামের সরল ছেলে নবীনের কাছে একটি লাঠি দিয়ে যান তার কাকা। সেটির মধ্যে অলৌকিক কিছু ক্ষমতা আছে, কারণ লাঠিটি কোনো এক সাধুবাবার। গ্রামের চোর নিমাই জানতে পারে নবীন টাকা নিয়ে নির্জন মাঠের মধ্যে দিয়ে রাত্রে ফিরবে। নিমাই ডাকাতদলকে এই কথা জানালে তারা দলবলসহ চড়াও হয় নবীনের ওপর। নবীন কে উদ্ধার করতে এসে তার দুই বন্ধু জগাই আর মাধাই দেখে নবীন একাকী যুদ্ধ করে হঠিয়ে দেয় ডাকাতদলকে। আসলে সাধুবাবার অলৌকিক ক্ষমতাসম্পন্ন লাঠিটাই নবীনকে দিয়ে এই কাজ করিয়েছে। এই খবর চারিদিকে চাউর হয়ে যায়। সকলেই চায় লাঠিটা হস্তগত করতে। নিমাই চোর শেষ পর্যন্ত লাঠিটি চুরি করে নিলেও তার ব্যবহার করতে পারেনা কারণ সেটা খারাপ উদ্দেশ্যে ব্যবহার করা যায়না। সাধুবাবার লাঠি নিয়ে বিভিন্ন দল নিজেদের মধ্যে ঝগড়া ও মারামারিতে জড়িয়ে নিজেরাই ঘায়েল হয়। নবীন আবার লাঠিটি ফিরে পায় এবং তা পুঁতে দেয় সাধুবাবার কবরের ওপর।",11,https://bn.wikipedia.org/wiki/%E0%A6%B8%E0%A6%BE%E0%A6%A7%E0%A7%81%E0%A6%AC%E0%A6%BE%E0%A6%AC%E0%A6%BE%E0%A6%B0_%E0%A6%B2%E0%A6%BE%E0%A6%A0%E0%A6%BF,wikipedia_bn,2026-07-31,,8903197,2026-04-23T23:44:20Z,CC BY-SA 4.0
BN118,bn,সাহেব নামে গোলাম,,"বাড়ির গোলাম জানে না তার পরিচয় কী? শত অন্যায়-অত্যাচার সে সহ্য করে শুধু মেম সাহেবের জন্য। মেম সাহেব তাকে যতটা ভালোবাসে, কিন্তু অন্যদের কাছ থেকে সে ততটাই ঘৃণা উপহার পায়। কিন্তু যখন জানতে পারে, গোলাম পরিচয়ে থাকলেও সে-ই হচ্ছে এই বাড়ির মালিক। কিন্তু মেম সাহেবের মুখের দিকে তাকিয়ে সবকিছুই সে গ্রহণ করতে অস্বীকার করে।",5,https://bn.wikipedia.org/wiki/%E0%A6%B8%E0%A6%BE%E0%A6%B9%E0%A7%87%E0%A6%AC_%E0%A6%A8%E0%A6%BE%E0%A6%AE%E0%A7%87_%E0%A6%97%E0%A7%8B%E0%A6%B2%E0%A6%BE%E0%A6%AE,wikipedia_bn,2026-07-31,,8907961,2026-04-24T11:03:52Z,CC BY-SA 4.0
BN119,bn,সিস্টার,,"কলেজে পড়ার সময় কল্যাণী তার পরিচয় জানতে পারে - সে একজন অবৈধ সন্তান। কল্যাণী আত্মহত্যা করার চেষ্টা করে, কিন্তু তার বাবা জোসেফ তার জীবন রক্ষা করে এবং তাকে সিমলায় নিয়ে আসে। তার বাবা এখানে একটি এতিমখানা করেছেন। তিনি এই অনাথ আশ্রমের সমস্ত দায়িত্ব কল্যাণীকে দেন। শীঘ্রই তার বাবা মারা যায় এবং সে জায়গাটির দায়িত্বে থাকে। এলাকার দরিদ্র শ্রমিকরা তাকে ভালোবাসে। তার বাচ্চারা এতিমখানার বাচ্চা। একদিন বিদেশী বাহিনী এতিমখানায় হাত নামা পর্যন্ত সবকিছু ঠিকঠাক চলল। আক্রমণকারী সেনাবাহিনী এই ছোট শিশুদের উপর অত্যাচার চালায়। কল্যাণী তাদের সাহসী হতে শেখায়। একটি ছোট ছেলে দৌড়ে বেরিয়ে এসে ভারতীয় সেনাবাহিনীকে এই হামলার কথা জানায়। সেনাবাহিনী এসে শত্রুকে হত্যা করে।",12,https://bn.wikipedia.org/wiki/%E0%A6%B8%E0%A6%BF%E0%A6%B8%E0%A7%8D%E0%A6%9F%E0%A6%BE%E0%A6%B0,wikipedia_bn,2026-07-31,,9059134,2026-07-17T21:56:29Z,CC BY-SA 4.0
BN120,bn,সূচনা,,"সুমি (মেঘা মুখোপাধ্যায়) একটি বিষণ্ণ অভিব্যক্তি সহ একটি মিষ্টি মুখ। ব্যক্তিগত জীবনে কিছু হাতাহাতির কারণে, তার পরিবার তাকে আবার ভালো সময় কাটানোর প্রয়াসে সিকিমের মনোরম উপত্যকায় নিয়ে যেতে পছন্দ করে। যদিও সুমি ছুটিতে তার মেজাজ পরিবর্তন করতে আগ্রহী নয়, বিনু (রূপ দেব), স্থানীয় ক্যাব চালক, একজন ভদ্র, প্রশংসনীয় হিসাবে এগিয়ে আসে।",3,https://bn.wikipedia.org/wiki/%E0%A6%B8%E0%A7%82%E0%A6%9A%E0%A6%A8%E0%A6%BE,wikipedia_bn,2026-07-31,,8890305,2026-04-13T11:00:01Z,CC BY-SA 4.0
BN121,bn,স্বার্থপর (২০২৫-এর চলচ্চিত্র),,"ছবির কাহিনি আবর্তিত হয়েছে বাবা-মায়ের মৃত্যুর পর গঙ্গানগরের পারিবারিক পৈতৃক বাড়ির উত্তরাধিকারকে কেন্দ্র করে দুই ভাইবোন—অপর্ণা ও সৌরভের মধ্যে সৃষ্টি হওয়া আবেগঘন দ্বন্দ্বকে ঘিরে। সৌরভ একটি নো অবজেকশন সার্টিফিকেট প্রস্তুত করে, যেখানে উল্লেখ ছিল যে সে বাড়ির একটি অংশকে বাণিজ্যিক কাজে—যেমন একটি বেড অ্যান্ড ব্রেকফাস্ট—রূপান্তর করতে চায়। অপর্ণা অজান্তেই সেই নথিতে স্বাক্ষর করে ফেলে। নিজের গৃহস্থালি পরিচয়ের গণ্ডি পেরিয়ে স্বতন্ত্র সত্তা প্রতিষ্ঠা এবং পৈতৃক সম্পত্তিতে নিজের আইনগত অধিকার নিশ্চিত করতে সে তার বড় ভাইয়ের বিরুদ্ধে আদালতে মামলা দায়ের করে। এর পর থেকেই শুরু হয় এক তীব্র আদালত-কেন্দ্রিক আইনি লড়াই, যা পুরো পরিবারকে পৈতৃক সম্পত্তির উত্তরাধিকার সম্পর্কে তাদের প্রচলিত বিশ্বাস ও মতাদর্শের মুখোমুখি দাঁড় করায়। এই বিচারের মধ্য দিয়েই সকলেই উপলব্ধি করে যে উত্তরাধিকার কেবল সম্পত্তির নয়, এটি এক যৌথ ঐতিহ্য—যা প্রাচীন লিঙ্গভিত্তিক ভূমিকার ঊর্ধ্বে।",6,https://bn.wikipedia.org/wiki/%E0%A6%B8%E0%A7%8D%E0%A6%AC%E0%A6%BE%E0%A6%B0%E0%A7%8D%E0%A6%A5%E0%A6%AA%E0%A6%B0_(%E0%A7%A8%E0%A7%A6%E0%A7%A8%E0%A7%AB-%E0%A6%8F%E0%A6%B0_%E0%A6%9A%E0%A6%B2%E0%A6%9A%E0%A7%8D%E0%A6%9A%E0%A6%BF%E0%A6%A4%E0%A7%8D%E0%A6%B0),wikipedia_bn,2026-07-31,,8978770,2026-06-01T12:53:50Z,CC BY-SA 4.0
BN122,bn,হাউসফুল (২০০৯-এর চলচ্চিত্র),,নিখিল (প্রসেনজিৎ চট্টোপাধ্যায়) তার ব্যর্থতা নিয়ে সংকটের মধ্যে রয়েছে। তার ব্যক্তিগত পরিস্থিতি ঝুঁকির মধ্যে রয়েছে এবং সে তার দায়দায়িত্ব নিয়েও বেশ উদাসীন হয়ে পড়েছে। এমন সময়; তার সহকারী তার কর্মজীবনকে পুনরুজ্জীবিত করার জন্য তামিল চলচ্চিত্রের মতো একটি বাণিজ্যিক চলচ্চিত্র তৈরি করার পরামর্শ দেয়। কিন্তু তিনি সহকারীর পরামর্শ না মেনে বরং নিজের তৈরি মৌলিক  কাহিনী নিয়ে নিজে চলচ্চিত্রটি প্রযোজনা করার সিদ্ধান্ত নেয়। সে তার বাবাকে রাজি করায় তাদের বাড়িটি বন্ধক রাখার জন্য। একদিন তাকে সুভাষ নামে একজন ফোন করে এবং চলচ্চিত্র নির্মাণের সমস্ত টাকা সে দিতে চায়; কিন্তু এর পরিবর্তে বোয়টিতে অভিনেত্রী নিতে হবে সুভাষের পছন্দ করা একজনকে। নিখিল রাজি হয়ে যায় এবং সুভাষের পছন্দমত নন্দিতা (রিমঝিম গুপ্ত) নামে একটি মেয়ের সাথে বোয়ের শুটিং শুরু করে। শহরে ধারাবাহিকভাবে বোমা বিস্ফারণ ঘটে এবং সুভাষকে এই ঘটনার মূল অভিযুক্ত করা হয়। যে নিন্দিতার বয়ফ্রেন্ডও বটে। এই বোয়টিও তার অন্যান্য বোয়ের মতোই ফ্লপ করে। অবশেষে নিখিল বাণিজ্যিক  বোয় তৈরিতে রাজি হয়।,11,https://bn.wikipedia.org/wiki/%E0%A6%B9%E0%A6%BE%E0%A6%89%E0%A6%B8%E0%A6%AB%E0%A7%81%E0%A6%B2_(%E0%A7%A8%E0%A7%A6%E0%A7%A6%E0%A7%AF-%E0%A6%8F%E0%A6%B0_%E0%A6%9A%E0%A6%B2%E0%A6%9A%E0%A7%8D%E0%A6%9A%E0%A6%BF%E0%A6%A4%E0%A7%8D%E0%A6%B0),wikipedia_bn,2026-07-31,,8906858,2026-04-24T08:10:53Z,CC BY-SA 4.0
BN123,bn,হিরো: দ্যা সুপার স্টার,,"হীরা (শাকিব খান) পেশায় একজন সফটওয়্যার ইঞ্জিনিয়ার এবং অত্যন্ত আন্তরিক। তাকে প্রিয়া (অপু বিশ্বাস) আঘাত করে এবং সে তার প্রেমে পড়ে যায়। সালমা খান (নূতন) প্রিয়ার বোন, যিনি স্থানীয় একজন গুন্ডা। হীরা সম্পর্কে সে জানতে পারে এবং তাকে সে হত্যা করতে উদ্বুদ্ধ হয়। সালমা খান তার লোকদের নিয়ে হীরার পথ অনুসরণ করে এবং এমন একটি জায়গায় গিয়ে পৌঁছেছিল যেখানে তারা তাকে হত্যা করার পরিকল্পনা করেছিল, কিন্তু তাদের হত্যার পরিকল্পনা শেষ পর্যন্ত ভেস্তে যায়। হিরা একজন জ্যেষ্ঠ পুলিশ কর্মকর্তাকে হত্যা করে যার প্রত্যক্ষ সাক্ষী হন সালমা খান, এবং অত্যন্ত ভীতসন্ত্রস্ত হয়ে ঘরে ফিরে আসেন। হত্যার বিষয়টি দেখে সালমা খান হতবাক হয়ে যান, এবং হীরা সম্পর্কে খোঁজ খবর নেয়ার জন্য তিনি তার দলের লোকজনদের প্রেরণ করেন। এদিকে, একজন সিআইডি কর্মকর্তা (শিবা শানু) সালমা খানের বাসভবনে প্রবেশ করে তাকে হেফাজতে নিয়ে যায়, যেখানে তাকে জানানো হয় যে, হীরা বেশ কয়েকজন গুন্ডা হত্যার জন্য অভিযুক্ত, যা সবাইকে অবাক করে দিয়েছিল। হিরা কে এবং কী কারণে তাকে হত্যা করতে প্ররোচিত করা হয়েছিল? এটি গল্পের বাকি অংশে দেখা যাবে।",10,https://bn.wikipedia.org/wiki/%E0%A6%B9%E0%A6%BF%E0%A6%B0%E0%A7%8B:_%E0%A6%A6%E0%A7%8D%E0%A6%AF%E0%A6%BE_%E0%A6%B8%E0%A7%81%E0%A6%AA%E0%A6%BE%E0%A6%B0_%E0%A6%B8%E0%A7%8D%E0%A6%9F%E0%A6%BE%E0%A6%B0,wikipedia_bn,2026-07-31,,8912705,2026-04-27T15:22:38Z,CC BY-SA 4.0
BN124,bn,হিরোগিরি,,"শুভ (দেব) কলকাতায় আইসিআইসিআইয়ের একটি সংগ্রহ এজেন্ট হিসাবে কাজ করে এবং তার বন্ধু এবং তার পিতা দিবাকর বর্মণ (মিঠুন চক্রবর্তী) সহ শুভ বিয়েতে মেয়েকে বিয়ে করতে চায় এমন একটি সুখী জীবন পায়। একবার শুভ একটি হাসপাতালে রাশেস যেখানে তার বন্ধু ভর্তি হিসাবে তিনি নখরঁজনী নল পানীয় দ্বারা আত্মহত্যার চেষ্টা এবং এটির কারণ জিজ্ঞাসা। তারপর তিনি মারিয়া (কোয়েল মল্লিক) এবং তার চাচা (খরাজ মুখার্জী) এর বৈশিষ্ট্য সম্পর্কে বর্ণনা করেন। দুজন তাদের বন্ধুসহ শুভ দুর্বৃত্তদের প্রতারণার একটি অভ্যাস আছে এবং শুভ তাদের একটি পাঠ শেখার জন্য সিদ্ধান্ত নেয়। শুভ একটি ভাঁজ ছেলেমেয়ে হিসাবে তাদের জীবন প্রবেশ করে এবং তাদের নির্যাতন শুরু। মারিয়া এর চাচা এর পরিকল্পনা এবং প্রচেষ্টা সবসময় তার আগে অর্থহীন যান। তাদের চটকদার পরিকল্পনা একটি অংশ হিসাবে, মারিয়া এর চাচা শুভ তার সাথে বিয়ে করতে জিজ্ঞাসা মারিয়া উপদেশ। ভাগ্য এটি হবে, শুভ এছাড়াও মারিয়া একটি বিবাহ প্রস্তাব সঙ্গে আসে। তারপর জোড়া সংযোগ দিবাকর এবং তাকে বলুন যে শুভ মারিয়ার সাথে ভালোবাসায় এবং তিনি তাকে প্রস্তাব করেন। তারা অনুমান করে যে এই তাকে হিংসা করবে কিন্তু ফলাফল নেতিবাচক হবে কারণ দীবারক প্রস্তাবটি হৃদয় দিয়ে গ্রহণ করেন। যাইহোক, মারিয়া ইতোমধ্যে অতীতে অতীতে তার পিতার দ্বারা রোহিত (সুরজিৎ সেন) এর সাথে জড়িত ছিলেন। কিছু দিন পরে শুভ কিছু গুন্ডাদের কাছ থেকে মারিয়া উদ্ধার করে এবং ভবিষ্যতে জনগণের অনুভূতি নিয়ে খেলা না করার জন্য তাকে পরামর্শ দেয়।",12,https://bn.wikipedia.org/wiki/%E0%A6%B9%E0%A6%BF%E0%A6%B0%E0%A7%8B%E0%A6%97%E0%A6%BF%E0%A6%B0%E0%A6%BF,wikipedia_bn,2026-07-31,,8907555,2026-04-24T09:56:58Z,CC BY-SA 4.0
