review_id,cluster,Sentiment,region,threshold
bn_0000,0,1,A_organic,0.95
bn_0001,0,1,A_organic,0.95
bn_0002,0,1,A_organic,0.95
bn_0003,0,1,A_organic,0.95
bn_0004,0,1,A_organic,0.95
bn_0005,0,1,A_organic,0.95
bn_0006,0,1,A_organic,0.95
bn_0007,0,1,A_organic,0.95
bn_0008,0,1,A_organic,0.95
bn_0009,0,1,A_organic,0.95
bn_0010,0,1,A_organic,0.95
bn_0011,0,1,A_organic,0.95
bn_0012,0,1,A_organic,0.95
bn_0013,0,1,A_organic,0.95
bn_0014,0,1,A_organic,0.95
bn_0015,0,1,A_organic,0.95
bn_0016,0,1,A_organic,0.95
bn_0017,0,1,A_organic,0.95
bn_0018,0,1,A_organic,0.95
bn_0019,0,1,A_organic,0.95
bn_0020,0,1,A_organic,0.95
bn_0021,0,1,A_organic,0.95
bn_0022,0,1,A_organic,0.95
bn_0023,0,1,A_organic,0.95
bn_0024,0,1,A_organic,0.95
bn_0025,0,1,A_organic,0.95
bn_0026,0,1,A_organic,0.95
bn_0027,0,1,A_organic,0.95
bn_0028,0,1,A_organic,0.95
bn_0029,0,1,A_organic,0.95
bn_0030,0,1,A_organic,0.95
bn_0031,0,1,A_organic,0.95
bn_0032,0,1,A_organic,0.95
bn_0033,0,1,A_organic,0.95
bn_0034,2,1,A_organic,0.95
bn_0035,0,1,A_organic,0.95
bn_0036,0,1,A_organic,0.95
bn_0037,0,1,A_organic,0.95
bn_0038,0,1,A_organic,0.95
bn_0039,0,1,A_organic,0.95
bn_0040,0,1,A_organic,0.95
bn_0041,0,1,A_organic,0.95
bn_0042,0,1,A_organic,0.95
bn_0043,0,1,A_organic,0.95
bn_0044,0,1,A_organic,0.95
bn_0045,0,1,A_organic,0.95
bn_0046,0,1,A_organic,0.95
bn_0047,0,1,A_organic,0.95
bn_0048,0,1,A_organic,0.95
bn_0049,0,1,A_organic,0.95
bn_0050,0,1,A_organic,0.95
bn_0051,0,1,A_organic,0.95
bn_0052,0,1,A_organic,0.95
bn_0053,0,1,A_organic,0.95
bn_0054,0,1,A_organic,0.95
bn_0055,1,1,A_organic,0.95
bn_0056,0,1,A_organic,0.95
bn_0058,0,1,A_organic,0.95
bn_0059,0,1,A_organic,0.95
bn_0060,0,1,A_organic,0.95
bn_0061,0,1,A_organic,0.95
bn_0062,0,1,A_organic,0.95
bn_0063,0,1,A_organic,0.95
bn_0064,0,1,A_organic,0.95
bn_0065,0,1,A_organic,0.95
bn_0066,0,1,A_organic,0.95
bn_0067,0,1,A_organic,0.95
bn_0068,0,1,A_organic,0.95
bn_0069,0,1,A_organic,0.95
bn_0070,0,1,A_organic,0.95
bn_0071,0,1,A_organic,0.95
bn_0072,0,1,A_organic,0.95
bn_0073,0,1,A_organic,0.95
bn_0074,0,1,A_organic,0.95
bn_0075,0,1,A_organic,0.95
bn_0076,0,1,A_organic,0.95
bn_0077,0,1,A_organic,0.95
bn_0078,0,1,A_organic,0.95
bn_0079,0,1,A_organic,0.95
bn_0080,0,1,A_organic,0.95
bn_0081,0,1,A_organic,0.95
bn_0082,0,1,A_organic,0.95
bn_0083,0,1,A_organic,0.95
bn_0084,0,1,A_organic,0.95
bn_0085,0,1,A_organic,0.95
bn_0086,0,1,A_organic,0.95
bn_0087,0,1,A_organic,0.95
bn_0088,0,1,A_organic,0.95
bn_0089,0,1,A_organic,0.95
bn_0090,0,1,A_organic,0.95
bn_0091,0,1,A_organic,0.95
bn_0092,0,1,A_organic,0.95
bn_0093,0,1,A_organic,0.95
bn_0094,0,1,A_organic,0.95
bn_0095,0,1,A_organic,0.95
bn_0096,0,1,A_organic,0.95
bn_0097,0,1,A_organic,0.95
bn_0098,0,1,A_organic,0.95
bn_0099,0,1,A_organic,0.95
bn_0100,0,1,A_organic,0.95
bn_0101,0,1,A_organic,0.95
bn_0102,0,1,A_organic,0.95
bn_0103,0,1,A_organic,0.95
bn_0104,0,1,A_organic,0.95
bn_0105,0,1,A_organic,0.95
bn_0106,0,1,A_organic,0.95
bn_0107,0,1,A_organic,0.95
bn_0108,0,1,A_organic,0.95
bn_0109,0,1,A_organic,0.95
bn_0110,0,1,A_organic,0.95
bn_0111,0,1,A_organic,0.95
bn_0112,0,1,A_organic,0.95
bn_0113,0,1,A_organic,0.95
bn_0114,0,1,A_organic,0.95
bn_0115,0,1,A_organic,0.95
bn_0116,0,1,A_organic,0.95
bn_0117,0,1,A_organic,0.95
bn_0118,0,1,A_organic,0.95
bn_0119,0,1,A_organic,0.95
bn_0120,0,1,A_organic,0.95
bn_0121,0,1,A_organic,0.95
bn_0122,0,1,A_organic,0.95
bn_0123,0,1,A_organic,0.95
bn_0124,0,1,A_organic,0.95
bn_0125,0,1,A_organic,0.95
bn_0126,0,1,A_organic,0.95
bn_0127,2,1,A_organic,0.95
bn_0128,0,1,A_organic,0.95
bn_0129,0,1,A_organic,0.95
bn_0130,0,1,A_organic,0.95
bn_0131,0,1,A_organic,0.95
bn_0132,0,1,A_organic,0.95
bn_0133,0,1,A_organic,0.95
bn_0134,0,1,A_organic,0.95
bn_0135,0,1,A_organic,0.95
bn_0136,0,1,A_organic,0.95
bn_0137,0,1,A_organic,0.95
bn_0138,0,1,A_organic,0.95
bn_0139,0,1,A_organic,0.95
bn_0140,0,1,A_organic,0.95
bn_0141,0,1,A_organic,0.95
bn_0142,0,1,A_organic,0.95
bn_0143,0,1,A_organic,0.95
bn_0144,2,1,A_organic,0.95
bn_0145,0,1,A_organic,0.95
bn_0146,0,1,A_organic,0.95
bn_0147,0,1,A_organic,0.95
bn_0148,0,1,A_organic,0.95
bn_0149,0,1,A_organic,0.95
bn_0151,0,1,A_organic,0.95
bn_0152,0,1,A_organic,0.95
bn_0153,0,1,A_organic,0.95
bn_0154,0,1,A_organic,0.95
bn_0155,0,1,A_organic,0.95
bn_0156,0,1,A_organic,0.95
bn_0157,0,1,A_organic,0.95
bn_0158,0,1,A_organic,0.95
bn_0159,0,1,A_organic,0.95
bn_0160,0,1,A_organic,0.95
bn_0161,0,1,A_organic,0.95
bn_0162,0,1,A_organic,0.95
bn_0163,0,1,A_organic,0.95
bn_0164,0,1,A_organic,0.95
bn_0165,0,1,A_organic,0.95
bn_0166,0,1,A_organic,0.95
bn_0167,0,1,A_organic,0.95
bn_0168,0,1,A_organic,0.95
bn_0169,0,1,A_organic,0.95
bn_0170,0,1,A_organic,0.95
bn_0171,0,1,A_organic,0.95
bn_0172,0,1,A_organic,0.95
bn_0173,0,1,A_organic,0.95
bn_0176,0,1,A_organic,0.95
bn_0179,0,1,A_organic,0.95
bn_0181,0,1,A_organic,0.95
bn_0183,0,1,A_organic,0.95
bn_0184,0,1,A_organic,0.95
bn_0186,0,1,A_organic,0.95
bn_0187,0,1,A_organic,0.95
bn_0188,0,1,A_organic,0.95
bn_0189,0,1,A_organic,0.95
bn_0190,0,1,A_organic,0.95
bn_0191,0,1,A_organic,0.95
bn_0192,0,1,A_organic,0.95
bn_0193,0,1,A_organic,0.95
bn_0194,0,1,A_organic,0.95
bn_0195,0,1,A_organic,0.95
bn_0196,0,1,A_organic,0.95
bn_0197,0,1,A_organic,0.95
bn_0198,0,1,A_organic,0.95
bn_0199,0,1,A_organic,0.95
bn_0200,2,1,A_organic,0.95
bn_0201,0,1,A_organic,0.95
bn_0202,0,1,A_organic,0.95
bn_0203,0,1,A_organic,0.95
bn_0204,0,1,A_organic,0.95
bn_0205,0,1,A_organic,0.95
bn_0206,0,1,A_organic,0.95
bn_0207,0,1,A_organic,0.95
bn_0208,0,1,A_organic,0.95
bn_0209,0,1,A_organic,0.95
bn_0210,0,1,A_organic,0.95
bn_0211,0,1,A_organic,0.95
bn_0212,0,1,A_organic,0.95
bn_0213,0,1,A_organic,0.95
bn_0214,0,1,A_organic,0.95
bn_0215,0,1,A_organic,0.95
bn_0217,0,1,A_organic,0.95
bn_0218,0,1,A_organic,0.95
bn_0219,0,1,A_organic,0.95
bn_0220,0,1,A_organic,0.95
bn_0221,0,1,A_organic,0.95
bn_0222,0,1,A_organic,0.95
bn_0223,0,1,A_organic,0.95
bn_0224,0,1,A_organic,0.95
bn_0225,0,1,A_organic,0.95
bn_0226,0,1,A_organic,0.95
bn_0227,0,1,A_organic,0.95
bn_0228,0,1,A_organic,0.95
bn_0229,0,1,A_organic,0.95
bn_0230,0,1,A_organic,0.95
bn_0231,0,1,A_organic,0.95
bn_0232,0,1,A_organic,0.95
bn_0233,2,1,A_organic,0.95
bn_0234,0,1,A_organic,0.95
bn_0235,0,1,A_organic,0.95
bn_0236,0,1,A_organic,0.95
bn_0237,0,1,A_organic,0.95
bn_0238,0,1,A_organic,0.95
bn_0239,0,1,A_organic,0.95
bn_0240,0,1,A_organic,0.95
bn_0241,0,1,A_organic,0.95
bn_0242,0,1,A_organic,0.95
bn_0243,0,1,A_organic,0.95
bn_0244,0,1,A_organic,0.95
bn_0245,0,1,A_organic,0.95
bn_0246,0,1,A_organic,0.95
bn_0247,0,1,A_organic,0.95
bn_0248,0,1,A_organic,0.95
bn_0249,0,1,A_organic,0.95
bn_0250,0,1,A_organic,0.95
bn_0251,0,1,A_organic,0.95
bn_0252,0,1,A_organic,0.95
bn_0253,0,1,A_organic,0.95
bn_0254,0,1,A_organic,0.95
bn_0255,0,1,A_organic,0.95
bn_0256,0,1,A_organic,0.95
bn_0257,0,1,A_organic,0.95
bn_0258,0,1,A_organic,0.95
bn_0259,0,1,A_organic,0.95
bn_0260,0,1,A_organic,0.95
bn_0261,0,1,A_organic,0.95
bn_0262,0,1,A_organic,0.95
bn_0263,0,1,A_organic,0.95
bn_0264,0,1,A_organic,0.95
bn_0265,0,1,A_organic,0.95
bn_0266,0,1,A_organic,0.95
bn_0267,0,1,A_organic,0.95
bn_0268,0,1,A_organic,0.95
bn_0269,0,1,A_organic,0.95
bn_0270,0,1,A_organic,0.95
bn_0271,0,1,A_organic,0.95
bn_0272,0,1,A_organic,0.95
bn_0273,0,1,A_organic,0.95
bn_0274,0,1,A_organic,0.95
bn_0275,0,1,A_organic,0.95
bn_0276,0,1,A_organic,0.95
bn_0277,0,1,A_organic,0.95
bn_0278,0,1,A_organic,0.95
bn_0279,0,1,A_organic,0.95
bn_0280,0,1,A_organic,0.95
bn_0281,0,1,A_organic,0.95
bn_0282,0,1,A_organic,0.95
bn_0283,0,1,A_organic,0.95
bn_0284,0,1,A_organic,0.95
bn_0285,0,1,A_organic,0.95
bn_0286,0,1,A_organic,0.95
bn_0287,0,1,A_organic,0.95
bn_0288,0,1,A_organic,0.95
bn_0289,0,1,A_organic,0.95
bn_0290,0,1,A_organic,0.95
bn_0292,0,1,A_organic,0.95
bn_0293,0,1,A_organic,0.95
bn_0295,0,1,A_organic,0.95
bn_0296,0,1,A_organic,0.95
bn_0298,0,1,A_organic,0.95
bn_0299,0,1,A_organic,0.95
bn_0300,0,1,A_organic,0.95
bn_0301,0,1,A_organic,0.95
bn_0302,0,1,A_organic,0.95
bn_0303,0,1,A_organic,0.95
bn_0304,0,1,A_organic,0.95
bn_0305,0,1,A_organic,0.95
bn_0306,0,1,A_organic,0.95
bn_0307,0,1,A_organic,0.95
bn_0308,0,1,A_organic,0.95
bn_0309,0,1,A_organic,0.95
bn_0310,0,1,A_organic,0.95
bn_0311,0,1,A_organic,0.95
bn_0312,0,1,A_organic,0.95
bn_0313,0,1,A_organic,0.95
bn_0314,0,1,A_organic,0.95
bn_0315,0,1,A_organic,0.95
bn_0316,0,1,A_organic,0.95
bn_0317,0,1,A_organic,0.95
bn_0318,0,1,A_organic,0.95
bn_0319,1,1,A_organic,0.95
bn_0320,0,1,A_organic,0.95
bn_0321,1,1,A_organic,0.95
bn_0322,0,1,A_organic,0.95
bn_0323,0,1,A_organic,0.95
bn_0324,0,1,A_organic,0.95
bn_0325,0,1,A_organic,0.95
bn_0326,0,1,A_organic,0.95
bn_0327,0,1,A_organic,0.95
bn_0328,0,1,A_organic,0.95
bn_0329,1,1,A_organic,0.95
bn_0330,0,1,A_organic,0.95
bn_0331,2,1,A_organic,0.95
bn_0332,0,1,A_organic,0.95
bn_0333,0,1,A_organic,0.95
bn_0334,0,1,A_organic,0.95
bn_0335,0,1,A_organic,0.95
bn_0336,0,1,A_organic,0.95
bn_0337,0,1,A_organic,0.95
bn_0338,0,1,A_organic,0.95
bn_0339,0,1,A_organic,0.95
bn_0340,0,1,A_organic,0.95
bn_0341,0,1,A_organic,0.95
bn_0342,0,1,A_organic,0.95
bn_0343,0,1,A_organic,0.95
bn_0344,0,1,A_organic,0.95
bn_0345,0,1,A_organic,0.95
bn_0346,0,1,A_organic,0.95
bn_0347,0,1,A_organic,0.95
bn_0348,0,1,A_organic,0.95
bn_0349,0,1,A_organic,0.95
bn_0350,0,1,A_organic,0.95
bn_0351,0,1,A_organic,0.95
bn_0352,0,1,A_organic,0.95
bn_0353,0,1,A_organic,0.95
bn_0354,0,1,A_organic,0.95
bn_0355,0,1,A_organic,0.95
bn_0356,0,1,A_organic,0.95
bn_0357,0,1,A_organic,0.95
bn_0358,0,1,A_organic,0.95
bn_0359,1,1,A_organic,0.95
bn_0360,0,1,A_organic,0.95
bn_0361,0,1,A_organic,0.95
bn_0362,0,1,A_organic,0.95
bn_0363,0,1,A_organic,0.95
bn_0364,0,1,A_organic,0.95
bn_0365,0,1,A_organic,0.95
bn_0366,0,1,A_organic,0.95
bn_0367,0,1,A_organic,0.95
bn_0368,0,1,A_organic,0.95
bn_0369,0,1,A_organic,0.95
bn_0370,0,1,A_organic,0.95
bn_0371,0,1,A_organic,0.95
bn_0372,0,1,A_organic,0.95
bn_0373,0,1,A_organic,0.95
bn_0374,0,1,A_organic,0.95
bn_0375,0,1,A_organic,0.95
bn_0376,0,1,A_organic,0.95
bn_0377,0,1,A_organic,0.95
bn_0378,0,1,A_organic,0.95
bn_0379,0,1,A_organic,0.95
bn_0380,0,1,A_organic,0.95
bn_0381,0,1,A_organic,0.95
bn_0382,0,1,A_organic,0.95
bn_0383,0,1,A_organic,0.95
bn_0384,0,1,A_organic,0.95
bn_0387,0,1,A_organic,0.95
bn_0389,2,1,A_organic,0.95
bn_0390,0,1,A_organic,0.95
bn_0391,0,1,A_organic,0.95
bn_0392,0,1,A_organic,0.95
bn_0393,0,1,A_organic,0.95
bn_0394,0,1,A_organic,0.95
bn_0395,0,1,A_organic,0.95
bn_0396,0,1,A_organic,0.95
bn_0397,0,1,A_organic,0.95
bn_0398,0,1,A_organic,0.95
bn_0399,0,1,A_organic,0.95
bn_0401,0,1,A_organic,0.95
bn_0402,0,1,A_organic,0.95
bn_0403,0,1,A_organic,0.95
bn_0404,0,1,A_organic,0.95
bn_0405,0,1,A_organic,0.95
bn_0406,0,1,A_organic,0.95
bn_0407,0,1,A_organic,0.95
bn_0408,0,1,A_organic,0.95
bn_0409,0,1,A_organic,0.95
bn_0410,0,1,A_organic,0.95
bn_0411,2,1,A_organic,0.95
bn_0412,0,1,A_organic,0.95
bn_0413,0,1,A_organic,0.95
bn_0414,0,1,A_organic,0.95
bn_0415,0,1,A_organic,0.95
bn_0416,0,1,A_organic,0.95
bn_0417,0,1,A_organic,0.95
bn_0418,0,1,A_organic,0.95
bn_0419,0,1,A_organic,0.95
bn_0420,0,1,A_organic,0.95
bn_0421,0,1,A_organic,0.95
bn_0422,0,1,A_organic,0.95
bn_0423,0,1,A_organic,0.95
bn_0424,0,1,A_organic,0.95
bn_0425,0,1,A_organic,0.95
bn_0426,0,1,A_organic,0.95
bn_0427,0,1,A_organic,0.95
bn_0428,0,1,A_organic,0.95
bn_0429,0,1,A_organic,0.95
bn_0430,0,1,A_organic,0.95
bn_0431,0,1,A_organic,0.95
bn_0432,0,1,A_organic,0.95
bn_0433,1,1,A_organic,0.95
bn_0434,0,1,A_organic,0.95
bn_0435,0,1,A_organic,0.95
bn_0436,0,1,A_organic,0.95
bn_0437,0,1,A_organic,0.95
bn_0438,0,1,A_organic,0.95
bn_0439,0,1,A_organic,0.95
bn_0440,0,1,A_organic,0.95
bn_0441,0,1,A_organic,0.95
bn_0442,0,1,A_organic,0.95
bn_0443,0,1,A_organic,0.95
bn_0444,0,1,A_organic,0.95
bn_0445,0,1,A_organic,0.95
bn_0446,0,1,A_organic,0.95
bn_0447,0,1,A_organic,0.95
bn_0448,2,1,A_organic,0.95
bn_0449,0,1,A_organic,0.95
bn_0450,0,1,A_organic,0.95
bn_0451,0,1,A_organic,0.95
bn_0452,0,1,A_organic,0.95
bn_0453,0,1,A_organic,0.95
bn_0454,0,1,A_organic,0.95
bn_0455,0,1,A_organic,0.95
bn_0456,0,1,A_organic,0.95
bn_0457,0,1,A_organic,0.95
bn_0458,0,1,A_organic,0.95
bn_0459,2,1,A_organic,0.95
bn_0460,0,1,A_organic,0.95
bn_0461,0,1,A_organic,0.95
bn_0462,0,1,A_organic,0.95
bn_0463,0,1,A_organic,0.95
bn_0464,0,1,A_organic,0.95
bn_0465,0,1,A_organic,0.95
bn_0466,0,1,A_organic,0.95
bn_0467,0,1,A_organic,0.95
bn_0468,0,1,A_organic,0.95
bn_0469,0,1,A_organic,0.95
bn_0470,0,1,A_organic,0.95
bn_0471,0,1,A_organic,0.95
bn_0472,0,1,A_organic,0.95
bn_0473,0,1,A_organic,0.95
bn_0474,0,1,A_organic,0.95
bn_0475,0,1,A_organic,0.95
bn_0476,0,1,A_organic,0.95
bn_0477,0,1,A_organic,0.95
bn_0478,0,1,A_organic,0.95
bn_0479,0,1,A_organic,0.95
bn_0480,0,1,A_organic,0.95
bn_0481,0,1,A_organic,0.95
bn_0482,1,1,A_organic,0.95
bn_0483,0,1,A_organic,0.95
bn_0484,0,1,A_organic,0.95
bn_0485,0,1,A_organic,0.95
bn_0486,0,1,A_organic,0.95
bn_0487,0,1,A_organic,0.95
bn_0488,0,1,A_organic,0.95
bn_0489,0,1,A_organic,0.95
bn_0490,0,1,A_organic,0.95
bn_0491,0,1,A_organic,0.95
bn_0492,0,1,A_organic,0.95
bn_0493,2,1,A_organic,0.95
bn_0494,0,1,A_organic,0.95
bn_0495,0,1,A_organic,0.95
bn_0496,0,1,A_organic,0.95
bn_0497,0,1,A_organic,0.95
bn_0498,0,1,A_organic,0.95
bn_0499,0,0,A_organic,0.95
bn_0500,0,0,A_organic,0.95
bn_0501,0,0,A_organic,0.95
bn_0502,0,0,A_organic,0.95
bn_0503,2,0,A_organic,0.95
bn_0504,0,0,A_organic,0.95
bn_0505,0,0,A_organic,0.95
bn_0506,1,0,A_organic,0.95
bn_0507,0,0,A_organic,0.95
bn_0508,1,0,A_organic,0.95
bn_0509,0,0,A_organic,0.95
bn_0510,0,0,A_organic,0.95
bn_0511,0,0,A_organic,0.95
bn_0512,0,0,A_organic,0.95
bn_0513,0,0,A_organic,0.95
bn_0514,0,0,A_organic,0.95
bn_0515,0,0,A_organic,0.95
bn_0516,0,0,A_organic,0.95
bn_0517,0,0,A_organic,0.95
bn_0518,0,0,A_organic,0.95
bn_0519,0,0,A_organic,0.95
bn_0520,0,0,A_organic,0.95
bn_0521,0,0,A_organic,0.95
bn_0522,0,0,A_organic,0.95
bn_0523,0,0,A_organic,0.95
bn_0524,0,0,A_organic,0.95
bn_0525,0,0,A_organic,0.95
bn_0526,0,0,A_organic,0.95
bn_0527,0,0,A_organic,0.95
bn_0528,0,0,A_organic,0.95
bn_0529,2,0,A_organic,0.95
bn_0530,0,0,A_organic,0.95
bn_0531,0,0,A_organic,0.95
bn_0533,0,0,A_organic,0.95
bn_0534,0,0,A_organic,0.95
bn_0535,0,0,A_organic,0.95
bn_0536,0,0,A_organic,0.95
bn_0537,0,0,A_organic,0.95
bn_0538,0,0,A_organic,0.95
bn_0539,0,0,A_organic,0.95
bn_0540,0,0,A_organic,0.95
bn_0542,0,0,A_organic,0.95
bn_0543,0,0,A_organic,0.95
bn_0544,0,0,A_organic,0.95
bn_0545,0,0,A_organic,0.95
bn_0546,0,0,A_organic,0.95
bn_0547,0,0,A_organic,0.95
bn_0548,0,0,A_organic,0.95
bn_0549,0,0,A_organic,0.95
bn_0550,0,0,A_organic,0.95
bn_0551,0,0,A_organic,0.95
bn_0552,0,0,A_organic,0.95
bn_0553,0,0,A_organic,0.95
bn_0554,0,0,A_organic,0.95
bn_0555,0,0,A_organic,0.95
bn_0556,0,0,A_organic,0.95
bn_0557,0,0,A_organic,0.95
bn_0558,0,0,A_organic,0.95
bn_0559,0,0,A_organic,0.95
bn_0560,0,0,A_organic,0.95
bn_0561,0,0,A_organic,0.95
bn_0562,0,0,A_organic,0.95
bn_0563,0,0,A_organic,0.95
bn_0564,0,0,A_organic,0.95
bn_0565,0,0,A_organic,0.95
bn_0566,0,0,A_organic,0.95
bn_0567,0,0,A_organic,0.95
bn_0568,0,0,A_organic,0.95
bn_0569,2,0,A_organic,0.95
bn_0570,0,0,A_organic,0.95
bn_0571,0,0,A_organic,0.95
bn_0572,0,0,A_organic,0.95
bn_0573,0,0,A_organic,0.95
bn_0574,0,0,A_organic,0.95
bn_0576,2,0,A_organic,0.95
bn_0577,0,0,A_organic,0.95
bn_0578,0,0,A_organic,0.95
bn_0579,0,0,A_organic,0.95
bn_0580,1,0,A_organic,0.95
bn_0581,2,0,A_organic,0.95
bn_0582,0,0,A_organic,0.95
bn_0583,0,0,A_organic,0.95
bn_0584,0,0,A_organic,0.95
bn_0585,0,0,A_organic,0.95
bn_0586,0,0,A_organic,0.95
bn_0587,0,0,A_organic,0.95
bn_0588,0,0,A_organic,0.95
bn_0589,0,0,A_organic,0.95
bn_0590,0,0,A_organic,0.95
bn_0591,0,0,A_organic,0.95
bn_0592,0,0,A_organic,0.95
bn_0593,0,0,A_organic,0.95
bn_0594,0,0,A_organic,0.95
bn_0595,0,0,A_organic,0.95
bn_0596,0,0,A_organic,0.95
bn_0597,0,0,A_organic,0.95
bn_0598,0,0,A_organic,0.95
bn_0599,0,0,A_organic,0.95
bn_0600,0,0,A_organic,0.95
bn_0601,0,0,A_organic,0.95
bn_0602,2,0,A_organic,0.95
bn_0603,0,0,A_organic,0.95
bn_0604,0,0,A_organic,0.95
bn_0605,0,0,A_organic,0.95
bn_0606,0,0,A_organic,0.95
bn_0607,0,0,A_organic,0.95
bn_0608,0,0,A_organic,0.95
bn_0610,0,0,A_organic,0.95
bn_0611,0,0,A_organic,0.95
bn_0612,1,0,A_organic,0.95
bn_0613,0,0,A_organic,0.95
bn_0614,0,0,A_organic,0.95
bn_0615,0,0,A_organic,0.95
bn_0616,0,0,A_organic,0.95
bn_0617,0,0,A_organic,0.95
bn_0618,0,0,A_organic,0.95
bn_0619,0,0,A_organic,0.95
bn_0621,0,0,A_organic,0.95
bn_0622,0,0,A_organic,0.95
bn_0623,0,0,A_organic,0.95
bn_0624,0,0,A_organic,0.95
bn_0625,1,0,A_organic,0.95
bn_0626,0,0,A_organic,0.95
bn_0627,0,0,A_organic,0.95
bn_0628,0,0,A_organic,0.95
bn_0629,0,0,A_organic,0.95
bn_0631,0,0,A_organic,0.95
bn_0633,0,0,A_organic,0.95
bn_0634,0,0,A_organic,0.95
bn_0635,0,0,A_organic,0.95
bn_0636,0,0,A_organic,0.95
bn_0637,0,0,A_organic,0.95
bn_0638,0,0,A_organic,0.95
bn_0639,0,0,A_organic,0.95
bn_0640,0,0,A_organic,0.95
bn_0641,0,0,A_organic,0.95
bn_0642,0,0,A_organic,0.95
bn_0643,0,0,A_organic,0.95
bn_0644,0,0,A_organic,0.95
bn_0645,0,0,A_organic,0.95
bn_0646,0,0,A_organic,0.95
bn_0648,0,0,A_organic,0.95
bn_0649,0,0,A_organic,0.95
bn_0650,0,0,A_organic,0.95
bn_0651,0,0,A_organic,0.95
bn_0652,0,0,A_organic,0.95
bn_0653,0,0,A_organic,0.95
bn_0654,0,0,A_organic,0.95
bn_0655,0,0,A_organic,0.95
bn_0657,0,0,A_organic,0.95
bn_0658,0,0,A_organic,0.95
bn_0659,2,0,A_organic,0.95
bn_0660,0,0,A_organic,0.95
bn_0661,0,0,A_organic,0.95
bn_0663,0,0,A_organic,0.95
bn_0664,0,0,A_organic,0.95
bn_0665,0,0,A_organic,0.95
bn_0666,0,0,A_organic,0.95
bn_0667,0,0,A_organic,0.95
bn_0668,0,0,A_organic,0.95
bn_0669,1,0,A_organic,0.95
bn_0670,0,0,A_organic,0.95
bn_0671,0,0,A_organic,0.95
bn_0672,1,0,A_organic,0.95
bn_0673,0,0,A_organic,0.95
bn_0674,0,0,A_organic,0.95
bn_0675,0,0,A_organic,0.95
bn_0676,0,0,A_organic,0.95
bn_0677,0,0,A_organic,0.95
bn_0678,0,0,A_organic,0.95
bn_0679,0,0,A_organic,0.95
bn_0680,0,0,A_organic,0.95
bn_0681,0,0,A_organic,0.95
bn_0682,0,0,A_organic,0.95
bn_0683,0,0,A_organic,0.95
bn_0684,0,0,A_organic,0.95
bn_0685,0,0,A_organic,0.95
bn_0686,0,0,A_organic,0.95
bn_0687,0,0,A_organic,0.95
bn_0688,0,0,A_organic,0.95
bn_0689,0,0,A_organic,0.95
bn_0690,0,0,A_organic,0.95
bn_0691,2,0,A_organic,0.95
bn_0692,0,0,A_organic,0.95
bn_0693,0,0,A_organic,0.95
bn_0694,0,0,A_organic,0.95
bn_0695,0,0,A_organic,0.95
bn_0696,1,0,A_organic,0.95
bn_0697,0,0,A_organic,0.95
bn_0698,0,0,A_organic,0.95
bn_0699,0,0,A_organic,0.95
bn_0700,1,0,A_organic,0.95
bn_0701,0,0,A_organic,0.95
bn_0702,0,0,A_organic,0.95
bn_0703,0,0,A_organic,0.95
bn_0704,0,0,A_organic,0.95
bn_0705,0,0,A_organic,0.95
bn_0706,0,0,A_organic,0.95
bn_0707,0,0,A_organic,0.95
bn_0708,0,0,A_organic,0.95
bn_0709,1,0,A_organic,0.95
bn_0710,0,0,A_organic,0.95
bn_0711,0,0,A_organic,0.95
bn_0712,0,0,A_organic,0.95
bn_0713,0,0,A_organic,0.95
bn_0714,1,0,A_organic,0.95
bn_0715,0,0,A_organic,0.95
bn_0716,2,0,A_organic,0.95
bn_0717,0,0,A_organic,0.95
bn_0718,1,0,A_organic,0.95
bn_0719,0,0,A_organic,0.95
bn_0720,0,0,A_organic,0.95
bn_0721,0,0,A_organic,0.95
bn_0722,0,0,A_organic,0.95
bn_0723,0,0,A_organic,0.95
bn_0724,1,0,A_organic,0.95
bn_0725,0,0,A_organic,0.95
bn_0726,0,0,A_organic,0.95
bn_0727,0,0,A_organic,0.95
bn_0728,0,0,A_organic,0.95
bn_0729,0,0,A_organic,0.95
bn_0730,0,0,A_organic,0.95
bn_0731,0,0,A_organic,0.95
bn_0732,0,0,A_organic,0.95
bn_0733,0,0,A_organic,0.95
bn_0734,0,0,A_organic,0.95
bn_0735,2,0,A_organic,0.95
bn_0736,0,0,A_organic,0.95
bn_0737,0,0,A_organic,0.95
bn_0738,0,0,A_organic,0.95
bn_0739,1,0,A_organic,0.95
bn_0740,0,0,A_organic,0.95
bn_0741,0,0,A_organic,0.95
bn_0742,0,0,A_organic,0.95
bn_0743,0,0,A_organic,0.95
bn_0744,0,0,A_organic,0.95
bn_0745,0,0,A_organic,0.95
bn_0746,0,0,A_organic,0.95
bn_0747,0,0,A_organic,0.95
bn_0748,0,0,A_organic,0.95
bn_0749,0,0,A_organic,0.95
bn_0750,0,0,A_organic,0.95
bn_0751,0,0,A_organic,0.95
bn_0752,0,0,A_organic,0.95
bn_0753,0,0,A_organic,0.95
bn_0754,1,0,A_organic,0.95
bn_0755,0,0,A_organic,0.95
bn_0756,0,0,A_organic,0.95
bn_0757,0,0,A_organic,0.95
bn_0758,0,0,A_organic,0.95
bn_0759,0,0,A_organic,0.95
bn_0760,1,0,A_organic,0.95
bn_0761,0,0,A_organic,0.95
bn_0762,1,0,A_organic,0.95
bn_0763,0,0,A_organic,0.95
bn_0764,2,0,A_organic,0.95
bn_0765,0,0,A_organic,0.95
bn_0766,0,0,A_organic,0.95
bn_0767,1,0,A_organic,0.95
bn_0768,0,0,A_organic,0.95
bn_0769,0,0,A_organic,0.95
bn_0770,0,0,A_organic,0.95
bn_0771,0,0,A_organic,0.95
bn_0772,0,0,A_organic,0.95
bn_0773,0,0,A_organic,0.95
bn_0774,0,0,A_organic,0.95
bn_0775,0,0,A_organic,0.95
bn_0776,0,0,A_organic,0.95
bn_0777,0,0,A_organic,0.95
bn_0778,0,0,A_organic,0.95
bn_0779,0,0,A_organic,0.95
bn_0780,0,0,A_organic,0.95
bn_0781,0,0,A_organic,0.95
bn_0782,0,0,A_organic,0.95
bn_0783,0,0,A_organic,0.95
bn_0784,0,0,A_organic,0.95
bn_0785,0,0,A_organic,0.95
bn_0786,0,0,A_organic,0.95
bn_0787,0,0,A_organic,0.95
bn_0788,0,0,A_organic,0.95
bn_0789,0,0,A_organic,0.95
bn_0790,0,0,A_organic,0.95
bn_0791,0,0,A_organic,0.95
bn_0792,0,0,A_organic,0.95
bn_0793,0,0,A_organic,0.95
bn_0794,0,0,A_organic,0.95
bn_0795,0,0,A_organic,0.95
bn_0796,0,0,A_organic,0.95
bn_0797,0,0,A_organic,0.95
bn_0798,0,0,A_organic,0.95
bn_0799,0,0,A_organic,0.95
bn_0800,0,0,A_organic,0.95
bn_0802,0,0,A_organic,0.95
bn_0803,0,0,A_organic,0.95
bn_0804,0,0,A_organic,0.95
bn_0805,0,0,A_organic,0.95
bn_0806,0,0,A_organic,0.95
bn_0807,0,0,A_organic,0.95
bn_0808,0,0,A_organic,0.95
bn_0809,0,0,A_organic,0.95
bn_0810,0,0,A_organic,0.95
bn_0811,0,0,A_organic,0.95
bn_0812,0,0,A_organic,0.95
bn_0813,0,0,A_organic,0.95
bn_0814,0,0,A_organic,0.95
bn_0815,0,0,A_organic,0.95
bn_0816,0,0,A_organic,0.95
bn_0817,0,0,A_organic,0.95
bn_0818,0,0,A_organic,0.95
bn_0819,0,0,A_organic,0.95
bn_0820,0,0,A_organic,0.95
bn_0821,0,0,A_organic,0.95
bn_0822,2,0,A_organic,0.95
bn_0823,0,0,A_organic,0.95
bn_0824,0,0,A_organic,0.95
bn_0826,0,0,A_organic,0.95
bn_0827,0,0,A_organic,0.95
bn_0828,1,0,A_organic,0.95
bn_0829,0,0,A_organic,0.95
bn_0830,0,0,A_organic,0.95
bn_0831,0,0,A_organic,0.95
bn_0832,0,0,A_organic,0.95
bn_0833,0,0,A_organic,0.95
bn_0834,0,0,A_organic,0.95
bn_0835,0,0,A_organic,0.95
bn_0836,0,0,A_organic,0.95
bn_0837,0,0,A_organic,0.95
bn_0838,0,0,A_organic,0.95
bn_0839,0,0,A_organic,0.95
bn_0840,0,0,A_organic,0.95
bn_0841,0,0,A_organic,0.95
bn_0842,0,0,A_organic,0.95
bn_0843,0,0,A_organic,0.95
bn_0844,0,0,A_organic,0.95
bn_0845,0,0,A_organic,0.95
bn_0846,2,0,A_organic,0.95
bn_0847,0,0,A_organic,0.95
bn_0848,0,0,A_organic,0.95
bn_0850,0,0,A_organic,0.95
bn_0851,0,0,A_organic,0.95
bn_0852,0,0,A_organic,0.95
bn_0853,0,0,A_organic,0.95
bn_0854,0,0,A_organic,0.95
bn_0855,1,0,A_organic,0.95
bn_0856,0,0,A_organic,0.95
bn_0857,0,0,A_organic,0.95
bn_0858,0,0,A_organic,0.95
bn_0859,0,0,A_organic,0.95
bn_0860,0,0,A_organic,0.95
bn_0861,0,0,A_organic,0.95
bn_0862,0,0,A_organic,0.95
bn_0863,0,0,A_organic,0.95
bn_0864,0,0,A_organic,0.95
bn_0865,0,0,A_organic,0.95
bn_0866,0,0,A_organic,0.95
bn_0867,0,0,A_organic,0.95
bn_0868,1,0,A_organic,0.95
bn_0869,0,0,A_organic,0.95
bn_0870,0,0,A_organic,0.95
bn_0871,0,0,A_organic,0.95
bn_0872,0,0,A_organic,0.95
bn_0873,0,0,A_organic,0.95
bn_0874,0,0,A_organic,0.95
bn_0875,0,0,A_organic,0.95
bn_0876,0,0,A_organic,0.95
bn_0878,1,0,A_organic,0.95
bn_0879,1,0,A_organic,0.95
bn_0880,0,0,A_organic,0.95
bn_0881,0,0,A_organic,0.95
bn_0882,0,0,A_organic,0.95
bn_0883,0,0,A_organic,0.95
bn_0884,0,0,A_organic,0.95
bn_0885,0,0,A_organic,0.95
bn_0887,0,0,A_organic,0.95
bn_0888,0,0,A_organic,0.95
bn_0889,0,0,A_organic,0.95
bn_0890,0,0,A_organic,0.95
bn_0891,0,0,A_organic,0.95
bn_0892,0,0,A_organic,0.95
bn_0893,0,0,A_organic,0.95
bn_0894,0,0,A_organic,0.95
bn_0896,0,0,A_organic,0.95
bn_0898,0,0,A_organic,0.95
bn_0899,0,0,A_organic,0.95
bn_0900,0,0,A_organic,0.95
bn_0901,0,0,A_organic,0.95
bn_0902,0,0,A_organic,0.95
bn_0903,0,0,A_organic,0.95
bn_0904,0,0,A_organic,0.95
bn_0905,0,0,A_organic,0.95
bn_0907,0,0,A_organic,0.95
bn_0908,0,0,A_organic,0.95
bn_0909,0,0,A_organic,0.95
bn_0911,1,0,A_organic,0.95
bn_0912,0,0,A_organic,0.95
bn_0913,0,0,A_organic,0.95
bn_0914,0,0,A_organic,0.95
bn_0915,0,0,A_organic,0.95
bn_0916,0,0,A_organic,0.95
bn_0917,0,0,A_organic,0.95
bn_0918,0,0,A_organic,0.95
bn_0919,0,0,A_organic,0.95
bn_0920,0,0,A_organic,0.95
bn_0921,0,0,A_organic,0.95
bn_0922,0,0,A_organic,0.95
bn_0923,0,0,A_organic,0.95
bn_0924,0,0,A_organic,0.95
bn_0925,0,0,A_organic,0.95
bn_0926,1,0,A_organic,0.95
bn_0927,0,0,A_organic,0.95
bn_0928,0,0,A_organic,0.95
bn_0929,0,0,A_organic,0.95
bn_0930,0,0,A_organic,0.95
bn_0931,0,0,A_organic,0.95
bn_0932,2,0,A_organic,0.95
bn_0933,0,0,A_organic,0.95
bn_0934,0,0,A_organic,0.95
bn_0935,0,0,A_organic,0.95
bn_0936,1,0,A_organic,0.95
bn_0937,1,0,A_organic,0.95
bn_0938,1,0,A_organic,0.95
bn_0939,1,0,A_organic,0.95
bn_0940,0,0,A_organic,0.95
bn_0941,0,0,A_organic,0.95
bn_0942,0,0,A_organic,0.95
bn_0943,0,0,A_organic,0.95
bn_0944,0,0,A_organic,0.95
bn_0945,0,0,A_organic,0.95
bn_0946,0,0,A_organic,0.95
bn_0947,0,0,A_organic,0.95
bn_0948,1,0,A_organic,0.95
bn_0949,0,0,A_organic,0.95
bn_0950,0,0,A_organic,0.95
bn_0951,0,0,A_organic,0.95
bn_0952,0,0,A_organic,0.95
bn_0953,0,0,A_organic,0.95
bn_0954,0,0,A_organic,0.95
bn_0955,0,0,A_organic,0.95
bn_0956,0,0,A_organic,0.95
bn_0957,0,0,A_organic,0.95
bn_0958,0,0,A_organic,0.95
bn_0959,0,0,A_organic,0.95
bn_0960,0,0,A_organic,0.95
bn_0961,1,0,A_organic,0.95
bn_0962,0,0,A_organic,0.95
bn_0963,0,0,A_organic,0.95
bn_0964,1,0,A_organic,0.95
bn_0965,0,0,A_organic,0.95
bn_0966,1,0,A_organic,0.95
bn_0967,0,0,A_organic,0.95
bn_0968,0,0,A_organic,0.95
bn_0969,0,0,A_organic,0.95
bn_0970,0,0,A_organic,0.95
bn_0971,0,0,A_organic,0.95
bn_0972,1,0,A_organic,0.95
bn_0973,1,0,A_organic,0.95
bn_0974,0,0,A_organic,0.95
bn_0975,0,0,A_organic,0.95
bn_0976,1,0,A_organic,0.95
bn_0978,0,0,A_organic,0.95
bn_0979,0,0,A_organic,0.95
bn_0980,0,0,A_organic,0.95
bn_0981,0,0,A_organic,0.95
bn_0982,1,0,A_organic,0.95
bn_0983,0,0,A_organic,0.95
bn_0984,0,0,A_organic,0.95
bn_0985,0,0,A_organic,0.95
bn_0986,0,0,A_organic,0.95
bn_0987,0,0,A_organic,0.95
bn_0988,2,0,A_organic,0.95
bn_0990,0,0,A_organic,0.95
bn_0991,0,0,A_organic,0.95
bn_0992,0,0,A_organic,0.95
bn_0993,0,0,A_organic,0.95
bn_0994,0,0,A_organic,0.95
bn_0995,2,0,A_organic,0.95
bn_0996,0,0,A_organic,0.95
bn_0997,0,0,A_organic,0.95
bn_0998,0,0,A_organic,0.95
bn_0999,0,1,A_organic,0.95
bn_1000,0,1,A_organic,0.95
bn_1001,0,1,A_organic,0.95
bn_1002,0,1,A_organic,0.95
bn_1003,0,1,A_organic,0.95
bn_1004,0,1,A_organic,0.95
bn_1005,0,1,A_organic,0.95
bn_1006,0,1,A_organic,0.95
bn_1007,0,1,A_organic,0.95
bn_1008,0,1,A_organic,0.95
bn_1009,0,1,A_organic,0.95
bn_1011,0,1,A_organic,0.95
bn_1012,0,1,A_organic,0.95
bn_1013,0,1,A_organic,0.95
bn_1015,0,1,A_organic,0.95
bn_1016,0,1,A_organic,0.95
bn_1017,0,1,A_organic,0.95
bn_1018,0,1,A_organic,0.95
bn_1020,0,1,A_organic,0.95
bn_1021,2,1,A_organic,0.95
bn_1022,0,1,A_organic,0.95
bn_1023,0,1,A_organic,0.95
bn_1024,0,1,A_organic,0.95
bn_1025,0,1,A_organic,0.95
bn_1026,0,1,A_organic,0.95
bn_1027,0,1,A_organic,0.95
bn_1028,0,1,A_organic,0.95
bn_1029,0,1,A_organic,0.95
bn_1030,0,1,A_organic,0.95
bn_1031,2,1,A_organic,0.95
bn_1032,0,1,A_organic,0.95
bn_1033,0,1,A_organic,0.95
bn_1034,0,1,A_organic,0.95
bn_1035,2,1,A_organic,0.95
bn_1036,0,1,A_organic,0.95
bn_1037,0,1,A_organic,0.95
bn_1039,0,1,A_organic,0.95
bn_1040,0,1,A_organic,0.95
bn_1041,0,1,A_organic,0.95
bn_1042,0,1,A_organic,0.95
bn_1043,0,1,A_organic,0.95
bn_1044,0,1,A_organic,0.95
bn_1045,2,1,A_organic,0.95
bn_1046,0,1,A_organic,0.95
bn_1047,0,1,A_organic,0.95
bn_1048,0,1,A_organic,0.95
bn_1049,0,1,A_organic,0.95
bn_1050,0,1,A_organic,0.95
bn_1051,1,1,A_organic,0.95
bn_1052,0,1,A_organic,0.95
bn_1053,0,1,A_organic,0.95
bn_1054,0,1,A_organic,0.95
bn_1055,0,1,A_organic,0.95
bn_1056,0,1,A_organic,0.95
bn_1057,0,1,A_organic,0.95
bn_1058,1,1,A_organic,0.95
bn_1059,0,1,A_organic,0.95
bn_1060,0,1,A_organic,0.95
bn_1061,0,1,A_organic,0.95
bn_1062,2,1,A_organic,0.95
bn_1063,0,1,A_organic,0.95
bn_1064,0,1,A_organic,0.95
bn_1065,0,1,A_organic,0.95
bn_1066,0,1,A_organic,0.95
bn_1067,0,1,A_organic,0.95
bn_1068,0,1,A_organic,0.95
bn_1069,0,1,A_organic,0.95
bn_1070,0,1,A_organic,0.95
bn_1071,0,1,A_organic,0.95
bn_1072,0,1,A_organic,0.95
bn_1073,0,1,A_organic,0.95
bn_1074,0,1,A_organic,0.95
bn_1075,1,1,A_organic,0.95
bn_1076,0,1,A_organic,0.95
bn_1077,0,1,A_organic,0.95
bn_1078,0,1,A_organic,0.95
bn_1079,0,1,A_organic,0.95
bn_1080,0,1,A_organic,0.95
bn_1081,0,1,A_organic,0.95
bn_1082,0,1,A_organic,0.95
bn_1083,0,1,A_organic,0.95
bn_1084,0,1,A_organic,0.95
bn_1085,1,1,A_organic,0.95
bn_1086,0,1,A_organic,0.95
bn_1087,1,1,A_organic,0.95
bn_1088,0,1,A_organic,0.95
bn_1089,1,1,A_organic,0.95
bn_1090,0,1,A_organic,0.95
bn_1091,0,1,A_organic,0.95
bn_1092,0,1,A_organic,0.95
bn_1093,1,1,A_organic,0.95
bn_1094,0,1,A_organic,0.95
bn_1095,0,1,A_organic,0.95
bn_1096,0,1,A_organic,0.95
bn_1097,0,1,A_organic,0.95
bn_1098,0,1,A_organic,0.95
bn_1099,0,1,A_organic,0.95
bn_1100,0,1,A_organic,0.95
bn_1101,0,1,A_organic,0.95
bn_1102,0,1,A_organic,0.95
bn_1103,0,1,A_organic,0.95
bn_1104,0,1,A_organic,0.95
bn_1105,0,1,A_organic,0.95
bn_1106,0,1,A_organic,0.95
bn_1107,0,1,A_organic,0.95
bn_1108,0,1,A_organic,0.95
bn_1109,0,1,A_organic,0.95
bn_1110,0,1,A_organic,0.95
bn_1111,0,1,A_organic,0.95
bn_1112,0,1,A_organic,0.95
bn_1113,0,1,A_organic,0.95
bn_1114,0,1,A_organic,0.95
bn_1115,0,1,A_organic,0.95
bn_1116,0,1,A_organic,0.95
bn_1117,0,1,A_organic,0.95
bn_1118,0,1,A_organic,0.95
bn_1119,0,1,A_organic,0.95
bn_1120,2,1,A_organic,0.95
bn_1121,0,1,A_organic,0.95
bn_1122,0,1,A_organic,0.95
bn_1123,0,1,A_organic,0.95
bn_1124,0,1,A_organic,0.95
bn_1125,0,1,A_organic,0.95
bn_1126,2,1,A_organic,0.95
bn_1127,0,1,A_organic,0.95
bn_1128,2,1,A_organic,0.95
bn_1129,0,1,A_organic,0.95
bn_1130,0,1,A_organic,0.95
bn_1131,0,1,A_organic,0.95
bn_1132,0,1,A_organic,0.95
bn_1133,0,1,A_organic,0.95
bn_1134,0,1,A_organic,0.95
bn_1135,0,1,A_organic,0.95
bn_1136,0,1,A_organic,0.95
bn_1137,0,1,A_organic,0.95
bn_1138,1,1,A_organic,0.95
bn_1140,0,1,A_organic,0.95
bn_1141,0,1,A_organic,0.95
bn_1142,0,1,A_organic,0.95
bn_1143,1,1,A_organic,0.95
bn_1144,0,1,A_organic,0.95
bn_1145,1,1,A_organic,0.95
bn_1146,0,1,A_organic,0.95
bn_1147,0,1,A_organic,0.95
bn_1148,0,1,A_organic,0.95
bn_1149,0,1,A_organic,0.95
bn_1150,0,1,A_organic,0.95
bn_1151,0,1,A_organic,0.95
bn_1152,0,1,A_organic,0.95
bn_1153,0,1,A_organic,0.95
bn_1154,2,1,A_organic,0.95
bn_1155,0,1,A_organic,0.95
bn_1156,0,1,A_organic,0.95
bn_1157,0,1,A_organic,0.95
bn_1158,0,1,A_organic,0.95
bn_1159,0,1,A_organic,0.95
bn_1160,0,1,A_organic,0.95
bn_1161,2,1,A_organic,0.95
bn_1162,0,1,A_organic,0.95
bn_1163,0,1,A_organic,0.95
bn_1164,0,1,A_organic,0.95
bn_1165,0,1,A_organic,0.95
bn_1166,0,1,A_organic,0.95
bn_1167,0,1,A_organic,0.95
bn_1168,2,1,A_organic,0.95
bn_1169,0,1,A_organic,0.95
bn_1170,0,1,A_organic,0.95
bn_1171,0,1,A_organic,0.95
bn_1172,0,1,A_organic,0.95
bn_1173,0,1,A_organic,0.95
bn_1174,0,1,A_organic,0.95
bn_1175,0,1,A_organic,0.95
bn_1176,0,1,A_organic,0.95
bn_1177,0,1,A_organic,0.95
bn_1178,0,1,A_organic,0.95
bn_1179,0,1,A_organic,0.95
bn_1180,0,1,A_organic,0.95
bn_1181,0,1,A_organic,0.95
bn_1182,0,1,A_organic,0.95
bn_1183,1,1,A_organic,0.95
bn_1184,0,1,A_organic,0.95
bn_1185,0,1,A_organic,0.95
bn_1186,0,1,A_organic,0.95
bn_1187,0,1,A_organic,0.95
bn_1188,0,1,A_organic,0.95
bn_1190,0,1,A_organic,0.95
bn_1191,0,1,A_organic,0.95
bn_1192,0,1,A_organic,0.95
bn_1193,0,1,A_organic,0.95
bn_1194,0,1,A_organic,0.95
bn_1195,0,1,A_organic,0.95
bn_1196,0,1,A_organic,0.95
bn_1197,0,1,A_organic,0.95
bn_1198,0,1,A_organic,0.95
bn_1199,0,1,A_organic,0.95
bn_1200,0,1,A_organic,0.95
bn_1201,0,1,A_organic,0.95
bn_1202,0,1,A_organic,0.95
bn_1203,0,1,A_organic,0.95
bn_1204,2,1,A_organic,0.95
bn_1205,0,1,A_organic,0.95
bn_1206,0,1,A_organic,0.95
bn_1207,2,1,A_organic,0.95
bn_1208,0,1,A_organic,0.95
bn_1209,1,1,A_organic,0.95
bn_1210,0,1,A_organic,0.95
bn_1211,2,1,A_organic,0.95
bn_1212,0,1,A_organic,0.95
bn_1213,0,1,A_organic,0.95
bn_1214,0,1,A_organic,0.95
bn_1215,0,1,A_organic,0.95
bn_1216,0,1,A_organic,0.95
bn_1217,0,1,A_organic,0.95
bn_1218,0,1,A_organic,0.95
bn_1219,0,1,A_organic,0.95
bn_1220,1,1,A_organic,0.95
bn_1221,0,1,A_organic,0.95
bn_1222,0,1,A_organic,0.95
bn_1223,0,1,A_organic,0.95
bn_1224,1,1,A_organic,0.95
bn_1225,0,1,A_organic,0.95
bn_1226,0,1,A_organic,0.95
bn_1227,0,1,A_organic,0.95
bn_1228,0,1,A_organic,0.95
bn_1229,0,1,A_organic,0.95
bn_1232,0,1,A_organic,0.95
bn_1233,0,1,A_organic,0.95
bn_1234,0,1,A_organic,0.95
bn_1235,0,1,A_organic,0.95
bn_1236,0,1,A_organic,0.95
bn_1237,0,1,A_organic,0.95
bn_1238,0,1,A_organic,0.95
bn_1239,0,1,A_organic,0.95
bn_1241,0,1,A_organic,0.95
bn_1242,0,1,A_organic,0.95
bn_1243,0,1,A_organic,0.95
bn_1244,0,1,A_organic,0.95
bn_1246,0,1,A_organic,0.95
bn_1249,0,1,A_organic,0.95
bn_1251,0,1,A_organic,0.95
bn_1252,0,1,A_organic,0.95
bn_1253,0,1,A_organic,0.95
bn_1254,0,1,A_organic,0.95
bn_1255,0,1,A_organic,0.95
bn_1256,0,1,A_organic,0.95
bn_1257,0,1,A_organic,0.95
bn_1258,0,1,A_organic,0.95
bn_1259,0,1,A_organic,0.95
bn_1260,0,1,A_organic,0.95
bn_1261,0,1,A_organic,0.95
bn_1262,0,1,A_organic,0.95
bn_1263,0,1,A_organic,0.95
bn_1264,0,1,A_organic,0.95
bn_1265,0,1,A_organic,0.95
bn_1266,0,1,A_organic,0.95
bn_1267,0,1,A_organic,0.95
bn_1268,0,1,A_organic,0.95
bn_1269,0,1,A_organic,0.95
bn_1270,0,1,A_organic,0.95
bn_1271,0,1,A_organic,0.95
bn_1272,0,1,A_organic,0.95
bn_1273,2,1,A_organic,0.95
bn_1274,0,1,A_organic,0.95
bn_1275,0,1,A_organic,0.95
bn_1276,0,1,A_organic,0.95
bn_1277,0,1,A_organic,0.95
bn_1278,0,1,A_organic,0.95
bn_1279,0,1,A_organic,0.95
bn_1280,0,1,A_organic,0.95
bn_1281,0,1,A_organic,0.95
bn_1282,0,1,A_organic,0.95
bn_1283,0,1,A_organic,0.95
bn_1284,0,1,A_organic,0.95
bn_1285,0,1,A_organic,0.95
bn_1286,0,1,A_organic,0.95
bn_1287,0,1,A_organic,0.95
bn_1288,0,1,A_organic,0.95
bn_1289,0,1,A_organic,0.95
bn_1290,0,1,A_organic,0.95
bn_1291,0,1,A_organic,0.95
bn_1292,0,1,A_organic,0.95
bn_1293,2,1,A_organic,0.95
bn_1294,0,1,A_organic,0.95
bn_1295,0,1,A_organic,0.95
bn_1296,0,1,A_organic,0.95
bn_1297,0,1,A_organic,0.95
bn_1298,0,1,A_organic,0.95
bn_1301,0,1,A_organic,0.95
bn_1303,0,1,A_organic,0.95
bn_1304,0,1,A_organic,0.95
bn_1305,0,1,A_organic,0.95
bn_1306,2,1,A_organic,0.95
bn_1307,0,1,A_organic,0.95
bn_1308,0,1,A_organic,0.95
bn_1309,0,1,A_organic,0.95
bn_1310,0,1,A_organic,0.95
bn_1311,0,1,A_organic,0.95
bn_1312,0,1,A_organic,0.95
bn_1313,2,1,A_organic,0.95
bn_1314,0,1,A_organic,0.95
bn_1315,1,1,A_organic,0.95
bn_1316,0,1,A_organic,0.95
bn_1317,0,1,A_organic,0.95
bn_1318,0,1,A_organic,0.95
bn_1319,0,1,A_organic,0.95
bn_1321,0,1,A_organic,0.95
bn_1322,0,1,A_organic,0.95
bn_1323,0,1,A_organic,0.95
bn_1324,0,1,A_organic,0.95
bn_1325,0,1,A_organic,0.95
bn_1326,0,1,A_organic,0.95
bn_1327,0,1,A_organic,0.95
bn_1328,0,1,A_organic,0.95
bn_1329,0,1,A_organic,0.95
bn_1330,0,1,A_organic,0.95
bn_1331,0,1,A_organic,0.95
bn_1332,0,1,A_organic,0.95
bn_1333,0,1,A_organic,0.95
bn_1334,0,1,A_organic,0.95
bn_1335,0,1,A_organic,0.95
bn_1336,0,1,A_organic,0.95
bn_1337,0,1,A_organic,0.95
bn_1338,0,1,A_organic,0.95
bn_1339,0,1,A_organic,0.95
bn_1340,0,1,A_organic,0.95
bn_1341,0,1,A_organic,0.95
bn_1342,0,1,A_organic,0.95
bn_1343,0,1,A_organic,0.95
bn_1344,0,1,A_organic,0.95
bn_1345,0,1,A_organic,0.95
bn_1346,0,1,A_organic,0.95
bn_1347,0,1,A_organic,0.95
bn_1348,0,1,A_organic,0.95
bn_1349,0,1,A_organic,0.95
bn_1350,0,1,A_organic,0.95
bn_1351,0,1,A_organic,0.95
bn_1352,0,1,A_organic,0.95
bn_1353,0,1,A_organic,0.95
bn_1356,0,1,A_organic,0.95
bn_1357,0,1,A_organic,0.95
bn_1358,0,1,A_organic,0.95
bn_1359,0,1,A_organic,0.95
bn_1360,0,1,A_organic,0.95
bn_1361,0,1,A_organic,0.95
bn_1362,0,1,A_organic,0.95
bn_1363,0,1,A_organic,0.95
bn_1364,0,1,A_organic,0.95
bn_1365,0,1,A_organic,0.95
bn_1366,1,1,A_organic,0.95
bn_1367,1,1,A_organic,0.95
bn_1368,0,1,A_organic,0.95
bn_1369,0,1,A_organic,0.95
bn_1370,0,1,A_organic,0.95
bn_1371,0,1,A_organic,0.95
bn_1372,0,1,A_organic,0.95
bn_1373,0,1,A_organic,0.95
bn_1374,0,1,A_organic,0.95
bn_1375,0,1,A_organic,0.95
bn_1376,0,1,A_organic,0.95
bn_1377,1,1,A_organic,0.95
bn_1378,0,1,A_organic,0.95
bn_1379,0,1,A_organic,0.95
bn_1380,0,1,A_organic,0.95
bn_1381,0,1,A_organic,0.95
bn_1382,0,1,A_organic,0.95
bn_1383,0,1,A_organic,0.95
bn_1384,0,1,A_organic,0.95
bn_1385,0,1,A_organic,0.95
bn_1386,0,1,A_organic,0.95
bn_1387,0,1,A_organic,0.95
bn_1388,0,1,A_organic,0.95
bn_1389,0,1,A_organic,0.95
bn_1390,0,1,A_organic,0.95
bn_1391,0,1,A_organic,0.95
bn_1392,1,1,A_organic,0.95
bn_1393,0,1,A_organic,0.95
bn_1395,0,1,A_organic,0.95
bn_1396,0,1,A_organic,0.95
bn_1398,1,1,A_organic,0.95
bn_1399,0,1,A_organic,0.95
bn_1400,0,1,A_organic,0.95
bn_1401,0,1,A_organic,0.95
bn_1402,0,1,A_organic,0.95
bn_1403,0,1,A_organic,0.95
bn_1404,0,1,A_organic,0.95
bn_1405,0,1,A_organic,0.95
bn_1406,0,1,A_organic,0.95
bn_1407,0,1,A_organic,0.95
bn_1408,0,1,A_organic,0.95
bn_1409,0,1,A_organic,0.95
bn_1410,0,1,A_organic,0.95
bn_1411,0,1,A_organic,0.95
bn_1412,0,1,A_organic,0.95
bn_1415,0,1,A_organic,0.95
bn_1416,0,1,A_organic,0.95
bn_1417,0,1,A_organic,0.95
bn_1419,0,1,A_organic,0.95
bn_1420,1,1,A_organic,0.95
bn_1421,0,1,A_organic,0.95
bn_1422,0,1,A_organic,0.95
bn_1423,0,1,A_organic,0.95
bn_1424,1,1,A_organic,0.95
bn_1425,0,1,A_organic,0.95
bn_1426,0,1,A_organic,0.95
bn_1427,0,1,A_organic,0.95
bn_1429,0,1,A_organic,0.95
bn_1430,0,1,A_organic,0.95
bn_1431,0,1,A_organic,0.95
bn_1432,0,1,A_organic,0.95
bn_1433,0,1,A_organic,0.95
bn_1434,0,1,A_organic,0.95
bn_1435,2,1,A_organic,0.95
bn_1436,0,1,A_organic,0.95
bn_1437,0,1,A_organic,0.95
bn_1438,0,1,A_organic,0.95
bn_1439,1,1,A_organic,0.95
bn_1440,0,1,A_organic,0.95
bn_1441,0,1,A_organic,0.95
bn_1442,0,1,A_organic,0.95
bn_1443,0,1,A_organic,0.95
bn_1444,0,1,A_organic,0.95
bn_1445,0,1,A_organic,0.95
bn_1446,2,1,A_organic,0.95
bn_1447,0,1,A_organic,0.95
bn_1448,0,1,A_organic,0.95
bn_1449,2,1,A_organic,0.95
bn_1450,0,1,A_organic,0.95
bn_1451,0,1,A_organic,0.95
bn_1452,0,1,A_organic,0.95
bn_1453,0,1,A_organic,0.95
bn_1455,0,1,A_organic,0.95
bn_1456,0,1,A_organic,0.95
bn_1457,0,1,A_organic,0.95
bn_1458,0,1,A_organic,0.95
bn_1459,0,1,A_organic,0.95
bn_1460,0,1,A_organic,0.95
bn_1461,0,1,A_organic,0.95
bn_1462,0,1,A_organic,0.95
bn_1463,0,1,A_organic,0.95
bn_1464,0,1,A_organic,0.95
bn_1465,0,1,A_organic,0.95
bn_1466,1,1,A_organic,0.95
bn_1467,0,1,A_organic,0.95
bn_1468,0,1,A_organic,0.95
bn_1469,0,1,A_organic,0.95
bn_1470,0,1,A_organic,0.95
bn_1471,1,1,A_organic,0.95
bn_1472,0,1,A_organic,0.95
bn_1473,0,1,A_organic,0.95
bn_1474,0,1,A_organic,0.95
bn_1475,0,1,A_organic,0.95
bn_1476,0,1,A_organic,0.95
bn_1477,2,1,A_organic,0.95
bn_1478,0,1,A_organic,0.95
bn_1479,0,1,A_organic,0.95
bn_1480,0,1,A_organic,0.95
bn_1484,0,1,A_organic,0.95
bn_1485,0,1,A_organic,0.95
bn_1486,0,1,A_organic,0.95
bn_1487,0,1,A_organic,0.95
bn_1488,1,1,A_organic,0.95
bn_1489,0,1,A_organic,0.95
bn_1490,0,1,A_organic,0.95
bn_1491,0,1,A_organic,0.95
bn_1492,0,1,A_organic,0.95
bn_1493,1,1,A_organic,0.95
bn_1494,2,1,A_organic,0.95
bn_1495,1,1,A_organic,0.95
bn_1496,0,1,A_organic,0.95
bn_1497,2,1,A_organic,0.95
bn_1498,1,1,A_organic,0.95
bn_1499,0,0,A_organic,0.95
bn_1500,1,0,A_organic,0.95
bn_1501,0,0,A_organic,0.95
bn_1502,0,0,A_organic,0.95
bn_1503,2,0,A_organic,0.95
bn_1504,0,0,A_organic,0.95
bn_1505,0,0,A_organic,0.95
bn_1506,0,0,A_organic,0.95
bn_1507,0,0,A_organic,0.95
bn_1508,1,0,A_organic,0.95
bn_1509,1,0,A_organic,0.95
bn_1510,0,0,A_organic,0.95
bn_1511,0,0,A_organic,0.95
bn_1512,0,0,A_organic,0.95
bn_1513,0,0,A_organic,0.95
bn_1514,2,0,A_organic,0.95
bn_1515,1,0,A_organic,0.95
bn_1516,0,0,A_organic,0.95
bn_1517,0,0,A_organic,0.95
bn_1519,0,0,A_organic,0.95
bn_1520,0,0,A_organic,0.95
bn_1521,0,0,A_organic,0.95
bn_1522,1,0,A_organic,0.95
bn_1523,0,0,A_organic,0.95
bn_1524,0,0,A_organic,0.95
bn_1525,2,0,A_organic,0.95
bn_1526,1,0,A_organic,0.95
bn_1527,1,0,A_organic,0.95
bn_1528,0,0,A_organic,0.95
bn_1529,0,0,A_organic,0.95
bn_1530,0,0,A_organic,0.95
bn_1531,0,0,A_organic,0.95
bn_1532,0,0,A_organic,0.95
bn_1533,0,0,A_organic,0.95
bn_1534,1,0,A_organic,0.95
bn_1535,1,0,A_organic,0.95
bn_1536,1,0,A_organic,0.95
bn_1538,0,0,A_organic,0.95
bn_1539,0,0,A_organic,0.95
bn_1540,0,0,A_organic,0.95
bn_1541,0,0,A_organic,0.95
bn_1542,0,0,A_organic,0.95
bn_1543,0,0,A_organic,0.95
bn_1544,1,0,A_organic,0.95
bn_1545,0,0,A_organic,0.95
bn_1546,2,0,A_organic,0.95
bn_1547,2,0,A_organic,0.95
bn_1548,1,0,A_organic,0.95
bn_1549,0,0,A_organic,0.95
bn_1550,2,0,A_organic,0.95
bn_1551,0,0,A_organic,0.95
bn_1552,0,0,A_organic,0.95
bn_1553,0,0,A_organic,0.95
bn_1554,0,0,A_organic,0.95
bn_1555,0,0,A_organic,0.95
bn_1556,0,0,A_organic,0.95
bn_1557,0,0,A_organic,0.95
bn_1558,0,0,A_organic,0.95
bn_1559,0,0,A_organic,0.95
bn_1560,0,0,A_organic,0.95
bn_1561,0,0,A_organic,0.95
bn_1562,0,0,A_organic,0.95
bn_1563,0,0,A_organic,0.95
bn_1564,0,0,A_organic,0.95
bn_1565,0,0,A_organic,0.95
bn_1566,2,0,A_organic,0.95
bn_1568,0,0,A_organic,0.95
bn_1569,0,0,A_organic,0.95
bn_1570,2,0,A_organic,0.95
bn_1571,0,0,A_organic,0.95
bn_1572,0,0,A_organic,0.95
bn_1575,0,0,A_organic,0.95
bn_1576,0,0,A_organic,0.95
bn_1578,0,0,A_organic,0.95
bn_1579,0,0,A_organic,0.95
bn_1580,0,0,A_organic,0.95
bn_1581,0,0,A_organic,0.95
bn_1582,0,0,A_organic,0.95
bn_1583,0,0,A_organic,0.95
bn_1585,0,0,A_organic,0.95
bn_1586,0,0,A_organic,0.95
bn_1587,0,0,A_organic,0.95
bn_1588,0,0,A_organic,0.95
bn_1589,0,0,A_organic,0.95
bn_1590,0,0,A_organic,0.95
bn_1591,0,0,A_organic,0.95
bn_1592,0,0,A_organic,0.95
bn_1593,2,0,A_organic,0.95
bn_1594,0,0,A_organic,0.95
bn_1595,0,0,A_organic,0.95
bn_1596,0,0,A_organic,0.95
bn_1597,0,0,A_organic,0.95
bn_1598,0,0,A_organic,0.95
bn_1599,0,0,A_organic,0.95
bn_1600,0,0,A_organic,0.95
bn_1601,0,0,A_organic,0.95
bn_1602,0,0,A_organic,0.95
bn_1603,0,0,A_organic,0.95
bn_1604,0,0,A_organic,0.95
bn_1605,0,0,A_organic,0.95
bn_1606,0,0,A_organic,0.95
bn_1607,0,0,A_organic,0.95
bn_1608,0,0,A_organic,0.95
bn_1609,0,0,A_organic,0.95
bn_1610,0,0,A_organic,0.95
bn_1611,0,0,A_organic,0.95
bn_1612,0,0,A_organic,0.95
bn_1613,0,0,A_organic,0.95
bn_1614,0,0,A_organic,0.95
bn_1616,0,0,A_organic,0.95
bn_1617,1,0,A_organic,0.95
bn_1618,0,0,A_organic,0.95
bn_1619,1,0,A_organic,0.95
bn_1620,1,0,A_organic,0.95
bn_1621,0,0,A_organic,0.95
bn_1622,0,0,A_organic,0.95
bn_1623,0,0,A_organic,0.95
bn_1624,0,0,A_organic,0.95
bn_1625,1,0,A_organic,0.95
bn_1626,0,0,A_organic,0.95
bn_1627,1,0,A_organic,0.95
bn_1629,0,0,A_organic,0.95
bn_1630,0,0,A_organic,0.95
bn_1631,0,0,A_organic,0.95
bn_1633,0,0,A_organic,0.95
bn_1634,0,0,A_organic,0.95
bn_1635,0,0,A_organic,0.95
bn_1636,0,0,A_organic,0.95
bn_1637,0,0,A_organic,0.95
bn_1638,0,0,A_organic,0.95
bn_1639,0,0,A_organic,0.95
bn_1640,0,0,A_organic,0.95
bn_1641,0,0,A_organic,0.95
bn_1643,0,0,A_organic,0.95
bn_1644,0,0,A_organic,0.95
bn_1645,1,0,A_organic,0.95
bn_1647,0,0,A_organic,0.95
bn_1648,1,0,A_organic,0.95
bn_1649,2,0,A_organic,0.95
bn_1650,0,0,A_organic,0.95
bn_1651,0,0,A_organic,0.95
bn_1652,1,0,A_organic,0.95
bn_1653,0,0,A_organic,0.95
bn_1654,0,0,A_organic,0.95
bn_1655,0,0,A_organic,0.95
bn_1656,0,0,A_organic,0.95
bn_1657,0,0,A_organic,0.95
bn_1658,0,0,A_organic,0.95
bn_1659,0,0,A_organic,0.95
bn_1660,0,0,A_organic,0.95
bn_1661,0,0,A_organic,0.95
bn_1662,0,0,A_organic,0.95
bn_1663,0,0,A_organic,0.95
bn_1664,0,0,A_organic,0.95
bn_1665,0,0,A_organic,0.95
bn_1666,0,0,A_organic,0.95
bn_1667,0,0,A_organic,0.95
bn_1668,0,0,A_organic,0.95
bn_1669,0,0,A_organic,0.95
bn_1670,0,0,A_organic,0.95
bn_1671,0,0,A_organic,0.95
bn_1672,1,0,A_organic,0.95
bn_1673,0,0,A_organic,0.95
bn_1674,0,0,A_organic,0.95
bn_1675,2,0,A_organic,0.95
bn_1676,0,0,A_organic,0.95
bn_1677,1,0,A_organic,0.95
bn_1678,0,0,A_organic,0.95
bn_1679,0,0,A_organic,0.95
bn_1680,1,0,A_organic,0.95
bn_1681,0,0,A_organic,0.95
bn_1682,0,0,A_organic,0.95
bn_1683,0,0,A_organic,0.95
bn_1684,0,0,A_organic,0.95
bn_1685,2,0,A_organic,0.95
bn_1686,0,0,A_organic,0.95
bn_1687,2,0,A_organic,0.95
bn_1688,0,0,A_organic,0.95
bn_1689,1,0,A_organic,0.95
bn_1690,1,0,A_organic,0.95
bn_1691,0,0,A_organic,0.95
bn_1692,1,0,A_organic,0.95
bn_1693,1,0,A_organic,0.95
bn_1694,0,0,A_organic,0.95
bn_1695,1,0,A_organic,0.95
bn_1696,2,0,A_organic,0.95
bn_1697,0,0,A_organic,0.95
bn_1698,0,0,A_organic,0.95
bn_1699,0,0,A_organic,0.95
bn_1700,1,0,A_organic,0.95
bn_1701,0,0,A_organic,0.95
bn_1702,0,0,A_organic,0.95
bn_1703,0,0,A_organic,0.95
bn_1704,0,0,A_organic,0.95
bn_1705,2,0,A_organic,0.95
bn_1706,0,0,A_organic,0.95
bn_1707,0,0,A_organic,0.95
bn_1708,0,0,A_organic,0.95
bn_1709,0,0,A_organic,0.95
bn_1710,0,0,A_organic,0.95
bn_1712,0,0,A_organic,0.95
bn_1713,0,0,A_organic,0.95
bn_1714,0,0,A_organic,0.95
bn_1715,0,0,A_organic,0.95
bn_1716,0,0,A_organic,0.95
bn_1717,0,0,A_organic,0.95
bn_1718,0,0,A_organic,0.95
bn_1719,0,0,A_organic,0.95
bn_1720,1,0,A_organic,0.95
bn_1721,0,0,A_organic,0.95
bn_1722,0,0,A_organic,0.95
bn_1723,0,0,A_organic,0.95
bn_1724,0,0,A_organic,0.95
bn_1725,0,0,A_organic,0.95
bn_1727,0,0,A_organic,0.95
bn_1728,0,0,A_organic,0.95
bn_1729,0,0,A_organic,0.95
bn_1730,0,0,A_organic,0.95
bn_1731,0,0,A_organic,0.95
bn_1732,0,0,A_organic,0.95
bn_1733,0,0,A_organic,0.95
bn_1734,0,0,A_organic,0.95
bn_1735,0,0,A_organic,0.95
bn_1736,0,0,A_organic,0.95
bn_1737,0,0,A_organic,0.95
bn_1738,0,0,A_organic,0.95
bn_1739,0,0,A_organic,0.95
bn_1740,0,0,A_organic,0.95
bn_1741,0,0,A_organic,0.95
bn_1743,0,0,A_organic,0.95
bn_1745,0,0,A_organic,0.95
bn_1746,0,0,A_organic,0.95
bn_1747,0,0,A_organic,0.95
bn_1748,0,0,A_organic,0.95
bn_1749,0,0,A_organic,0.95
bn_1750,0,0,A_organic,0.95
bn_1752,0,0,A_organic,0.95
bn_1753,1,0,A_organic,0.95
bn_1754,0,0,A_organic,0.95
bn_1756,0,0,A_organic,0.95
bn_1757,0,0,A_organic,0.95
bn_1758,0,0,A_organic,0.95
bn_1759,0,0,A_organic,0.95
bn_1760,0,0,A_organic,0.95
bn_1761,0,0,A_organic,0.95
bn_1762,0,0,A_organic,0.95
bn_1763,1,0,A_organic,0.95
bn_1764,0,0,A_organic,0.95
bn_1765,0,0,A_organic,0.95
bn_1766,0,0,A_organic,0.95
bn_1767,0,0,A_organic,0.95
bn_1768,0,0,A_organic,0.95
bn_1769,0,0,A_organic,0.95
bn_1770,0,0,A_organic,0.95
bn_1771,0,0,A_organic,0.95
bn_1772,0,0,A_organic,0.95
bn_1773,0,0,A_organic,0.95
bn_1774,0,0,A_organic,0.95
bn_1775,0,0,A_organic,0.95
bn_1776,0,0,A_organic,0.95
bn_1777,0,0,A_organic,0.95
bn_1778,0,0,A_organic,0.95
bn_1779,0,0,A_organic,0.95
bn_1780,0,0,A_organic,0.95
bn_1781,0,0,A_organic,0.95
bn_1782,0,0,A_organic,0.95
bn_1783,0,0,A_organic,0.95
bn_1784,0,0,A_organic,0.95
bn_1785,1,0,A_organic,0.95
bn_1786,0,0,A_organic,0.95
bn_1787,0,0,A_organic,0.95
bn_1788,0,0,A_organic,0.95
bn_1789,0,0,A_organic,0.95
bn_1790,0,0,A_organic,0.95
bn_1791,0,0,A_organic,0.95
bn_1792,0,0,A_organic,0.95
bn_1793,0,0,A_organic,0.95
bn_1794,0,0,A_organic,0.95
bn_1795,1,0,A_organic,0.95
bn_1796,0,0,A_organic,0.95
bn_1797,0,0,A_organic,0.95
bn_1798,0,0,A_organic,0.95
bn_1799,0,0,A_organic,0.95
bn_1800,0,0,A_organic,0.95
bn_1801,0,0,A_organic,0.95
bn_1802,0,0,A_organic,0.95
bn_1803,0,0,A_organic,0.95
bn_1804,0,0,A_organic,0.95
bn_1805,0,0,A_organic,0.95
bn_1806,0,0,A_organic,0.95
bn_1807,0,0,A_organic,0.95
bn_1808,0,0,A_organic,0.95
bn_1809,0,0,A_organic,0.95
bn_1810,0,0,A_organic,0.95
bn_1811,0,0,A_organic,0.95
bn_1812,0,0,A_organic,0.95
bn_1813,1,0,A_organic,0.95
bn_1814,1,0,A_organic,0.95
bn_1815,0,0,A_organic,0.95
bn_1816,0,0,A_organic,0.95
bn_1817,0,0,A_organic,0.95
bn_1818,0,0,A_organic,0.95
bn_1819,2,0,A_organic,0.95
bn_1820,0,0,A_organic,0.95
bn_1821,0,0,A_organic,0.95
bn_1822,0,0,A_organic,0.95
bn_1823,2,0,A_organic,0.95
bn_1824,0,0,A_organic,0.95
bn_1825,2,0,A_organic,0.95
bn_1826,0,0,A_organic,0.95
bn_1827,0,0,A_organic,0.95
bn_1828,0,0,A_organic,0.95
bn_1829,0,0,A_organic,0.95
bn_1830,0,0,A_organic,0.95
bn_1831,0,0,A_organic,0.95
bn_1832,0,0,A_organic,0.95
bn_1833,0,0,A_organic,0.95
bn_1834,0,0,A_organic,0.95
bn_1835,0,0,A_organic,0.95
bn_1836,1,0,A_organic,0.95
bn_1837,0,0,A_organic,0.95
bn_1838,0,0,A_organic,0.95
bn_1839,0,0,A_organic,0.95
bn_1840,0,0,A_organic,0.95
bn_1841,0,0,A_organic,0.95
bn_1843,0,0,A_organic,0.95
bn_1844,0,0,A_organic,0.95
bn_1845,0,0,A_organic,0.95
bn_1846,0,0,A_organic,0.95
bn_1847,0,0,A_organic,0.95
bn_1848,0,0,A_organic,0.95
bn_1849,0,0,A_organic,0.95
bn_1850,0,0,A_organic,0.95
bn_1851,0,0,A_organic,0.95
bn_1852,0,0,A_organic,0.95
bn_1853,0,0,A_organic,0.95
bn_1854,0,0,A_organic,0.95
bn_1855,0,0,A_organic,0.95
bn_1856,0,0,A_organic,0.95
bn_1857,0,0,A_organic,0.95
bn_1858,0,0,A_organic,0.95
bn_1859,0,0,A_organic,0.95
bn_1860,0,0,A_organic,0.95
bn_1861,0,0,A_organic,0.95
bn_1863,0,0,A_organic,0.95
bn_1864,0,0,A_organic,0.95
bn_1865,0,0,A_organic,0.95
bn_1866,1,0,A_organic,0.95
bn_1867,0,0,A_organic,0.95
bn_1868,0,0,A_organic,0.95
bn_1869,0,0,A_organic,0.95
bn_1870,0,0,A_organic,0.95
bn_1871,0,0,A_organic,0.95
bn_1872,0,0,A_organic,0.95
bn_1873,0,0,A_organic,0.95
bn_1874,0,0,A_organic,0.95
bn_1875,0,0,A_organic,0.95
bn_1876,0,0,A_organic,0.95
bn_1877,0,0,A_organic,0.95
bn_1878,0,0,A_organic,0.95
bn_1879,0,0,A_organic,0.95
bn_1880,2,0,A_organic,0.95
bn_1882,0,0,A_organic,0.95
bn_1884,0,0,A_organic,0.95
bn_1885,0,0,A_organic,0.95
bn_1886,0,0,A_organic,0.95
bn_1887,0,0,A_organic,0.95
bn_1888,0,0,A_organic,0.95
bn_1889,0,0,A_organic,0.95
bn_1890,0,0,A_organic,0.95
bn_1891,0,0,A_organic,0.95
bn_1892,0,0,A_organic,0.95
bn_1894,0,0,A_organic,0.95
bn_1895,0,0,A_organic,0.95
bn_1896,0,0,A_organic,0.95
bn_1897,0,0,A_organic,0.95
bn_1898,0,0,A_organic,0.95
bn_1899,0,0,A_organic,0.95
bn_1900,0,0,A_organic,0.95
bn_1901,0,0,A_organic,0.95
bn_1904,0,0,A_organic,0.95
bn_1906,2,0,A_organic,0.95
bn_1907,2,0,A_organic,0.95
bn_1908,0,0,A_organic,0.95
bn_1909,0,0,A_organic,0.95
bn_1910,0,0,A_organic,0.95
bn_1911,2,0,A_organic,0.95
bn_1912,1,0,A_organic,0.95
bn_1913,0,0,A_organic,0.95
bn_1914,1,0,A_organic,0.95
bn_1915,2,0,A_organic,0.95
bn_1916,0,0,A_organic,0.95
bn_1917,0,0,A_organic,0.95
bn_1918,0,0,A_organic,0.95
bn_1919,0,0,A_organic,0.95
bn_1920,1,0,A_organic,0.95
bn_1921,0,0,A_organic,0.95
bn_1922,0,0,A_organic,0.95
bn_1923,2,0,A_organic,0.95
bn_1924,0,0,A_organic,0.95
bn_1925,0,0,A_organic,0.95
bn_1926,0,0,A_organic,0.95
bn_1928,0,0,A_organic,0.95
bn_1929,1,0,A_organic,0.95
bn_1930,0,0,A_organic,0.95
bn_1931,0,0,A_organic,0.95
bn_1932,0,0,A_organic,0.95
bn_1933,0,0,A_organic,0.95
bn_1934,2,0,A_organic,0.95
bn_1935,0,0,A_organic,0.95
bn_1936,0,0,A_organic,0.95
bn_1937,0,0,A_organic,0.95
bn_1938,0,0,A_organic,0.95
bn_1940,0,0,A_organic,0.95
bn_1941,0,0,A_organic,0.95
bn_1942,0,0,A_organic,0.95
bn_1943,0,0,A_organic,0.95
bn_1944,0,0,A_organic,0.95
bn_1945,0,0,A_organic,0.95
bn_1946,0,0,A_organic,0.95
bn_1947,0,0,A_organic,0.95
bn_1948,0,0,A_organic,0.95
bn_1951,0,0,A_organic,0.95
bn_1952,0,0,A_organic,0.95
bn_1954,0,0,A_organic,0.95
bn_1955,2,0,A_organic,0.95
bn_1956,1,0,A_organic,0.95
bn_1957,0,0,A_organic,0.95
bn_1958,0,0,A_organic,0.95
bn_1959,1,0,A_organic,0.95
bn_1960,0,0,A_organic,0.95
bn_1961,0,0,A_organic,0.95
bn_1962,0,0,A_organic,0.95
bn_1963,0,0,A_organic,0.95
bn_1964,0,0,A_organic,0.95
bn_1965,0,0,A_organic,0.95
bn_1966,1,0,A_organic,0.95
bn_1967,0,0,A_organic,0.95
bn_1968,0,0,A_organic,0.95
bn_1969,0,0,A_organic,0.95
bn_1970,0,0,A_organic,0.95
bn_1971,0,0,A_organic,0.95
bn_1972,0,0,A_organic,0.95
bn_1973,2,0,A_organic,0.95
bn_1977,0,0,A_organic,0.95
bn_1978,0,0,A_organic,0.95
bn_1980,0,0,A_organic,0.95
bn_1981,0,0,A_organic,0.95
bn_1982,0,0,A_organic,0.95
bn_1983,0,0,A_organic,0.95
bn_1984,0,0,A_organic,0.95
bn_1985,0,0,A_organic,0.95
bn_1986,0,0,A_organic,0.95
bn_1987,0,0,A_organic,0.95
bn_1988,0,0,A_organic,0.95
bn_1989,0,0,A_organic,0.95
bn_1990,0,0,A_organic,0.95
bn_1991,0,0,A_organic,0.95
bn_1992,0,0,A_organic,0.95
bn_1993,1,0,A_organic,0.95
bn_1994,0,0,A_organic,0.95
bn_1995,0,0,A_organic,0.95
bn_1996,0,0,A_organic,0.95
bn_1997,0,0,A_organic,0.95
bn_1998,0,0,A_organic,0.95
bn_1999,2,2,B_uniform,0.95
bn_2000,2,2,B_uniform,0.95
bn_2001,1,2,B_uniform,0.95
bn_2002,2,2,B_uniform,0.95
bn_2003,2,2,B_uniform,0.95
bn_2004,1,2,B_uniform,0.95
bn_2005,1,2,B_uniform,0.95
bn_2006,1,2,B_uniform,0.95
bn_2007,1,2,B_uniform,0.95
bn_2008,2,2,B_uniform,0.95
bn_2009,2,2,B_uniform,0.95
bn_2010,2,2,B_uniform,0.95
bn_2011,2,2,B_uniform,0.95
bn_2012,2,2,B_uniform,0.95
bn_2013,2,2,B_uniform,0.95
bn_2014,1,2,B_uniform,0.95
bn_2015,1,2,B_uniform,0.95
bn_2016,2,2,B_uniform,0.95
bn_2017,1,2,B_uniform,0.95
bn_2018,2,2,B_uniform,0.95
bn_2019,1,2,B_uniform,0.95
bn_2020,2,2,B_uniform,0.95
bn_2021,1,2,B_uniform,0.95
bn_2022,0,2,B_uniform,0.95
bn_2023,1,2,B_uniform,0.95
bn_2024,2,2,B_uniform,0.95
bn_2025,2,2,B_uniform,0.95
bn_2026,1,2,B_uniform,0.95
bn_2027,1,2,B_uniform,0.95
bn_2028,1,2,B_uniform,0.95
bn_2029,2,2,B_uniform,0.95
bn_2030,0,2,B_uniform,0.95
bn_2031,2,2,B_uniform,0.95
bn_2032,1,2,B_uniform,0.95
bn_2033,1,2,B_uniform,0.95
bn_2034,2,2,B_uniform,0.95
bn_2035,1,2,B_uniform,0.95
bn_2036,2,2,B_uniform,0.95
bn_2037,2,2,B_uniform,0.95
bn_2038,2,2,B_uniform,0.95
bn_2039,1,2,B_uniform,0.95
bn_2040,1,2,B_uniform,0.95
bn_2041,2,2,B_uniform,0.95
bn_2042,2,2,B_uniform,0.95
bn_2043,2,2,B_uniform,0.95
bn_2044,1,2,B_uniform,0.95
bn_2045,2,2,B_uniform,0.95
bn_2046,1,2,B_uniform,0.95
bn_2047,1,2,B_uniform,0.95
bn_2048,2,2,B_uniform,0.95
bn_2049,1,2,B_uniform,0.95
bn_2050,2,2,B_uniform,0.95
bn_2051,1,2,B_uniform,0.95
bn_2052,2,2,B_uniform,0.95
bn_2053,1,2,B_uniform,0.95
bn_2054,2,2,B_uniform,0.95
bn_2055,1,2,B_uniform,0.95
bn_2056,2,2,B_uniform,0.95
bn_2057,1,2,B_uniform,0.95
bn_2058,2,2,B_uniform,0.95
bn_2059,0,2,B_uniform,0.95
bn_2060,1,2,B_uniform,0.95
bn_2061,2,2,B_uniform,0.95
bn_2062,2,2,B_uniform,0.95
bn_2063,1,2,B_uniform,0.95
bn_2064,2,2,B_uniform,0.95
bn_2065,1,2,B_uniform,0.95
bn_2066,2,2,B_uniform,0.95
bn_2067,1,2,B_uniform,0.95
bn_2068,1,2,B_uniform,0.95
bn_2069,1,2,B_uniform,0.95
bn_2070,1,2,B_uniform,0.95
bn_2071,0,2,B_uniform,0.95
bn_2072,2,2,B_uniform,0.95
bn_2073,0,2,B_uniform,0.95
bn_2074,1,2,B_uniform,0.95
bn_2075,1,2,B_uniform,0.95
bn_2076,2,2,B_uniform,0.95
bn_2077,2,2,B_uniform,0.95
bn_2078,2,2,B_uniform,0.95
bn_2079,2,2,B_uniform,0.95
bn_2080,2,2,B_uniform,0.95
bn_2081,2,2,B_uniform,0.95
bn_2082,2,2,B_uniform,0.95
bn_2083,2,2,B_uniform,0.95
bn_2084,1,2,B_uniform,0.95
bn_2085,2,2,B_uniform,0.95
bn_2086,2,2,B_uniform,0.95
bn_2087,2,2,B_uniform,0.95
bn_2088,0,2,B_uniform,0.95
bn_2089,2,2,B_uniform,0.95
bn_2090,1,2,B_uniform,0.95
bn_2091,1,2,B_uniform,0.95
bn_2092,2,2,B_uniform,0.95
bn_2093,2,2,B_uniform,0.95
bn_2094,2,2,B_uniform,0.95
bn_2095,2,2,B_uniform,0.95
bn_2096,2,2,B_uniform,0.95
bn_2097,1,2,B_uniform,0.95
bn_2098,1,2,B_uniform,0.95
bn_2099,2,2,B_uniform,0.95
bn_2100,2,2,B_uniform,0.95
bn_2101,1,2,B_uniform,0.95
bn_2102,2,2,B_uniform,0.95
bn_2103,2,2,B_uniform,0.95
bn_2104,1,2,B_uniform,0.95
bn_2105,1,2,B_uniform,0.95
bn_2106,2,2,B_uniform,0.95
bn_2107,2,2,B_uniform,0.95
bn_2108,1,2,B_uniform,0.95
bn_2109,1,2,B_uniform,0.95
bn_2110,2,2,B_uniform,0.95
bn_2111,1,2,B_uniform,0.95
bn_2112,2,2,B_uniform,0.95
bn_2113,2,2,B_uniform,0.95
bn_2114,1,2,B_uniform,0.95
bn_2115,2,2,B_uniform,0.95
bn_2116,2,2,B_uniform,0.95
bn_2117,1,2,B_uniform,0.95
bn_2118,2,2,B_uniform,0.95
bn_2119,1,2,B_uniform,0.95
bn_2120,2,2,B_uniform,0.95
bn_2121,1,2,B_uniform,0.95
bn_2122,2,2,B_uniform,0.95
bn_2123,2,2,B_uniform,0.95
bn_2124,1,2,B_uniform,0.95
bn_2125,2,2,B_uniform,0.95
bn_2126,1,2,B_uniform,0.95
bn_2127,1,2,B_uniform,0.95
bn_2128,2,2,B_uniform,0.95
bn_2129,1,2,B_uniform,0.95
bn_2130,1,2,B_uniform,0.95
bn_2131,2,2,B_uniform,0.95
bn_2132,1,2,B_uniform,0.95
bn_2133,2,2,B_uniform,0.95
bn_2134,1,2,B_uniform,0.95
bn_2135,2,2,B_uniform,0.95
bn_2136,2,2,B_uniform,0.95
bn_2137,1,2,B_uniform,0.95
bn_2138,1,2,B_uniform,0.95
bn_2139,1,2,B_uniform,0.95
bn_2140,2,2,B_uniform,0.95
bn_2141,2,2,B_uniform,0.95
bn_2142,1,2,B_uniform,0.95
bn_2143,2,2,B_uniform,0.95
bn_2144,1,2,B_uniform,0.95
bn_2145,1,2,B_uniform,0.95
bn_2146,2,2,B_uniform,0.95
bn_2147,2,2,B_uniform,0.95
bn_2148,1,2,B_uniform,0.95
bn_2149,2,2,B_uniform,0.95
bn_2150,1,2,B_uniform,0.95
bn_2151,2,2,B_uniform,0.95
bn_2152,1,2,B_uniform,0.95
bn_2153,2,2,B_uniform,0.95
bn_2154,2,2,B_uniform,0.95
bn_2155,1,2,B_uniform,0.95
bn_2156,1,2,B_uniform,0.95
bn_2157,2,2,B_uniform,0.95
bn_2158,2,2,B_uniform,0.95
bn_2159,2,2,B_uniform,0.95
bn_2160,2,2,B_uniform,0.95
bn_2161,2,2,B_uniform,0.95
bn_2162,2,2,B_uniform,0.95
bn_2163,2,2,B_uniform,0.95
bn_2164,1,2,B_uniform,0.95
bn_2165,2,2,B_uniform,0.95
bn_2166,2,2,B_uniform,0.95
bn_2167,2,2,B_uniform,0.95
bn_2168,1,2,B_uniform,0.95
bn_2169,2,2,B_uniform,0.95
bn_2170,2,2,B_uniform,0.95
bn_2171,2,2,B_uniform,0.95
bn_2172,2,2,B_uniform,0.95
bn_2173,1,2,B_uniform,0.95
bn_2174,2,2,B_uniform,0.95
bn_2175,1,2,B_uniform,0.95
bn_2176,1,2,B_uniform,0.95
bn_2177,2,2,B_uniform,0.95
bn_2178,2,2,B_uniform,0.95
bn_2179,1,2,B_uniform,0.95
bn_2180,2,2,B_uniform,0.95
bn_2181,1,2,B_uniform,0.95
bn_2182,1,2,B_uniform,0.95
bn_2183,2,2,B_uniform,0.95
bn_2184,2,2,B_uniform,0.95
bn_2185,1,2,B_uniform,0.95
bn_2186,1,2,B_uniform,0.95
bn_2187,1,2,B_uniform,0.95
bn_2188,2,2,B_uniform,0.95
bn_2189,2,2,B_uniform,0.95
bn_2190,2,2,B_uniform,0.95
bn_2191,2,2,B_uniform,0.95
bn_2192,2,2,B_uniform,0.95
bn_2193,2,2,B_uniform,0.95
bn_2194,1,2,B_uniform,0.95
bn_2195,2,2,B_uniform,0.95
bn_2196,1,2,B_uniform,0.95
bn_2197,2,2,B_uniform,0.95
bn_2198,1,2,B_uniform,0.95
bn_2199,2,2,B_uniform,0.95
bn_2200,1,2,B_uniform,0.95
bn_2201,2,2,B_uniform,0.95
bn_2202,2,2,B_uniform,0.95
bn_2203,2,2,B_uniform,0.95
bn_2204,1,2,B_uniform,0.95
bn_2205,2,2,B_uniform,0.95
bn_2206,1,2,B_uniform,0.95
bn_2207,1,2,B_uniform,0.95
bn_2208,2,2,B_uniform,0.95
bn_2209,1,2,B_uniform,0.95
bn_2210,1,2,B_uniform,0.95
bn_2211,1,2,B_uniform,0.95
bn_2212,2,2,B_uniform,0.95
bn_2213,1,2,B_uniform,0.95
bn_2214,2,2,B_uniform,0.95
bn_2215,2,2,B_uniform,0.95
bn_2216,1,2,B_uniform,0.95
bn_2217,2,2,B_uniform,0.95
bn_2219,1,2,B_uniform,0.95
bn_2220,1,2,B_uniform,0.95
bn_2221,2,2,B_uniform,0.95
bn_2222,2,2,B_uniform,0.95
bn_2223,1,2,B_uniform,0.95
bn_2224,2,2,B_uniform,0.95
bn_2225,2,2,B_uniform,0.95
bn_2226,0,2,B_uniform,0.95
bn_2227,1,2,B_uniform,0.95
bn_2228,1,2,B_uniform,0.95
bn_2229,2,2,B_uniform,0.95
bn_2230,1,2,B_uniform,0.95
bn_2231,2,2,B_uniform,0.95
bn_2232,2,2,B_uniform,0.95
bn_2233,1,2,B_uniform,0.95
bn_2234,2,2,B_uniform,0.95
bn_2235,2,2,B_uniform,0.95
bn_2236,2,2,B_uniform,0.95
bn_2238,2,2,B_uniform,0.95
bn_2239,2,2,B_uniform,0.95
bn_2240,2,2,B_uniform,0.95
bn_2241,2,2,B_uniform,0.95
bn_2242,2,2,B_uniform,0.95
bn_2243,1,2,B_uniform,0.95
bn_2244,2,2,B_uniform,0.95
bn_2245,2,2,B_uniform,0.95
bn_2246,1,2,B_uniform,0.95
bn_2247,1,2,B_uniform,0.95
bn_2248,1,2,B_uniform,0.95
bn_2249,2,2,B_uniform,0.95
bn_2250,2,2,B_uniform,0.95
bn_2251,2,2,B_uniform,0.95
bn_2252,1,2,B_uniform,0.95
bn_2253,2,2,B_uniform,0.95
bn_2254,2,2,B_uniform,0.95
bn_2255,2,2,B_uniform,0.95
bn_2257,1,2,B_uniform,0.95
bn_2258,2,2,B_uniform,0.95
bn_2259,2,2,B_uniform,0.95
bn_2260,2,2,B_uniform,0.95
bn_2261,2,2,B_uniform,0.95
bn_2262,1,2,B_uniform,0.95
bn_2263,2,2,B_uniform,0.95
bn_2264,2,2,B_uniform,0.95
bn_2265,2,2,B_uniform,0.95
bn_2266,2,2,B_uniform,0.95
bn_2267,2,2,B_uniform,0.95
bn_2268,1,2,B_uniform,0.95
bn_2269,1,2,B_uniform,0.95
bn_2270,2,2,B_uniform,0.95
bn_2271,2,2,B_uniform,0.95
bn_2272,2,2,B_uniform,0.95
bn_2273,2,2,B_uniform,0.95
bn_2275,1,2,B_uniform,0.95
bn_2276,1,2,B_uniform,0.95
bn_2277,2,2,B_uniform,0.95
bn_2278,2,2,B_uniform,0.95
bn_2279,2,2,B_uniform,0.95
bn_2280,2,2,B_uniform,0.95
bn_2281,2,2,B_uniform,0.95
bn_2282,1,2,B_uniform,0.95
bn_2283,1,2,B_uniform,0.95
bn_2284,1,2,B_uniform,0.95
bn_2286,1,2,B_uniform,0.95
bn_2287,2,2,B_uniform,0.95
bn_2288,2,2,B_uniform,0.95
bn_2289,1,2,B_uniform,0.95
bn_2290,2,2,B_uniform,0.95
bn_2291,2,2,B_uniform,0.95
bn_2292,2,2,B_uniform,0.95
bn_2293,2,2,B_uniform,0.95
bn_2294,2,2,B_uniform,0.95
bn_2296,2,2,B_uniform,0.95
bn_2298,2,2,B_uniform,0.95
bn_2300,2,2,B_uniform,0.95
bn_2302,2,2,B_uniform,0.95
bn_2304,2,2,B_uniform,0.95
bn_2306,2,2,B_uniform,0.95
bn_2308,1,2,B_uniform,0.95
bn_2310,1,2,B_uniform,0.95
bn_2311,2,2,B_uniform,0.95
bn_2312,2,2,B_uniform,0.95
bn_2314,2,2,B_uniform,0.95
bn_2315,2,2,B_uniform,0.95
bn_2316,1,2,B_uniform,0.95
bn_2317,2,2,B_uniform,0.95
bn_2318,1,2,B_uniform,0.95
bn_2319,1,2,B_uniform,0.95
bn_2320,2,2,B_uniform,0.95
bn_2321,2,2,B_uniform,0.95
bn_2322,1,2,B_uniform,0.95
bn_2323,2,2,B_uniform,0.95
bn_2324,2,2,B_uniform,0.95
bn_2325,2,2,B_uniform,0.95
bn_2326,2,2,B_uniform,0.95
bn_2327,2,2,B_uniform,0.95
bn_2328,1,2,B_uniform,0.95
bn_2329,2,2,B_uniform,0.95
bn_2330,2,2,B_uniform,0.95
bn_2331,2,2,B_uniform,0.95
bn_2332,1,2,B_uniform,0.95
bn_2333,2,2,B_uniform,0.95
bn_2334,2,2,B_uniform,0.95
bn_2335,2,2,B_uniform,0.95
bn_2336,2,2,B_uniform,0.95
bn_2337,2,2,B_uniform,0.95
bn_2338,2,2,B_uniform,0.95
bn_2339,2,2,B_uniform,0.95
bn_2340,2,2,B_uniform,0.95
bn_2341,2,2,B_uniform,0.95
bn_2342,2,2,B_uniform,0.95
bn_2343,2,2,B_uniform,0.95
bn_2344,2,2,B_uniform,0.95
bn_2345,1,2,B_uniform,0.95
bn_2346,2,2,B_uniform,0.95
bn_2347,2,2,B_uniform,0.95
bn_2348,2,2,B_uniform,0.95
bn_2349,2,2,B_uniform,0.95
bn_2350,2,2,B_uniform,0.95
bn_2351,2,2,B_uniform,0.95
bn_2352,2,2,B_uniform,0.95
bn_2353,2,2,B_uniform,0.95
bn_2354,2,2,B_uniform,0.95
bn_2355,2,2,B_uniform,0.95
bn_2356,2,2,B_uniform,0.95
bn_2357,1,2,B_uniform,0.95
bn_2358,1,2,B_uniform,0.95
bn_2359,1,2,B_uniform,0.95
bn_2360,2,2,B_uniform,0.95
bn_2361,2,2,B_uniform,0.95
bn_2362,2,2,B_uniform,0.95
bn_2363,2,2,B_uniform,0.95
bn_2364,2,2,B_uniform,0.95
bn_2365,2,2,B_uniform,0.95
bn_2366,2,2,B_uniform,0.95
bn_2367,1,2,B_uniform,0.95
bn_2368,1,2,B_uniform,0.95
bn_2369,2,2,B_uniform,0.95
bn_2370,2,2,B_uniform,0.95
bn_2371,2,2,B_uniform,0.95
bn_2372,2,2,B_uniform,0.95
bn_2373,2,2,B_uniform,0.95
bn_2374,2,2,B_uniform,0.95
bn_2375,1,2,B_uniform,0.95
bn_2376,2,2,B_uniform,0.95
bn_2377,2,2,B_uniform,0.95
bn_2378,2,2,B_uniform,0.95
bn_2379,2,2,B_uniform,0.95
bn_2380,2,2,B_uniform,0.95
bn_2381,2,2,B_uniform,0.95
bn_2382,2,2,B_uniform,0.95
bn_2383,1,2,B_uniform,0.95
bn_2384,2,2,B_uniform,0.95
bn_2385,2,2,B_uniform,0.95
bn_2386,2,2,B_uniform,0.95
bn_2387,2,2,B_uniform,0.95
bn_2388,2,2,B_uniform,0.95
bn_2389,1,2,B_uniform,0.95
bn_2390,2,2,B_uniform,0.95
bn_2391,2,2,B_uniform,0.95
bn_2392,2,2,B_uniform,0.95
bn_2393,1,2,B_uniform,0.95
bn_2394,2,2,B_uniform,0.95
bn_2395,2,2,B_uniform,0.95
bn_2396,2,2,B_uniform,0.95
bn_2397,2,2,B_uniform,0.95
bn_2398,2,2,B_uniform,0.95
bn_2399,2,2,B_uniform,0.95
bn_2400,2,2,B_uniform,0.95
bn_2401,2,2,B_uniform,0.95
bn_2402,2,2,B_uniform,0.95
bn_2403,2,2,B_uniform,0.95
bn_2404,2,2,B_uniform,0.95
bn_2405,2,2,B_uniform,0.95
bn_2406,2,2,B_uniform,0.95
bn_2407,2,2,B_uniform,0.95
bn_2408,2,2,B_uniform,0.95
bn_2409,2,2,B_uniform,0.95
bn_2410,2,2,B_uniform,0.95
bn_2411,2,2,B_uniform,0.95
bn_2412,1,2,B_uniform,0.95
bn_2413,2,2,B_uniform,0.95
bn_2414,1,2,B_uniform,0.95
bn_2415,2,2,B_uniform,0.95
bn_2416,2,2,B_uniform,0.95
bn_2417,2,2,B_uniform,0.95
bn_2418,2,2,B_uniform,0.95
bn_2419,2,2,B_uniform,0.95
bn_2420,2,2,B_uniform,0.95
bn_2421,2,2,B_uniform,0.95
bn_2422,2,2,B_uniform,0.95
bn_2423,2,2,B_uniform,0.95
bn_2424,2,2,B_uniform,0.95
bn_2425,2,2,B_uniform,0.95
bn_2426,2,2,B_uniform,0.95
bn_2427,2,2,B_uniform,0.95
bn_2428,2,2,B_uniform,0.95
bn_2429,2,2,B_uniform,0.95
bn_2430,2,2,B_uniform,0.95
bn_2431,2,2,B_uniform,0.95
bn_2432,2,2,B_uniform,0.95
bn_2433,2,2,B_uniform,0.95
bn_2434,2,2,B_uniform,0.95
bn_2435,2,2,B_uniform,0.95
bn_2436,2,2,B_uniform,0.95
bn_2437,2,2,B_uniform,0.95
bn_2438,2,2,B_uniform,0.95
bn_2439,1,2,B_uniform,0.95
bn_2440,2,2,B_uniform,0.95
bn_2441,2,2,B_uniform,0.95
bn_2442,2,2,B_uniform,0.95
bn_2443,2,2,B_uniform,0.95
bn_2444,2,2,B_uniform,0.95
bn_2445,2,2,B_uniform,0.95
bn_2446,2,2,B_uniform,0.95
bn_2447,2,2,B_uniform,0.95
bn_2448,2,2,B_uniform,0.95
bn_2449,2,2,B_uniform,0.95
bn_2450,2,2,B_uniform,0.95
bn_2451,2,2,B_uniform,0.95
bn_2452,2,2,B_uniform,0.95
bn_2453,1,2,B_uniform,0.95
bn_2454,2,2,B_uniform,0.95
bn_2455,2,2,B_uniform,0.95
bn_2456,2,2,B_uniform,0.95
bn_2457,2,2,B_uniform,0.95
bn_2458,2,2,B_uniform,0.95
bn_2459,2,2,B_uniform,0.95
bn_2460,2,2,B_uniform,0.95
bn_2461,2,2,B_uniform,0.95
bn_2462,2,2,B_uniform,0.95
bn_2463,2,2,B_uniform,0.95
bn_2464,2,2,B_uniform,0.95
bn_2465,2,2,B_uniform,0.95
bn_2466,2,2,B_uniform,0.95
bn_2467,2,2,B_uniform,0.95
bn_2468,1,2,B_uniform,0.95
bn_2469,1,2,B_uniform,0.95
bn_2470,2,2,B_uniform,0.95
bn_2471,2,2,B_uniform,0.95
bn_2472,2,2,B_uniform,0.95
bn_2473,1,2,B_uniform,0.95
bn_2474,2,2,B_uniform,0.95
bn_2475,1,2,B_uniform,0.95
bn_2476,2,2,B_uniform,0.95
bn_2477,2,2,B_uniform,0.95
bn_2478,1,2,B_uniform,0.95
bn_2479,1,2,B_uniform,0.95
bn_2480,1,2,B_uniform,0.95
bn_2481,1,2,B_uniform,0.95
bn_2482,2,2,B_uniform,0.95
bn_2483,2,2,B_uniform,0.95
bn_2484,1,2,B_uniform,0.95
bn_2485,2,2,B_uniform,0.95
bn_2486,2,2,B_uniform,0.95
bn_2487,2,2,B_uniform,0.95
bn_2488,2,2,B_uniform,0.95
bn_2489,2,2,B_uniform,0.95
bn_2490,1,2,B_uniform,0.95
bn_2491,1,2,B_uniform,0.95
bn_2492,2,2,B_uniform,0.95
bn_2493,2,2,B_uniform,0.95
bn_2494,1,2,B_uniform,0.95
bn_2495,2,2,B_uniform,0.95
bn_2496,2,2,B_uniform,0.95
bn_2497,1,2,B_uniform,0.95
bn_2498,2,2,B_uniform,0.95
bn_2499,2,2,B_uniform,0.95
bn_2500,2,2,B_uniform,0.95
bn_2501,2,2,B_uniform,0.95
bn_2502,1,2,B_uniform,0.95
bn_2503,1,2,B_uniform,0.95
bn_2504,2,2,B_uniform,0.95
bn_2505,1,2,B_uniform,0.95
bn_2506,1,2,B_uniform,0.95
bn_2507,2,2,B_uniform,0.95
bn_2508,2,2,B_uniform,0.95
bn_2509,2,2,B_uniform,0.95
bn_2510,1,2,B_uniform,0.95
bn_2511,2,2,B_uniform,0.95
bn_2512,2,2,B_uniform,0.95
bn_2513,1,2,B_uniform,0.95
bn_2514,2,2,B_uniform,0.95
bn_2515,2,2,B_uniform,0.95
bn_2516,2,2,B_uniform,0.95
bn_2517,2,2,B_uniform,0.95
bn_2518,2,2,B_uniform,0.95
bn_2519,2,2,B_uniform,0.95
bn_2520,2,2,B_uniform,0.95
bn_2521,2,2,B_uniform,0.95
bn_2522,1,2,B_uniform,0.95
bn_2523,2,2,B_uniform,0.95
bn_2524,2,2,B_uniform,0.95
bn_2525,2,2,B_uniform,0.95
bn_2526,1,2,B_uniform,0.95
bn_2527,1,2,B_uniform,0.95
bn_2528,2,2,B_uniform,0.95
bn_2529,1,2,B_uniform,0.95
bn_2530,1,2,B_uniform,0.95
bn_2531,2,2,B_uniform,0.95
bn_2532,1,2,B_uniform,0.95
bn_2533,2,2,B_uniform,0.95
bn_2534,2,2,B_uniform,0.95
bn_2535,2,2,B_uniform,0.95
bn_2536,2,2,B_uniform,0.95
bn_2537,2,2,B_uniform,0.95
bn_2538,1,2,B_uniform,0.95
bn_2539,2,2,B_uniform,0.95
bn_2540,1,2,B_uniform,0.95
bn_2541,2,2,B_uniform,0.95
bn_2542,2,2,B_uniform,0.95
bn_2543,2,2,B_uniform,0.95
bn_2544,2,2,B_uniform,0.95
bn_2545,2,2,B_uniform,0.95
bn_2546,2,2,B_uniform,0.95
bn_2547,2,2,B_uniform,0.95
bn_2548,1,2,B_uniform,0.95
bn_2549,2,2,B_uniform,0.95
bn_2550,1,2,B_uniform,0.95
bn_2551,2,2,B_uniform,0.95
bn_2552,2,2,B_uniform,0.95
bn_2553,2,2,B_uniform,0.95
bn_2554,1,2,B_uniform,0.95
bn_2555,2,2,B_uniform,0.95
bn_2556,2,2,B_uniform,0.95
bn_2557,2,2,B_uniform,0.95
bn_2558,2,2,B_uniform,0.95
bn_2559,2,2,B_uniform,0.95
bn_2560,2,2,B_uniform,0.95
bn_2561,1,2,B_uniform,0.95
bn_2562,2,2,B_uniform,0.95
bn_2563,1,2,B_uniform,0.95
bn_2564,2,2,B_uniform,0.95
bn_2565,2,2,B_uniform,0.95
bn_2566,1,2,B_uniform,0.95
bn_2567,2,2,B_uniform,0.95
bn_2568,2,2,B_uniform,0.95
bn_2569,1,2,B_uniform,0.95
bn_2570,1,2,B_uniform,0.95
bn_2571,2,2,B_uniform,0.95
bn_2572,2,2,B_uniform,0.95
bn_2573,2,2,B_uniform,0.95
bn_2574,1,2,B_uniform,0.95
bn_2575,2,2,B_uniform,0.95
bn_2576,1,2,B_uniform,0.95
bn_2577,1,2,B_uniform,0.95
bn_2578,2,2,B_uniform,0.95
bn_2579,2,2,B_uniform,0.95
bn_2580,1,2,B_uniform,0.95
bn_2581,2,2,B_uniform,0.95
bn_2582,2,2,B_uniform,0.95
bn_2583,2,2,B_uniform,0.95
bn_2584,2,2,B_uniform,0.95
bn_2585,2,2,B_uniform,0.95
bn_2586,1,2,B_uniform,0.95
bn_2587,2,2,B_uniform,0.95
bn_2588,2,2,B_uniform,0.95
bn_2589,2,2,B_uniform,0.95
bn_2590,1,2,B_uniform,0.95
bn_2591,2,2,B_uniform,0.95
bn_2592,2,2,B_uniform,0.95
bn_2593,2,2,B_uniform,0.95
bn_2594,2,2,B_uniform,0.95
bn_2595,1,2,B_uniform,0.95
bn_2596,1,2,B_uniform,0.95
bn_2597,2,2,B_uniform,0.95
bn_2598,2,2,B_uniform,0.95
bn_2599,1,2,B_uniform,0.95
bn_2600,2,2,B_uniform,0.95
bn_2601,2,2,B_uniform,0.95
bn_2602,1,2,B_uniform,0.95
bn_2603,2,2,B_uniform,0.95
bn_2604,2,2,B_uniform,0.95
bn_2605,2,2,B_uniform,0.95
bn_2606,2,2,B_uniform,0.95
bn_2607,1,2,B_uniform,0.95
bn_2608,2,2,B_uniform,0.95
bn_2610,1,2,B_uniform,0.95
bn_2611,2,2,B_uniform,0.95
bn_2612,1,2,B_uniform,0.95
bn_2613,2,2,B_uniform,0.95
bn_2614,2,2,B_uniform,0.95
bn_2615,1,2,B_uniform,0.95
bn_2616,2,2,B_uniform,0.95
bn_2617,2,2,B_uniform,0.95
bn_2618,2,2,B_uniform,0.95
bn_2619,2,2,B_uniform,0.95
bn_2620,1,2,B_uniform,0.95
bn_2621,2,2,B_uniform,0.95
bn_2622,2,2,B_uniform,0.95
bn_2623,2,2,B_uniform,0.95
bn_2624,2,2,B_uniform,0.95
bn_2625,1,2,B_uniform,0.95
bn_2626,2,2,B_uniform,0.95
bn_2628,2,2,B_uniform,0.95
bn_2629,1,2,B_uniform,0.95
bn_2630,2,2,B_uniform,0.95
bn_2631,2,2,B_uniform,0.95
bn_2632,1,2,B_uniform,0.95
bn_2633,2,2,B_uniform,0.95
bn_2634,2,2,B_uniform,0.95
bn_2635,2,2,B_uniform,0.95
bn_2636,1,2,B_uniform,0.95
bn_2637,1,2,B_uniform,0.95
bn_2638,2,2,B_uniform,0.95
bn_2639,2,2,B_uniform,0.95
bn_2640,1,2,B_uniform,0.95
bn_2641,2,2,B_uniform,0.95
bn_2642,2,2,B_uniform,0.95
bn_2643,2,2,B_uniform,0.95
bn_2644,2,2,B_uniform,0.95
bn_2645,1,2,B_uniform,0.95
bn_2646,2,2,B_uniform,0.95
bn_2647,1,2,B_uniform,0.95
bn_2648,2,2,B_uniform,0.95
bn_2649,2,2,B_uniform,0.95
bn_2650,2,2,B_uniform,0.95
bn_2651,2,2,B_uniform,0.95
bn_2652,1,2,B_uniform,0.95
bn_2653,2,2,B_uniform,0.95
bn_2654,1,2,B_uniform,0.95
bn_2655,2,2,B_uniform,0.95
bn_2656,2,2,B_uniform,0.95
bn_2657,2,2,B_uniform,0.95
bn_2658,1,2,B_uniform,0.95
bn_2659,2,2,B_uniform,0.95
bn_2660,2,2,B_uniform,0.95
bn_2662,1,2,B_uniform,0.95
bn_2663,2,2,B_uniform,0.95
bn_2664,2,2,B_uniform,0.95
bn_2665,2,2,B_uniform,0.95
bn_2666,2,2,B_uniform,0.95
bn_2667,2,2,B_uniform,0.95
bn_2668,1,2,B_uniform,0.95
bn_2669,1,2,B_uniform,0.95
bn_2670,2,2,B_uniform,0.95
bn_2671,2,2,B_uniform,0.95
bn_2672,1,2,B_uniform,0.95
bn_2673,1,2,B_uniform,0.95
bn_2674,1,2,B_uniform,0.95
bn_2675,2,2,B_uniform,0.95
bn_2676,2,2,B_uniform,0.95
bn_2677,1,2,B_uniform,0.95
bn_2678,1,2,B_uniform,0.95
bn_2679,2,2,B_uniform,0.95
bn_2680,2,2,B_uniform,0.95
bn_2681,2,2,B_uniform,0.95
bn_2682,1,2,B_uniform,0.95
bn_2683,1,2,B_uniform,0.95
bn_2684,2,2,B_uniform,0.95
bn_2685,2,2,B_uniform,0.95
bn_2686,2,2,B_uniform,0.95
bn_2687,2,2,B_uniform,0.95
bn_2688,1,2,B_uniform,0.95
bn_2689,1,2,B_uniform,0.95
bn_2691,2,2,B_uniform,0.95
bn_2692,1,2,B_uniform,0.95
bn_2693,2,2,B_uniform,0.95
bn_2694,1,2,B_uniform,0.95
bn_2695,2,2,B_uniform,0.95
bn_2696,1,2,B_uniform,0.95
bn_2697,2,2,B_uniform,0.95
bn_2698,1,2,B_uniform,0.95
bn_2699,2,2,B_uniform,0.95
bn_2700,1,2,B_uniform,0.95
bn_2701,2,2,B_uniform,0.95
bn_2702,1,2,B_uniform,0.95
bn_2703,1,2,B_uniform,0.95
bn_2704,2,2,B_uniform,0.95
bn_2705,2,2,B_uniform,0.95
bn_2706,2,2,B_uniform,0.95
bn_2707,2,2,B_uniform,0.95
bn_2708,1,2,B_uniform,0.95
bn_2709,1,2,B_uniform,0.95
bn_2711,2,2,B_uniform,0.95
bn_2712,1,2,B_uniform,0.95
bn_2713,2,2,B_uniform,0.95
bn_2714,2,2,B_uniform,0.95
bn_2715,2,2,B_uniform,0.95
bn_2716,2,2,B_uniform,0.95
bn_2717,1,2,B_uniform,0.95
bn_2718,2,2,B_uniform,0.95
bn_2719,2,2,B_uniform,0.95
bn_2720,1,2,B_uniform,0.95
bn_2721,1,2,B_uniform,0.95
bn_2722,1,2,B_uniform,0.95
bn_2724,2,2,B_uniform,0.95
bn_2725,2,2,B_uniform,0.95
bn_2726,2,2,B_uniform,0.95
bn_2727,2,2,B_uniform,0.95
bn_2728,1,2,B_uniform,0.95
bn_2729,2,2,B_uniform,0.95
bn_2730,1,2,B_uniform,0.95
bn_2731,2,2,B_uniform,0.95
bn_2732,1,2,B_uniform,0.95
bn_2733,1,2,B_uniform,0.95
bn_2734,1,2,B_uniform,0.95
bn_2735,2,2,B_uniform,0.95
bn_2736,2,2,B_uniform,0.95
bn_2737,1,2,B_uniform,0.95
bn_2738,1,2,B_uniform,0.95
bn_2739,2,2,B_uniform,0.95
bn_2740,1,2,B_uniform,0.95
bn_2741,2,2,B_uniform,0.95
bn_2742,2,2,B_uniform,0.95
bn_2743,2,2,B_uniform,0.95
bn_2744,2,2,B_uniform,0.95
bn_2745,2,2,B_uniform,0.95
bn_2746,2,2,B_uniform,0.95
bn_2747,1,2,B_uniform,0.95
bn_2748,2,2,B_uniform,0.95
bn_2749,2,2,B_uniform,0.95
bn_2750,1,2,B_uniform,0.95
bn_2751,2,2,B_uniform,0.95
bn_2752,1,2,B_uniform,0.95
bn_2753,2,2,B_uniform,0.95
bn_2754,2,2,B_uniform,0.95
bn_2755,2,2,B_uniform,0.95
bn_2756,1,2,B_uniform,0.95
bn_2757,2,2,B_uniform,0.95
bn_2758,2,2,B_uniform,0.95
bn_2759,2,2,B_uniform,0.95
bn_2760,1,2,B_uniform,0.95
bn_2761,2,2,B_uniform,0.95
bn_2762,2,2,B_uniform,0.95
bn_2763,1,2,B_uniform,0.95
bn_2764,2,2,B_uniform,0.95
bn_2765,2,2,B_uniform,0.95
bn_2766,1,2,B_uniform,0.95
bn_2767,2,2,B_uniform,0.95
bn_2768,2,2,B_uniform,0.95
bn_2769,2,2,B_uniform,0.95
bn_2770,2,2,B_uniform,0.95
bn_2771,2,2,B_uniform,0.95
bn_2772,2,2,B_uniform,0.95
bn_2774,2,2,B_uniform,0.95
bn_2776,2,2,B_uniform,0.95
bn_2777,2,2,B_uniform,0.95
bn_2778,1,2,B_uniform,0.95
bn_2779,1,2,B_uniform,0.95
bn_2780,1,2,B_uniform,0.95
bn_2781,2,2,B_uniform,0.95
bn_2782,2,2,B_uniform,0.95
bn_2784,1,2,B_uniform,0.95
bn_2785,1,2,B_uniform,0.95
bn_2786,1,2,B_uniform,0.95
bn_2787,1,2,B_uniform,0.95
bn_2788,2,2,B_uniform,0.95
bn_2789,2,2,B_uniform,0.95
bn_2790,2,2,B_uniform,0.95
bn_2791,2,2,B_uniform,0.95
bn_2792,2,2,B_uniform,0.95
bn_2793,2,2,B_uniform,0.95
bn_2794,1,2,B_uniform,0.95
bn_2795,1,2,B_uniform,0.95
bn_2796,2,2,B_uniform,0.95
bn_2797,1,2,B_uniform,0.95
bn_2798,0,2,B_uniform,0.95
bn_2799,1,2,B_uniform,0.95
bn_2800,2,2,B_uniform,0.95
bn_2801,2,2,B_uniform,0.95
bn_2803,1,2,B_uniform,0.95
bn_2804,2,2,B_uniform,0.95
bn_2805,2,2,B_uniform,0.95
bn_2806,1,2,B_uniform,0.95
bn_2807,2,2,B_uniform,0.95
bn_2808,2,2,B_uniform,0.95
bn_2809,1,2,B_uniform,0.95
bn_2810,2,2,B_uniform,0.95
bn_2811,1,2,B_uniform,0.95
bn_2812,1,2,B_uniform,0.95
bn_2813,2,2,B_uniform,0.95
bn_2814,2,2,B_uniform,0.95
bn_2815,2,2,B_uniform,0.95
bn_2816,2,2,B_uniform,0.95
bn_2817,2,2,B_uniform,0.95
bn_2818,2,2,B_uniform,0.95
bn_2819,2,2,B_uniform,0.95
bn_2820,2,2,B_uniform,0.95
bn_2821,2,2,B_uniform,0.95
bn_2822,2,2,B_uniform,0.95
bn_2823,1,2,B_uniform,0.95
bn_2824,2,2,B_uniform,0.95
bn_2825,2,2,B_uniform,0.95
bn_2826,2,2,B_uniform,0.95
bn_2827,1,2,B_uniform,0.95
bn_2829,1,2,B_uniform,0.95
bn_2830,1,2,B_uniform,0.95
bn_2831,2,2,B_uniform,0.95
bn_2832,2,2,B_uniform,0.95
bn_2833,2,2,B_uniform,0.95
bn_2834,2,2,B_uniform,0.95
bn_2835,1,2,B_uniform,0.95
bn_2836,2,2,B_uniform,0.95
bn_2837,2,2,B_uniform,0.95
bn_2838,2,2,B_uniform,0.95
bn_2839,1,2,B_uniform,0.95
bn_2840,2,2,B_uniform,0.95
bn_2841,2,2,B_uniform,0.95
bn_2842,2,2,B_uniform,0.95
bn_2843,1,2,B_uniform,0.95
bn_2844,2,2,B_uniform,0.95
bn_2845,2,2,B_uniform,0.95
bn_2846,2,2,B_uniform,0.95
bn_2847,2,2,B_uniform,0.95
bn_2848,2,2,B_uniform,0.95
bn_2849,2,2,B_uniform,0.95
bn_2850,2,2,B_uniform,0.95
bn_2851,1,2,B_uniform,0.95
bn_2852,2,2,B_uniform,0.95
bn_2853,1,2,B_uniform,0.95
bn_2854,2,2,B_uniform,0.95
bn_2855,1,2,B_uniform,0.95
bn_2856,2,2,B_uniform,0.95
bn_2857,2,2,B_uniform,0.95
bn_2858,2,2,B_uniform,0.95
bn_2859,1,2,B_uniform,0.95
bn_2860,2,2,B_uniform,0.95
bn_2861,2,2,B_uniform,0.95
bn_2862,2,2,B_uniform,0.95
bn_2863,2,2,B_uniform,0.95
bn_2864,2,2,B_uniform,0.95
bn_2865,2,2,B_uniform,0.95
bn_2866,2,2,B_uniform,0.95
bn_2867,1,2,B_uniform,0.95
bn_2868,2,2,B_uniform,0.95
bn_2869,2,2,B_uniform,0.95
bn_2870,2,2,B_uniform,0.95
bn_2871,2,2,B_uniform,0.95
bn_2873,2,2,B_uniform,0.95
bn_2874,2,2,B_uniform,0.95
bn_2875,1,2,B_uniform,0.95
bn_2876,2,2,B_uniform,0.95
bn_2877,1,2,B_uniform,0.95
bn_2878,2,2,B_uniform,0.95
bn_2879,1,2,B_uniform,0.95
bn_2880,2,2,B_uniform,0.95
bn_2881,2,2,B_uniform,0.95
bn_2882,1,2,B_uniform,0.95
bn_2883,1,2,B_uniform,0.95
bn_2884,1,2,B_uniform,0.95
bn_2885,2,2,B_uniform,0.95
bn_2886,1,2,B_uniform,0.95
bn_2887,2,2,B_uniform,0.95
bn_2888,2,2,B_uniform,0.95
bn_2889,2,2,B_uniform,0.95
bn_2890,1,2,B_uniform,0.95
bn_2891,1,2,B_uniform,0.95
bn_2892,2,2,B_uniform,0.95
bn_2893,1,2,B_uniform,0.95
bn_2894,2,2,B_uniform,0.95
bn_2895,2,2,B_uniform,0.95
bn_2896,2,2,B_uniform,0.95
bn_2897,2,2,B_uniform,0.95
bn_2898,1,2,B_uniform,0.95
bn_2899,1,2,B_uniform,0.95
bn_2900,2,2,B_uniform,0.95
bn_2901,2,2,B_uniform,0.95
bn_2902,2,2,B_uniform,0.95
bn_2903,2,2,B_uniform,0.95
bn_2904,2,2,B_uniform,0.95
bn_2905,2,2,B_uniform,0.95
bn_2906,2,2,B_uniform,0.95
bn_2907,1,2,B_uniform,0.95
bn_2908,2,2,B_uniform,0.95
bn_2909,1,2,B_uniform,0.95
bn_2910,2,2,B_uniform,0.95
bn_2912,2,2,B_uniform,0.95
bn_2913,1,2,B_uniform,0.95
bn_2914,2,2,B_uniform,0.95
bn_2915,2,2,B_uniform,0.95
bn_2916,2,2,B_uniform,0.95
bn_2917,1,2,B_uniform,0.95
bn_2918,2,2,B_uniform,0.95
bn_2919,2,2,B_uniform,0.95
bn_2920,2,2,B_uniform,0.95
bn_2921,1,2,B_uniform,0.95
bn_2922,2,2,B_uniform,0.95
bn_2923,2,2,B_uniform,0.95
bn_2924,2,2,B_uniform,0.95
bn_2925,2,2,B_uniform,0.95
bn_2926,2,2,B_uniform,0.95
bn_2927,1,2,B_uniform,0.95
bn_2928,1,2,B_uniform,0.95
bn_2929,2,2,B_uniform,0.95
bn_2930,2,2,B_uniform,0.95
bn_2931,2,2,B_uniform,0.95
bn_2932,2,2,B_uniform,0.95
bn_2933,1,2,B_uniform,0.95
bn_2934,2,2,B_uniform,0.95
bn_2935,1,2,B_uniform,0.95
bn_2936,2,2,B_uniform,0.95
bn_2937,2,2,B_uniform,0.95
bn_2938,2,2,B_uniform,0.95
bn_2939,2,2,B_uniform,0.95
bn_2940,1,2,B_uniform,0.95
bn_2941,2,2,B_uniform,0.95
bn_2942,2,2,B_uniform,0.95
bn_2943,1,2,B_uniform,0.95
bn_2944,1,2,B_uniform,0.95
bn_2945,2,2,B_uniform,0.95
bn_2946,2,2,B_uniform,0.95
bn_2948,2,2,B_uniform,0.95
bn_2949,2,2,B_uniform,0.95
bn_2950,2,2,B_uniform,0.95
bn_2951,1,2,B_uniform,0.95
bn_2952,2,2,B_uniform,0.95
bn_2953,2,2,B_uniform,0.95
bn_2954,2,2,B_uniform,0.95
bn_2955,2,2,B_uniform,0.95
bn_2956,2,2,B_uniform,0.95
bn_2957,2,2,B_uniform,0.95
bn_2958,2,2,B_uniform,0.95
bn_2959,1,2,B_uniform,0.95
bn_2960,2,2,B_uniform,0.95
bn_2961,2,2,B_uniform,0.95
bn_2962,2,2,B_uniform,0.95
bn_2963,2,2,B_uniform,0.95
bn_2964,2,2,B_uniform,0.95
bn_2966,2,2,B_uniform,0.95
bn_2967,2,2,B_uniform,0.95
bn_2968,2,2,B_uniform,0.95
bn_2969,2,2,B_uniform,0.95
bn_2970,1,2,B_uniform,0.95
bn_2971,1,2,B_uniform,0.95
bn_2973,2,2,B_uniform,0.95
bn_2974,2,2,B_uniform,0.95
bn_2975,2,2,B_uniform,0.95
bn_2976,2,2,B_uniform,0.95
bn_2977,2,2,B_uniform,0.95
bn_2978,2,2,B_uniform,0.95
bn_2979,2,2,B_uniform,0.95
bn_2980,2,2,B_uniform,0.95
bn_2981,2,2,B_uniform,0.95
bn_2982,1,2,B_uniform,0.95
bn_2983,2,2,B_uniform,0.95
bn_2984,2,2,B_uniform,0.95
bn_2985,2,2,B_uniform,0.95
bn_2986,1,2,B_uniform,0.95
bn_2987,2,2,B_uniform,0.95
bn_2988,2,2,B_uniform,0.95
bn_2989,2,2,B_uniform,0.95
bn_2990,2,2,B_uniform,0.95
bn_2991,2,2,B_uniform,0.95
bn_2992,2,2,B_uniform,0.95
bn_2993,2,2,B_uniform,0.95
bn_2994,2,2,B_uniform,0.95
bn_2995,2,2,B_uniform,0.95
bn_2996,2,2,B_uniform,0.95
bn_2997,2,2,B_uniform,0.95
bn_2998,2,2,B_uniform,0.95
bn_2999,1,2,B_uniform,0.95
bn_3000,0,1,B_uniform,0.95
bn_3001,0,1,B_uniform,0.95
bn_3002,0,1,B_uniform,0.95
bn_3003,0,1,B_uniform,0.95
bn_3004,0,1,B_uniform,0.95
bn_3005,0,1,B_uniform,0.95
bn_3006,0,1,B_uniform,0.95
bn_3007,0,1,B_uniform,0.95
bn_3008,0,1,B_uniform,0.95
bn_3009,0,1,B_uniform,0.95
bn_3010,0,1,B_uniform,0.95
bn_3011,0,1,B_uniform,0.95
bn_3012,0,1,B_uniform,0.95
bn_3013,0,1,B_uniform,0.95
bn_3014,0,1,B_uniform,0.95
bn_3015,0,1,B_uniform,0.95
bn_3016,0,1,B_uniform,0.95
bn_3017,0,1,B_uniform,0.95
bn_3018,0,1,B_uniform,0.95
bn_3019,0,1,B_uniform,0.95
bn_3020,0,1,B_uniform,0.95
bn_3022,0,1,B_uniform,0.95
bn_3023,0,1,B_uniform,0.95
bn_3024,0,1,B_uniform,0.95
bn_3025,0,1,B_uniform,0.95
bn_3027,0,1,B_uniform,0.95
bn_3028,0,1,B_uniform,0.95
bn_3029,0,1,B_uniform,0.95
bn_3030,2,1,B_uniform,0.95
bn_3031,0,1,B_uniform,0.95
bn_3032,0,1,B_uniform,0.95
bn_3033,0,1,B_uniform,0.95
bn_3034,1,1,B_uniform,0.95
bn_3035,0,1,B_uniform,0.95
bn_3036,0,1,B_uniform,0.95
bn_3037,1,1,B_uniform,0.95
bn_3038,0,1,B_uniform,0.95
bn_3039,2,1,B_uniform,0.95
bn_3040,2,1,B_uniform,0.95
bn_3041,0,1,B_uniform,0.95
bn_3042,2,1,B_uniform,0.95
bn_3043,1,1,B_uniform,0.95
bn_3044,1,1,B_uniform,0.95
bn_3045,1,1,B_uniform,0.95
bn_3046,0,1,B_uniform,0.95
bn_3047,2,1,B_uniform,0.95
bn_3048,0,1,B_uniform,0.95
bn_3049,1,1,B_uniform,0.95
bn_3050,2,1,B_uniform,0.95
bn_3051,1,1,B_uniform,0.95
bn_3052,1,1,B_uniform,0.95
bn_3053,1,1,B_uniform,0.95
bn_3054,0,1,B_uniform,0.95
bn_3055,1,1,B_uniform,0.95
bn_3056,2,1,B_uniform,0.95
bn_3057,2,1,B_uniform,0.95
bn_3058,1,1,B_uniform,0.95
bn_3059,2,1,B_uniform,0.95
bn_3060,1,1,B_uniform,0.95
bn_3061,1,1,B_uniform,0.95
bn_3062,2,1,B_uniform,0.95
bn_3063,0,1,B_uniform,0.95
bn_3064,0,1,B_uniform,0.95
bn_3065,1,1,B_uniform,0.95
bn_3066,0,1,B_uniform,0.95
bn_3067,1,1,B_uniform,0.95
bn_3068,1,1,B_uniform,0.95
bn_3069,2,1,B_uniform,0.95
bn_3070,1,1,B_uniform,0.95
bn_3071,1,1,B_uniform,0.95
bn_3072,2,1,B_uniform,0.95
bn_3073,1,1,B_uniform,0.95
bn_3074,1,1,B_uniform,0.95
bn_3075,1,1,B_uniform,0.95
bn_3076,1,1,B_uniform,0.95
bn_3077,2,1,B_uniform,0.95
bn_3078,1,1,B_uniform,0.95
bn_3079,0,1,B_uniform,0.95
bn_3080,2,1,B_uniform,0.95
bn_3081,0,1,B_uniform,0.95
bn_3082,2,1,B_uniform,0.95
bn_3083,2,1,B_uniform,0.95
bn_3084,2,1,B_uniform,0.95
bn_3085,1,1,B_uniform,0.95
bn_3086,2,1,B_uniform,0.95
bn_3087,1,1,B_uniform,0.95
bn_3088,0,1,B_uniform,0.95
bn_3089,1,1,B_uniform,0.95
bn_3090,1,1,B_uniform,0.95
bn_3091,1,1,B_uniform,0.95
bn_3093,1,1,B_uniform,0.95
bn_3094,2,1,B_uniform,0.95
bn_3095,2,1,B_uniform,0.95
bn_3096,1,1,B_uniform,0.95
bn_3097,1,1,B_uniform,0.95
bn_3098,0,1,B_uniform,0.95
bn_3099,2,1,B_uniform,0.95
bn_3100,0,1,B_uniform,0.95
bn_3101,1,1,B_uniform,0.95
bn_3102,1,1,B_uniform,0.95
bn_3103,2,1,B_uniform,0.95
bn_3104,1,1,B_uniform,0.95
bn_3105,1,1,B_uniform,0.95
bn_3106,0,1,B_uniform,0.95
bn_3107,2,1,B_uniform,0.95
bn_3108,1,1,B_uniform,0.95
bn_3109,0,1,B_uniform,0.95
bn_3110,1,1,B_uniform,0.95
bn_3111,1,1,B_uniform,0.95
bn_3112,2,1,B_uniform,0.95
bn_3113,2,1,B_uniform,0.95
bn_3114,2,1,B_uniform,0.95
bn_3115,1,1,B_uniform,0.95
bn_3116,2,1,B_uniform,0.95
bn_3117,1,1,B_uniform,0.95
bn_3118,2,1,B_uniform,0.95
bn_3119,2,1,B_uniform,0.95
bn_3120,1,1,B_uniform,0.95
bn_3121,2,1,B_uniform,0.95
bn_3122,0,1,B_uniform,0.95
bn_3123,2,1,B_uniform,0.95
bn_3124,1,1,B_uniform,0.95
bn_3125,1,1,B_uniform,0.95
bn_3126,1,1,B_uniform,0.95
bn_3127,2,1,B_uniform,0.95
bn_3128,2,1,B_uniform,0.95
bn_3129,1,1,B_uniform,0.95
bn_3130,2,1,B_uniform,0.95
bn_3131,1,1,B_uniform,0.95
bn_3132,1,1,B_uniform,0.95
bn_3133,1,1,B_uniform,0.95
bn_3134,0,1,B_uniform,0.95
bn_3135,0,1,B_uniform,0.95
bn_3136,2,1,B_uniform,0.95
bn_3137,2,1,B_uniform,0.95
bn_3138,1,1,B_uniform,0.95
bn_3139,1,1,B_uniform,0.95
bn_3140,1,1,B_uniform,0.95
bn_3141,1,1,B_uniform,0.95
bn_3142,2,1,B_uniform,0.95
bn_3143,1,1,B_uniform,0.95
bn_3144,1,1,B_uniform,0.95
bn_3145,1,1,B_uniform,0.95
bn_3146,2,1,B_uniform,0.95
bn_3148,2,1,B_uniform,0.95
bn_3149,1,1,B_uniform,0.95
bn_3150,1,1,B_uniform,0.95
bn_3151,1,1,B_uniform,0.95
bn_3152,2,1,B_uniform,0.95
bn_3153,0,1,B_uniform,0.95
bn_3154,0,1,B_uniform,0.95
bn_3156,1,1,B_uniform,0.95
bn_3157,1,1,B_uniform,0.95
bn_3158,2,1,B_uniform,0.95
bn_3159,1,1,B_uniform,0.95
bn_3160,1,1,B_uniform,0.95
bn_3161,1,1,B_uniform,0.95
bn_3162,0,1,B_uniform,0.95
bn_3163,1,1,B_uniform,0.95
bn_3164,1,1,B_uniform,0.95
bn_3165,2,1,B_uniform,0.95
bn_3166,2,1,B_uniform,0.95
bn_3167,1,1,B_uniform,0.95
bn_3168,1,1,B_uniform,0.95
bn_3169,0,1,B_uniform,0.95
bn_3170,2,1,B_uniform,0.95
bn_3171,1,1,B_uniform,0.95
bn_3172,0,1,B_uniform,0.95
bn_3173,0,1,B_uniform,0.95
bn_3174,1,1,B_uniform,0.95
bn_3175,1,1,B_uniform,0.95
bn_3176,2,1,B_uniform,0.95
bn_3178,1,1,B_uniform,0.95
bn_3180,2,1,B_uniform,0.95
bn_3181,1,1,B_uniform,0.95
bn_3182,1,1,B_uniform,0.95
bn_3183,1,1,B_uniform,0.95
bn_3184,2,1,B_uniform,0.95
bn_3185,0,1,B_uniform,0.95
bn_3186,2,1,B_uniform,0.95
bn_3187,2,1,B_uniform,0.95
bn_3188,1,1,B_uniform,0.95
bn_3189,0,1,B_uniform,0.95
bn_3190,2,1,B_uniform,0.95
bn_3191,0,1,B_uniform,0.95
bn_3192,0,1,B_uniform,0.95
bn_3193,1,1,B_uniform,0.95
bn_3194,1,1,B_uniform,0.95
bn_3195,2,1,B_uniform,0.95
bn_3196,1,1,B_uniform,0.95
bn_3197,1,1,B_uniform,0.95
bn_3198,2,1,B_uniform,0.95
bn_3199,0,1,B_uniform,0.95
bn_3200,1,1,B_uniform,0.95
bn_3201,1,1,B_uniform,0.95
bn_3202,1,1,B_uniform,0.95
bn_3203,1,1,B_uniform,0.95
bn_3204,1,1,B_uniform,0.95
bn_3205,1,1,B_uniform,0.95
bn_3206,1,1,B_uniform,0.95
bn_3207,0,1,B_uniform,0.95
bn_3208,2,1,B_uniform,0.95
bn_3209,1,1,B_uniform,0.95
bn_3210,1,1,B_uniform,0.95
bn_3211,2,1,B_uniform,0.95
bn_3212,2,1,B_uniform,0.95
bn_3213,0,1,B_uniform,0.95
bn_3214,1,1,B_uniform,0.95
bn_3215,1,1,B_uniform,0.95
bn_3216,1,1,B_uniform,0.95
bn_3217,1,1,B_uniform,0.95
bn_3218,2,1,B_uniform,0.95
bn_3219,2,1,B_uniform,0.95
bn_3220,2,1,B_uniform,0.95
bn_3221,1,1,B_uniform,0.95
bn_3222,1,1,B_uniform,0.95
bn_3223,2,1,B_uniform,0.95
bn_3224,0,1,B_uniform,0.95
bn_3225,2,1,B_uniform,0.95
bn_3226,1,1,B_uniform,0.95
bn_3227,1,1,B_uniform,0.95
bn_3228,1,1,B_uniform,0.95
bn_3229,2,1,B_uniform,0.95
bn_3230,1,1,B_uniform,0.95
bn_3231,1,1,B_uniform,0.95
bn_3232,2,1,B_uniform,0.95
bn_3233,2,1,B_uniform,0.95
bn_3234,1,1,B_uniform,0.95
bn_3235,1,1,B_uniform,0.95
bn_3236,0,1,B_uniform,0.95
bn_3237,1,1,B_uniform,0.95
bn_3238,1,1,B_uniform,0.95
bn_3239,2,1,B_uniform,0.95
bn_3240,2,1,B_uniform,0.95
bn_3241,2,1,B_uniform,0.95
bn_3242,1,1,B_uniform,0.95
bn_3243,1,1,B_uniform,0.95
bn_3244,1,1,B_uniform,0.95
bn_3245,2,1,B_uniform,0.95
bn_3246,1,1,B_uniform,0.95
bn_3247,1,1,B_uniform,0.95
bn_3248,0,1,B_uniform,0.95
bn_3250,2,1,B_uniform,0.95
bn_3251,1,1,B_uniform,0.95
bn_3252,0,1,B_uniform,0.95
bn_3253,2,1,B_uniform,0.95
bn_3254,2,1,B_uniform,0.95
bn_3255,1,1,B_uniform,0.95
bn_3256,0,1,B_uniform,0.95
bn_3257,1,1,B_uniform,0.95
bn_3258,1,1,B_uniform,0.95
bn_3259,2,1,B_uniform,0.95
bn_3260,1,1,B_uniform,0.95
bn_3261,1,1,B_uniform,0.95
bn_3262,2,1,B_uniform,0.95
bn_3263,1,1,B_uniform,0.95
bn_3264,1,1,B_uniform,0.95
bn_3265,1,1,B_uniform,0.95
bn_3266,0,1,B_uniform,0.95
bn_3267,1,1,B_uniform,0.95
bn_3268,1,1,B_uniform,0.95
bn_3269,2,1,B_uniform,0.95
bn_3270,1,1,B_uniform,0.95
bn_3271,1,1,B_uniform,0.95
bn_3272,1,1,B_uniform,0.95
bn_3273,1,1,B_uniform,0.95
bn_3274,2,1,B_uniform,0.95
bn_3275,1,1,B_uniform,0.95
bn_3276,1,1,B_uniform,0.95
bn_3277,1,1,B_uniform,0.95
bn_3278,2,1,B_uniform,0.95
bn_3279,2,1,B_uniform,0.95
bn_3280,0,1,B_uniform,0.95
bn_3281,1,1,B_uniform,0.95
bn_3282,0,1,B_uniform,0.95
bn_3283,1,1,B_uniform,0.95
bn_3284,1,1,B_uniform,0.95
bn_3285,2,1,B_uniform,0.95
bn_3286,2,1,B_uniform,0.95
bn_3287,1,1,B_uniform,0.95
bn_3288,1,1,B_uniform,0.95
bn_3289,1,1,B_uniform,0.95
bn_3290,1,1,B_uniform,0.95
bn_3291,2,1,B_uniform,0.95
bn_3292,2,1,B_uniform,0.95
bn_3293,1,1,B_uniform,0.95
bn_3294,2,1,B_uniform,0.95
bn_3295,1,1,B_uniform,0.95
bn_3296,2,1,B_uniform,0.95
bn_3297,2,1,B_uniform,0.95
bn_3298,2,1,B_uniform,0.95
bn_3299,2,1,B_uniform,0.95
bn_3300,1,1,B_uniform,0.95
bn_3301,1,1,B_uniform,0.95
bn_3302,2,1,B_uniform,0.95
bn_3303,2,1,B_uniform,0.95
bn_3304,1,1,B_uniform,0.95
bn_3305,1,1,B_uniform,0.95
bn_3306,1,1,B_uniform,0.95
bn_3307,1,1,B_uniform,0.95
bn_3308,0,1,B_uniform,0.95
bn_3309,1,1,B_uniform,0.95
bn_3310,0,1,B_uniform,0.95
bn_3311,2,1,B_uniform,0.95
bn_3312,2,1,B_uniform,0.95
bn_3313,1,1,B_uniform,0.95
bn_3314,0,1,B_uniform,0.95
bn_3315,1,1,B_uniform,0.95
bn_3316,2,1,B_uniform,0.95
bn_3317,2,1,B_uniform,0.95
bn_3318,2,1,B_uniform,0.95
bn_3319,0,1,B_uniform,0.95
bn_3320,1,1,B_uniform,0.95
bn_3321,1,1,B_uniform,0.95
bn_3322,2,1,B_uniform,0.95
bn_3323,1,1,B_uniform,0.95
bn_3324,1,1,B_uniform,0.95
bn_3325,2,1,B_uniform,0.95
bn_3327,0,1,B_uniform,0.95
bn_3329,0,1,B_uniform,0.95
bn_3330,0,1,B_uniform,0.95
bn_3331,1,1,B_uniform,0.95
bn_3332,2,1,B_uniform,0.95
bn_3333,1,1,B_uniform,0.95
bn_3334,1,1,B_uniform,0.95
bn_3335,2,1,B_uniform,0.95
bn_3336,2,1,B_uniform,0.95
bn_3337,1,1,B_uniform,0.95
bn_3338,0,1,B_uniform,0.95
bn_3339,2,1,B_uniform,0.95
bn_3340,2,1,B_uniform,0.95
bn_3341,1,1,B_uniform,0.95
bn_3342,1,1,B_uniform,0.95
bn_3343,1,1,B_uniform,0.95
bn_3344,1,1,B_uniform,0.95
bn_3345,2,1,B_uniform,0.95
bn_3346,2,1,B_uniform,0.95
bn_3347,1,1,B_uniform,0.95
bn_3348,1,1,B_uniform,0.95
bn_3349,2,1,B_uniform,0.95
bn_3350,2,1,B_uniform,0.95
bn_3351,1,1,B_uniform,0.95
bn_3352,2,1,B_uniform,0.95
bn_3353,2,1,B_uniform,0.95
bn_3354,1,1,B_uniform,0.95
bn_3355,1,1,B_uniform,0.95
bn_3356,2,1,B_uniform,0.95
bn_3357,0,1,B_uniform,0.95
bn_3358,2,1,B_uniform,0.95
bn_3360,2,1,B_uniform,0.95
bn_3361,1,1,B_uniform,0.95
bn_3362,1,1,B_uniform,0.95
bn_3363,1,1,B_uniform,0.95
bn_3364,0,1,B_uniform,0.95
bn_3365,0,1,B_uniform,0.95
bn_3366,1,1,B_uniform,0.95
bn_3367,2,1,B_uniform,0.95
bn_3368,2,1,B_uniform,0.95
bn_3369,2,1,B_uniform,0.95
bn_3370,2,1,B_uniform,0.95
bn_3371,0,1,B_uniform,0.95
bn_3372,1,1,B_uniform,0.95
bn_3373,0,1,B_uniform,0.95
bn_3374,1,1,B_uniform,0.95
bn_3375,1,1,B_uniform,0.95
bn_3376,2,1,B_uniform,0.95
bn_3377,2,1,B_uniform,0.95
bn_3378,2,1,B_uniform,0.95
bn_3379,1,1,B_uniform,0.95
bn_3380,1,1,B_uniform,0.95
bn_3381,1,1,B_uniform,0.95
bn_3382,2,1,B_uniform,0.95
bn_3383,0,1,B_uniform,0.95
bn_3384,1,1,B_uniform,0.95
bn_3385,1,1,B_uniform,0.95
bn_3386,2,1,B_uniform,0.95
bn_3387,2,1,B_uniform,0.95
bn_3388,2,1,B_uniform,0.95
bn_3389,2,1,B_uniform,0.95
bn_3390,0,1,B_uniform,0.95
bn_3391,1,1,B_uniform,0.95
bn_3392,1,1,B_uniform,0.95
bn_3393,2,1,B_uniform,0.95
bn_3394,2,1,B_uniform,0.95
bn_3395,1,1,B_uniform,0.95
bn_3396,1,1,B_uniform,0.95
bn_3397,0,1,B_uniform,0.95
bn_3398,1,1,B_uniform,0.95
bn_3399,1,1,B_uniform,0.95
bn_3400,1,1,B_uniform,0.95
bn_3401,2,1,B_uniform,0.95
bn_3402,1,1,B_uniform,0.95
bn_3403,0,1,B_uniform,0.95
bn_3404,1,1,B_uniform,0.95
bn_3405,2,1,B_uniform,0.95
bn_3406,1,1,B_uniform,0.95
bn_3407,1,1,B_uniform,0.95
bn_3408,2,1,B_uniform,0.95
bn_3409,1,1,B_uniform,0.95
bn_3410,2,1,B_uniform,0.95
bn_3411,2,1,B_uniform,0.95
bn_3412,1,1,B_uniform,0.95
bn_3413,1,1,B_uniform,0.95
bn_3414,1,1,B_uniform,0.95
bn_3415,2,1,B_uniform,0.95
bn_3416,0,1,B_uniform,0.95
bn_3417,0,1,B_uniform,0.95
bn_3418,2,1,B_uniform,0.95
bn_3419,2,1,B_uniform,0.95
bn_3420,2,1,B_uniform,0.95
bn_3421,1,1,B_uniform,0.95
bn_3422,1,1,B_uniform,0.95
bn_3423,2,1,B_uniform,0.95
bn_3424,2,1,B_uniform,0.95
bn_3425,1,1,B_uniform,0.95
bn_3426,2,1,B_uniform,0.95
bn_3427,1,1,B_uniform,0.95
bn_3428,1,1,B_uniform,0.95
bn_3429,1,1,B_uniform,0.95
bn_3430,2,1,B_uniform,0.95
bn_3431,2,1,B_uniform,0.95
bn_3432,2,1,B_uniform,0.95
bn_3433,1,1,B_uniform,0.95
bn_3434,2,1,B_uniform,0.95
bn_3435,1,1,B_uniform,0.95
bn_3436,2,1,B_uniform,0.95
bn_3438,1,1,B_uniform,0.95
bn_3439,1,1,B_uniform,0.95
bn_3440,2,1,B_uniform,0.95
bn_3441,1,1,B_uniform,0.95
bn_3442,2,1,B_uniform,0.95
bn_3443,1,1,B_uniform,0.95
bn_3444,1,1,B_uniform,0.95
bn_3445,2,1,B_uniform,0.95
bn_3446,2,1,B_uniform,0.95
bn_3447,2,1,B_uniform,0.95
bn_3448,2,1,B_uniform,0.95
bn_3449,1,1,B_uniform,0.95
bn_3450,1,1,B_uniform,0.95
bn_3451,2,1,B_uniform,0.95
bn_3452,1,1,B_uniform,0.95
bn_3454,2,1,B_uniform,0.95
bn_3455,1,1,B_uniform,0.95
bn_3456,1,1,B_uniform,0.95
bn_3457,2,1,B_uniform,0.95
bn_3458,2,1,B_uniform,0.95
bn_3459,2,1,B_uniform,0.95
bn_3460,1,1,B_uniform,0.95
bn_3461,2,1,B_uniform,0.95
bn_3462,1,1,B_uniform,0.95
bn_3463,1,1,B_uniform,0.95
bn_3464,1,1,B_uniform,0.95
bn_3465,1,1,B_uniform,0.95
bn_3466,1,1,B_uniform,0.95
bn_3467,2,1,B_uniform,0.95
bn_3468,1,1,B_uniform,0.95
bn_3469,2,1,B_uniform,0.95
bn_3470,2,1,B_uniform,0.95
bn_3471,1,1,B_uniform,0.95
bn_3472,1,1,B_uniform,0.95
bn_3473,2,1,B_uniform,0.95
bn_3474,2,1,B_uniform,0.95
bn_3475,1,1,B_uniform,0.95
bn_3476,1,1,B_uniform,0.95
bn_3477,2,1,B_uniform,0.95
bn_3478,2,1,B_uniform,0.95
bn_3479,1,1,B_uniform,0.95
bn_3480,2,1,B_uniform,0.95
bn_3481,2,1,B_uniform,0.95
bn_3482,2,1,B_uniform,0.95
bn_3483,1,1,B_uniform,0.95
bn_3485,0,1,B_uniform,0.95
bn_3486,2,1,B_uniform,0.95
bn_3487,2,1,B_uniform,0.95
bn_3488,1,1,B_uniform,0.95
bn_3489,2,1,B_uniform,0.95
bn_3490,2,1,B_uniform,0.95
bn_3491,2,1,B_uniform,0.95
bn_3492,1,1,B_uniform,0.95
bn_3493,1,1,B_uniform,0.95
bn_3494,2,1,B_uniform,0.95
bn_3495,1,1,B_uniform,0.95
bn_3496,1,1,B_uniform,0.95
bn_3497,2,1,B_uniform,0.95
bn_3498,1,1,B_uniform,0.95
bn_3499,1,1,B_uniform,0.95
bn_3500,2,1,B_uniform,0.95
bn_3501,2,1,B_uniform,0.95
bn_3502,0,1,B_uniform,0.95
bn_3503,1,1,B_uniform,0.95
bn_3504,2,1,B_uniform,0.95
bn_3505,2,1,B_uniform,0.95
bn_3506,1,1,B_uniform,0.95
bn_3507,1,1,B_uniform,0.95
bn_3508,2,1,B_uniform,0.95
bn_3509,2,1,B_uniform,0.95
bn_3510,2,1,B_uniform,0.95
bn_3511,1,1,B_uniform,0.95
bn_3512,1,1,B_uniform,0.95
bn_3513,2,1,B_uniform,0.95
bn_3514,2,1,B_uniform,0.95
bn_3515,1,1,B_uniform,0.95
bn_3516,1,1,B_uniform,0.95
bn_3517,2,1,B_uniform,0.95
bn_3518,2,1,B_uniform,0.95
bn_3519,2,1,B_uniform,0.95
bn_3520,1,1,B_uniform,0.95
bn_3521,0,1,B_uniform,0.95
bn_3522,2,1,B_uniform,0.95
bn_3523,2,1,B_uniform,0.95
bn_3524,1,1,B_uniform,0.95
bn_3525,1,1,B_uniform,0.95
bn_3526,2,1,B_uniform,0.95
bn_3527,2,1,B_uniform,0.95
bn_3529,0,1,B_uniform,0.95
bn_3530,1,1,B_uniform,0.95
bn_3531,2,1,B_uniform,0.95
bn_3532,1,1,B_uniform,0.95
bn_3533,1,1,B_uniform,0.95
bn_3534,2,1,B_uniform,0.95
bn_3535,2,1,B_uniform,0.95
bn_3536,1,1,B_uniform,0.95
bn_3537,2,1,B_uniform,0.95
bn_3538,2,1,B_uniform,0.95
bn_3539,1,1,B_uniform,0.95
bn_3540,1,1,B_uniform,0.95
bn_3541,1,1,B_uniform,0.95
bn_3542,2,1,B_uniform,0.95
bn_3543,1,1,B_uniform,0.95
bn_3544,1,1,B_uniform,0.95
bn_3545,2,1,B_uniform,0.95
bn_3546,1,1,B_uniform,0.95
bn_3547,2,1,B_uniform,0.95
bn_3548,2,1,B_uniform,0.95
bn_3549,0,1,B_uniform,0.95
bn_3550,2,1,B_uniform,0.95
bn_3551,1,1,B_uniform,0.95
bn_3552,2,1,B_uniform,0.95
bn_3553,1,1,B_uniform,0.95
bn_3554,1,1,B_uniform,0.95
bn_3555,2,1,B_uniform,0.95
bn_3556,1,1,B_uniform,0.95
bn_3557,2,1,B_uniform,0.95
bn_3559,1,1,B_uniform,0.95
bn_3561,2,1,B_uniform,0.95
bn_3563,2,1,B_uniform,0.95
bn_3565,2,1,B_uniform,0.95
bn_3567,2,1,B_uniform,0.95
bn_3569,2,1,B_uniform,0.95
bn_3571,1,1,B_uniform,0.95
bn_3572,1,1,B_uniform,0.95
bn_3573,2,1,B_uniform,0.95
bn_3574,1,1,B_uniform,0.95
bn_3575,2,1,B_uniform,0.95
bn_3576,2,1,B_uniform,0.95
bn_3577,1,1,B_uniform,0.95
bn_3579,1,1,B_uniform,0.95
bn_3580,2,1,B_uniform,0.95
bn_3581,1,1,B_uniform,0.95
bn_3582,1,1,B_uniform,0.95
bn_3583,2,1,B_uniform,0.95
bn_3585,2,1,B_uniform,0.95
bn_3587,1,1,B_uniform,0.95
bn_3588,2,1,B_uniform,0.95
bn_3589,2,1,B_uniform,0.95
bn_3590,2,1,B_uniform,0.95
bn_3591,1,1,B_uniform,0.95
bn_3593,1,1,B_uniform,0.95
bn_3594,2,1,B_uniform,0.95
bn_3595,0,1,B_uniform,0.95
bn_3597,2,1,B_uniform,0.95
bn_3599,1,1,B_uniform,0.95
bn_3600,1,1,B_uniform,0.95
bn_3601,2,1,B_uniform,0.95
bn_3602,2,1,B_uniform,0.95
bn_3603,2,1,B_uniform,0.95
bn_3605,1,1,B_uniform,0.95
bn_3607,1,1,B_uniform,0.95
bn_3608,2,1,B_uniform,0.95
bn_3610,1,1,B_uniform,0.95
bn_3612,2,1,B_uniform,0.95
bn_3613,1,1,B_uniform,0.95
bn_3615,1,1,B_uniform,0.95
bn_3616,2,1,B_uniform,0.95
bn_3617,2,1,B_uniform,0.95
bn_3618,2,1,B_uniform,0.95
bn_3619,1,1,B_uniform,0.95
bn_3620,2,1,B_uniform,0.95
bn_3621,2,1,B_uniform,0.95
bn_3622,1,1,B_uniform,0.95
bn_3623,1,1,B_uniform,0.95
bn_3624,2,1,B_uniform,0.95
bn_3625,2,1,B_uniform,0.95
bn_3626,2,1,B_uniform,0.95
bn_3628,1,1,B_uniform,0.95
bn_3629,2,1,B_uniform,0.95
bn_3630,1,1,B_uniform,0.95
bn_3632,1,1,B_uniform,0.95
bn_3633,2,1,B_uniform,0.95
bn_3635,1,1,B_uniform,0.95
bn_3637,1,1,B_uniform,0.95
bn_3640,2,1,B_uniform,0.95
bn_3641,1,1,B_uniform,0.95
bn_3642,2,1,B_uniform,0.95
bn_3644,1,1,B_uniform,0.95
bn_3645,2,1,B_uniform,0.95
bn_3647,2,1,B_uniform,0.95
bn_3649,1,1,B_uniform,0.95
bn_3650,1,1,B_uniform,0.95
bn_3654,1,1,B_uniform,0.95
bn_3655,2,1,B_uniform,0.95
bn_3659,1,1,B_uniform,0.95
bn_3660,2,1,B_uniform,0.95
bn_3661,2,1,B_uniform,0.95
bn_3662,2,1,B_uniform,0.95
bn_3664,2,1,B_uniform,0.95
bn_3665,2,0,B_uniform,0.95
bn_3667,1,0,B_uniform,0.95
bn_3668,1,0,B_uniform,0.95
bn_3669,2,0,B_uniform,0.95
bn_3670,2,0,B_uniform,0.95
bn_3671,1,0,B_uniform,0.95
bn_3672,1,0,B_uniform,0.95
bn_3673,1,0,B_uniform,0.95
bn_3674,2,0,B_uniform,0.95
bn_3675,1,0,B_uniform,0.95
bn_3676,1,0,B_uniform,0.95
bn_3677,1,0,B_uniform,0.95
bn_3678,2,0,B_uniform,0.95
bn_3679,1,0,B_uniform,0.95
bn_3680,1,0,B_uniform,0.95
bn_3681,1,0,B_uniform,0.95
bn_3682,1,0,B_uniform,0.95
bn_3683,2,0,B_uniform,0.95
bn_3684,2,0,B_uniform,0.95
bn_3685,1,0,B_uniform,0.95
bn_3686,1,0,B_uniform,0.95
bn_3687,2,0,B_uniform,0.95
bn_3688,1,0,B_uniform,0.95
bn_3689,1,0,B_uniform,0.95
bn_3690,2,0,B_uniform,0.95
bn_3691,2,0,B_uniform,0.95
bn_3692,1,0,B_uniform,0.95
bn_3693,2,0,B_uniform,0.95
bn_3694,1,0,B_uniform,0.95
bn_3695,1,0,B_uniform,0.95
bn_3696,1,0,B_uniform,0.95
bn_3697,2,0,B_uniform,0.95
bn_3698,2,0,B_uniform,0.95
bn_3699,1,0,B_uniform,0.95
bn_3700,1,0,B_uniform,0.95
bn_3701,2,0,B_uniform,0.95
bn_3702,1,0,B_uniform,0.95
bn_3703,2,0,B_uniform,0.95
bn_3704,2,0,B_uniform,0.95
bn_3705,2,0,B_uniform,0.95
bn_3706,1,0,B_uniform,0.95
bn_3707,2,0,B_uniform,0.95
bn_3708,2,0,B_uniform,0.95
bn_3709,1,0,B_uniform,0.95
bn_3710,1,0,B_uniform,0.95
bn_3711,1,0,B_uniform,0.95
bn_3712,1,0,B_uniform,0.95
bn_3713,1,0,B_uniform,0.95
bn_3714,1,0,B_uniform,0.95
bn_3716,2,0,B_uniform,0.95
bn_3717,2,0,B_uniform,0.95
bn_3718,1,0,B_uniform,0.95
bn_3719,1,0,B_uniform,0.95
bn_3720,1,0,B_uniform,0.95
bn_3721,1,0,B_uniform,0.95
bn_3722,2,0,B_uniform,0.95
bn_3723,1,0,B_uniform,0.95
bn_3724,2,0,B_uniform,0.95
bn_3725,2,0,B_uniform,0.95
bn_3727,1,0,B_uniform,0.95
bn_3728,2,0,B_uniform,0.95
bn_3729,1,0,B_uniform,0.95
bn_3730,1,0,B_uniform,0.95
bn_3731,2,0,B_uniform,0.95
bn_3732,1,0,B_uniform,0.95
bn_3733,1,0,B_uniform,0.95
bn_3734,1,0,B_uniform,0.95
bn_3735,1,0,B_uniform,0.95
bn_3736,2,0,B_uniform,0.95
bn_3737,1,0,B_uniform,0.95
bn_3738,1,0,B_uniform,0.95
bn_3739,1,0,B_uniform,0.95
bn_3740,1,0,B_uniform,0.95
bn_3741,2,0,B_uniform,0.95
bn_3742,2,0,B_uniform,0.95
bn_3743,2,0,B_uniform,0.95
bn_3744,1,0,B_uniform,0.95
bn_3745,1,0,B_uniform,0.95
bn_3746,1,0,B_uniform,0.95
bn_3747,1,0,B_uniform,0.95
bn_3748,2,0,B_uniform,0.95
bn_3749,2,0,B_uniform,0.95
bn_3750,2,0,B_uniform,0.95
bn_3751,2,0,B_uniform,0.95
bn_3752,2,0,B_uniform,0.95
bn_3753,1,0,B_uniform,0.95
bn_3754,2,0,B_uniform,0.95
bn_3755,2,0,B_uniform,0.95
bn_3756,1,0,B_uniform,0.95
bn_3757,1,0,B_uniform,0.95
bn_3759,2,0,B_uniform,0.95
bn_3760,1,0,B_uniform,0.95
bn_3761,1,0,B_uniform,0.95
bn_3762,2,0,B_uniform,0.95
bn_3763,1,0,B_uniform,0.95
bn_3764,2,0,B_uniform,0.95
bn_3765,1,0,B_uniform,0.95
bn_3766,1,0,B_uniform,0.95
bn_3767,1,0,B_uniform,0.95
bn_3768,2,0,B_uniform,0.95
bn_3769,2,0,B_uniform,0.95
bn_3770,1,0,B_uniform,0.95
bn_3771,1,0,B_uniform,0.95
bn_3772,1,0,B_uniform,0.95
bn_3773,2,0,B_uniform,0.95
bn_3774,1,0,B_uniform,0.95
bn_3775,1,0,B_uniform,0.95
bn_3776,2,0,B_uniform,0.95
bn_3777,1,0,B_uniform,0.95
bn_3778,1,0,B_uniform,0.95
bn_3779,2,0,B_uniform,0.95
bn_3780,2,0,B_uniform,0.95
bn_3781,2,0,B_uniform,0.95
bn_3782,2,0,B_uniform,0.95
bn_3783,1,0,B_uniform,0.95
bn_3784,1,0,B_uniform,0.95
bn_3785,1,0,B_uniform,0.95
bn_3786,1,0,B_uniform,0.95
bn_3787,1,0,B_uniform,0.95
bn_3788,2,0,B_uniform,0.95
bn_3789,1,0,B_uniform,0.95
bn_3790,2,0,B_uniform,0.95
bn_3791,2,0,B_uniform,0.95
bn_3792,2,0,B_uniform,0.95
bn_3793,1,0,B_uniform,0.95
bn_3794,2,0,B_uniform,0.95
bn_3795,1,0,B_uniform,0.95
bn_3796,1,0,B_uniform,0.95
bn_3797,1,0,B_uniform,0.95
bn_3798,2,0,B_uniform,0.95
bn_3799,1,0,B_uniform,0.95
bn_3800,1,0,B_uniform,0.95
bn_3801,2,0,B_uniform,0.95
bn_3802,2,0,B_uniform,0.95
bn_3803,0,0,B_uniform,0.95
bn_3804,2,0,B_uniform,0.95
bn_3805,1,0,B_uniform,0.95
bn_3806,1,0,B_uniform,0.95
bn_3807,2,0,B_uniform,0.95
bn_3808,2,0,B_uniform,0.95
bn_3809,1,0,B_uniform,0.95
bn_3810,2,0,B_uniform,0.95
bn_3811,1,0,B_uniform,0.95
bn_3812,1,0,B_uniform,0.95
bn_3813,1,0,B_uniform,0.95
bn_3814,2,0,B_uniform,0.95
bn_3815,2,0,B_uniform,0.95
bn_3816,1,0,B_uniform,0.95
bn_3817,1,0,B_uniform,0.95
bn_3818,1,0,B_uniform,0.95
bn_3819,1,0,B_uniform,0.95
bn_3820,2,0,B_uniform,0.95
bn_3821,1,0,B_uniform,0.95
bn_3822,1,0,B_uniform,0.95
bn_3823,2,0,B_uniform,0.95
bn_3824,2,0,B_uniform,0.95
bn_3825,1,0,B_uniform,0.95
bn_3827,2,0,B_uniform,0.95
bn_3828,1,0,B_uniform,0.95
bn_3829,2,0,B_uniform,0.95
bn_3830,2,0,B_uniform,0.95
bn_3831,2,0,B_uniform,0.95
bn_3832,1,0,B_uniform,0.95
bn_3833,1,0,B_uniform,0.95
bn_3835,1,0,B_uniform,0.95
bn_3836,1,0,B_uniform,0.95
bn_3837,1,0,B_uniform,0.95
bn_3838,2,0,B_uniform,0.95
bn_3839,1,0,B_uniform,0.95
bn_3840,2,0,B_uniform,0.95
bn_3841,2,0,B_uniform,0.95
bn_3842,1,0,B_uniform,0.95
bn_3843,1,0,B_uniform,0.95
bn_3844,2,0,B_uniform,0.95
bn_3845,2,0,B_uniform,0.95
bn_3846,1,0,B_uniform,0.95
bn_3847,1,0,B_uniform,0.95
bn_3848,2,0,B_uniform,0.95
bn_3849,2,0,B_uniform,0.95
bn_3850,1,0,B_uniform,0.95
bn_3851,1,0,B_uniform,0.95
bn_3852,2,0,B_uniform,0.95
bn_3853,2,0,B_uniform,0.95
bn_3854,1,0,B_uniform,0.95
bn_3855,1,0,B_uniform,0.95
bn_3856,2,0,B_uniform,0.95
bn_3858,1,0,B_uniform,0.95
bn_3859,2,0,B_uniform,0.95
bn_3861,1,0,B_uniform,0.95
bn_3862,2,0,B_uniform,0.95
bn_3863,2,0,B_uniform,0.95
bn_3864,2,0,B_uniform,0.95
bn_3865,1,0,B_uniform,0.95
bn_3866,2,0,B_uniform,0.95
bn_3868,1,0,B_uniform,0.95
bn_3869,2,0,B_uniform,0.95
bn_3870,2,0,B_uniform,0.95
bn_3871,1,0,B_uniform,0.95
bn_3872,1,0,B_uniform,0.95
bn_3873,1,0,B_uniform,0.95
bn_3874,1,0,B_uniform,0.95
bn_3875,2,0,B_uniform,0.95
bn_3876,1,0,B_uniform,0.95
bn_3877,1,0,B_uniform,0.95
bn_3878,2,0,B_uniform,0.95
bn_3879,2,0,B_uniform,0.95
bn_3880,1,0,B_uniform,0.95
bn_3881,2,0,B_uniform,0.95
bn_3882,1,0,B_uniform,0.95
bn_3884,2,0,B_uniform,0.95
bn_3885,2,0,B_uniform,0.95
bn_3886,1,0,B_uniform,0.95
bn_3887,1,0,B_uniform,0.95
bn_3888,2,0,B_uniform,0.95
bn_3890,1,0,B_uniform,0.95
bn_3891,2,0,B_uniform,0.95
bn_3892,1,0,B_uniform,0.95
bn_3894,2,0,B_uniform,0.95
bn_3895,2,0,B_uniform,0.95
bn_3896,1,0,B_uniform,0.95
bn_3897,1,0,B_uniform,0.95
bn_3898,2,0,B_uniform,0.95
bn_3899,2,0,B_uniform,0.95
bn_3900,1,0,B_uniform,0.95
bn_3901,2,0,B_uniform,0.95
bn_3902,1,0,B_uniform,0.95
bn_3903,2,0,B_uniform,0.95
bn_3904,1,0,B_uniform,0.95
bn_3905,1,0,B_uniform,0.95
bn_3906,1,0,B_uniform,0.95
bn_3907,2,0,B_uniform,0.95
bn_3908,2,0,B_uniform,0.95
bn_3909,2,0,B_uniform,0.95
bn_3910,1,0,B_uniform,0.95
bn_3911,2,0,B_uniform,0.95
bn_3912,1,0,B_uniform,0.95
bn_3913,1,0,B_uniform,0.95
bn_3914,1,0,B_uniform,0.95
bn_3915,2,0,B_uniform,0.95
bn_3916,2,0,B_uniform,0.95
bn_3917,2,0,B_uniform,0.95
bn_3918,1,0,B_uniform,0.95
bn_3920,1,0,B_uniform,0.95
bn_3921,2,0,B_uniform,0.95
bn_3922,1,0,B_uniform,0.95
bn_3923,2,0,B_uniform,0.95
bn_3924,1,0,B_uniform,0.95
bn_3925,1,0,B_uniform,0.95
bn_3926,2,0,B_uniform,0.95
bn_3927,2,0,B_uniform,0.95
bn_3928,1,0,B_uniform,0.95
bn_3929,1,0,B_uniform,0.95
bn_3930,1,0,B_uniform,0.95
bn_3931,1,0,B_uniform,0.95
bn_3932,2,0,B_uniform,0.95
bn_3933,2,0,B_uniform,0.95
bn_3934,1,0,B_uniform,0.95
bn_3935,2,0,B_uniform,0.95
bn_3936,2,0,B_uniform,0.95
bn_3937,1,0,B_uniform,0.95
bn_3938,1,0,B_uniform,0.95
bn_3940,1,0,B_uniform,0.95
bn_3942,1,0,B_uniform,0.95
bn_3943,2,0,B_uniform,0.95
bn_3944,2,0,B_uniform,0.95
bn_3945,1,0,B_uniform,0.95
bn_3946,1,0,B_uniform,0.95
bn_3948,1,0,B_uniform,0.95
bn_3949,1,0,B_uniform,0.95
bn_3950,2,0,B_uniform,0.95
bn_3951,2,0,B_uniform,0.95
bn_3952,1,0,B_uniform,0.95
bn_3953,2,0,B_uniform,0.95
bn_3954,1,0,B_uniform,0.95
bn_3955,2,0,B_uniform,0.95
bn_3956,2,0,B_uniform,0.95
bn_3957,1,0,B_uniform,0.95
bn_3958,1,0,B_uniform,0.95
bn_3959,2,0,B_uniform,0.95
bn_3960,1,0,B_uniform,0.95
bn_3961,1,0,B_uniform,0.95
bn_3962,2,0,B_uniform,0.95
bn_3963,2,0,B_uniform,0.95
bn_3964,1,0,B_uniform,0.95
bn_3965,1,0,B_uniform,0.95
bn_3967,2,0,B_uniform,0.95
bn_3968,1,0,B_uniform,0.95
bn_3969,1,0,B_uniform,0.95
bn_3970,2,0,B_uniform,0.95
bn_3971,1,0,B_uniform,0.95
bn_3972,2,0,B_uniform,0.95
bn_3973,2,0,B_uniform,0.95
bn_3974,2,0,B_uniform,0.95
bn_3975,1,0,B_uniform,0.95
bn_3976,1,0,B_uniform,0.95
bn_3977,2,0,B_uniform,0.95
bn_3978,1,0,B_uniform,0.95
bn_3979,2,0,B_uniform,0.95
bn_3980,2,0,B_uniform,0.95
bn_3981,1,0,B_uniform,0.95
bn_3982,2,0,B_uniform,0.95
bn_3983,1,0,B_uniform,0.95
bn_3984,1,0,B_uniform,0.95
bn_3986,2,0,B_uniform,0.95
bn_3987,1,0,B_uniform,0.95
bn_3988,2,0,B_uniform,0.95
bn_3989,2,0,B_uniform,0.95
bn_3990,1,0,B_uniform,0.95
bn_3991,1,0,B_uniform,0.95
bn_3992,1,0,B_uniform,0.95
bn_3993,1,0,B_uniform,0.95
bn_3994,1,0,B_uniform,0.95
bn_3995,2,0,B_uniform,0.95
bn_3996,1,0,B_uniform,0.95
bn_3998,1,0,B_uniform,0.95
bn_3999,1,0,B_uniform,0.95
bn_4000,2,0,B_uniform,0.95
bn_4002,1,0,B_uniform,0.95
bn_4004,1,0,B_uniform,0.95
bn_4005,2,0,B_uniform,0.95
bn_4006,1,0,B_uniform,0.95
bn_4008,1,0,B_uniform,0.95
bn_4010,2,0,B_uniform,0.95
bn_4012,2,0,B_uniform,0.95
bn_4013,1,0,B_uniform,0.95
bn_4014,1,0,B_uniform,0.95
bn_4015,1,0,B_uniform,0.95
bn_4016,2,0,B_uniform,0.95
bn_4018,2,0,B_uniform,0.95
bn_4019,2,0,B_uniform,0.95
bn_4020,1,0,B_uniform,0.95
bn_4021,1,0,B_uniform,0.95
bn_4022,1,0,B_uniform,0.95
bn_4024,1,0,B_uniform,0.95
bn_4025,1,0,B_uniform,0.95
bn_4026,2,0,B_uniform,0.95
bn_4027,1,0,B_uniform,0.95
bn_4028,2,0,B_uniform,0.95
bn_4029,1,0,B_uniform,0.95
bn_4030,1,0,B_uniform,0.95
bn_4031,1,0,B_uniform,0.95
bn_4032,2,0,B_uniform,0.95
bn_4033,1,0,B_uniform,0.95
bn_4034,2,0,B_uniform,0.95
bn_4035,1,0,B_uniform,0.95
bn_4036,1,0,B_uniform,0.95
bn_4037,1,0,B_uniform,0.95
bn_4038,1,0,B_uniform,0.95
bn_4040,1,0,B_uniform,0.95
bn_4042,2,0,B_uniform,0.95
bn_4043,1,0,B_uniform,0.95
bn_4044,1,0,B_uniform,0.95
bn_4045,1,0,B_uniform,0.95
bn_4046,2,0,B_uniform,0.95
bn_4048,1,0,B_uniform,0.95
bn_4050,1,0,B_uniform,0.95
bn_4051,1,0,B_uniform,0.95
bn_4052,1,0,B_uniform,0.95
bn_4053,1,0,B_uniform,0.95
bn_4054,1,0,B_uniform,0.95
bn_4055,1,0,B_uniform,0.95
bn_4056,2,0,B_uniform,0.95
bn_4057,2,0,B_uniform,0.95
bn_4058,1,0,B_uniform,0.95
bn_4060,1,0,B_uniform,0.95
bn_4061,1,0,B_uniform,0.95
bn_4062,2,0,B_uniform,0.95
bn_4064,1,0,B_uniform,0.95
bn_4065,1,0,B_uniform,0.95
bn_4066,1,0,B_uniform,0.95
bn_4067,1,0,B_uniform,0.95
bn_4068,2,0,B_uniform,0.95
bn_4069,1,0,B_uniform,0.95
bn_4070,1,0,B_uniform,0.95
bn_4071,1,0,B_uniform,0.95
bn_4072,2,0,B_uniform,0.95
bn_4073,1,0,B_uniform,0.95
bn_4074,1,0,B_uniform,0.95
bn_4075,1,0,B_uniform,0.95
bn_4076,1,0,B_uniform,0.95
bn_4077,2,0,B_uniform,0.95
bn_4079,1,0,B_uniform,0.95
bn_4081,1,0,B_uniform,0.95
bn_4082,1,0,B_uniform,0.95
bn_4083,1,0,B_uniform,0.95
bn_4084,1,0,B_uniform,0.95
bn_4085,1,0,B_uniform,0.95
bn_4087,1,0,B_uniform,0.95
bn_4088,2,0,B_uniform,0.95
bn_4089,1,0,B_uniform,0.95
bn_4091,1,0,B_uniform,0.95
bn_4093,2,0,B_uniform,0.95
bn_4095,1,0,B_uniform,0.95
bn_4097,1,0,B_uniform,0.95
bn_4099,1,0,B_uniform,0.95
bn_4100,2,0,B_uniform,0.95
bn_4103,1,0,B_uniform,0.95
bn_4104,1,0,B_uniform,0.95
bn_4105,1,0,B_uniform,0.95
bn_4107,1,0,B_uniform,0.95
bn_4109,1,0,B_uniform,0.95
bn_4110,1,0,B_uniform,0.95
bn_4111,2,0,B_uniform,0.95
bn_4113,1,0,B_uniform,0.95
bn_4115,1,0,B_uniform,0.95
bn_4117,2,0,B_uniform,0.95
bn_4118,1,0,B_uniform,0.95
bn_4119,1,0,B_uniform,0.95
bn_4121,1,0,B_uniform,0.95
bn_4123,1,0,B_uniform,0.95
bn_4125,1,0,B_uniform,0.95
bn_4127,2,0,B_uniform,0.95
bn_4129,1,0,B_uniform,0.95
bn_4131,1,0,B_uniform,0.95
bn_4133,1,0,B_uniform,0.95
bn_4135,2,0,B_uniform,0.95
bn_4137,1,0,B_uniform,0.95
bn_4138,1,0,B_uniform,0.95
bn_4139,1,0,B_uniform,0.95
bn_4141,2,0,B_uniform,0.95
bn_4143,1,0,B_uniform,0.95
bn_4145,1,0,B_uniform,0.95
bn_4147,1,0,B_uniform,0.95
bn_4149,2,0,B_uniform,0.95
bn_4151,1,0,B_uniform,0.95
bn_4153,2,0,B_uniform,0.95
bn_4155,2,0,B_uniform,0.95
bn_4157,1,0,B_uniform,0.95
bn_4159,1,0,B_uniform,0.95
bn_4161,1,0,B_uniform,0.95
bn_4163,1,0,B_uniform,0.95
bn_4165,2,0,B_uniform,0.95
bn_4167,1,0,B_uniform,0.95
bn_4169,2,0,B_uniform,0.95
bn_4171,1,0,B_uniform,0.95
bn_4172,1,0,B_uniform,0.95
bn_4173,1,0,B_uniform,0.95
bn_4174,1,0,B_uniform,0.95
bn_4176,2,0,B_uniform,0.95
bn_4177,2,0,B_uniform,0.95
bn_4178,2,0,B_uniform,0.95
bn_4180,1,0,B_uniform,0.95
bn_4182,2,0,B_uniform,0.95
bn_4184,1,0,B_uniform,0.95
bn_4186,2,0,B_uniform,0.95
bn_4187,1,0,B_uniform,0.95
bn_4188,0,0,B_uniform,0.95
bn_4190,1,0,B_uniform,0.95
bn_4191,1,0,B_uniform,0.95
bn_4192,1,0,B_uniform,0.95
bn_4193,1,0,B_uniform,0.95
bn_4194,2,0,B_uniform,0.95
bn_4196,1,0,B_uniform,0.95
bn_4198,1,0,B_uniform,0.95
bn_4199,1,0,B_uniform,0.95
bn_4200,0,0,B_uniform,0.95
bn_4202,1,0,B_uniform,0.95
bn_4204,1,0,B_uniform,0.95
bn_4206,2,0,B_uniform,0.95
bn_4208,2,0,B_uniform,0.95
bn_4210,1,0,B_uniform,0.95
bn_4212,1,0,B_uniform,0.95
bn_4214,2,0,B_uniform,0.95
bn_4216,1,0,B_uniform,0.95
bn_4218,1,0,B_uniform,0.95
bn_4220,1,0,B_uniform,0.95
bn_4222,2,0,B_uniform,0.95
bn_4224,1,0,B_uniform,0.95
bn_4226,1,0,B_uniform,0.95
bn_4228,2,0,B_uniform,0.95
bn_4230,1,0,B_uniform,0.95
bn_4232,1,0,B_uniform,0.95
bn_4234,1,0,B_uniform,0.95
bn_4236,2,0,B_uniform,0.95
bn_4238,2,0,B_uniform,0.95
bn_4240,2,0,B_uniform,0.95
bn_4242,1,0,B_uniform,0.95
bn_4244,1,0,B_uniform,0.95
bn_4246,1,0,B_uniform,0.95
bn_4248,2,0,B_uniform,0.95
bn_4250,2,0,B_uniform,0.95
bn_4252,2,0,B_uniform,0.95
bn_4254,1,0,B_uniform,0.95
bn_4256,2,0,B_uniform,0.95
bn_4258,1,0,B_uniform,0.95
bn_4260,1,0,B_uniform,0.95
bn_4262,2,0,B_uniform,0.95
bn_4264,1,0,B_uniform,0.95
bn_4266,1,0,B_uniform,0.95
bn_4268,2,0,B_uniform,0.95
bn_4270,2,0,B_uniform,0.95
bn_4271,2,0,B_uniform,0.95
bn_4272,2,0,B_uniform,0.95
bn_4273,1,0,B_uniform,0.95
bn_4274,2,0,B_uniform,0.95
bn_4275,1,0,B_uniform,0.95
bn_4276,1,0,B_uniform,0.95
bn_4277,1,0,B_uniform,0.95
bn_4278,2,0,B_uniform,0.95
bn_4279,0,0,B_uniform,0.95
bn_4280,1,0,B_uniform,0.95
bn_4281,1,0,B_uniform,0.95
bn_4282,2,0,B_uniform,0.95
bn_4283,1,0,B_uniform,0.95
bn_4284,1,0,B_uniform,0.95
bn_4285,1,0,B_uniform,0.95
bn_4286,2,0,B_uniform,0.95
bn_4287,1,0,B_uniform,0.95
bn_4288,2,0,B_uniform,0.95
bn_4290,1,0,B_uniform,0.95
bn_4291,2,0,B_uniform,0.95
bn_4292,1,0,B_uniform,0.95
bn_4293,1,0,B_uniform,0.95
bn_4294,1,0,B_uniform,0.95
bn_4295,1,0,B_uniform,0.95
bn_4296,1,0,B_uniform,0.95
bn_4297,1,0,B_uniform,0.95
bn_4298,1,0,B_uniform,0.95
bn_4299,2,0,B_uniform,0.95
bn_4300,1,0,B_uniform,0.95
bn_4302,1,0,B_uniform,0.95
bn_4303,0,0,B_uniform,0.95
bn_4304,1,0,B_uniform,0.95
bn_4305,1,0,B_uniform,0.95
bn_4307,2,0,B_uniform,0.95
bn_4308,2,0,B_uniform,0.95
bn_4310,1,0,B_uniform,0.95
bn_4311,1,0,B_uniform,0.95
bn_4312,1,0,B_uniform,0.95
bn_4316,1,0,B_uniform,0.95
bn_4318,1,0,B_uniform,0.95
bn_4320,1,0,B_uniform,0.95
bn_4321,1,0,B_uniform,0.95
bn_4322,2,0,B_uniform,0.95
bn_4323,2,0,B_uniform,0.95
bn_4324,2,0,B_uniform,0.95
bn_4326,1,0,B_uniform,0.95
bn_4328,1,0,B_uniform,0.95
bn_4329,1,0,B_uniform,0.95
bn_4330,2,0,B_uniform,0.95
bn_4331,2,2,B_uniform,0.95
bn_4332,2,2,B_uniform,0.95
bn_4333,1,2,B_uniform,0.95
bn_4334,1,2,B_uniform,0.95
bn_4335,1,2,B_uniform,0.95
bn_4336,2,2,B_uniform,0.95
bn_4337,2,2,B_uniform,0.95
bn_4338,1,2,B_uniform,0.95
bn_4339,1,2,B_uniform,0.95
bn_4340,1,2,B_uniform,0.95
bn_4341,2,2,B_uniform,0.95
bn_4342,2,2,B_uniform,0.95
bn_4343,1,2,B_uniform,0.95
bn_4344,1,2,B_uniform,0.95
bn_4345,1,2,B_uniform,0.95
bn_4346,2,2,B_uniform,0.95
bn_4347,1,2,B_uniform,0.95
bn_4348,1,2,B_uniform,0.95
bn_4349,2,2,B_uniform,0.95
bn_4350,1,2,B_uniform,0.95
bn_4351,1,2,B_uniform,0.95
bn_4352,1,2,B_uniform,0.95
bn_4353,1,2,B_uniform,0.95
bn_4354,2,2,B_uniform,0.95
bn_4355,2,2,B_uniform,0.95
bn_4356,1,2,B_uniform,0.95
bn_4357,1,2,B_uniform,0.95
bn_4358,1,2,B_uniform,0.95
bn_4359,2,2,B_uniform,0.95
bn_4360,2,2,B_uniform,0.95
bn_4361,1,2,B_uniform,0.95
bn_4362,1,2,B_uniform,0.95
bn_4363,1,2,B_uniform,0.95
bn_4364,2,2,B_uniform,0.95
bn_4365,2,2,B_uniform,0.95
bn_4366,1,2,B_uniform,0.95
bn_4367,1,2,B_uniform,0.95
bn_4368,1,2,B_uniform,0.95
bn_4369,1,2,B_uniform,0.95
bn_4370,1,2,B_uniform,0.95
bn_4371,2,2,B_uniform,0.95
bn_4372,1,2,B_uniform,0.95
bn_4373,1,2,B_uniform,0.95
bn_4374,2,2,B_uniform,0.95
bn_4375,2,2,B_uniform,0.95
bn_4376,1,2,B_uniform,0.95
bn_4377,1,2,B_uniform,0.95
bn_4378,2,2,B_uniform,0.95
bn_4379,1,2,B_uniform,0.95
bn_4380,1,2,B_uniform,0.95
bn_4381,1,2,B_uniform,0.95
bn_4382,1,2,B_uniform,0.95
bn_4383,1,2,B_uniform,0.95
bn_4384,1,2,B_uniform,0.95
bn_4385,1,2,B_uniform,0.95
bn_4386,2,2,B_uniform,0.95
bn_4387,2,2,B_uniform,0.95
bn_4388,1,2,B_uniform,0.95
bn_4389,1,2,B_uniform,0.95
bn_4390,1,2,B_uniform,0.95
bn_4391,2,2,B_uniform,0.95
bn_4392,1,2,B_uniform,0.95
bn_4393,1,2,B_uniform,0.95
bn_4394,1,2,B_uniform,0.95
bn_4395,1,2,B_uniform,0.95
bn_4396,1,2,B_uniform,0.95
bn_4398,2,2,B_uniform,0.95
bn_4399,1,2,B_uniform,0.95
bn_4400,1,2,B_uniform,0.95
bn_4401,2,2,B_uniform,0.95
bn_4402,1,2,B_uniform,0.95
bn_4403,1,2,B_uniform,0.95
bn_4404,2,2,B_uniform,0.95
bn_4405,2,2,B_uniform,0.95
bn_4406,1,2,B_uniform,0.95
bn_4407,2,2,B_uniform,0.95
bn_4408,2,2,B_uniform,0.95
bn_4409,1,2,B_uniform,0.95
bn_4410,1,2,B_uniform,0.95
bn_4411,2,2,B_uniform,0.95
bn_4412,1,2,B_uniform,0.95
bn_4413,1,2,B_uniform,0.95
bn_4414,1,2,B_uniform,0.95
bn_4415,2,2,B_uniform,0.95
bn_4416,1,2,B_uniform,0.95
bn_4417,2,2,B_uniform,0.95
bn_4418,1,2,B_uniform,0.95
bn_4419,1,2,B_uniform,0.95
bn_4420,1,2,B_uniform,0.95
bn_4421,2,2,B_uniform,0.95
bn_4422,2,2,B_uniform,0.95
bn_4423,1,2,B_uniform,0.95
bn_4424,1,2,B_uniform,0.95
bn_4425,1,2,B_uniform,0.95
bn_4426,1,2,B_uniform,0.95
bn_4427,2,2,B_uniform,0.95
bn_4428,1,2,B_uniform,0.95
bn_4429,2,2,B_uniform,0.95
bn_4430,1,2,B_uniform,0.95
bn_4431,1,2,B_uniform,0.95
bn_4432,2,2,B_uniform,0.95
bn_4433,1,2,B_uniform,0.95
bn_4434,1,2,B_uniform,0.95
bn_4435,2,2,B_uniform,0.95
bn_4436,2,2,B_uniform,0.95
bn_4437,1,2,B_uniform,0.95
bn_4438,1,2,B_uniform,0.95
bn_4439,1,2,B_uniform,0.95
bn_4440,1,2,B_uniform,0.95
bn_4441,2,2,B_uniform,0.95
bn_4442,1,2,B_uniform,0.95
bn_4443,1,2,B_uniform,0.95
bn_4444,1,2,B_uniform,0.95
bn_4445,1,2,B_uniform,0.95
bn_4446,2,2,B_uniform,0.95
bn_4447,1,2,B_uniform,0.95
bn_4448,1,2,B_uniform,0.95
bn_4449,1,2,B_uniform,0.95
bn_4450,2,2,B_uniform,0.95
bn_4451,2,2,B_uniform,0.95
bn_4452,1,2,B_uniform,0.95
bn_4453,2,2,B_uniform,0.95
bn_4454,1,2,B_uniform,0.95
bn_4455,1,2,B_uniform,0.95
bn_4456,1,2,B_uniform,0.95
bn_4457,1,2,B_uniform,0.95
bn_4458,1,2,B_uniform,0.95
bn_4459,2,2,B_uniform,0.95
bn_4460,1,2,B_uniform,0.95
bn_4461,1,2,B_uniform,0.95
bn_4462,1,2,B_uniform,0.95
bn_4464,2,2,B_uniform,0.95
bn_4465,1,2,B_uniform,0.95
bn_4467,1,2,B_uniform,0.95
bn_4468,1,2,B_uniform,0.95
bn_4469,1,2,B_uniform,0.95
bn_4470,1,2,B_uniform,0.95
bn_4471,2,2,B_uniform,0.95
bn_4472,2,2,B_uniform,0.95
bn_4473,1,2,B_uniform,0.95
bn_4474,1,2,B_uniform,0.95
bn_4475,2,2,B_uniform,0.95
bn_4476,2,2,B_uniform,0.95
bn_4478,1,2,B_uniform,0.95
bn_4479,2,2,B_uniform,0.95
bn_4480,2,2,B_uniform,0.95
bn_4481,1,2,B_uniform,0.95
bn_4482,1,2,B_uniform,0.95
bn_4483,2,2,B_uniform,0.95
bn_4484,1,2,B_uniform,0.95
bn_4485,1,2,B_uniform,0.95
bn_4486,2,2,B_uniform,0.95
bn_4487,2,2,B_uniform,0.95
bn_4488,1,2,B_uniform,0.95
bn_4489,1,2,B_uniform,0.95
bn_4490,1,2,B_uniform,0.95
bn_4491,2,2,B_uniform,0.95
bn_4492,1,2,B_uniform,0.95
bn_4494,1,2,B_uniform,0.95
bn_4495,2,2,B_uniform,0.95
bn_4496,1,2,B_uniform,0.95
bn_4497,1,2,B_uniform,0.95
bn_4498,1,2,B_uniform,0.95
bn_4499,1,2,B_uniform,0.95
bn_4500,2,2,B_uniform,0.95
bn_4501,1,2,B_uniform,0.95
bn_4502,1,2,B_uniform,0.95
bn_4503,1,2,B_uniform,0.95
bn_4504,1,2,B_uniform,0.95
bn_4505,2,2,B_uniform,0.95
bn_4506,1,2,B_uniform,0.95
bn_4507,1,2,B_uniform,0.95
bn_4508,1,2,B_uniform,0.95
bn_4509,1,2,B_uniform,0.95
bn_4510,2,2,B_uniform,0.95
bn_4511,2,2,B_uniform,0.95
bn_4512,1,2,B_uniform,0.95
bn_4513,1,2,B_uniform,0.95
bn_4514,2,2,B_uniform,0.95
bn_4515,1,2,B_uniform,0.95
bn_4516,1,2,B_uniform,0.95
bn_4517,1,2,B_uniform,0.95
bn_4518,1,2,B_uniform,0.95
bn_4519,2,2,B_uniform,0.95
bn_4520,2,2,B_uniform,0.95
bn_4521,1,2,B_uniform,0.95
bn_4522,1,2,B_uniform,0.95
bn_4523,2,2,B_uniform,0.95
bn_4524,2,2,B_uniform,0.95
bn_4525,1,2,B_uniform,0.95
bn_4526,1,2,B_uniform,0.95
bn_4527,2,2,B_uniform,0.95
bn_4528,2,2,B_uniform,0.95
bn_4529,1,2,B_uniform,0.95
bn_4530,2,2,B_uniform,0.95
bn_4531,1,2,B_uniform,0.95
bn_4532,2,2,B_uniform,0.95
bn_4533,2,2,B_uniform,0.95
bn_4534,0,2,B_uniform,0.95
bn_4535,1,2,B_uniform,0.95
bn_4536,2,2,B_uniform,0.95
bn_4537,1,2,B_uniform,0.95
bn_4538,1,2,B_uniform,0.95
bn_4539,2,2,B_uniform,0.95
bn_4540,1,2,B_uniform,0.95
bn_4541,1,2,B_uniform,0.95
bn_4542,1,2,B_uniform,0.95
bn_4543,1,2,B_uniform,0.95
bn_4544,1,2,B_uniform,0.95
bn_4545,1,2,B_uniform,0.95
bn_4546,2,2,B_uniform,0.95
bn_4547,2,2,B_uniform,0.95
bn_4548,1,2,B_uniform,0.95
bn_4549,1,2,B_uniform,0.95
bn_4550,1,2,B_uniform,0.95
bn_4551,2,2,B_uniform,0.95
bn_4552,1,2,B_uniform,0.95
bn_4553,1,2,B_uniform,0.95
bn_4554,2,2,B_uniform,0.95
bn_4555,1,2,B_uniform,0.95
bn_4556,0,2,B_uniform,0.95
bn_4557,1,2,B_uniform,0.95
bn_4558,0,2,B_uniform,0.95
bn_4559,2,2,B_uniform,0.95
bn_4560,1,2,B_uniform,0.95
bn_4561,1,2,B_uniform,0.95
bn_4562,1,2,B_uniform,0.95
bn_4563,2,2,B_uniform,0.95
bn_4564,2,2,B_uniform,0.95
bn_4565,1,2,B_uniform,0.95
bn_4566,2,2,B_uniform,0.95
bn_4567,1,2,B_uniform,0.95
bn_4568,1,2,B_uniform,0.95
bn_4569,2,2,B_uniform,0.95
bn_4570,1,2,B_uniform,0.95
bn_4571,2,2,B_uniform,0.95
bn_4572,2,2,B_uniform,0.95
bn_4573,1,2,B_uniform,0.95
bn_4574,1,2,B_uniform,0.95
bn_4575,1,2,B_uniform,0.95
bn_4576,1,2,B_uniform,0.95
bn_4577,1,2,B_uniform,0.95
bn_4578,1,2,B_uniform,0.95
bn_4579,1,2,B_uniform,0.95
bn_4580,1,2,B_uniform,0.95
bn_4581,2,2,B_uniform,0.95
bn_4582,2,2,B_uniform,0.95
bn_4583,1,2,B_uniform,0.95
bn_4584,1,2,B_uniform,0.95
bn_4585,1,2,B_uniform,0.95
bn_4586,2,2,B_uniform,0.95
bn_4587,2,2,B_uniform,0.95
bn_4588,2,2,B_uniform,0.95
bn_4589,1,2,B_uniform,0.95
bn_4590,1,2,B_uniform,0.95
bn_4591,2,2,B_uniform,0.95
bn_4592,2,2,B_uniform,0.95
bn_4593,1,2,B_uniform,0.95
bn_4594,1,2,B_uniform,0.95
bn_4595,2,2,B_uniform,0.95
bn_4596,1,2,B_uniform,0.95
bn_4597,2,2,B_uniform,0.95
bn_4598,2,2,B_uniform,0.95
bn_4599,2,2,B_uniform,0.95
bn_4600,2,2,B_uniform,0.95
bn_4601,2,2,B_uniform,0.95
bn_4602,1,2,B_uniform,0.95
bn_4603,1,2,B_uniform,0.95
bn_4604,1,2,B_uniform,0.95
bn_4605,2,2,B_uniform,0.95
bn_4606,1,2,B_uniform,0.95
bn_4607,1,2,B_uniform,0.95
bn_4608,2,2,B_uniform,0.95
bn_4609,2,2,B_uniform,0.95
bn_4610,1,2,B_uniform,0.95
bn_4611,2,2,B_uniform,0.95
bn_4612,1,2,B_uniform,0.95
bn_4613,2,2,B_uniform,0.95
bn_4614,1,2,B_uniform,0.95
bn_4615,1,2,B_uniform,0.95
bn_4616,1,2,B_uniform,0.95
bn_4617,2,2,B_uniform,0.95
bn_4618,2,2,B_uniform,0.95
bn_4619,1,2,B_uniform,0.95
bn_4620,1,2,B_uniform,0.95
bn_4621,1,2,B_uniform,0.95
bn_4622,1,2,B_uniform,0.95
bn_4623,2,2,B_uniform,0.95
bn_4624,2,2,B_uniform,0.95
bn_4625,1,2,B_uniform,0.95
bn_4626,0,2,B_uniform,0.95
bn_4627,1,2,B_uniform,0.95
bn_4628,2,2,B_uniform,0.95
bn_4629,2,2,B_uniform,0.95
bn_4630,1,2,B_uniform,0.95
bn_4631,1,2,B_uniform,0.95
bn_4632,2,2,B_uniform,0.95
bn_4633,1,2,B_uniform,0.95
bn_4634,1,2,B_uniform,0.95
bn_4635,1,2,B_uniform,0.95
bn_4636,1,2,B_uniform,0.95
bn_4637,1,2,B_uniform,0.95
bn_4638,1,2,B_uniform,0.95
bn_4639,2,2,B_uniform,0.95
bn_4640,2,2,B_uniform,0.95
bn_4641,1,2,B_uniform,0.95
bn_4642,1,2,B_uniform,0.95
bn_4643,1,2,B_uniform,0.95
bn_4644,1,2,B_uniform,0.95
bn_4645,1,2,B_uniform,0.95
bn_4646,1,2,B_uniform,0.95
bn_4647,1,2,B_uniform,0.95
bn_4648,2,2,B_uniform,0.95
bn_4649,1,2,B_uniform,0.95
bn_4650,1,2,B_uniform,0.95
bn_4651,1,2,B_uniform,0.95
bn_4652,2,2,B_uniform,0.95
bn_4653,1,2,B_uniform,0.95
bn_4654,1,2,B_uniform,0.95
bn_4655,1,2,B_uniform,0.95
bn_4656,1,2,B_uniform,0.95
bn_4657,1,2,B_uniform,0.95
bn_4658,1,2,B_uniform,0.95
bn_4659,1,2,B_uniform,0.95
bn_4661,1,2,B_uniform,0.95
bn_4662,1,2,B_uniform,0.95
bn_4663,2,2,B_uniform,0.95
bn_4664,1,2,B_uniform,0.95
bn_4665,1,2,B_uniform,0.95
bn_4667,1,2,B_uniform,0.95
bn_4668,1,2,B_uniform,0.95
bn_4669,1,2,B_uniform,0.95
bn_4670,1,2,B_uniform,0.95
bn_4671,1,2,B_uniform,0.95
bn_4672,1,2,B_uniform,0.95
bn_4673,2,2,B_uniform,0.95
bn_4674,1,2,B_uniform,0.95
bn_4675,2,2,B_uniform,0.95
bn_4676,1,2,B_uniform,0.95
bn_4677,1,2,B_uniform,0.95
bn_4678,2,2,B_uniform,0.95
bn_4679,1,2,B_uniform,0.95
bn_4680,1,2,B_uniform,0.95
bn_4681,1,2,B_uniform,0.95
bn_4682,1,2,B_uniform,0.95
bn_4683,1,2,B_uniform,0.95
bn_4684,2,2,B_uniform,0.95
bn_4685,2,2,B_uniform,0.95
bn_4686,1,2,B_uniform,0.95
bn_4687,1,2,B_uniform,0.95
bn_4688,1,2,B_uniform,0.95
bn_4689,1,2,B_uniform,0.95
bn_4690,2,2,B_uniform,0.95
bn_4691,2,2,B_uniform,0.95
bn_4692,1,2,B_uniform,0.95
bn_4693,1,2,B_uniform,0.95
bn_4694,2,2,B_uniform,0.95
bn_4695,1,2,B_uniform,0.95
bn_4696,1,2,B_uniform,0.95
bn_4697,2,2,B_uniform,0.95
bn_4698,1,2,B_uniform,0.95
bn_4699,1,2,B_uniform,0.95
bn_4700,1,2,B_uniform,0.95
bn_4701,1,2,B_uniform,0.95
bn_4702,1,2,B_uniform,0.95
bn_4703,2,2,B_uniform,0.95
bn_4704,1,2,B_uniform,0.95
bn_4705,1,2,B_uniform,0.95
bn_4706,1,2,B_uniform,0.95
bn_4707,1,2,B_uniform,0.95
bn_4708,1,2,B_uniform,0.95
bn_4709,1,2,B_uniform,0.95
bn_4710,1,2,B_uniform,0.95
bn_4711,2,2,B_uniform,0.95
bn_4712,1,2,B_uniform,0.95
bn_4713,1,2,B_uniform,0.95
bn_4714,2,2,B_uniform,0.95
bn_4715,1,2,B_uniform,0.95
bn_4716,1,2,B_uniform,0.95
bn_4717,1,2,B_uniform,0.95
bn_4718,1,2,B_uniform,0.95
bn_4719,2,2,B_uniform,0.95
bn_4720,1,2,B_uniform,0.95
bn_4721,2,2,B_uniform,0.95
bn_4722,1,2,B_uniform,0.95
bn_4723,1,2,B_uniform,0.95
bn_4724,1,2,B_uniform,0.95
bn_4725,1,2,B_uniform,0.95
bn_4726,1,2,B_uniform,0.95
bn_4727,2,2,B_uniform,0.95
bn_4728,1,2,B_uniform,0.95
bn_4729,1,2,B_uniform,0.95
bn_4730,1,2,B_uniform,0.95
bn_4731,1,2,B_uniform,0.95
bn_4732,1,2,B_uniform,0.95
bn_4733,1,2,B_uniform,0.95
bn_4734,2,2,B_uniform,0.95
bn_4735,2,2,B_uniform,0.95
bn_4736,1,2,B_uniform,0.95
bn_4737,1,2,B_uniform,0.95
bn_4738,2,2,B_uniform,0.95
bn_4739,1,2,B_uniform,0.95
bn_4740,1,2,B_uniform,0.95
bn_4741,1,2,B_uniform,0.95
bn_4742,1,2,B_uniform,0.95
bn_4744,1,2,B_uniform,0.95
bn_4745,2,2,B_uniform,0.95
bn_4746,2,2,B_uniform,0.95
bn_4747,2,2,B_uniform,0.95
bn_4748,2,2,B_uniform,0.95
bn_4750,1,2,B_uniform,0.95
bn_4751,1,2,B_uniform,0.95
bn_4752,1,2,B_uniform,0.95
bn_4753,1,2,B_uniform,0.95
bn_4754,2,2,B_uniform,0.95
bn_4755,1,2,B_uniform,0.95
bn_4756,1,2,B_uniform,0.95
bn_4758,1,2,B_uniform,0.95
bn_4759,1,2,B_uniform,0.95
bn_4760,1,2,B_uniform,0.95
bn_4761,1,2,B_uniform,0.95
bn_4762,1,2,B_uniform,0.95
bn_4763,2,2,B_uniform,0.95
bn_4764,1,2,B_uniform,0.95
bn_4765,2,2,B_uniform,0.95
bn_4766,1,2,B_uniform,0.95
bn_4767,1,2,B_uniform,0.95
bn_4768,2,2,B_uniform,0.95
bn_4769,1,2,B_uniform,0.95
bn_4770,1,2,B_uniform,0.95
bn_4771,1,2,B_uniform,0.95
bn_4772,2,2,B_uniform,0.95
bn_4774,1,2,B_uniform,0.95
bn_4775,1,2,B_uniform,0.95
bn_4776,2,2,B_uniform,0.95
bn_4777,1,2,B_uniform,0.95
bn_4778,1,2,B_uniform,0.95
bn_4780,1,2,B_uniform,0.95
bn_4781,1,2,B_uniform,0.95
bn_4782,2,2,B_uniform,0.95
bn_4783,1,2,B_uniform,0.95
bn_4784,2,2,B_uniform,0.95
bn_4785,1,2,B_uniform,0.95
bn_4786,2,2,B_uniform,0.95
bn_4787,1,2,B_uniform,0.95
bn_4788,1,2,B_uniform,0.95
bn_4790,2,2,B_uniform,0.95
bn_4791,1,2,B_uniform,0.95
bn_4793,1,2,B_uniform,0.95
bn_4796,1,2,B_uniform,0.95
bn_4797,2,2,B_uniform,0.95
bn_4798,2,2,B_uniform,0.95
bn_4799,2,2,B_uniform,0.95
bn_4800,2,2,B_uniform,0.95
bn_4802,2,2,B_uniform,0.95
bn_4804,1,2,B_uniform,0.95
bn_4806,1,2,B_uniform,0.95
bn_4807,1,2,B_uniform,0.95
bn_4808,2,2,B_uniform,0.95
bn_4809,1,2,B_uniform,0.95
bn_4810,2,2,B_uniform,0.95
bn_4811,1,2,B_uniform,0.95
bn_4812,1,2,B_uniform,0.95
bn_4814,1,2,B_uniform,0.95
bn_4815,2,2,B_uniform,0.95
bn_4816,2,2,B_uniform,0.95
bn_4819,2,2,B_uniform,0.95
bn_4820,2,2,B_uniform,0.95
bn_4821,1,2,B_uniform,0.95
bn_4822,2,2,B_uniform,0.95
bn_4824,2,2,B_uniform,0.95
bn_4826,2,2,B_uniform,0.95
bn_4827,2,2,B_uniform,0.95
bn_4828,1,2,B_uniform,0.95
bn_4829,2,2,B_uniform,0.95
bn_4831,1,2,B_uniform,0.95
bn_4832,1,2,B_uniform,0.95
bn_4833,1,2,B_uniform,0.95
bn_4834,1,2,B_uniform,0.95
bn_4835,1,2,B_uniform,0.95
bn_4836,2,2,B_uniform,0.95
bn_4837,2,2,B_uniform,0.95
bn_4839,1,2,B_uniform,0.95
bn_4841,1,2,B_uniform,0.95
bn_4843,1,2,B_uniform,0.95
bn_4844,2,2,B_uniform,0.95
bn_4845,2,2,B_uniform,0.95
bn_4846,2,2,B_uniform,0.95
bn_4847,1,2,B_uniform,0.95
bn_4848,1,2,B_uniform,0.95
bn_4849,1,2,B_uniform,0.95
bn_4850,1,2,B_uniform,0.95
bn_4851,1,2,B_uniform,0.95
bn_4852,2,2,B_uniform,0.95
bn_4853,2,2,B_uniform,0.95
bn_4854,1,2,B_uniform,0.95
bn_4856,1,2,B_uniform,0.95
bn_4858,2,2,B_uniform,0.95
bn_4859,1,2,B_uniform,0.95
bn_4860,1,2,B_uniform,0.95
bn_4862,1,2,B_uniform,0.95
bn_4863,1,2,B_uniform,0.95
bn_4864,1,2,B_uniform,0.95
bn_4865,1,2,B_uniform,0.95
bn_4866,2,2,B_uniform,0.95
bn_4867,2,2,B_uniform,0.95
bn_4868,1,2,B_uniform,0.95
bn_4870,2,2,B_uniform,0.95
bn_4872,1,2,B_uniform,0.95
bn_4873,2,2,B_uniform,0.95
bn_4874,2,2,B_uniform,0.95
bn_4875,2,2,B_uniform,0.95
bn_4876,1,2,B_uniform,0.95
bn_4878,2,2,B_uniform,0.95
bn_4879,1,2,B_uniform,0.95
bn_4880,1,2,B_uniform,0.95
bn_4882,1,2,B_uniform,0.95
bn_4883,1,2,B_uniform,0.95
bn_4884,1,2,B_uniform,0.95
bn_4885,2,2,B_uniform,0.95
bn_4886,1,2,B_uniform,0.95
bn_4888,1,2,B_uniform,0.95
bn_4889,2,2,B_uniform,0.95
bn_4892,2,2,B_uniform,0.95
bn_4893,1,2,B_uniform,0.95
bn_4894,1,2,B_uniform,0.95
bn_4895,1,2,B_uniform,0.95
bn_4896,1,2,B_uniform,0.95
bn_4897,1,2,B_uniform,0.95
bn_4898,2,2,B_uniform,0.95
bn_4899,1,2,B_uniform,0.95
bn_4900,2,2,B_uniform,0.95
bn_4901,1,2,B_uniform,0.95
bn_4902,1,2,B_uniform,0.95
bn_4903,1,2,B_uniform,0.95
bn_4904,1,2,B_uniform,0.95
bn_4905,1,2,B_uniform,0.95
bn_4906,1,2,B_uniform,0.95
bn_4907,1,2,B_uniform,0.95
bn_4908,1,2,B_uniform,0.95
bn_4909,2,2,B_uniform,0.95
bn_4910,1,2,B_uniform,0.95
bn_4912,1,2,B_uniform,0.95
bn_4913,1,2,B_uniform,0.95
bn_4914,2,2,B_uniform,0.95
bn_4916,1,2,B_uniform,0.95
bn_4918,1,2,B_uniform,0.95
bn_4919,1,2,B_uniform,0.95
bn_4921,1,2,B_uniform,0.95
bn_4922,1,2,B_uniform,0.95
bn_4923,2,2,B_uniform,0.95
bn_4924,1,2,B_uniform,0.95
bn_4926,2,2,B_uniform,0.95
bn_4928,1,2,B_uniform,0.95
bn_4930,1,2,B_uniform,0.95
bn_4931,1,2,B_uniform,0.95
bn_4933,2,2,B_uniform,0.95
bn_4934,1,2,B_uniform,0.95
bn_4935,2,2,B_uniform,0.95
bn_4936,2,2,B_uniform,0.95
bn_4937,1,2,B_uniform,0.95
bn_4938,1,2,B_uniform,0.95
bn_4939,1,2,B_uniform,0.95
bn_4941,2,2,B_uniform,0.95
bn_4942,1,2,B_uniform,0.95
bn_4944,2,2,B_uniform,0.95
bn_4945,1,2,B_uniform,0.95
bn_4947,2,2,B_uniform,0.95
bn_4948,1,2,B_uniform,0.95
bn_4949,1,2,B_uniform,0.95
bn_4950,1,2,B_uniform,0.95
bn_4951,1,2,B_uniform,0.95
bn_4952,2,2,B_uniform,0.95
bn_4953,1,2,B_uniform,0.95
bn_4955,2,2,B_uniform,0.95
bn_4957,1,2,B_uniform,0.95
bn_4959,1,2,B_uniform,0.95
bn_4962,1,2,B_uniform,0.95
bn_4963,1,2,B_uniform,0.95
bn_4965,1,2,B_uniform,0.95
bn_4966,2,2,B_uniform,0.95
bn_4967,1,2,B_uniform,0.95
bn_4971,1,2,B_uniform,0.95
bn_4972,2,2,B_uniform,0.95
bn_4973,1,2,B_uniform,0.95
bn_4975,1,2,B_uniform,0.95
bn_4976,1,2,B_uniform,0.95
bn_4979,1,2,B_uniform,0.95
bn_4981,1,2,B_uniform,0.95
bn_4983,1,2,B_uniform,0.95
bn_4985,1,2,B_uniform,0.95
bn_4987,1,2,B_uniform,0.95
bn_4988,2,2,B_uniform,0.95
bn_4989,2,2,B_uniform,0.95
bn_4991,1,2,B_uniform,0.95
bn_4993,1,2,B_uniform,0.95
bn_4994,1,2,B_uniform,0.95
bn_4995,1,2,B_uniform,0.95
bn_4997,2,2,B_uniform,0.95
bn_4998,1,2,B_uniform,0.95
bn_4999,2,2,B_uniform,0.95
