review_id,n_words,n_chars,mean_word_len,n_danda,has_danda,n_comma,has_comma_run,n_exclaim,n_question,punct_per_token,has_latin,has_digit,first_person,Sentiment
bn_0000,20,106,4.35,1,1,4,0,0,0,0.25,0,1,1,1
bn_0001,16,84,4.3125,0,0,0,0,0,0,0.0,0,0,1,1
bn_0002,28,162,4.821428571428571,3,1,0,0,0,0,0.10714285714285714,0,0,0,1
bn_0003,16,79,4.0,3,1,0,0,0,0,0.1875,0,1,0,1
bn_0004,13,79,5.153846153846154,2,1,0,0,0,0,0.15384615384615385,0,0,0,1
bn_0005,4,25,5.5,1,1,0,0,0,0,0.25,0,0,0,1
bn_0006,40,208,4.225,1,1,0,0,0,0,0.025,0,0,1,1
bn_0007,12,64,4.416666666666667,0,0,0,0,0,0,0.0,0,0,0,1
bn_0008,16,91,4.75,3,1,0,0,0,0,0.1875,0,0,0,1
bn_0009,11,48,3.4545454545454546,1,1,1,0,0,0,0.18181818181818182,0,0,0,1
bn_0010,23,112,3.9130434782608696,2,1,0,0,0,0,0.08695652173913043,1,0,0,1
bn_0011,14,97,6.0,7,1,0,0,0,0,0.5,0,1,1,1
bn_0012,7,39,4.714285714285714,0,0,0,0,0,0,0.0,0,0,0,1
bn_0013,13,67,4.230769230769231,0,0,0,0,0,0,0.0,0,0,0,1
bn_0014,7,40,4.857142857142857,0,0,0,0,0,0,0.0,0,0,0,1
bn_0015,6,33,4.666666666666667,0,0,0,0,0,0,0.0,0,0,0,1
bn_0016,7,49,6.142857142857143,0,0,0,0,0,0,0.0,0,0,0,1
bn_0017,9,57,5.444444444444445,1,1,0,0,0,0,0.1111111111111111,0,0,0,1
bn_0018,19,91,3.8421052631578947,0,0,0,0,0,0,0.0,0,0,1,1
bn_0019,4,26,5.75,0,0,0,0,0,0,0.0,0,0,0,1
bn_0020,10,49,4.0,0,0,0,0,0,0,0.0,0,0,0,1
bn_0021,9,52,4.888888888888889,0,0,0,0,0,0,0.0,0,0,0,1
bn_0022,29,134,3.6551724137931036,0,0,0,0,0,0,0.0,0,0,0,1
bn_0023,6,37,5.333333333333333,0,0,0,0,0,0,0.0,0,0,0,1
bn_0024,9,51,4.777777777777778,2,1,0,0,0,0,0.2222222222222222,0,0,0,1
bn_0025,11,56,4.181818181818182,0,0,0,0,0,0,0.0,0,0,1,1
bn_0026,10,57,4.8,0,0,0,0,0,0,0.0,0,0,0,1
bn_0027,9,60,5.777777777777778,0,0,0,0,0,0,0.0,0,0,0,1
bn_0028,19,99,4.2631578947368425,0,0,0,0,0,0,0.0,0,0,1,1
bn_0029,34,175,4.176470588235294,0,0,0,0,0,0,0.0,0,0,1,1
bn_0030,16,87,4.5,1,1,0,0,0,0,0.0625,0,0,0,1
bn_0031,19,94,4.0,3,1,0,0,0,0,0.15789473684210525,0,0,1,1
bn_0032,10,65,5.6,1,1,0,0,0,0,0.1,0,0,0,1
bn_0033,5,44,8.0,1,1,0,0,0,0,0.2,0,0,0,1
bn_0034,14,91,5.571428571428571,2,1,0,0,0,0,0.14285714285714285,0,0,0,1
bn_0035,19,93,3.9473684210526314,0,0,0,0,0,0,0.0,0,0,1,1
bn_0036,24,133,4.583333333333333,3,1,0,0,0,0,0.125,0,0,0,1
bn_0037,8,51,5.5,0,0,0,0,0,0,0.0,0,0,0,1
bn_0038,29,150,4.206896551724138,4,1,0,0,0,0,0.13793103448275862,0,0,1,1
bn_0039,26,136,4.269230769230769,5,1,0,0,0,0,0.19230769230769232,0,0,0,1
bn_0040,17,92,4.470588235294118,0,0,0,0,0,0,0.0,0,0,0,1
bn_0041,14,86,5.214285714285714,1,1,0,0,0,0,0.07142857142857142,0,0,0,1
bn_0042,11,57,4.2727272727272725,0,0,1,0,0,0,0.09090909090909091,0,0,0,1
bn_0043,18,86,3.8333333333333335,0,0,0,0,0,0,0.0,0,0,1,1
bn_0044,39,194,4.0,0,0,0,0,0,0,0.0,0,0,1,1
bn_0045,10,55,4.6,2,1,0,0,0,0,0.2,0,0,0,1
bn_0046,14,70,4.071428571428571,0,0,0,0,0,0,0.0,0,0,0,1
bn_0047,25,133,4.36,2,1,2,1,0,0,0.16,0,0,1,1
bn_0048,32,164,4.15625,0,0,0,0,0,0,0.0,0,0,0,1
bn_0049,18,91,4.111111111111111,0,0,0,0,0,0,0.0,0,0,1,1
bn_0050,8,48,5.125,0,0,0,0,0,0,0.0,0,0,0,1
bn_0051,24,136,4.708333333333333,0,0,1,0,0,0,0.041666666666666664,0,0,0,1
bn_0052,25,132,4.32,0,0,4,0,0,0,0.16,0,0,0,1
bn_0053,14,76,4.5,1,1,0,0,0,0,0.07142857142857142,0,0,0,1
bn_0054,43,237,4.534883720930233,0,0,0,0,0,0,0.0,0,0,1,1
bn_0055,15,84,4.666666666666667,3,1,2,0,0,0,0.3333333333333333,0,0,0,1
bn_0056,9,46,4.222222222222222,0,0,0,0,0,0,0.0,0,0,0,1
bn_0057,8,52,5.625,0,0,0,0,0,0,0.0,0,0,0,1
bn_0058,9,40,3.5555555555555554,0,0,0,0,0,0,0.0,0,0,1,1
bn_0059,19,99,4.2631578947368425,0,0,0,0,0,0,0.0,0,0,0,1
bn_0060,13,72,4.615384615384615,2,1,0,0,0,0,0.15384615384615385,0,0,0,1
bn_0061,11,64,4.909090909090909,2,1,0,0,0,0,0.18181818181818182,0,0,1,1
bn_0062,29,154,4.344827586206897,2,1,0,0,0,0,0.06896551724137931,0,0,0,1
bn_0063,6,28,3.8333333333333335,0,0,0,0,0,0,0.0,0,0,0,1
bn_0064,17,81,3.823529411764706,0,0,0,0,0,0,0.0,0,0,0,1
bn_0065,28,160,4.75,2,1,0,0,0,0,0.07142857142857142,0,0,0,1
bn_0066,3,15,4.333333333333333,0,0,0,0,0,0,0.0,0,0,0,1
bn_0067,10,51,4.2,0,0,0,0,0,0,0.0,0,0,1,1
bn_0068,17,76,3.5294117647058822,0,0,0,0,0,0,0.0,0,0,0,1
bn_0069,12,84,6.083333333333333,2,1,1,0,0,0,0.25,0,0,0,1
bn_0070,9,49,4.555555555555555,1,1,0,0,0,0,0.1111111111111111,0,0,0,1
bn_0071,13,60,3.6923076923076925,0,0,0,0,0,0,0.0,0,0,0,1
bn_0072,20,118,4.95,2,1,0,0,0,0,0.1,0,0,0,1
bn_0073,25,126,4.08,0,0,1,0,0,0,0.04,0,0,0,1
bn_0074,10,52,4.3,0,0,0,0,0,0,0.0,0,0,0,1
bn_0075,26,120,3.6538461538461537,2,1,2,0,0,0,0.15384615384615385,0,0,1,1
bn_0076,15,88,4.933333333333334,0,0,1,0,0,0,0.06666666666666667,0,0,0,1
bn_0077,10,72,6.3,1,1,0,0,0,0,0.1,0,0,0,1
bn_0078,15,107,6.2,0,0,0,0,0,0,0.0,0,0,1,1
bn_0079,19,100,4.315789473684211,1,1,0,0,0,0,0.05263157894736842,0,0,0,1
bn_0080,13,56,3.3846153846153846,0,0,0,0,0,0,0.0,0,0,0,1
bn_0081,31,152,3.935483870967742,0,0,0,0,0,0,0.0,0,0,0,1
bn_0082,9,51,4.777777777777778,0,0,0,0,0,0,0.0,0,0,0,1
bn_0083,13,76,4.923076923076923,1,1,0,0,0,0,0.07692307692307693,0,0,0,1
bn_0084,28,139,4.0,0,0,1,0,0,0,0.03571428571428571,0,0,1,1
bn_0085,6,45,6.666666666666667,1,1,0,0,0,0,0.16666666666666666,0,0,0,1
bn_0086,16,89,4.625,0,0,1,0,0,0,0.0625,0,0,0,1
bn_0087,10,59,5.0,0,0,2,0,0,0,0.2,0,0,0,1
bn_0088,16,93,4.875,0,0,0,0,0,0,0.0,0,0,0,1
bn_0089,10,61,5.2,0,0,0,0,0,0,0.0,0,0,0,1
bn_0090,11,60,4.545454545454546,0,0,0,0,0,0,0.0,0,0,0,1
bn_0091,26,141,4.461538461538462,1,1,0,0,0,0,0.038461538461538464,0,0,0,1
bn_0092,27,131,3.888888888888889,0,0,5,1,0,0,0.18518518518518517,0,0,0,1
bn_0093,4,31,7.0,0,0,0,0,0,0,0.0,0,0,0,1
bn_0094,14,64,3.642857142857143,0,0,0,0,0,0,0.0,0,0,0,1
bn_0095,16,83,4.25,1,1,1,0,0,0,0.125,0,0,0,1
bn_0096,12,57,3.8333333333333335,0,0,0,0,0,0,0.0,0,0,0,1
bn_0097,17,124,6.352941176470588,2,1,0,0,0,0,0.11764705882352941,0,0,1,1
bn_0098,24,120,4.041666666666667,0,0,0,0,0,0,0.0,0,0,0,1
bn_0099,7,39,4.714285714285714,0,0,3,1,0,0,0.42857142857142855,0,0,0,1
bn_0100,11,59,4.454545454545454,1,1,1,0,0,0,0.18181818181818182,0,0,0,1
bn_0101,10,53,4.4,1,1,1,0,0,0,0.2,0,0,0,1
bn_0102,10,55,4.6,1,1,1,0,0,0,0.2,0,0,0,1
bn_0103,19,104,4.526315789473684,0,0,0,0,0,0,0.0,0,0,0,1
bn_0104,9,55,5.222222222222222,0,0,0,0,0,0,0.0,0,0,0,1
bn_0105,20,102,4.15,3,1,0,0,0,0,0.15,0,0,1,1
bn_0106,15,81,4.466666666666667,0,0,0,0,0,0,0.0,0,0,1,1
bn_0107,4,16,3.25,0,0,0,0,0,0,0.0,0,0,0,1
bn_0108,7,28,3.142857142857143,0,0,0,0,0,0,0.0,0,0,0,1
bn_0109,16,84,4.3125,0,0,2,1,0,0,0.125,0,0,1,1
bn_0110,8,38,3.875,0,0,0,0,0,0,0.0,0,0,0,1
bn_0111,6,60,9.166666666666666,0,0,5,0,0,0,0.8333333333333334,0,0,0,1
bn_0112,8,51,5.5,1,1,1,0,0,0,0.25,0,0,0,1
bn_0113,30,201,5.733333333333333,2,1,4,0,0,0,0.2,0,0,0,1
bn_0114,17,81,3.823529411764706,0,0,0,0,0,0,0.0,0,0,0,1
bn_0115,5,23,3.8,0,0,0,0,0,0,0.0,0,0,1,1
bn_0116,20,108,4.45,1,1,0,0,0,0,0.05,0,0,1,1
bn_0117,28,152,4.464285714285714,1,1,5,0,0,0,0.21428571428571427,0,0,1,1
bn_0118,11,51,3.727272727272727,0,0,0,0,0,0,0.0,0,0,0,1
bn_0119,27,143,4.333333333333333,3,1,0,0,0,0,0.1111111111111111,0,0,1,1
bn_0120,12,64,4.416666666666667,0,0,0,0,0,0,0.0,0,0,0,1
bn_0121,22,116,4.318181818181818,0,0,0,0,0,0,0.0,0,0,0,1
bn_0122,7,41,5.0,0,0,0,0,0,0,0.0,0,0,0,1
bn_0123,12,54,3.5833333333333335,0,0,0,0,0,0,0.0,0,0,0,1
bn_0124,8,42,4.375,0,0,0,0,0,0,0.0,0,0,0,1
bn_0125,14,75,4.428571428571429,1,1,0,0,0,0,0.07142857142857142,0,0,0,1
bn_0126,11,62,4.7272727272727275,3,1,0,0,0,0,0.2727272727272727,0,0,0,1
bn_0127,31,212,5.870967741935484,3,1,5,0,0,0,0.25806451612903225,0,0,0,1
bn_0128,12,56,3.75,0,0,0,0,0,0,0.0,0,0,0,1
bn_0129,16,101,5.375,0,0,0,0,0,0,0.0,0,0,0,1
bn_0130,34,192,4.676470588235294,1,1,0,0,0,0,0.08823529411764706,0,0,0,1
bn_0131,13,94,6.3076923076923075,0,0,3,1,0,0,0.23076923076923078,0,0,0,1
bn_0132,15,77,4.2,1,1,1,0,0,0,0.13333333333333333,0,0,0,1
bn_0133,17,101,5.0,0,0,1,0,0,0,0.058823529411764705,0,0,0,1
bn_0134,13,73,4.6923076923076925,1,1,0,0,0,0,0.07692307692307693,0,0,0,1
bn_0135,21,107,4.142857142857143,0,0,0,0,0,0,0.0,0,0,0,1
bn_0136,33,186,4.666666666666667,0,0,0,0,0,0,0.0,0,0,1,1
bn_0137,10,48,3.9,0,0,0,0,0,0,0.0,0,0,1,1
bn_0138,28,150,4.392857142857143,0,0,0,0,0,0,0.0,0,0,0,1
bn_0139,34,209,5.176470588235294,0,0,0,0,0,0,0.0,0,0,0,1
bn_0140,21,118,4.666666666666667,2,1,0,0,0,0,0.09523809523809523,0,0,0,1
bn_0141,11,60,4.545454545454546,0,0,0,0,0,0,0.0,0,0,0,1
bn_0142,6,51,7.666666666666667,0,0,0,0,0,0,0.0,0,0,0,1
bn_0143,14,66,3.7857142857142856,0,0,0,0,0,0,0.0,0,0,0,1
bn_0144,17,112,5.647058823529412,1,1,0,0,0,0,0.058823529411764705,0,0,0,1
bn_0145,16,72,3.5625,0,0,0,0,0,0,0.0,0,0,0,1
bn_0146,22,124,4.681818181818182,2,1,2,0,0,0,0.18181818181818182,0,0,0,1
bn_0147,6,39,5.666666666666667,0,0,0,0,0,0,0.0,0,0,0,1
bn_0148,10,51,4.2,1,1,0,0,0,0,0.1,0,0,0,1
bn_0149,13,66,4.153846153846154,0,0,0,0,0,0,0.0,0,0,0,1
bn_0151,4,26,5.75,1,1,0,0,0,0,0.25,0,0,0,1
bn_0152,10,54,4.5,0,0,0,0,0,0,0.0,0,0,0,1
bn_0153,12,66,4.583333333333333,0,0,0,0,0,0,0.0,0,0,0,1
bn_0154,7,32,3.7142857142857144,0,0,0,0,0,0,0.0,0,0,0,1
bn_0155,3,21,6.333333333333333,1,1,0,0,0,0,0.3333333333333333,0,0,0,1
bn_0156,11,60,4.545454545454546,3,1,0,0,0,0,0.2727272727272727,0,0,0,1
bn_0157,10,50,4.1,0,0,0,0,0,0,0.0,0,0,0,1
bn_0158,10,52,4.3,1,1,0,0,0,0,0.1,0,0,1,1
bn_0159,5,24,4.0,0,0,0,0,0,0,0.0,0,0,0,1
bn_0160,9,34,2.888888888888889,0,0,0,0,0,0,0.0,0,0,1,1
bn_0161,11,71,5.545454545454546,0,0,0,0,0,0,0.0,0,0,0,1
bn_0162,24,122,4.125,0,0,0,0,0,0,0.0,0,0,0,1
bn_0163,10,61,5.2,0,0,3,0,0,0,0.3,0,0,0,1
bn_0164,26,140,4.423076923076923,2,1,2,0,0,0,0.15384615384615385,0,0,0,1
bn_0165,3,16,4.666666666666667,0,0,0,0,0,0,0.0,0,0,0,1
bn_0166,13,68,4.3076923076923075,1,1,1,0,0,0,0.38461538461538464,0,0,0,1
bn_0167,26,151,4.846153846153846,0,0,4,0,0,0,0.15384615384615385,0,0,0,1
bn_0168,17,91,4.411764705882353,0,0,0,0,0,0,0.0,0,0,1,1
bn_0169,4,26,5.75,0,0,0,0,0,0,0.0,0,0,0,1
bn_0170,3,25,7.666666666666667,0,0,1,0,0,0,0.3333333333333333,0,0,0,1
bn_0171,10,49,4.0,0,0,0,0,0,0,0.0,0,0,0,1
bn_0172,11,58,4.363636363636363,0,0,0,0,0,0,0.0,0,0,0,1
bn_0173,13,71,4.538461538461538,1,1,0,0,0,0,0.07692307692307693,0,0,1,1
bn_0176,23,105,3.608695652173913,0,0,0,0,0,0,0.0,0,0,0,1
bn_0179,13,96,6.461538461538462,2,1,0,0,0,0,0.15384615384615385,0,0,0,1
bn_0181,13,67,4.230769230769231,0,0,0,0,0,0,0.0,0,0,0,1
bn_0183,9,49,4.555555555555555,0,0,0,0,0,0,0.0,0,0,0,1
bn_0184,5,33,5.8,0,0,0,0,0,0,0.0,0,0,0,1
bn_0186,23,121,4.304347826086956,3,1,0,0,0,0,0.13043478260869565,0,0,0,1
bn_0187,27,136,4.074074074074074,3,1,0,0,0,0,0.1111111111111111,0,0,0,1
bn_0188,5,43,7.8,1,1,2,0,0,0,0.6,0,0,0,1
bn_0189,16,77,3.875,0,0,0,0,0,0,0.0,0,0,1,1
bn_0190,11,46,3.272727272727273,0,0,0,0,0,0,0.0,0,0,1,1
bn_0191,13,68,4.3076923076923075,0,0,0,0,0,0,0.0,0,0,1,1
bn_0192,5,30,5.2,0,0,0,0,0,0,0.0,0,0,0,1
bn_0193,12,71,5.0,0,0,1,0,0,0,0.08333333333333333,0,0,1,1
bn_0194,30,156,4.233333333333333,3,1,0,0,0,0,0.1,0,0,0,1
bn_0195,10,49,4.0,0,0,0,0,0,0,0.0,0,0,0,1
bn_0196,4,22,4.75,0,0,0,0,0,0,0.0,0,0,0,1
bn_0197,11,65,5.0,1,1,0,0,0,0,0.09090909090909091,0,0,0,1
bn_0198,25,139,4.6,3,1,0,0,0,0,0.12,0,0,0,1
bn_0199,6,32,4.5,1,1,0,0,0,0,0.16666666666666666,0,0,0,1
bn_0200,10,62,5.3,2,1,0,0,0,0,0.2,0,0,0,1
bn_0201,9,50,4.666666666666667,0,0,0,0,0,0,0.0,0,0,0,1
bn_0202,12,88,6.416666666666667,2,1,0,0,0,0,0.16666666666666666,0,0,0,1
bn_0203,16,80,4.0625,0,0,0,0,0,0,0.0,0,0,0,1
bn_0204,7,36,4.285714285714286,0,0,0,0,0,0,0.0,0,0,0,1
bn_0205,8,39,4.0,0,0,0,0,0,0,0.0,0,0,0,1
bn_0206,11,59,4.454545454545454,1,1,0,0,0,0,0.09090909090909091,0,0,0,1
bn_0207,4,27,6.0,0,0,0,0,0,0,0.0,0,0,0,1
bn_0208,13,71,4.538461538461538,0,0,0,0,0,0,0.0,0,0,0,1
bn_0209,25,155,5.24,0,0,2,0,2,0,0.16,0,0,0,1
bn_0210,5,27,4.6,0,0,0,0,0,0,0.0,0,0,0,1
bn_0211,8,41,4.25,0,0,0,0,0,0,0.0,0,0,0,1
bn_0212,10,57,4.8,0,0,2,0,0,0,0.2,0,0,0,1
bn_0213,3,19,5.666666666666667,0,0,0,0,0,0,0.0,0,0,0,1
bn_0214,7,45,5.571428571428571,0,0,0,0,0,0,0.0,0,0,0,1
bn_0215,7,39,4.714285714285714,1,1,0,0,0,0,0.14285714285714285,0,0,0,1
bn_0217,14,77,4.571428571428571,0,0,0,0,0,0,0.0,0,0,0,1
bn_0218,4,22,4.75,0,0,0,0,0,0,0.0,0,0,0,1
bn_0219,8,51,5.5,0,0,0,0,0,0,0.0,0,0,0,1
bn_0220,7,38,4.571428571428571,0,0,0,0,0,0,0.0,0,0,0,1
bn_0221,13,73,4.6923076923076925,0,0,0,0,0,0,0.0,0,0,1,1
bn_0222,5,31,5.4,1,1,0,0,0,0,0.2,0,0,0,1
bn_0223,8,38,3.875,0,0,0,0,0,0,0.0,0,0,0,1
bn_0224,8,45,4.75,0,0,0,0,0,0,0.0,0,0,0,1
bn_0225,8,49,5.25,0,0,0,0,0,0,0.0,0,0,0,1
bn_0226,4,25,5.5,0,0,0,0,0,0,0.0,0,0,0,1
bn_0227,3,18,5.333333333333333,0,0,0,0,0,0,0.0,0,0,0,1
bn_0228,6,35,5.0,0,0,0,0,0,0,0.0,0,0,0,1
bn_0229,3,15,4.333333333333333,0,0,0,0,0,0,0.0,0,0,0,1
bn_0230,6,37,5.333333333333333,1,1,0,0,0,0,0.16666666666666666,0,0,0,1
bn_0231,6,32,4.5,0,0,0,0,0,0,0.0,0,0,0,1
bn_0232,8,49,5.25,0,0,0,0,0,0,0.0,0,0,0,1
bn_0233,12,70,4.916666666666667,2,1,0,0,0,0,0.16666666666666666,0,0,0,1
bn_0234,6,39,5.666666666666667,2,1,0,0,0,0,0.3333333333333333,0,0,0,1
bn_0235,8,36,3.625,0,0,0,0,0,0,0.0,0,0,0,1
bn_0236,6,26,3.5,0,0,0,0,0,0,0.0,0,0,0,1
bn_0237,8,49,5.25,0,0,0,0,0,0,0.0,0,0,0,1
bn_0238,14,70,4.071428571428571,1,1,0,0,0,0,0.07142857142857142,0,0,0,1
bn_0239,5,35,6.2,1,1,1,0,0,0,0.4,0,0,0,1
bn_0240,10,56,4.7,0,0,0,0,0,0,0.0,0,0,0,1
bn_0241,14,70,4.071428571428571,0,0,0,0,0,0,0.0,0,0,0,1
bn_0242,11,51,3.727272727272727,0,0,0,0,0,0,0.0,0,0,0,1
bn_0243,8,41,4.25,0,0,0,0,0,0,0.0,0,0,0,1
bn_0244,21,132,5.333333333333333,1,1,4,0,0,0,0.23809523809523808,0,0,0,1
bn_0245,5,28,4.8,0,0,0,0,0,0,0.0,0,0,0,1
bn_0246,4,19,4.0,0,0,0,0,0,0,0.0,0,0,0,1
bn_0247,7,38,4.571428571428571,0,0,0,0,0,0,0.0,0,0,0,1
bn_0248,9,44,4.0,0,0,1,0,0,0,0.1111111111111111,0,0,0,1
bn_0249,16,94,4.9375,1,1,2,0,0,0,0.1875,0,0,0,1
bn_0250,30,165,4.533333333333333,0,0,2,0,0,0,0.06666666666666667,0,0,0,1
bn_0251,7,48,6.0,2,1,0,0,0,0,0.2857142857142857,0,0,0,1
bn_0252,4,22,4.75,0,0,0,0,0,0,0.0,0,0,0,1
bn_0253,5,27,4.6,0,0,0,0,0,0,0.0,0,0,0,1
bn_0254,20,94,3.75,0,0,0,0,0,0,0.0,0,0,0,1
bn_0255,10,49,4.0,0,0,0,0,0,0,0.0,0,0,1,1
bn_0256,13,70,4.461538461538462,0,0,0,0,0,0,0.0,0,0,0,1
bn_0257,3,17,5.0,0,0,0,0,0,0,0.0,0,0,0,1
bn_0258,22,125,4.7272727272727275,2,1,0,0,0,0,0.09090909090909091,0,0,0,1
bn_0259,6,31,4.333333333333333,0,0,0,0,0,0,0.0,0,0,1,1
bn_0260,22,127,4.818181818181818,4,1,1,0,0,0,0.22727272727272727,0,0,0,1
bn_0261,4,26,5.75,0,0,0,0,0,0,0.0,0,0,0,1
bn_0262,14,74,4.357142857142857,0,0,0,0,0,0,0.0,0,0,0,1
bn_0263,8,47,5.0,0,0,0,0,0,0,0.0,0,0,0,1
bn_0264,4,21,4.5,0,0,0,0,0,0,0.0,0,0,0,1
bn_0265,12,61,4.166666666666667,0,0,2,1,0,0,0.16666666666666666,0,0,0,1
bn_0266,4,27,6.0,0,0,0,0,0,0,0.0,0,0,0,1
bn_0267,3,17,5.0,0,0,0,0,0,0,0.0,0,0,0,1
bn_0268,19,106,4.631578947368421,0,0,0,0,0,0,0.0,0,0,0,1
bn_0269,10,57,4.8,0,0,0,0,0,0,0.0,0,0,0,1
bn_0270,23,118,4.173913043478261,0,0,0,0,0,0,0.0,0,0,1,1
bn_0271,15,75,4.066666666666666,0,0,0,0,0,0,0.0,0,0,1,1
bn_0272,17,92,4.470588235294118,0,0,0,0,0,0,0.0,0,0,0,1
bn_0273,22,133,5.090909090909091,4,1,0,0,0,0,0.18181818181818182,0,0,0,1
bn_0274,8,44,4.625,0,0,0,0,0,0,0.0,0,0,0,1
bn_0275,10,53,4.4,0,0,0,0,0,0,0.0,0,0,0,1
bn_0276,11,49,3.5454545454545454,0,0,0,0,0,0,0.0,0,0,0,1
bn_0277,12,62,4.25,2,1,0,0,0,0,0.16666666666666666,0,0,1,1
bn_0278,20,125,5.3,1,1,0,0,0,0,0.05,0,0,0,1
bn_0279,4,24,5.25,0,0,0,0,0,0,0.0,0,0,0,1
bn_0280,13,80,5.230769230769231,2,1,0,0,0,0,0.15384615384615385,0,0,0,1
bn_0281,25,118,3.76,1,1,0,0,0,0,0.04,0,0,1,1
bn_0282,7,37,4.428571428571429,0,0,0,0,0,0,0.0,0,0,0,1
bn_0283,10,49,4.0,0,0,0,0,0,0,0.0,0,0,0,1
bn_0284,22,122,4.590909090909091,0,0,0,0,0,0,0.0,0,0,0,1
bn_0285,12,57,3.8333333333333335,0,0,0,0,0,0,0.0,0,0,0,1
bn_0286,12,81,5.833333333333333,0,0,2,0,0,0,0.16666666666666666,0,0,0,1
bn_0287,8,39,4.0,1,1,0,0,0,0,0.125,0,0,0,1
bn_0288,10,51,4.2,0,0,0,0,0,0,0.0,0,0,1,1
bn_0289,12,63,4.333333333333333,0,0,0,0,0,0,0.0,0,0,0,1
bn_0290,3,16,4.666666666666667,0,0,0,0,0,0,0.0,0,0,0,1
bn_0292,4,21,4.5,0,0,0,0,0,0,0.0,0,0,0,1
bn_0293,9,52,4.888888888888889,0,0,0,0,0,0,0.0,0,0,0,1
bn_0295,7,39,4.714285714285714,0,0,0,0,0,0,0.0,0,0,0,1
bn_0296,3,15,4.333333333333333,0,0,0,0,0,0,0.0,0,0,0,1
bn_0297,7,36,4.285714285714286,0,0,0,0,0,0,0.0,0,0,0,1
bn_0298,27,150,4.592592592592593,4,1,0,0,0,0,0.14814814814814814,0,0,1,1
bn_0299,8,48,5.125,1,1,0,0,0,0,0.125,0,0,0,1
bn_0300,5,35,6.2,0,0,0,0,0,0,0.0,0,0,0,1
bn_0301,26,138,4.346153846153846,0,0,1,0,0,0,0.038461538461538464,0,0,1,1
bn_0302,10,52,4.3,2,1,0,0,0,0,0.2,0,0,0,1
bn_0303,21,137,5.571428571428571,3,1,0,0,0,0,0.14285714285714285,0,0,0,1
bn_0304,38,240,5.342105263157895,0,0,0,0,0,0,0.0,0,0,0,1
bn_0305,8,46,4.875,1,1,0,0,0,0,0.125,0,0,1,1
bn_0306,8,40,4.125,0,0,0,0,0,0,0.0,0,0,0,1
bn_0307,18,118,5.611111111111111,1,1,1,0,0,0,0.1111111111111111,0,0,0,1
bn_0308,9,53,5.0,1,1,0,0,0,0,0.1111111111111111,0,0,0,1
bn_0309,30,160,4.366666666666666,3,1,0,0,0,0,0.1,0,0,1,1
bn_0310,14,94,5.785714285714286,2,1,0,0,0,0,0.14285714285714285,0,0,0,1
bn_0311,30,163,4.466666666666667,2,1,0,0,0,0,0.06666666666666667,0,0,0,1
bn_0312,20,112,4.65,0,0,0,0,0,0,0.0,0,0,0,1
bn_0313,18,93,4.222222222222222,0,0,0,0,0,0,0.0,0,0,0,1
bn_0314,12,62,4.25,0,0,0,0,0,0,0.0,0,0,1,1
bn_0315,11,59,4.454545454545454,0,0,2,0,0,0,0.18181818181818182,0,0,0,1
bn_0316,7,50,6.285714285714286,1,1,1,0,0,0,0.2857142857142857,0,0,0,1
bn_0317,25,156,5.28,0,0,0,0,0,0,0.0,0,0,0,1
bn_0318,12,79,5.666666666666667,2,1,0,0,0,0,0.16666666666666666,0,0,0,1
bn_0319,7,51,6.428571428571429,1,1,0,0,0,0,0.14285714285714285,0,0,0,1
bn_0320,26,145,4.615384615384615,2,1,0,0,0,0,0.07692307692307693,0,0,1,1
bn_0321,9,56,5.333333333333333,1,1,0,0,0,0,0.1111111111111111,0,0,0,1
bn_0322,6,32,4.5,0,0,0,0,1,0,0.16666666666666666,0,0,0,1
bn_0323,17,96,4.705882352941177,0,0,0,0,0,0,0.0,0,0,1,1
bn_0324,8,40,4.125,0,0,0,0,0,0,0.0,0,0,0,1
bn_0325,10,62,5.3,0,0,2,0,0,0,0.2,0,0,0,1
bn_0326,12,58,3.9166666666666665,0,0,1,0,0,0,0.08333333333333333,0,0,1,1
bn_0327,7,37,4.428571428571429,0,0,0,0,0,0,0.0,0,0,0,1
bn_0328,17,96,4.705882352941177,0,0,0,0,0,0,0.0,0,0,0,1
bn_0329,17,102,5.0588235294117645,2,1,2,0,0,0,0.23529411764705882,0,0,0,1
bn_0330,6,42,6.166666666666667,2,1,0,0,0,0,0.3333333333333333,0,0,1,1
bn_0331,12,77,5.5,1,1,0,0,0,0,0.08333333333333333,0,0,0,1
bn_0332,6,30,4.166666666666667,0,0,0,0,0,0,0.0,0,0,0,1
bn_0333,15,102,5.866666666666666,1,1,0,0,0,0,0.06666666666666667,0,0,1,1
bn_0334,6,38,5.5,0,0,0,0,0,0,0.0,0,0,0,1
bn_0335,4,18,3.75,0,0,0,0,0,0,0.0,0,0,0,1
bn_0336,22,123,4.636363636363637,0,0,0,0,0,0,0.0,0,0,0,1
bn_0337,7,31,3.5714285714285716,0,0,0,0,0,0,0.0,0,0,0,1
bn_0338,12,60,4.083333333333333,0,0,0,0,0,0,0.0,0,0,0,1
bn_0339,3,18,5.333333333333333,0,0,0,0,0,0,0.0,0,0,0,1
bn_0340,19,108,4.7368421052631575,2,1,0,0,0,0,0.10526315789473684,0,0,0,1
bn_0341,4,25,5.5,0,0,0,0,0,0,0.0,0,0,0,1
bn_0342,9,52,4.888888888888889,0,0,0,0,0,0,0.0,0,0,1,1
bn_0343,6,35,5.0,2,1,0,0,0,0,0.3333333333333333,0,0,0,1
bn_0344,4,26,5.75,0,0,0,0,0,0,0.0,0,0,0,1
bn_0345,8,55,6.0,1,1,0,0,0,0,0.125,0,0,0,1
bn_0346,11,52,3.8181818181818183,1,1,1,0,0,0,0.18181818181818182,0,0,0,1
bn_0347,23,153,5.695652173913044,0,0,2,0,0,1,0.13043478260869565,0,0,0,1
bn_0348,25,129,4.2,2,1,0,0,0,0,0.08,0,0,0,1
bn_0349,14,73,4.285714285714286,0,0,0,0,0,0,0.0,0,0,0,1
bn_0350,11,60,4.545454545454546,0,0,0,0,0,0,0.0,0,0,1,1
bn_0351,5,27,4.6,1,1,0,0,0,0,0.2,0,0,1,1
bn_0352,10,55,4.6,0,0,0,0,0,0,0.0,0,0,0,1
bn_0353,9,58,5.555555555555555,0,0,2,0,0,0,0.2222222222222222,0,0,1,1
bn_0354,35,233,5.685714285714286,5,1,0,0,0,0,0.14285714285714285,0,0,1,1
bn_0355,21,128,5.142857142857143,2,1,0,0,0,0,0.09523809523809523,0,0,0,1
bn_0356,3,29,9.0,0,0,2,0,0,0,0.6666666666666666,0,0,0,1
bn_0357,11,63,4.818181818181818,0,0,0,0,0,0,0.0,0,0,0,1
bn_0358,8,50,5.375,0,0,0,0,0,0,0.0,0,0,0,1
bn_0359,19,106,4.631578947368421,2,1,0,0,0,0,0.10526315789473684,0,0,0,1
bn_0360,12,56,3.75,0,0,0,0,0,0,0.0,0,0,1,1
bn_0361,7,58,7.428571428571429,0,0,0,0,0,0,0.0,0,0,0,1
bn_0362,12,66,4.583333333333333,0,0,0,0,0,0,0.0,0,0,0,1
bn_0363,5,30,5.2,0,0,0,0,0,0,0.0,0,0,0,1
bn_0364,23,138,5.043478260869565,0,0,1,0,0,0,0.043478260869565216,0,0,1,1
bn_0365,8,47,5.0,0,0,0,0,0,0,0.0,0,0,0,1
bn_0366,4,21,4.5,0,0,0,0,0,0,0.0,0,0,0,1
bn_0367,12,57,3.8333333333333335,0,0,0,0,0,0,0.0,0,0,0,1
bn_0368,3,19,5.666666666666667,0,0,0,0,0,0,0.0,0,0,0,1
bn_0369,10,49,4.0,0,0,0,0,0,0,0.0,0,0,1,1
bn_0370,7,40,4.857142857142857,2,1,0,0,0,0,0.2857142857142857,0,0,1,1
bn_0371,14,101,6.285714285714286,0,0,0,0,0,0,0.0,0,0,0,1
bn_0372,8,50,5.375,0,0,0,0,0,0,0.0,0,0,0,1
bn_0373,17,89,4.294117647058823,2,1,0,0,0,0,0.11764705882352941,0,0,1,1
bn_0374,12,57,3.8333333333333335,0,0,0,0,0,0,0.0,0,0,0,1
bn_0375,16,91,4.75,1,1,0,0,0,0,0.0625,0,0,0,1
bn_0376,10,55,4.6,1,1,0,0,0,0,0.1,0,0,0,1
bn_0377,6,34,4.833333333333333,0,0,0,0,0,0,0.0,0,0,0,1
bn_0378,6,37,5.333333333333333,0,0,0,0,0,0,0.0,0,0,0,1
bn_0379,18,99,4.555555555555555,0,0,0,0,0,0,0.0,0,0,0,1
bn_0380,6,25,3.3333333333333335,0,0,0,0,0,0,0.0,0,0,0,1
bn_0381,5,32,5.6,0,0,0,0,0,0,0.0,0,0,0,1
bn_0382,18,106,4.944444444444445,0,0,0,0,0,0,0.0,0,0,1,1
bn_0383,12,68,4.75,0,0,0,0,0,0,0.0,0,0,0,1
bn_0384,12,57,3.8333333333333335,2,1,0,0,0,0,0.16666666666666666,0,0,0,1
bn_0387,12,75,5.333333333333333,0,0,0,0,0,0,0.0,0,0,1,1
bn_0389,7,43,5.285714285714286,1,1,0,0,0,0,0.14285714285714285,0,0,0,1
bn_0390,7,43,5.285714285714286,0,0,0,0,0,0,0.0,0,0,1,1
bn_0391,10,61,5.2,0,0,0,0,0,0,0.0,0,0,0,1
bn_0392,20,122,5.15,0,0,0,0,0,0,0.0,0,0,1,1
bn_0393,17,105,5.235294117647059,4,1,0,0,0,0,0.23529411764705882,0,0,0,1
bn_0394,11,53,3.909090909090909,0,0,0,0,0,0,0.0,0,0,0,1
bn_0395,24,140,4.875,3,1,0,0,0,0,0.125,0,0,0,1
bn_0396,6,34,4.833333333333333,0,0,0,0,0,0,0.0,0,0,1,1
bn_0397,22,123,4.636363636363637,0,0,0,0,0,0,0.09090909090909091,0,0,1,1
bn_0398,5,23,3.8,0,0,0,0,0,0,0.0,0,0,0,1
bn_0399,17,87,4.176470588235294,0,0,0,0,0,0,0.0,0,0,1,1
bn_0400,4,23,5.0,0,0,0,0,0,0,0.0,0,0,0,1
bn_0401,9,42,3.7777777777777777,0,0,0,0,0,0,0.0,0,0,0,1
bn_0402,7,32,3.7142857142857144,0,0,0,0,0,0,0.0,0,0,0,1
bn_0403,6,27,3.6666666666666665,0,0,0,0,0,0,0.0,0,0,0,1
bn_0404,9,38,3.3333333333333335,0,0,0,0,0,0,0.0,0,0,0,1
bn_0405,9,50,4.666666666666667,0,0,0,0,0,0,0.0,0,0,0,1
bn_0406,25,156,5.28,1,1,2,0,0,0,0.12,0,0,1,1
bn_0407,4,21,4.5,0,0,0,0,0,0,0.0,0,0,0,1
bn_0408,5,27,4.6,1,1,0,0,0,0,0.2,0,0,0,1
bn_0409,15,77,4.2,2,1,0,0,0,0,0.13333333333333333,0,0,0,1
bn_0410,35,203,4.828571428571428,0,0,0,0,0,0,0.0,0,0,0,1
bn_0411,8,37,3.75,0,0,0,0,0,0,0.0,0,0,0,1
bn_0412,11,63,4.818181818181818,2,1,0,0,0,0,0.18181818181818182,0,0,0,1
bn_0413,25,150,5.04,2,1,1,0,0,0,0.12,0,0,0,1
bn_0414,8,43,4.5,1,1,1,0,0,0,0.25,0,0,0,1
bn_0415,21,118,4.666666666666667,2,1,1,0,0,0,0.14285714285714285,0,0,1,1
bn_0416,3,22,6.666666666666667,1,1,0,0,0,0,0.3333333333333333,0,0,0,1
bn_0417,24,127,4.333333333333333,0,0,0,0,0,0,0.0,0,0,0,1
bn_0418,12,84,6.083333333333333,0,0,0,0,0,0,0.0,0,0,0,1
bn_0419,19,120,5.368421052631579,1,1,0,0,0,0,0.05263157894736842,0,0,1,1
bn_0420,13,68,4.3076923076923075,2,1,0,0,0,0,0.15384615384615385,0,0,0,1
bn_0421,6,41,6.0,0,0,0,0,0,0,0.0,0,0,0,1
bn_0422,9,51,4.777777777777778,0,0,0,0,0,0,0.0,0,0,0,1
bn_0423,13,61,3.769230769230769,0,0,0,0,0,0,0.0,0,0,0,1
bn_0424,10,60,5.1,1,1,0,0,0,0,0.1,0,0,0,1
bn_0425,13,73,4.6923076923076925,0,0,0,0,0,0,0.0,0,0,0,1
bn_0426,18,122,5.833333333333333,1,1,0,0,0,0,0.05555555555555555,0,0,0,1
bn_0427,21,109,4.238095238095238,2,1,1,0,0,0,0.14285714285714285,0,0,0,1
bn_0428,23,116,4.086956521739131,1,1,1,0,0,0,0.08695652173913043,0,0,0,1
bn_0429,15,82,4.533333333333333,2,1,1,0,0,0,0.2,0,0,0,1
bn_0430,20,118,4.95,1,1,0,0,0,0,0.05,0,0,0,1
bn_0431,6,40,5.833333333333333,0,0,0,0,0,0,0.0,0,0,0,1
bn_0432,13,74,4.769230769230769,0,0,2,0,0,0,0.15384615384615385,0,0,0,1
bn_0433,24,147,5.166666666666667,2,1,2,0,0,0,0.16666666666666666,0,0,0,1
bn_0434,8,44,4.625,1,1,0,0,0,0,0.125,0,0,0,1
bn_0435,7,47,5.857142857142857,0,0,0,0,0,0,0.0,0,0,0,1
bn_0436,15,83,4.6,0,0,0,0,0,0,0.0,0,0,1,1
bn_0437,5,26,4.4,1,1,0,0,0,0,0.2,0,0,1,1
bn_0438,17,90,4.352941176470588,0,0,0,0,0,0,0.0,0,0,0,1
bn_0439,10,49,4.0,0,0,0,0,0,0,0.0,0,0,1,1
bn_0440,22,118,4.409090909090909,0,0,0,0,0,0,0.0,0,0,0,1
bn_0441,6,34,4.833333333333333,0,0,0,0,0,0,0.0,0,0,0,1
bn_0442,11,51,3.727272727272727,0,0,0,0,0,0,0.0,0,0,0,1
bn_0443,6,39,5.666666666666667,0,0,0,0,0,0,0.0,0,0,0,1
bn_0444,16,92,4.8125,2,1,0,0,0,0,0.125,0,0,0,1
bn_0445,16,83,4.25,0,0,0,0,3,0,0.1875,0,0,0,1
bn_0446,16,94,4.9375,1,1,0,0,0,0,0.0625,0,0,0,1
bn_0447,8,39,4.0,0,0,0,0,0,0,0.0,0,0,0,1
bn_0448,7,49,6.142857142857143,2,1,0,0,0,0,0.2857142857142857,0,0,0,1
bn_0449,36,189,4.277777777777778,1,1,1,0,0,0,0.05555555555555555,0,0,1,1
bn_0450,11,64,4.909090909090909,1,1,0,0,0,0,0.09090909090909091,0,0,0,1
bn_0451,34,186,4.5,3,1,0,0,0,0,0.08823529411764706,0,1,0,1
bn_0452,16,89,4.625,0,0,0,0,0,0,0.0,0,0,0,1
bn_0453,26,145,4.615384615384615,3,1,0,0,0,0,0.11538461538461539,0,0,0,1
bn_0454,10,54,4.5,0,0,0,0,0,0,0.0,0,0,1,1
bn_0455,20,121,5.1,2,1,0,0,0,0,0.1,0,0,0,1
bn_0456,23,151,5.608695652173913,0,0,0,0,0,0,0.0,0,0,0,1
bn_0457,52,308,4.9423076923076925,0,0,0,0,0,0,0.0,0,0,1,1
bn_0458,18,93,4.222222222222222,1,1,0,0,0,0,0.05555555555555555,0,0,1,1
bn_0459,13,71,4.538461538461538,0,0,0,0,0,0,0.0,0,0,0,1
bn_0460,5,26,4.4,0,0,0,0,0,0,0.0,0,0,0,1
bn_0461,7,46,5.714285714285714,1,1,0,0,0,0,0.14285714285714285,0,0,0,1
bn_0462,20,106,4.35,1,1,0,0,0,0,0.05,0,0,1,1
bn_0463,6,32,4.5,0,0,0,0,0,0,0.0,0,0,0,1
bn_0464,10,48,3.9,0,0,0,0,0,0,0.0,0,0,1,1
bn_0465,10,53,4.4,1,1,0,0,0,0,0.1,0,0,1,1
bn_0466,9,50,4.666666666666667,0,0,2,0,0,0,0.2222222222222222,0,0,0,1
bn_0467,15,80,4.4,0,0,1,0,0,0,0.06666666666666667,0,0,0,1
bn_0468,14,81,4.857142857142857,0,0,3,0,0,0,0.21428571428571427,0,0,0,1
bn_0469,21,102,3.9047619047619047,0,0,2,0,0,0,0.09523809523809523,0,0,1,1
bn_0470,10,61,5.2,2,1,0,0,0,0,0.2,0,0,0,1
bn_0471,8,56,6.125,1,1,0,0,0,0,0.125,0,0,1,1
bn_0472,12,78,5.583333333333333,3,1,0,0,0,0,0.25,0,0,0,1
bn_0473,26,147,4.6923076923076925,2,1,0,0,0,0,0.07692307692307693,0,0,1,1
bn_0474,9,63,6.111111111111111,0,0,2,1,0,0,0.2222222222222222,0,0,0,1
bn_0475,7,42,5.142857142857143,0,0,0,0,0,0,0.0,0,0,1,1
bn_0476,17,100,4.9411764705882355,1,1,0,0,0,0,0.058823529411764705,0,0,0,1
bn_0477,14,79,4.714285714285714,0,0,0,0,0,0,0.0,0,0,0,1
bn_0478,10,53,4.4,1,1,0,0,0,0,0.1,0,0,0,1
bn_0479,11,58,4.363636363636363,0,0,3,1,0,0,0.2727272727272727,0,0,0,1
bn_0480,5,31,5.4,0,0,0,0,0,0,0.0,0,0,0,1
bn_0481,29,153,4.310344827586207,0,0,1,0,0,0,0.034482758620689655,0,0,0,1
bn_0482,8,62,6.875,1,1,0,0,0,0,0.125,0,0,0,1
bn_0483,29,169,4.862068965517241,2,1,1,0,0,0,0.20689655172413793,0,0,1,1
bn_0484,23,122,4.3478260869565215,2,1,0,0,0,0,0.08695652173913043,0,0,0,1
bn_0485,7,41,5.0,0,0,0,0,1,0,0.14285714285714285,0,0,0,1
bn_0486,15,88,4.933333333333334,0,0,2,0,0,0,0.13333333333333333,0,0,0,1
bn_0487,24,130,4.458333333333333,3,1,0,0,0,0,0.125,0,0,1,1
bn_0488,28,174,5.25,1,1,5,1,0,0,0.21428571428571427,0,0,1,1
bn_0489,12,60,4.083333333333333,0,0,0,0,0,0,0.0,0,0,1,1
bn_0490,14,94,5.785714285714286,0,0,5,1,0,0,0.35714285714285715,0,0,0,1
bn_0491,15,97,5.533333333333333,2,1,0,0,0,0,0.13333333333333333,0,0,1,1
bn_0492,8,42,4.375,0,0,0,0,0,0,0.0,0,0,1,1
bn_0493,8,41,4.25,0,0,0,0,0,0,0.0,0,0,0,1
bn_0494,10,54,4.5,0,0,0,0,0,0,0.0,0,0,0,1
bn_0495,6,46,6.833333333333333,0,0,4,1,0,0,0.6666666666666666,0,0,0,1
bn_0496,11,61,4.636363636363637,1,1,2,1,0,0,0.2727272727272727,0,0,0,1
bn_0497,15,105,6.066666666666666,0,0,9,1,0,0,0.6,0,0,0,1
bn_0498,22,168,6.681818181818182,1,1,24,1,2,0,1.2272727272727273,0,0,1,1
bn_0499,8,38,3.875,1,1,0,0,0,0,0.125,0,0,0,0
bn_0500,24,115,3.8333333333333335,0,0,0,0,0,0,0.0,0,0,0,0
bn_0501,18,110,5.166666666666667,0,0,0,0,0,0,0.0,0,0,0,0
bn_0502,17,87,4.176470588235294,0,0,0,0,0,0,0.0,0,0,0,0
bn_0503,4,28,6.25,1,1,0,0,0,0,0.25,0,0,0,0
bn_0504,5,21,3.4,0,0,0,0,0,0,0.0,0,0,1,0
bn_0505,6,29,4.0,1,1,0,0,0,0,0.16666666666666666,0,0,0,0
bn_0506,6,29,4.0,1,1,0,0,0,0,0.16666666666666666,0,0,0,0
bn_0507,29,156,4.413793103448276,0,0,0,0,0,0,0.0,0,0,0,0
bn_0508,12,71,5.0,0,0,1,0,0,0,0.08333333333333333,0,0,0,0
bn_0509,8,45,4.75,0,0,1,0,0,0,0.125,0,0,0,0
bn_0510,6,38,5.5,1,1,1,0,0,0,0.3333333333333333,0,0,0,0
bn_0511,25,130,4.24,0,0,0,0,0,0,0.0,0,0,0,0
bn_0512,3,16,4.666666666666667,0,0,0,0,0,0,0.0,0,0,0,0
bn_0513,3,15,4.333333333333333,0,0,0,0,0,0,0.0,0,0,0,0
bn_0514,9,56,5.333333333333333,0,0,0,0,0,0,0.0,0,0,0,0
bn_0515,10,50,4.1,0,0,0,0,0,0,0.0,0,0,1,0
bn_0516,7,40,4.857142857142857,0,0,0,0,0,0,0.0,0,0,0,0
bn_0517,7,38,4.571428571428571,0,0,0,0,0,0,0.0,0,0,0,0
bn_0518,34,213,5.294117647058823,0,0,19,1,0,0,0.5588235294117647,0,0,0,0
bn_0519,3,15,4.333333333333333,0,0,0,0,0,0,0.0,0,0,0,0
bn_0520,5,26,4.4,0,0,0,0,0,0,0.0,0,0,0,0
bn_0521,16,92,4.8125,0,0,1,0,0,0,0.0625,0,0,0,0
bn_0522,9,45,4.111111111111111,0,0,0,0,1,0,0.1111111111111111,0,0,0,0
bn_0523,10,62,5.3,1,1,0,0,0,0,0.1,0,0,0,0
bn_0524,20,123,5.2,0,0,0,0,0,0,0.0,0,0,1,0
bn_0525,6,32,4.5,0,0,0,0,0,0,0.0,0,0,0,0
bn_0526,8,45,4.75,0,0,0,0,0,0,0.0,0,0,0,0
bn_0527,3,20,6.0,0,0,0,0,0,0,0.0,0,0,0,0
bn_0528,30,177,4.933333333333334,0,0,0,0,0,0,0.0,0,0,0,0
bn_0529,14,83,5.0,0,0,0,0,0,0,0.0,0,0,0,0
bn_0530,6,35,5.0,0,0,0,0,0,0,0.0,0,0,0,0
bn_0531,3,20,6.0,0,0,0,0,0,0,0.0,0,0,0,0
bn_0533,4,19,4.0,0,0,0,0,0,0,0.0,0,0,0,0
bn_0534,3,15,4.333333333333333,0,0,0,0,0,0,0.0,0,0,0,0
bn_0535,9,44,4.0,0,0,0,0,0,0,0.0,0,0,0,0
bn_0536,6,22,2.8333333333333335,0,0,0,0,0,0,0.0,0,0,0,0
bn_0537,6,26,3.5,1,1,0,0,1,0,0.3333333333333333,0,0,0,0
bn_0538,7,31,3.5714285714285716,0,0,0,0,0,0,0.0,0,0,0,0
bn_0539,4,22,4.75,3,1,0,0,0,0,0.75,0,0,0,0
bn_0540,8,39,4.0,0,0,0,0,0,1,0.125,0,0,0,0
bn_0542,7,38,4.571428571428571,0,0,0,0,0,0,0.0,0,0,0,0
bn_0543,5,20,3.2,1,1,0,0,0,0,0.2,0,0,0,0
bn_0544,5,23,3.8,0,0,0,0,0,0,0.0,0,0,0,0
bn_0545,7,35,4.142857142857143,0,0,0,0,2,0,0.2857142857142857,0,0,0,0
bn_0546,7,35,4.142857142857143,0,0,0,0,0,0,0.0,0,0,1,0
bn_0547,7,36,4.285714285714286,0,0,0,0,0,0,0.0,0,0,1,0
bn_0548,7,39,4.714285714285714,3,1,0,0,0,0,0.42857142857142855,0,0,0,0
bn_0549,9,45,4.111111111111111,0,0,0,0,0,0,0.0,0,0,0,0
bn_0550,6,30,4.166666666666667,1,1,0,0,0,0,0.16666666666666666,0,0,0,0
bn_0551,4,23,5.0,0,0,0,0,0,0,0.0,0,0,0,0
bn_0552,4,15,3.0,1,1,0,0,0,0,0.25,0,0,0,0
bn_0553,9,45,4.111111111111111,0,0,1,0,0,0,0.1111111111111111,0,0,0,0
bn_0554,6,33,4.666666666666667,0,0,0,0,0,0,0.0,0,0,0,0
bn_0555,13,60,3.6923076923076925,1,1,0,0,0,0,0.07692307692307693,0,0,0,0
bn_0556,6,25,3.3333333333333335,0,0,0,0,0,0,0.0,0,0,0,0
bn_0557,6,30,4.166666666666667,1,1,0,0,0,0,0.16666666666666666,0,0,0,0
bn_0558,5,22,3.6,1,1,0,0,0,0,0.2,0,0,0,0
bn_0559,5,29,5.0,0,0,0,0,0,1,0.2,0,0,0,0
bn_0560,3,15,4.333333333333333,0,0,0,0,0,0,0.0,0,0,0,0
bn_0561,8,46,4.875,1,1,0,0,0,0,0.125,0,0,1,0
bn_0562,11,52,3.8181818181818183,0,0,0,0,0,0,0.0,0,0,0,0
bn_0563,9,38,3.3333333333333335,0,0,0,0,0,0,0.0,0,0,0,0
bn_0564,7,41,5.0,1,1,0,0,0,0,0.14285714285714285,0,0,0,0
bn_0565,9,38,3.3333333333333335,2,1,0,0,0,0,0.2222222222222222,0,0,0,0
bn_0566,5,27,4.6,1,1,0,0,0,0,0.2,0,0,0,0
bn_0567,3,15,4.333333333333333,1,1,0,0,0,0,0.3333333333333333,0,0,0,0
bn_0568,6,31,4.333333333333333,1,1,0,0,0,0,0.16666666666666666,0,0,0,0
bn_0569,7,37,4.428571428571429,1,1,0,0,0,0,0.14285714285714285,0,0,0,0
bn_0570,7,44,5.428571428571429,2,1,0,0,0,0,0.2857142857142857,0,0,0,0
bn_0571,8,56,6.125,2,1,0,0,0,0,0.25,0,0,0,0
bn_0572,5,22,3.6,0,0,0,0,0,0,0.0,0,0,1,0
bn_0573,15,73,3.933333333333333,0,0,0,0,0,0,0.0,0,0,1,0
bn_0574,22,123,4.636363636363637,2,1,0,0,0,0,0.09090909090909091,0,0,0,0
bn_0576,7,44,5.428571428571429,1,1,0,0,0,1,0.2857142857142857,0,0,0,0
bn_0577,14,77,4.571428571428571,2,1,0,0,0,0,0.14285714285714285,0,0,1,0
bn_0578,8,36,3.625,1,1,0,0,0,0,0.125,0,0,0,0
bn_0579,9,49,4.555555555555555,2,1,0,0,0,0,0.2222222222222222,0,0,0,0
bn_0580,8,43,4.5,1,1,0,0,0,0,0.125,0,0,1,0
bn_0581,8,43,4.5,1,1,0,0,0,0,0.125,0,0,0,0
bn_0582,9,47,4.333333333333333,2,1,0,0,0,0,0.2222222222222222,0,0,0,0
bn_0583,10,48,3.9,1,1,0,0,0,0,0.1,0,0,1,0
bn_0584,7,40,4.857142857142857,2,1,0,0,0,0,0.2857142857142857,0,0,0,0
bn_0585,16,78,3.9375,1,1,0,0,0,0,0.0625,0,0,0,0
bn_0586,3,25,7.666666666666667,1,1,0,0,0,0,0.3333333333333333,0,0,0,0
bn_0587,3,18,5.333333333333333,1,1,0,0,0,0,0.3333333333333333,0,0,0,0
bn_0588,5,23,3.8,1,1,0,0,0,0,0.2,0,0,0,0
bn_0589,13,66,4.153846153846154,0,0,0,0,0,0,0.0,0,0,0,0
bn_0590,6,40,5.833333333333333,1,1,0,0,0,0,0.16666666666666666,0,0,0,0
bn_0591,6,30,4.166666666666667,0,0,0,0,0,0,0.0,0,0,0,0
bn_0592,6,28,3.8333333333333335,0,0,0,0,0,0,0.0,0,0,0,0
bn_0593,8,44,4.625,0,0,0,0,0,0,0.0,0,0,0,0
bn_0594,4,19,4.0,1,1,0,0,0,0,0.25,0,0,0,0
bn_0595,4,20,4.25,0,0,0,0,1,0,0.25,0,0,0,0
bn_0596,3,14,4.0,0,0,0,0,0,0,0.0,0,0,0,0
bn_0597,8,37,3.75,0,0,0,0,1,0,0.125,0,0,0,0
bn_0598,9,45,4.111111111111111,0,0,0,0,0,0,0.0,0,0,0,0
bn_0599,4,21,4.5,0,0,0,0,0,0,0.0,0,0,0,0
bn_0600,10,56,4.7,0,0,0,0,0,0,0.0,0,0,1,0
bn_0601,8,41,4.25,0,0,0,0,0,0,0.0,0,0,0,0
bn_0602,6,30,4.166666666666667,1,1,0,0,0,0,0.16666666666666666,0,0,0,0
bn_0603,8,37,3.75,1,1,0,0,0,0,0.125,0,0,0,0
bn_0604,5,18,2.8,0,0,0,0,0,0,0.0,0,0,0,0
bn_0605,6,31,4.333333333333333,0,0,0,0,0,0,0.0,0,0,0,0
bn_0606,7,43,5.285714285714286,0,0,0,0,0,0,0.0,0,0,0,0
bn_0607,4,19,4.0,0,0,0,0,0,0,0.0,0,0,0,0
bn_0608,9,52,4.888888888888889,1,1,0,0,0,0,0.1111111111111111,0,0,0,0
bn_0610,6,30,4.166666666666667,0,0,0,0,1,0,0.16666666666666666,0,0,0,0
bn_0611,3,16,4.666666666666667,0,0,0,0,0,0,0.0,0,0,0,0
bn_0612,10,47,3.8,0,0,0,0,0,0,0.0,0,0,0,0
bn_0613,3,18,5.333333333333333,0,0,0,0,0,0,0.0,0,0,0,0
bn_0614,6,33,4.666666666666667,0,0,0,0,0,0,0.0,0,0,0,0
bn_0615,8,34,3.375,1,1,0,0,0,0,0.125,0,0,0,0
bn_0616,3,13,3.6666666666666665,0,0,0,0,0,0,0.0,0,0,0,0
bn_0617,6,28,3.8333333333333335,0,0,0,0,0,0,0.0,0,0,1,0
bn_0618,6,29,4.0,0,0,0,0,0,0,0.0,0,0,0,0
bn_0619,6,27,3.6666666666666665,0,0,0,0,0,0,0.0,0,0,1,0
bn_0621,6,30,4.166666666666667,0,0,0,0,0,0,0.0,0,0,0,0
bn_0622,8,44,4.625,0,0,0,0,0,0,0.0,0,0,0,0
bn_0623,3,20,6.0,1,1,0,0,0,0,0.3333333333333333,0,0,0,0
bn_0624,3,9,2.3333333333333335,0,0,0,0,0,0,0.0,0,0,0,0
bn_0625,8,42,4.375,0,0,0,0,0,1,0.125,0,0,0,0
bn_0626,5,26,4.4,0,0,0,0,0,0,0.0,0,0,0,0
bn_0627,7,34,4.0,1,1,0,0,0,0,0.14285714285714285,0,0,0,0
bn_0628,7,36,4.285714285714286,2,1,0,0,0,0,0.2857142857142857,0,0,0,0
bn_0629,4,19,4.0,0,0,0,0,0,0,0.0,0,0,0,0
bn_0631,4,19,4.0,0,0,0,0,0,0,0.0,0,0,0,0
bn_0633,6,29,4.0,0,0,0,0,0,0,0.0,0,0,1,0
bn_0634,9,46,4.222222222222222,0,0,0,0,0,0,0.0,0,0,0,0
bn_0635,8,36,3.625,0,0,0,0,0,0,0.0,0,0,0,0
bn_0636,5,34,6.0,1,1,0,0,0,0,0.2,0,0,0,0
bn_0637,5,23,3.8,1,1,0,0,0,0,0.2,0,0,0,0
bn_0638,4,25,5.5,0,0,0,0,0,0,0.0,0,0,0,0
bn_0639,7,38,4.571428571428571,0,0,0,0,0,0,0.0,0,0,0,0
bn_0640,5,25,4.2,0,0,0,0,0,0,0.0,0,0,0,0
bn_0641,8,43,4.5,2,1,0,0,0,0,0.25,0,0,0,0
bn_0642,7,29,3.2857142857142856,0,0,0,0,0,0,0.0,0,0,0,0
bn_0643,5,32,5.6,0,0,0,0,0,0,0.0,0,0,0,0
bn_0644,8,44,4.625,0,0,0,0,0,0,0.0,0,0,0,0
bn_0645,4,23,5.0,0,0,0,0,0,0,0.0,0,0,0,0
bn_0646,4,26,5.75,0,0,0,0,0,0,0.0,0,0,0,0
bn_0648,7,37,4.428571428571429,0,0,0,0,0,0,0.0,0,0,0,0
bn_0649,6,34,4.833333333333333,0,0,0,0,0,0,0.0,0,0,0,0
bn_0650,4,23,5.0,0,0,0,0,0,1,0.25,0,0,0,0
bn_0651,8,38,3.875,1,1,0,0,0,0,0.125,0,0,0,0
bn_0652,9,58,5.555555555555555,0,0,0,0,0,0,0.1111111111111111,0,0,0,0
bn_0653,17,93,4.529411764705882,0,0,5,1,0,0,0.29411764705882354,0,0,1,0
bn_0654,11,66,5.090909090909091,0,0,0,0,0,0,0.0,0,0,0,0
bn_0655,4,18,3.75,0,0,0,0,1,0,0.25,0,0,0,0
bn_0657,17,89,4.294117647058823,2,1,0,0,0,1,0.17647058823529413,0,0,0,0
bn_0658,8,53,5.75,1,1,0,0,0,0,0.125,0,0,0,0
bn_0659,20,112,4.65,3,1,3,1,0,0,0.3,0,0,0,0
bn_0660,10,44,3.5,1,1,0,0,0,2,0.3,0,0,0,0
bn_0661,5,26,4.4,1,1,0,0,0,0,0.2,0,0,0,0
bn_0663,6,26,3.5,0,0,0,0,0,0,0.0,0,0,0,0
bn_0664,3,19,5.666666666666667,2,1,0,0,0,0,0.6666666666666666,0,0,0,0
bn_0665,7,34,4.0,1,1,0,0,0,0,0.14285714285714285,0,0,0,0
bn_0666,9,43,3.888888888888889,0,0,0,0,0,0,0.0,0,0,0,0
bn_0667,15,88,4.933333333333334,1,1,0,0,0,0,0.06666666666666667,0,0,0,0
bn_0668,19,80,3.263157894736842,1,1,0,0,0,0,0.05263157894736842,0,0,0,0
bn_0669,17,105,5.235294117647059,1,1,1,0,0,0,0.11764705882352941,0,0,0,0
bn_0670,3,14,4.0,0,0,0,0,0,0,0.0,0,0,0,0
bn_0671,10,47,3.8,0,0,0,0,0,0,0.0,0,0,0,0
bn_0672,6,36,5.166666666666667,0,0,0,0,0,0,0.0,0,0,0,0
bn_0673,14,93,5.714285714285714,0,0,1,0,0,0,0.07142857142857142,0,0,0,0
bn_0674,19,99,4.2631578947368425,0,0,0,0,0,0,0.0,0,0,0,0
bn_0675,8,48,5.125,1,1,0,0,0,0,0.125,0,0,0,0
bn_0676,3,13,3.6666666666666665,0,0,0,0,0,0,0.0,0,0,0,0
bn_0677,24,151,5.333333333333333,2,1,1,0,0,0,0.125,0,0,0,0
bn_0678,6,33,4.666666666666667,2,1,0,0,0,0,0.3333333333333333,0,0,0,0
bn_0679,3,15,4.333333333333333,1,1,0,0,0,0,0.3333333333333333,0,0,0,0
bn_0680,5,35,6.2,0,0,0,0,0,0,1.6,0,0,0,0
bn_0681,15,78,4.266666666666667,1,1,1,0,1,0,0.2,0,0,0,0
bn_0682,16,100,5.3125,2,1,0,0,0,0,0.125,0,0,0,0
bn_0683,11,56,4.181818181818182,0,0,0,0,0,0,0.0,0,0,0,0
bn_0684,3,17,5.0,0,0,0,0,0,0,0.0,0,0,0,0
bn_0685,24,114,3.7916666666666665,2,1,1,0,0,0,0.125,0,0,0,0
bn_0686,19,96,4.105263157894737,2,1,0,0,0,0,0.10526315789473684,0,0,0,0
bn_0687,4,26,5.75,0,0,0,0,0,0,0.0,0,0,0,0
bn_0688,4,20,4.25,0,0,0,0,0,0,0.0,0,0,0,0
bn_0689,6,29,4.0,0,0,0,0,0,0,0.0,0,0,0,0
bn_0690,8,43,4.5,0,0,0,0,0,0,0.0,0,0,0,0
bn_0691,11,60,4.545454545454546,0,0,0,0,0,0,0.0,0,0,0,0
bn_0692,7,40,4.857142857142857,0,0,0,0,0,0,0.0,0,0,1,0
bn_0693,17,100,4.9411764705882355,1,1,0,0,0,0,0.058823529411764705,0,0,0,0
bn_0694,23,133,4.826086956521739,0,0,0,0,0,0,0.0,0,0,1,0
bn_0695,8,47,5.0,0,0,1,0,0,0,0.125,0,0,0,0
bn_0696,9,52,4.888888888888889,1,1,0,0,0,0,0.1111111111111111,0,0,0,0
bn_0697,4,20,4.25,0,0,0,0,0,1,0.25,0,0,0,0
bn_0698,5,27,4.6,1,1,0,0,0,0,0.2,0,0,0,0
bn_0699,5,23,3.8,0,0,0,0,0,0,0.0,0,0,0,0
bn_0700,6,28,3.8333333333333335,1,1,0,0,0,0,0.16666666666666666,0,0,0,0
bn_0701,11,53,3.909090909090909,1,1,0,0,0,0,0.09090909090909091,0,0,1,0
bn_0702,7,36,4.285714285714286,0,0,0,0,0,0,0.0,0,0,0,0
bn_0703,12,65,4.5,1,1,0,0,0,0,0.08333333333333333,0,0,0,0
bn_0704,11,60,4.545454545454546,0,0,0,0,0,0,0.0,0,0,0,0
bn_0705,9,67,6.555555555555555,1,1,0,0,0,0,0.1111111111111111,0,0,0,0
bn_0706,5,27,4.6,0,0,0,0,0,0,0.0,0,0,0,0
bn_0707,7,33,3.857142857142857,1,1,0,0,0,0,0.14285714285714285,0,0,0,0
bn_0708,9,44,4.0,0,0,0,0,0,0,0.0,0,0,0,0
bn_0709,3,17,5.0,0,0,0,0,0,0,0.0,0,0,0,0
bn_0710,6,30,4.166666666666667,0,0,0,0,0,0,0.0,0,0,1,0
bn_0711,13,88,5.846153846153846,1,1,3,0,0,0,0.3076923076923077,0,0,0,0
bn_0712,7,40,4.857142857142857,0,0,0,0,0,0,0.0,0,0,1,0
bn_0713,4,19,4.0,0,0,0,0,0,0,0.0,0,0,0,0
bn_0714,17,100,4.9411764705882355,1,1,0,0,0,0,0.058823529411764705,0,0,0,0
bn_0715,8,40,4.125,0,0,0,0,0,0,0.0,0,0,0,0
bn_0716,11,65,5.0,0,0,1,0,0,0,0.09090909090909091,0,0,0,0
bn_0717,8,38,3.875,0,0,0,0,0,0,0.0,0,0,0,0
bn_0718,9,49,4.555555555555555,1,1,0,0,0,0,0.1111111111111111,0,0,1,0
bn_0719,4,19,4.0,1,1,0,0,0,0,0.25,0,0,0,0
bn_0720,10,69,6.0,0,0,0,0,0,0,0.0,0,0,0,0
bn_0721,8,42,4.375,0,0,1,0,0,0,0.125,0,0,0,0
bn_0722,4,29,6.5,0,0,0,0,0,0,0.0,0,0,0,0
bn_0723,10,58,4.9,1,1,0,0,0,0,0.1,0,0,0,0
bn_0724,9,45,4.111111111111111,0,0,0,0,0,0,0.0,0,0,0,0
bn_0725,12,60,4.083333333333333,1,1,0,0,0,0,0.08333333333333333,0,0,1,0
bn_0726,9,41,3.6666666666666665,0,0,0,0,0,0,0.0,0,0,0,0
bn_0727,9,39,3.4444444444444446,0,0,0,0,0,0,0.0,0,0,0,0
bn_0728,8,40,4.125,0,0,0,0,0,0,0.0,0,0,1,0
bn_0729,7,35,4.142857142857143,0,0,0,0,0,0,0.0,0,0,1,0
bn_0730,9,47,4.333333333333333,0,0,1,0,0,0,0.1111111111111111,0,0,0,0
bn_0731,5,29,5.0,0,0,0,0,0,0,0.0,0,0,0,0
bn_0732,7,33,3.857142857142857,0,0,0,0,0,0,0.0,0,0,0,0
bn_0733,3,14,4.0,1,1,0,0,0,0,0.3333333333333333,0,0,0,0
bn_0734,7,31,3.5714285714285716,0,0,0,0,0,0,0.0,0,0,0,0
bn_0735,4,23,5.0,1,1,0,0,0,0,0.25,0,0,0,0
bn_0736,6,36,5.166666666666667,1,1,0,0,0,0,0.16666666666666666,0,0,1,0
bn_0737,4,21,4.5,0,0,0,0,0,0,0.0,0,0,0,0
bn_0738,12,68,4.75,1,1,0,0,0,0,0.08333333333333333,0,0,0,0
bn_0739,7,52,6.571428571428571,1,1,2,0,0,0,0.42857142857142855,0,0,0,0
bn_0740,3,9,2.3333333333333335,0,0,0,0,0,0,0.0,0,0,0,0
bn_0741,5,27,4.6,0,0,0,0,0,0,0.0,0,0,0,0
bn_0742,5,26,4.4,0,0,0,0,0,0,0.0,0,0,0,0
bn_0743,7,25,2.7142857142857144,0,0,0,0,0,0,0.0,0,0,0,0
bn_0744,14,99,6.142857142857143,2,1,6,1,0,0,0.5714285714285714,0,0,0,0
bn_0745,10,50,4.1,0,0,0,0,0,0,0.0,0,0,0,0
bn_0746,6,31,4.333333333333333,0,0,2,0,0,0,0.3333333333333333,0,0,0,0
bn_0747,7,29,3.2857142857142856,0,0,0,0,0,0,0.0,0,0,0,0
bn_0748,19,101,4.368421052631579,0,0,0,0,0,0,0.0,0,0,1,0
bn_0749,9,42,3.7777777777777777,1,1,1,0,0,0,0.2222222222222222,0,0,0,0
bn_0750,15,78,4.266666666666667,0,0,0,0,0,0,0.0,0,0,0,0
bn_0751,12,65,4.5,1,1,0,0,0,0,0.08333333333333333,0,0,0,0
bn_0752,8,48,5.125,0,0,0,0,0,0,0.0,0,0,0,0
bn_0753,9,40,3.5555555555555554,0,0,0,0,0,0,0.0,0,0,0,0
bn_0754,4,22,4.75,0,0,0,0,0,0,0.0,0,0,0,0
bn_0755,7,34,4.0,1,1,0,0,0,0,0.14285714285714285,0,0,0,0
bn_0756,5,26,4.4,0,0,0,0,0,0,0.0,0,0,0,0
bn_0757,15,80,4.4,1,1,0,0,0,0,0.06666666666666667,0,0,0,0
bn_0758,6,27,3.6666666666666665,0,0,0,0,0,0,0.0,0,0,0,0
bn_0759,4,20,4.25,0,0,0,0,0,0,0.0,0,0,0,0
bn_0760,5,22,3.6,0,0,0,0,0,0,0.0,0,0,0,0
bn_0761,5,24,4.0,0,0,0,0,0,0,0.0,0,0,0,0
bn_0762,4,20,4.25,0,0,0,0,0,0,0.0,0,0,0,0
bn_0763,5,20,3.2,0,0,0,0,0,0,0.0,0,0,0,0
bn_0764,9,47,4.333333333333333,0,0,0,0,0,0,0.0,0,0,0,0
bn_0765,10,48,3.9,0,0,0,0,0,0,0.0,0,0,0,0
bn_0766,7,32,3.7142857142857144,0,0,0,0,0,0,0.0,0,0,0,0
bn_0767,23,125,4.478260869565218,0,0,0,0,0,0,0.0,0,0,0,0
bn_0768,7,32,3.7142857142857144,1,1,0,0,0,0,0.14285714285714285,0,0,0,0
bn_0769,11,60,4.545454545454546,0,0,1,0,0,0,0.09090909090909091,0,0,0,0
bn_0770,22,100,3.590909090909091,0,0,0,0,0,0,0.0,0,0,0,0
bn_0771,4,18,3.75,0,0,0,0,0,0,0.0,0,0,0,0
bn_0772,11,72,5.636363636363637,0,0,0,0,0,0,0.0,0,0,0,0
bn_0773,13,67,4.230769230769231,0,0,1,0,0,0,0.07692307692307693,0,0,0,0
bn_0774,6,38,5.5,0,0,0,0,0,0,0.0,0,0,0,0
bn_0775,4,25,5.5,1,1,0,0,0,0,0.25,0,0,0,0
bn_0776,4,17,3.5,0,0,0,0,0,0,0.0,0,0,0,0
bn_0777,14,64,3.642857142857143,0,0,0,0,0,0,0.0,0,0,0,0
bn_0778,7,32,3.7142857142857144,0,0,0,0,0,0,0.0,0,0,0,0
bn_0779,6,34,4.833333333333333,0,0,0,0,0,0,0.0,0,0,0,0
bn_0780,6,32,4.5,1,1,0,0,0,0,0.16666666666666666,0,0,0,0
bn_0781,8,50,5.375,1,1,0,0,0,0,0.125,0,0,0,0
bn_0782,8,34,3.375,0,0,0,0,0,0,0.0,0,0,0,0
bn_0783,12,64,4.416666666666667,0,0,0,0,0,0,0.0,0,0,0,0
bn_0784,8,38,3.875,0,0,0,0,0,0,0.0,0,0,1,0
bn_0785,9,43,3.888888888888889,0,0,0,0,0,0,0.0,0,0,0,0
bn_0786,9,57,5.444444444444445,0,0,0,0,0,0,0.0,0,0,0,0
bn_0787,12,63,4.333333333333333,0,0,0,0,0,0,0.0,0,0,0,0
bn_0788,9,51,4.777777777777778,0,0,0,0,0,0,0.0,0,0,0,0
bn_0789,15,78,4.266666666666667,0,0,0,0,0,0,0.0,0,0,0,0
bn_0790,11,55,4.090909090909091,1,1,0,0,0,0,0.09090909090909091,0,0,0,0
bn_0791,6,38,5.5,0,0,0,0,0,0,0.0,0,0,0,0
bn_0792,8,40,4.125,0,0,0,0,0,0,0.0,0,0,0,0
bn_0793,23,115,4.043478260869565,0,0,0,0,0,0,0.0,0,0,1,0
bn_0794,26,145,4.615384615384615,0,0,3,0,0,0,0.11538461538461539,0,0,0,0
bn_0795,15,78,4.266666666666667,0,0,1,0,0,0,0.06666666666666667,0,0,1,0
bn_0796,14,71,4.142857142857143,0,0,0,0,0,0,0.0,0,0,0,0
bn_0797,18,95,4.333333333333333,1,1,0,0,0,0,0.05555555555555555,0,0,0,0
bn_0798,6,24,3.1666666666666665,0,0,0,0,0,0,0.0,0,0,0,0
bn_0799,7,34,4.0,0,0,0,0,0,0,0.0,0,0,0,0
bn_0800,16,74,3.6875,0,0,0,0,0,0,0.0,0,0,0,0
bn_0802,20,106,4.35,1,1,0,0,0,0,0.05,0,0,0,0
bn_0803,5,25,4.2,1,1,0,0,0,0,0.2,0,0,0,0
bn_0804,12,51,3.3333333333333335,1,1,0,0,0,0,0.08333333333333333,0,0,0,0
bn_0805,9,43,3.888888888888889,0,0,0,0,0,0,0.0,0,0,0,0
bn_0806,19,91,3.8421052631578947,0,0,0,0,0,0,0.0,0,0,0,0
bn_0807,3,14,4.0,1,1,0,0,0,0,0.3333333333333333,0,0,0,0
bn_0808,7,38,4.571428571428571,0,0,0,0,0,0,0.0,0,0,0,0
bn_0809,5,18,2.8,0,0,0,0,0,0,0.0,0,0,0,0
bn_0810,4,24,5.25,0,0,0,0,0,0,0.0,0,0,0,0
bn_0811,5,22,3.6,0,0,0,0,0,0,0.0,0,0,0,0
bn_0812,13,65,4.076923076923077,1,1,0,0,0,0,0.07692307692307693,0,0,0,0
bn_0813,18,93,4.222222222222222,0,0,0,0,0,0,0.0,0,0,0,0
bn_0814,17,93,4.529411764705882,1,1,0,0,0,0,0.058823529411764705,0,0,0,0
bn_0815,16,73,3.625,1,1,0,0,0,0,0.0625,0,0,0,0
bn_0816,23,112,3.9130434782608696,2,1,0,0,0,0,0.08695652173913043,0,0,0,0
bn_0817,17,88,4.235294117647059,1,1,0,0,0,0,0.058823529411764705,0,0,0,0
bn_0818,11,56,4.181818181818182,0,0,0,0,0,0,0.0,0,0,0,0
bn_0819,15,68,3.6,0,0,0,0,0,0,0.0,0,0,0,0
bn_0820,29,160,4.551724137931035,1,1,0,0,0,0,0.034482758620689655,0,0,0,0
bn_0821,12,67,4.666666666666667,0,0,0,0,0,0,0.0,0,0,0,0
bn_0822,22,108,3.9545454545454546,0,0,0,0,0,0,0.0,0,0,0,0
bn_0823,17,79,3.7058823529411766,0,0,0,0,0,0,0.0,0,0,0,0
bn_0824,16,93,4.875,0,0,0,0,1,1,0.5625,0,0,0,0
bn_0826,7,37,4.428571428571429,0,0,0,0,0,0,0.0,0,0,0,0
bn_0827,7,30,3.4285714285714284,0,0,0,0,0,0,0.0,0,0,0,0
bn_0828,23,144,5.304347826086956,4,1,1,0,0,0,0.21739130434782608,0,0,0,0
bn_0829,10,62,5.3,0,0,1,0,0,0,0.1,0,0,0,0
bn_0830,7,28,3.142857142857143,0,0,0,0,0,0,0.0,0,0,0,0
bn_0831,3,17,5.0,0,0,1,0,0,0,0.3333333333333333,0,0,0,0
bn_0832,6,31,4.333333333333333,0,0,0,0,0,0,0.0,0,0,0,0
bn_0833,6,34,4.833333333333333,0,0,0,0,2,0,0.3333333333333333,0,0,0,0
bn_0834,4,20,4.25,0,0,0,0,0,0,0.0,0,0,0,0
bn_0835,7,34,4.0,0,0,0,0,0,0,0.0,0,0,0,0
bn_0836,4,19,4.0,1,1,0,0,0,0,0.25,0,0,0,0
bn_0837,16,80,4.0625,0,0,0,0,0,0,0.0,0,0,0,0
bn_0838,6,26,3.5,0,0,1,0,0,0,0.16666666666666666,0,0,0,0
bn_0839,13,53,3.1538461538461537,0,0,0,0,0,0,0.0,0,0,0,0
bn_0840,7,44,5.428571428571429,0,0,0,0,0,0,0.0,0,0,0,0
bn_0841,16,93,4.875,0,0,0,0,0,0,0.0,0,0,0,0
bn_0842,23,100,3.391304347826087,0,0,0,0,0,0,0.0,0,0,0,0
bn_0843,16,83,4.25,0,0,0,0,0,0,0.0,0,0,0,0
bn_0844,15,81,4.466666666666667,0,0,0,0,0,0,0.0,0,0,1,0
bn_0845,4,19,4.0,0,0,0,0,0,0,0.0,0,0,0,0
bn_0846,11,57,4.2727272727272725,0,0,0,0,0,0,0.0,0,0,0,0
bn_0847,11,73,5.7272727272727275,0,0,0,0,0,0,0.0,0,0,0,0
bn_0848,5,27,4.6,0,0,0,0,0,0,0.0,0,0,0,0
bn_0850,29,158,4.482758620689655,0,0,0,0,0,0,0.0,0,0,1,0
bn_0851,14,74,4.357142857142857,0,0,0,0,0,0,0.0,0,0,0,0
bn_0852,3,17,5.0,0,0,0,0,0,0,0.0,0,0,0,0
bn_0853,8,42,4.375,1,1,0,0,0,0,0.125,0,0,0,0
bn_0854,3,22,6.666666666666667,0,0,0,0,0,0,0.0,0,0,0,0
bn_0855,5,26,4.4,0,0,0,0,0,0,0.0,0,0,0,0
bn_0856,10,47,3.8,0,0,0,0,0,0,0.0,0,0,1,0
bn_0857,26,145,4.615384615384615,2,1,0,0,0,0,0.07692307692307693,0,0,0,0
bn_0858,5,20,3.2,0,0,0,0,0,0,0.0,0,0,0,0
bn_0859,18,93,4.222222222222222,0,0,0,0,0,0,0.0,0,0,0,0
bn_0860,3,19,5.666666666666667,0,0,0,0,0,0,0.0,0,0,0,0
bn_0861,10,60,5.1,0,0,0,0,0,0,0.0,0,0,0,0
bn_0862,13,81,5.3076923076923075,0,0,1,0,4,0,0.38461538461538464,0,0,0,0
bn_0863,5,24,4.0,0,0,0,0,0,0,0.0,0,0,0,0
bn_0864,15,80,4.4,1,1,0,0,0,0,0.06666666666666667,0,0,0,0
bn_0865,6,38,5.5,1,1,0,0,0,0,0.16666666666666666,0,0,0,0
bn_0866,3,16,4.666666666666667,1,1,0,0,0,0,0.3333333333333333,0,0,0,0
bn_0867,6,36,5.166666666666667,0,0,1,0,0,0,0.16666666666666666,0,0,0,0
bn_0868,14,89,5.428571428571429,1,1,0,0,0,0,0.07142857142857142,0,0,0,0
bn_0869,7,40,4.857142857142857,0,0,0,0,0,0,0.0,0,0,0,0
bn_0870,3,15,4.333333333333333,0,0,0,0,0,0,0.0,0,0,0,0
bn_0871,10,63,5.4,0,0,0,0,0,1,0.1,0,0,0,0
bn_0872,10,44,3.5,0,0,0,0,0,0,0.0,0,0,0,0
bn_0873,6,32,4.5,0,0,0,0,0,0,0.0,0,0,0,0
bn_0874,3,17,5.0,0,0,0,0,0,0,0.0,0,0,0,0
bn_0875,8,48,5.125,0,0,1,0,0,0,0.125,0,0,1,0
bn_0876,38,241,5.368421052631579,2,1,2,0,0,0,0.10526315789473684,0,0,0,0
bn_0878,16,83,4.25,2,1,2,0,0,0,0.25,0,0,0,0
bn_0879,10,52,4.3,1,1,0,0,0,0,0.1,0,0,0,0
bn_0880,36,219,5.111111111111111,3,1,1,0,0,0,0.1111111111111111,0,0,0,0
bn_0881,8,34,3.375,1,1,0,0,0,0,0.125,0,0,0,0
bn_0882,6,37,5.333333333333333,0,0,0,0,0,0,0.0,0,0,0,0
bn_0883,4,18,3.75,0,0,0,0,0,0,0.0,0,0,0,0
bn_0884,4,33,7.5,0,0,0,0,0,0,0.0,0,0,0,0
bn_0885,5,29,5.0,0,0,0,0,0,0,0.0,0,0,0,0
bn_0887,16,72,3.5625,0,0,1,0,0,0,0.0625,0,0,0,0
bn_0888,19,92,3.8947368421052633,0,0,0,0,0,0,0.0,0,0,0,0
bn_0889,18,93,4.222222222222222,1,1,0,0,0,0,0.05555555555555555,0,0,0,0
bn_0890,10,54,4.5,1,1,0,0,2,0,0.3,0,0,0,0
bn_0891,13,70,4.461538461538462,1,1,0,0,0,0,0.07692307692307693,0,0,0,0
bn_0892,7,35,4.142857142857143,0,0,0,0,0,0,0.0,0,0,0,0
bn_0893,21,121,4.809523809523809,1,1,0,0,0,0,0.047619047619047616,0,0,1,0
bn_0894,10,58,4.9,1,1,0,0,0,0,0.1,0,0,0,0
bn_0896,10,64,5.5,0,0,1,0,0,0,0.3,0,0,0,0
bn_0898,6,36,5.166666666666667,0,0,0,0,0,0,0.0,0,0,0,0
bn_0899,5,24,4.0,0,0,0,0,0,0,0.0,0,0,0,0
bn_0900,7,29,3.2857142857142856,0,0,0,0,0,0,0.0,0,0,0,0
bn_0901,9,45,4.111111111111111,0,0,0,0,0,0,0.0,0,0,0,0
bn_0902,5,25,4.2,0,0,0,0,0,0,0.0,0,0,0,0
bn_0903,17,94,4.588235294117647,0,0,0,0,0,0,0.0,0,0,0,0
bn_0904,4,19,4.0,0,0,0,0,0,0,0.0,0,0,1,0
bn_0905,25,175,6.04,0,0,3,0,1,3,0.36,0,0,0,0
bn_0907,3,22,6.666666666666667,0,0,0,0,0,0,0.0,0,0,0,0
bn_0908,4,16,3.25,0,0,0,0,0,0,0.0,0,0,0,0
bn_0909,3,15,4.333333333333333,0,0,0,0,0,0,0.0,0,0,0,0
bn_0911,8,47,5.0,1,1,0,0,0,0,0.125,0,0,0,0
bn_0912,27,137,4.111111111111111,3,1,0,0,0,0,0.1111111111111111,0,0,0,0
bn_0913,6,31,4.333333333333333,0,0,0,0,0,0,0.0,0,0,0,0
bn_0914,3,23,7.0,0,0,0,0,0,0,0.3333333333333333,0,0,0,0
bn_0915,5,30,5.2,0,0,0,0,0,0,0.0,0,0,0,0
bn_0916,5,20,3.2,1,1,0,0,0,0,0.2,0,0,0,0
bn_0917,10,61,5.2,1,1,3,0,0,0,0.4,0,0,0,0
bn_0918,3,16,4.666666666666667,0,0,0,0,1,2,1.0,0,0,0,0
bn_0919,5,31,5.4,0,0,1,0,0,0,0.2,0,0,0,0
bn_0920,6,31,4.333333333333333,0,0,0,0,0,0,0.0,0,0,1,0
bn_0921,20,164,7.25,13,1,0,0,0,0,0.65,0,0,0,0
bn_0922,3,19,5.666666666666667,0,0,0,0,0,0,0.0,0,0,0,0
bn_0923,5,25,4.2,0,0,0,0,0,0,0.0,0,0,0,0
bn_0924,3,23,7.0,0,0,0,0,0,0,0.0,0,0,0,0
bn_0925,4,28,6.25,0,0,0,0,0,0,0.0,0,0,0,0
bn_0926,13,50,2.923076923076923,1,1,1,0,0,0,0.15384615384615385,0,0,0,0
bn_0927,7,31,3.5714285714285716,0,0,0,0,0,0,0.0,0,0,1,0
bn_0928,8,41,4.25,0,0,0,0,0,0,0.0,0,0,1,0
bn_0929,7,40,4.857142857142857,0,0,1,0,0,0,0.14285714285714285,0,0,0,0
bn_0930,25,151,5.08,3,1,1,0,0,0,0.16,0,0,0,0
bn_0931,26,155,5.0,2,1,2,0,0,0,0.15384615384615385,0,0,1,0
bn_0932,14,93,5.714285714285714,2,1,0,0,0,0,0.14285714285714285,0,0,0,0
bn_0933,3,16,4.666666666666667,0,0,0,0,0,0,0.0,0,0,0,0
bn_0934,8,44,4.625,0,0,0,0,0,0,0.0,0,0,0,0
bn_0935,10,57,4.8,0,0,1,0,0,0,0.1,0,0,0,0
bn_0936,19,103,4.473684210526316,2,1,0,0,0,1,0.15789473684210525,0,0,0,0
bn_0937,7,34,4.0,1,1,0,0,0,0,0.14285714285714285,0,0,0,0
bn_0938,16,85,4.375,3,1,0,0,0,0,0.1875,0,0,0,0
bn_0939,18,123,5.888888888888889,5,1,0,0,0,0,0.2777777777777778,0,0,0,0
bn_0940,3,14,4.0,0,0,0,0,0,0,0.0,0,0,0,0
bn_0941,15,68,3.6,2,1,0,0,0,0,0.13333333333333333,0,0,0,0
bn_0942,3,17,5.0,0,0,0,0,0,0,0.0,0,0,0,0
bn_0943,14,72,4.214285714285714,4,1,0,0,0,0,0.2857142857142857,0,0,0,0
bn_0944,4,19,4.0,0,0,0,0,1,0,0.25,0,0,0,0
bn_0945,7,47,5.857142857142857,0,0,1,0,0,0,0.14285714285714285,0,0,0,0
bn_0946,8,36,3.625,0,0,1,0,0,0,0.125,0,0,0,0
bn_0947,7,51,6.428571428571429,1,1,1,0,0,0,0.2857142857142857,0,0,0,0
bn_0948,7,35,4.142857142857143,0,0,0,0,0,0,0.0,0,0,0,0
bn_0949,5,25,4.2,0,0,0,0,1,0,0.2,0,0,0,0
bn_0950,17,91,4.411764705882353,1,1,0,0,0,0,0.058823529411764705,0,0,0,0
bn_0951,12,56,3.75,0,0,1,0,0,0,0.08333333333333333,0,0,0,0
bn_0952,14,68,3.9285714285714284,0,0,0,0,0,0,0.0,0,0,0,0
bn_0953,10,46,3.7,1,1,0,0,3,0,0.4,0,0,0,0
bn_0954,8,43,4.5,0,0,0,0,0,0,0.0,0,0,0,0
bn_0955,12,71,5.0,0,0,4,1,0,0,0.3333333333333333,0,0,1,0
bn_0956,6,32,4.5,1,1,0,0,0,0,0.16666666666666666,0,1,0,0
bn_0957,12,64,4.416666666666667,0,0,0,0,0,0,0.0,0,0,0,0
bn_0958,5,27,4.6,0,0,0,0,0,0,0.0,0,0,0,0
bn_0959,18,91,4.111111111111111,2,1,0,0,0,0,0.1111111111111111,0,0,1,0
bn_0960,8,36,3.625,0,0,0,0,0,0,0.0,0,0,0,0
bn_0961,11,57,4.2727272727272725,1,1,0,0,0,0,0.09090909090909091,0,0,0,0
bn_0962,5,31,5.4,1,1,0,0,0,0,0.2,0,0,0,0
bn_0963,4,21,4.5,0,0,0,0,0,0,0.0,0,0,0,0
bn_0964,8,52,5.625,2,1,0,0,0,0,0.25,0,0,0,0
bn_0965,3,22,6.666666666666667,0,0,0,0,0,0,0.0,0,0,0,0
bn_0966,6,30,4.166666666666667,1,1,0,0,0,0,0.16666666666666666,0,0,1,0
bn_0967,7,37,4.428571428571429,1,1,0,0,0,0,0.14285714285714285,0,0,0,0
bn_0968,4,21,4.5,0,0,0,0,0,0,0.0,0,0,0,0
bn_0969,9,59,5.666666666666667,1,1,0,0,0,0,0.1111111111111111,0,0,0,0
bn_0970,3,14,4.0,0,0,0,0,0,0,0.0,0,0,0,0
bn_0971,7,32,3.7142857142857144,0,0,0,0,0,0,0.0,0,0,0,0
bn_0972,7,34,4.0,1,1,0,0,0,0,0.14285714285714285,0,0,0,0
bn_0973,4,24,5.25,0,0,0,0,0,0,0.0,0,0,0,0
bn_0974,3,18,5.333333333333333,0,0,0,0,0,0,0.0,0,0,0,0
bn_0975,4,18,3.75,1,1,0,0,0,0,0.25,0,0,0,0
bn_0976,5,26,4.4,0,0,0,0,0,0,0.0,0,0,0,0
bn_0978,15,79,4.333333333333333,0,0,0,0,0,0,0.0,0,0,1,0
bn_0979,3,14,4.0,0,0,0,0,0,0,0.0,0,0,0,0
bn_0980,3,18,5.333333333333333,0,0,0,0,0,0,0.0,0,0,0,0
bn_0981,5,24,4.0,0,0,0,0,0,0,0.0,0,0,0,0
bn_0982,6,39,5.666666666666667,1,1,0,0,0,0,0.16666666666666666,0,0,0,0
bn_0983,6,37,5.333333333333333,0,0,0,0,0,0,0.0,0,0,0,0
bn_0984,5,22,3.6,0,0,0,0,0,0,0.0,0,0,0,0
bn_0985,10,52,4.3,1,1,0,0,0,0,0.1,0,0,1,0
bn_0986,4,18,3.75,0,0,0,0,0,0,0.0,0,0,0,0
bn_0987,5,27,4.6,0,0,0,0,0,0,0.0,0,0,0,0
bn_0988,6,30,4.166666666666667,0,0,0,0,0,0,0.0,0,0,0,0
bn_0989,4,23,5.0,1,1,0,0,0,0,0.25,0,0,0,0
bn_0990,3,15,4.333333333333333,0,0,0,0,0,0,0.0,0,0,1,0
bn_0991,9,49,4.555555555555555,0,0,1,0,0,0,0.1111111111111111,0,0,0,0
bn_0992,3,15,4.333333333333333,0,0,0,0,0,0,0.0,0,0,0,0
bn_0993,6,39,5.666666666666667,0,0,2,0,0,0,0.3333333333333333,0,0,0,0
bn_0994,10,44,3.5,0,0,0,0,0,0,0.0,0,0,0,0
bn_0995,11,58,4.363636363636363,1,1,0,0,0,0,0.09090909090909091,0,0,0,0
bn_0996,4,20,4.25,0,0,0,0,0,0,0.0,0,0,0,0
bn_0997,9,44,4.0,0,0,0,0,0,0,0.0,0,0,0,0
bn_0998,11,55,4.090909090909091,0,0,0,0,0,0,0.0,0,0,0,0
bn_0999,13,72,4.615384615384615,0,0,7,1,0,0,0.5384615384615384,0,0,1,1
bn_1000,7,42,5.142857142857143,0,0,0,0,0,0,0.0,0,0,0,1
bn_1001,40,245,5.15,3,1,3,0,2,0,0.2,0,0,0,1
bn_1002,9,45,4.111111111111111,0,0,0,0,0,0,0.0,0,0,0,1
bn_1003,8,42,4.375,0,0,0,0,0,0,0.0,0,0,0,1
bn_1004,27,156,4.814814814814815,3,1,0,0,0,0,0.1111111111111111,0,0,0,1
bn_1005,29,161,4.586206896551724,0,0,0,0,0,0,0.0,0,0,0,1
bn_1006,21,130,5.238095238095238,4,1,0,0,0,0,0.19047619047619047,0,0,0,1
bn_1007,53,342,5.471698113207547,7,1,1,0,0,0,0.1509433962264151,0,0,1,1
bn_1008,6,37,5.333333333333333,1,1,0,0,0,0,0.5,0,0,1,1
bn_1009,21,118,4.666666666666667,0,0,6,1,0,0,0.2857142857142857,0,0,0,1
bn_1011,8,53,5.75,0,0,3,1,0,0,0.375,0,0,0,1
bn_1012,16,89,4.625,2,1,0,0,0,0,0.125,0,0,1,1
bn_1013,9,46,4.222222222222222,0,0,0,0,0,0,0.0,0,0,0,1
bn_1015,6,34,4.833333333333333,0,0,0,0,0,0,0.0,0,0,0,1
bn_1016,4,21,4.5,0,0,0,0,0,0,0.0,0,0,0,1
bn_1017,21,117,4.619047619047619,1,1,2,1,0,0,0.14285714285714285,0,0,1,1
bn_1018,9,52,4.888888888888889,1,1,1,0,0,0,0.2222222222222222,0,0,0,1
bn_1020,10,69,6.0,2,1,0,0,0,0,0.2,0,0,0,1
bn_1021,13,81,5.3076923076923075,2,1,0,0,0,0,0.15384615384615385,0,0,0,1
bn_1022,12,64,4.416666666666667,0,0,0,0,0,0,0.0,0,0,0,1
bn_1023,25,155,5.24,2,1,1,0,0,0,0.12,0,0,0,1
bn_1024,7,39,4.714285714285714,1,1,0,0,0,0,0.14285714285714285,0,0,0,1
bn_1025,19,117,5.2105263157894735,3,1,0,0,0,0,0.15789473684210525,0,0,0,1
bn_1026,4,19,4.0,1,1,0,0,0,0,0.25,0,0,0,1
bn_1027,12,57,3.8333333333333335,0,0,0,0,0,0,0.0,0,0,0,1
bn_1028,14,70,4.071428571428571,1,1,0,0,0,0,0.07142857142857142,0,0,1,1
bn_1029,21,111,4.333333333333333,2,1,0,0,0,0,0.09523809523809523,0,0,0,1
bn_1030,21,120,4.761904761904762,0,0,2,0,0,0,0.09523809523809523,0,0,0,1
bn_1031,27,143,4.333333333333333,2,1,2,0,0,0,0.14814814814814814,0,0,0,1
bn_1032,13,71,4.538461538461538,0,0,0,0,0,0,0.0,0,0,0,1
bn_1033,13,79,5.153846153846154,1,1,0,0,0,0,0.07692307692307693,0,0,1,1
bn_1034,5,42,7.6,0,0,3,1,0,0,0.6,0,0,1,1
bn_1035,8,40,4.125,1,1,0,0,0,0,0.125,0,0,0,1
bn_1036,9,51,4.777777777777778,1,1,0,0,0,0,0.1111111111111111,0,0,0,1
bn_1037,7,36,4.285714285714286,0,0,0,0,0,0,0.0,0,0,0,1
bn_1039,15,78,4.266666666666667,0,0,0,0,0,0,0.0,0,0,0,1
bn_1040,7,48,6.0,2,1,0,0,0,0,0.2857142857142857,0,0,1,1
bn_1041,13,68,4.3076923076923075,2,1,0,0,0,0,0.15384615384615385,0,0,0,1
bn_1042,12,70,4.916666666666667,3,1,0,0,0,0,0.5,0,0,0,1
bn_1043,9,73,7.222222222222222,3,1,1,0,0,0,0.4444444444444444,0,0,0,1
bn_1044,17,105,5.235294117647059,3,1,2,0,0,0,0.29411764705882354,0,0,0,1
bn_1045,27,192,6.148148148148148,2,1,1,0,0,0,0.1111111111111111,0,0,0,1
bn_1046,11,57,4.2727272727272725,2,1,0,0,0,0,0.18181818181818182,0,0,0,1
bn_1047,14,85,5.142857142857143,3,1,0,0,0,0,0.2857142857142857,0,0,0,1
bn_1048,14,90,5.5,2,1,0,0,0,0,0.14285714285714285,0,0,0,1
bn_1049,5,25,4.2,0,0,0,0,0,0,0.0,0,0,0,1
bn_1050,12,67,4.666666666666667,1,1,0,0,0,0,0.08333333333333333,0,0,0,1
bn_1051,10,62,5.3,1,1,0,0,0,0,0.2,0,0,0,1
bn_1052,8,41,4.25,0,0,0,0,1,0,0.125,0,0,0,1
bn_1053,3,11,3.0,0,0,0,0,0,0,0.0,0,0,0,1
bn_1054,9,49,4.555555555555555,0,0,2,1,0,0,0.2222222222222222,0,0,0,1
bn_1055,4,21,4.5,0,0,0,0,0,0,0.0,0,0,0,1
bn_1056,4,23,5.0,0,0,0,0,0,0,0.0,0,0,0,1
bn_1057,6,41,6.0,1,1,0,0,0,0,0.16666666666666666,0,0,0,1
bn_1058,15,67,3.533333333333333,1,1,0,0,0,0,0.2,0,0,0,1
bn_1059,11,72,5.636363636363637,1,1,0,0,0,0,0.09090909090909091,0,0,1,1
bn_1060,12,60,4.083333333333333,0,0,0,0,0,0,0.0,0,0,1,1
bn_1061,9,55,5.222222222222222,0,0,0,0,0,0,0.0,0,0,0,1
bn_1062,10,48,3.9,1,1,1,0,0,0,0.2,0,0,1,1
bn_1063,9,55,5.222222222222222,0,0,1,0,0,0,0.1111111111111111,0,0,0,1
bn_1064,15,84,4.666666666666667,2,1,0,0,0,0,0.13333333333333333,0,0,0,1
bn_1065,5,28,4.8,0,0,0,0,0,0,0.0,0,0,0,1
bn_1066,8,53,5.75,0,0,0,0,0,0,0.0,0,0,0,1
bn_1067,9,53,5.0,1,1,0,0,0,0,0.1111111111111111,0,0,0,1
bn_1068,15,83,4.6,2,1,0,0,0,0,0.13333333333333333,0,0,0,1
bn_1069,12,72,5.083333333333333,1,1,0,0,1,0,0.16666666666666666,0,0,0,1
bn_1070,6,38,5.5,0,0,0,0,0,0,0.0,0,0,0,1
bn_1071,7,46,5.714285714285714,0,0,0,0,0,0,0.0,0,0,0,1
bn_1072,7,48,6.0,2,1,0,0,0,0,0.2857142857142857,0,0,0,1
bn_1073,17,120,6.117647058823529,1,1,0,0,0,0,0.058823529411764705,0,0,0,1
bn_1074,17,91,4.411764705882353,1,1,0,0,0,0,0.058823529411764705,0,0,0,1
bn_1075,8,43,4.5,1,1,0,0,0,0,0.125,0,0,0,1
bn_1076,22,132,5.045454545454546,3,1,0,0,0,0,0.13636363636363635,0,0,0,1
bn_1077,22,105,3.8181818181818183,0,0,0,0,0,0,0.0,0,0,0,1
bn_1078,16,99,5.25,1,1,0,0,0,0,0.0625,0,0,0,1
bn_1079,8,51,5.5,3,1,0,0,0,0,0.375,0,0,0,1
bn_1080,23,148,5.478260869565218,2,1,0,0,0,0,0.08695652173913043,0,0,0,1
bn_1081,8,43,4.5,0,0,0,0,0,0,0.0,0,0,1,1
bn_1082,31,177,4.741935483870968,5,1,1,0,0,0,0.1935483870967742,0,0,0,1
bn_1083,4,20,4.25,0,0,0,0,0,0,0.0,0,0,1,1
bn_1084,8,48,5.125,1,1,0,0,0,0,0.125,0,0,1,1
bn_1085,13,77,5.0,2,1,1,0,2,0,0.38461538461538464,0,0,0,1
bn_1086,11,74,5.818181818181818,1,1,0,0,2,0,0.36363636363636365,0,0,0,1
bn_1087,11,77,6.090909090909091,2,1,1,0,1,0,0.45454545454545453,0,0,0,1
bn_1088,30,188,5.3,4,1,0,0,0,0,0.13333333333333333,0,0,0,1
bn_1089,6,37,5.333333333333333,1,1,2,0,0,0,0.5,0,0,0,1
bn_1090,21,132,5.333333333333333,1,1,2,0,0,0,0.14285714285714285,0,0,0,1
bn_1091,13,83,5.461538461538462,0,0,0,0,3,0,0.23076923076923078,0,0,0,1
bn_1092,21,102,3.9047619047619047,2,1,1,0,0,0,0.14285714285714285,0,0,1,1
bn_1093,13,71,4.538461538461538,3,1,0,0,0,0,0.23076923076923078,0,0,0,1
bn_1094,15,67,3.533333333333333,2,1,0,0,0,0,0.13333333333333333,0,0,0,1
bn_1095,6,37,5.333333333333333,1,1,0,0,0,0,0.16666666666666666,0,0,0,1
bn_1096,5,27,4.6,0,0,0,0,0,0,0.0,0,0,0,1
bn_1097,8,45,4.75,0,0,0,0,0,0,0.0,0,0,0,1
bn_1098,3,15,4.333333333333333,0,0,0,0,0,0,0.0,0,0,0,1
bn_1099,5,27,4.6,0,0,0,0,0,0,0.0,0,0,0,1
bn_1100,22,149,5.818181818181818,1,1,1,0,0,0,0.18181818181818182,0,0,0,1
bn_1101,25,120,3.84,0,0,0,0,0,0,0.0,0,0,0,1
bn_1102,21,119,4.714285714285714,4,1,0,0,0,0,0.19047619047619047,0,0,1,1
bn_1103,22,131,5.0,0,0,5,0,0,0,0.22727272727272727,0,0,1,1
bn_1104,4,37,8.5,1,1,0,0,0,0,0.25,0,0,0,1
bn_1105,25,114,3.6,1,1,0,0,0,0,0.04,0,0,0,1
bn_1106,34,209,5.176470588235294,5,1,2,1,0,0,0.20588235294117646,0,0,1,1
bn_1107,15,101,5.8,4,1,0,0,0,0,0.26666666666666666,0,0,1,1
bn_1108,23,145,5.3478260869565215,1,1,5,1,0,0,0.2608695652173913,0,0,1,1
bn_1109,8,56,6.125,1,1,0,0,0,0,0.125,0,0,0,1
bn_1110,16,123,6.75,1,1,0,0,2,0,0.1875,0,0,1,1
bn_1111,30,187,5.266666666666667,0,0,5,1,2,0,0.23333333333333334,0,0,0,1
bn_1112,9,60,5.777777777777778,0,0,0,0,0,0,0.0,0,0,0,1
bn_1113,11,89,7.181818181818182,2,1,0,0,0,0,0.18181818181818182,0,0,0,1
bn_1114,8,43,4.5,0,0,0,0,0,0,0.0,0,0,0,1
bn_1115,12,75,5.333333333333333,1,1,0,0,0,0,0.08333333333333333,0,0,0,1
bn_1116,5,37,6.6,1,1,0,0,0,0,0.2,0,0,0,1
bn_1117,22,128,4.863636363636363,0,0,0,0,0,0,0.0,0,0,0,1
bn_1118,8,46,4.875,0,0,0,0,0,0,0.0,0,0,0,1
bn_1119,11,57,4.2727272727272725,1,1,0,0,0,0,0.09090909090909091,0,0,0,1
bn_1120,13,82,5.384615384615385,0,0,2,0,1,1,0.38461538461538464,0,0,0,1
bn_1121,18,98,4.5,0,0,0,0,0,0,0.0,0,0,0,1
bn_1122,30,153,4.133333333333334,2,1,1,0,5,0,0.26666666666666666,0,0,0,1
bn_1123,24,121,4.083333333333333,2,1,0,0,0,2,0.16666666666666666,0,0,0,1
bn_1124,12,79,5.666666666666667,3,1,1,0,0,0,0.3333333333333333,0,0,0,1
bn_1125,19,114,5.052631578947368,0,0,0,0,0,0,0.0,0,0,0,1
bn_1126,20,112,4.65,2,1,1,0,0,0,0.15,0,0,0,1
bn_1127,23,170,6.434782608695652,4,1,0,0,0,0,0.30434782608695654,0,0,1,1
bn_1128,18,118,5.611111111111111,6,1,0,0,0,0,0.3333333333333333,0,0,0,1
bn_1129,44,250,4.704545454545454,6,1,1,0,0,0,0.1590909090909091,0,0,0,1
bn_1130,15,82,4.533333333333333,0,0,0,0,0,0,0.4666666666666667,0,0,0,1
bn_1131,18,110,5.166666666666667,2,1,0,0,0,0,0.1111111111111111,0,0,0,1
bn_1132,11,58,4.363636363636363,2,1,0,0,0,0,0.18181818181818182,0,0,0,1
bn_1133,28,156,4.607142857142857,3,1,0,0,0,1,0.35714285714285715,0,0,0,1
bn_1134,49,313,5.408163265306122,7,1,5,0,0,0,0.24489795918367346,0,0,0,1
bn_1135,22,115,4.2727272727272725,0,0,1,0,0,0,0.045454545454545456,0,0,0,1
bn_1136,12,77,5.5,0,0,0,0,6,0,0.5,0,0,0,1
bn_1137,8,42,4.375,1,1,0,0,0,1,0.25,0,0,1,1
bn_1138,5,25,4.2,1,1,0,0,0,0,0.2,0,0,0,1
bn_1140,60,359,5.0,5,1,0,0,0,0,0.11666666666666667,0,0,1,1
bn_1141,11,81,6.454545454545454,0,0,0,0,0,0,0.2727272727272727,0,0,0,1
bn_1142,22,126,4.7727272727272725,4,1,0,0,0,0,0.18181818181818182,0,0,0,1
bn_1143,21,131,5.285714285714286,2,1,0,0,0,0,0.09523809523809523,0,0,0,1
bn_1144,17,93,4.529411764705882,2,1,0,0,0,0,0.11764705882352941,0,0,0,1
bn_1145,29,153,4.310344827586207,4,1,0,0,0,0,0.3103448275862069,0,0,0,1
bn_1146,16,99,5.25,4,1,0,0,0,0,0.25,0,0,0,1
bn_1147,9,61,5.888888888888889,0,0,4,1,0,0,0.4444444444444444,0,0,0,1
bn_1148,14,76,4.5,2,1,0,0,0,0,0.14285714285714285,0,0,1,1
bn_1149,32,166,4.21875,1,1,0,0,0,0,0.0625,0,0,1,1
bn_1150,17,92,4.470588235294118,3,1,0,0,0,0,0.17647058823529413,0,0,0,1
bn_1151,7,37,4.428571428571429,0,0,1,0,0,0,0.14285714285714285,0,0,0,1
bn_1152,19,101,4.368421052631579,2,1,0,0,0,0,0.10526315789473684,0,0,0,1
bn_1153,5,30,5.2,1,1,0,0,0,0,0.2,0,0,0,1
bn_1154,4,21,4.5,1,1,0,0,0,0,0.25,0,0,0,1
bn_1155,3,29,9.0,0,0,2,0,0,0,0.6666666666666666,0,0,0,1
bn_1156,9,42,3.7777777777777777,1,1,1,0,0,0,0.2222222222222222,0,0,0,1
bn_1157,13,108,7.384615384615385,3,1,0,0,0,0,0.23076923076923078,0,0,0,1
bn_1158,18,117,5.555555555555555,3,1,0,0,0,0,0.16666666666666666,0,0,0,1
bn_1159,18,98,4.5,2,1,0,0,0,0,0.1111111111111111,0,0,0,1
bn_1160,14,74,4.357142857142857,1,1,1,0,0,0,0.14285714285714285,0,0,0,1
bn_1161,10,63,5.4,1,1,1,0,0,0,0.2,0,0,0,1
bn_1162,16,100,5.3125,0,0,0,0,0,0,0.0,0,0,0,1
bn_1163,7,29,3.2857142857142856,0,0,0,0,0,0,0.0,0,0,0,1
bn_1164,8,38,3.875,1,1,0,0,0,0,0.125,0,0,0,1
bn_1165,28,176,5.321428571428571,3,1,3,0,0,0,0.21428571428571427,0,0,0,1
bn_1166,7,39,4.714285714285714,2,1,0,0,0,0,0.2857142857142857,0,0,0,1
bn_1167,26,159,5.153846153846154,3,1,0,0,0,0,0.11538461538461539,0,0,0,1
bn_1168,4,27,6.0,1,1,0,0,0,0,0.25,0,0,0,1
bn_1169,11,65,5.0,3,1,0,0,0,0,0.2727272727272727,0,0,0,1
bn_1170,12,68,4.75,1,1,1,0,0,0,0.16666666666666666,0,0,0,1
bn_1171,17,96,4.705882352941177,2,1,0,0,0,0,0.11764705882352941,0,0,0,1
bn_1172,20,112,4.65,0,0,4,1,0,0,0.2,0,0,0,1
bn_1173,20,116,4.85,2,1,0,0,1,0,0.15,0,0,0,1
bn_1174,24,136,4.708333333333333,2,1,4,1,0,0,0.25,0,0,1,1
bn_1175,7,48,6.0,0,0,0,0,0,0,0.0,0,0,0,1
bn_1176,12,78,5.583333333333333,1,1,0,0,0,0,0.08333333333333333,0,0,0,1
bn_1177,8,68,7.625,4,1,4,1,0,0,1.0,0,0,0,1
bn_1178,20,122,5.15,1,1,2,0,0,0,0.15,0,0,0,1
bn_1179,29,165,4.724137931034483,3,1,1,0,0,0,0.13793103448275862,0,0,0,1
bn_1180,7,48,6.0,0,0,0,0,0,0,0.0,0,0,0,1
bn_1181,18,98,4.5,0,0,0,0,0,0,0.0,0,0,1,1
bn_1182,16,82,4.1875,2,1,0,0,0,0,0.125,0,0,0,1
bn_1183,7,42,5.142857142857143,0,0,2,0,0,0,0.2857142857142857,0,0,0,1
bn_1184,18,103,4.777777777777778,1,1,1,0,0,0,0.1111111111111111,0,0,0,1
bn_1185,7,52,6.571428571428571,2,1,0,0,0,0,0.2857142857142857,0,0,0,1
bn_1186,6,48,7.166666666666667,2,1,0,0,0,0,0.3333333333333333,0,0,0,1
bn_1187,49,277,4.673469387755102,6,1,0,0,0,0,0.12244897959183673,0,0,0,1
bn_1188,10,56,4.7,0,0,1,0,0,0,0.1,0,0,0,1
bn_1190,16,109,5.875,2,1,0,0,0,0,0.125,0,0,1,1
bn_1191,3,16,4.666666666666667,0,0,0,0,0,0,0.0,0,0,0,1
bn_1192,22,125,4.7272727272727275,0,0,0,0,0,0,0.09090909090909091,0,0,1,1
bn_1193,14,82,4.928571428571429,0,0,0,0,0,0,0.0,0,0,0,1
bn_1194,12,78,5.583333333333333,1,1,1,0,0,0,0.16666666666666666,0,0,0,1
bn_1195,10,66,5.7,2,1,1,0,0,0,0.3,0,0,0,1
bn_1196,28,165,4.928571428571429,0,0,3,0,0,0,0.10714285714285714,0,0,0,1
bn_1197,13,68,4.3076923076923075,2,1,0,0,0,0,0.15384615384615385,0,0,0,1
bn_1198,8,39,4.0,0,0,0,0,0,0,0.0,0,0,0,1
bn_1199,16,98,5.1875,2,1,2,0,0,0,0.25,0,0,0,1
bn_1200,9,43,3.888888888888889,0,0,0,0,0,0,0.0,0,0,0,1
bn_1201,9,58,5.555555555555555,1,1,0,0,0,0,0.1111111111111111,0,0,0,1
bn_1202,21,137,5.571428571428571,3,1,0,0,0,0,0.14285714285714285,0,0,0,1
bn_1203,16,93,4.875,2,1,1,0,0,0,0.1875,0,0,1,1
bn_1204,6,29,4.0,1,1,0,0,0,0,0.16666666666666666,0,0,0,1
bn_1205,8,37,3.75,0,0,0,0,0,0,0.0,0,0,1,1
bn_1206,8,61,6.75,0,0,1,0,0,0,0.375,0,0,0,1
bn_1207,9,56,5.333333333333333,1,1,1,0,0,0,0.2222222222222222,0,0,0,1
bn_1208,4,22,4.75,1,1,0,0,0,0,0.25,0,0,0,1
bn_1209,19,143,6.578947368421052,0,0,2,1,0,0,0.5789473684210527,0,0,0,1
bn_1210,4,23,5.0,0,0,0,0,0,0,0.0,0,0,0,1
bn_1211,8,52,5.625,0,0,0,0,0,0,0.5,0,0,0,1
bn_1212,18,98,4.5,0,0,0,0,0,0,0.0,0,0,0,1
bn_1213,3,22,6.666666666666667,1,1,0,0,0,0,0.3333333333333333,0,0,0,1
bn_1214,8,57,6.25,0,0,0,0,0,0,0.0,0,0,0,1
bn_1215,28,152,4.464285714285714,3,1,0,0,0,0,0.14285714285714285,0,0,0,1
bn_1216,10,60,5.1,0,0,0,0,0,0,0.0,0,0,0,1
bn_1217,20,122,5.15,0,0,2,0,0,0,0.3,0,0,0,1
bn_1218,69,411,4.971014492753623,7,1,7,0,0,0,0.2318840579710145,0,0,1,1
bn_1219,36,216,5.027777777777778,3,1,0,0,1,0,0.16666666666666666,0,0,1,1
bn_1220,14,81,4.857142857142857,0,0,8,1,0,0,0.5714285714285714,0,0,0,1
bn_1221,11,62,4.7272727272727275,0,0,0,0,0,0,0.0,0,0,0,1
bn_1222,13,91,6.076923076923077,0,0,0,0,0,0,0.0,0,0,1,1
bn_1223,11,61,4.636363636363637,2,1,1,0,0,0,0.2727272727272727,0,0,0,1
bn_1224,13,77,5.0,3,1,1,0,0,0,0.3076923076923077,0,0,0,1
bn_1225,28,158,4.678571428571429,3,1,4,0,0,0,0.25,0,0,0,1
bn_1226,15,91,5.133333333333334,0,0,0,0,0,0,0.0,0,0,0,1
bn_1227,10,59,5.0,2,1,0,0,0,0,0.2,0,0,0,1
bn_1228,22,123,4.636363636363637,2,1,2,0,0,0,0.18181818181818182,0,0,1,1
bn_1229,18,86,3.8333333333333335,0,0,0,0,0,0,0.0,0,0,0,1
bn_1231,3,15,4.333333333333333,0,0,0,0,0,0,0.0,0,0,0,1
bn_1232,6,26,3.5,0,0,0,0,0,0,0.0,0,0,0,1
bn_1233,6,27,3.6666666666666665,0,0,0,0,0,0,0.0,0,0,0,1
bn_1234,5,26,4.4,0,0,0,0,0,0,0.0,0,0,0,1
bn_1235,4,20,4.25,0,0,0,0,0,0,0.0,0,0,0,1
bn_1236,4,24,5.25,0,0,0,0,1,0,0.25,0,0,0,1
bn_1237,3,16,4.666666666666667,0,0,0,0,0,0,0.0,0,0,0,1
bn_1238,3,16,4.666666666666667,0,0,0,0,0,0,0.0,0,0,0,1
bn_1239,5,28,4.8,1,1,0,0,0,0,0.2,0,0,0,1
bn_1241,4,19,4.0,0,0,0,0,0,0,0.0,0,0,0,1
bn_1242,3,15,4.333333333333333,0,0,0,0,0,0,0.0,0,0,0,1
bn_1243,4,18,3.75,0,0,0,0,0,0,0.0,0,0,0,1
bn_1244,6,24,3.1666666666666665,0,0,0,0,0,0,0.0,0,0,0,1
bn_1246,4,17,3.5,0,0,0,0,0,0,0.0,0,0,0,1
bn_1248,3,15,4.333333333333333,0,0,0,0,0,0,0.0,0,0,0,1
bn_1249,4,23,5.0,0,0,0,0,0,0,0.0,0,0,0,1
bn_1251,5,30,5.2,0,0,0,0,0,0,0.0,0,0,0,1
bn_1252,5,23,3.8,0,0,0,0,0,0,0.0,0,0,0,1
bn_1253,6,35,5.0,0,0,0,0,0,0,0.0,0,0,0,1
bn_1254,4,25,5.5,0,0,0,0,0,0,0.0,0,0,0,1
bn_1255,8,53,5.75,1,1,0,0,0,0,0.125,0,0,0,1
bn_1256,16,107,5.75,3,1,0,0,0,0,0.1875,0,0,0,1
bn_1257,25,136,4.48,2,1,0,0,0,0,0.08,0,0,0,1
bn_1258,24,142,4.958333333333333,2,1,0,0,0,0,0.08333333333333333,0,0,0,1
bn_1259,5,27,4.6,0,0,0,0,0,0,0.0,0,0,0,1
bn_1260,15,91,5.133333333333334,0,0,1,0,0,0,0.06666666666666667,0,0,0,1
bn_1261,7,50,6.285714285714286,0,0,0,0,0,0,0.0,0,0,0,1
bn_1262,21,109,4.238095238095238,0,0,4,0,0,0,0.19047619047619047,0,0,1,1
bn_1263,11,49,3.5454545454545454,0,0,0,0,0,0,0.0,0,0,0,1
bn_1264,9,48,4.444444444444445,0,0,0,0,0,0,0.0,0,0,0,1
bn_1265,8,41,4.25,0,0,0,0,0,0,0.0,0,0,0,1
bn_1266,9,56,5.333333333333333,2,1,0,0,0,0,0.2222222222222222,0,0,0,1
bn_1267,6,29,4.0,0,0,0,0,0,0,0.0,0,0,0,1
bn_1268,16,85,4.375,0,0,0,0,0,0,0.0,0,0,1,1
bn_1269,7,36,4.285714285714286,1,1,0,0,0,0,0.14285714285714285,0,0,1,1
bn_1270,11,47,3.3636363636363638,0,0,0,0,0,0,0.0,0,0,1,1
bn_1271,4,22,4.75,1,1,0,0,0,0,0.25,0,0,0,1
bn_1272,11,86,6.909090909090909,0,0,1,0,0,0,0.09090909090909091,0,0,0,1
bn_1273,16,89,4.625,0,0,1,0,0,0,0.1875,0,0,0,1
bn_1274,12,54,3.5833333333333335,0,0,0,0,0,0,0.0,0,0,0,1
bn_1275,9,53,5.0,1,1,0,0,0,0,0.1111111111111111,0,0,0,1
bn_1276,9,56,5.333333333333333,0,0,1,0,0,0,0.1111111111111111,0,0,0,1
bn_1277,15,102,5.866666666666666,1,1,4,1,0,0,0.3333333333333333,0,0,0,1
bn_1278,23,150,5.565217391304348,0,0,0,0,0,0,0.0,0,0,0,1
bn_1279,10,53,4.4,1,1,0,0,0,0,0.1,0,0,0,1
bn_1280,12,67,4.666666666666667,1,1,1,0,0,0,0.16666666666666666,0,0,1,1
bn_1281,15,84,4.666666666666667,0,0,0,0,0,0,0.0,0,0,0,1
bn_1282,18,101,4.666666666666667,2,1,0,0,0,0,0.1111111111111111,0,0,0,1
bn_1283,17,96,4.705882352941177,3,1,0,0,0,0,0.17647058823529413,0,0,0,1
bn_1284,20,107,4.4,0,0,0,0,0,0,0.0,0,0,0,1
bn_1285,7,39,4.714285714285714,0,0,0,0,0,0,0.0,0,0,0,1
bn_1286,10,64,5.5,2,1,0,0,0,0,0.2,0,0,0,1
bn_1287,21,132,5.333333333333333,0,0,0,0,0,0,0.0,0,0,0,1
bn_1288,19,109,4.7894736842105265,0,0,0,0,0,0,0.0,0,0,0,1
bn_1289,10,63,5.4,1,1,0,0,0,0,0.4,0,0,0,1
bn_1290,5,33,5.8,2,1,0,0,0,0,0.4,0,0,0,1
bn_1291,10,58,4.9,2,1,0,0,0,0,0.2,0,0,0,1
bn_1292,24,123,4.166666666666667,1,1,0,0,0,0,0.041666666666666664,0,0,1,1
bn_1293,14,80,4.785714285714286,1,1,1,0,0,0,0.14285714285714285,0,0,0,1
bn_1294,16,103,5.5,0,0,0,0,0,0,0.375,0,0,0,1
bn_1295,9,47,4.333333333333333,0,0,0,0,0,0,0.0,0,0,0,1
bn_1296,5,29,5.0,0,0,0,0,0,0,0.0,0,0,0,1
bn_1297,27,168,5.2592592592592595,1,1,1,0,0,0,0.07407407407407407,0,0,1,1
bn_1298,4,21,4.5,0,0,0,0,0,0,0.0,0,0,1,1
bn_1301,4,19,4.0,0,0,0,0,0,0,0.0,0,0,0,1
bn_1303,9,57,5.444444444444445,0,0,0,0,2,0,0.2222222222222222,0,0,0,1
bn_1304,8,42,4.375,0,0,0,0,0,0,0.0,0,0,0,1
bn_1305,21,134,5.428571428571429,0,0,13,1,0,0,0.6190476190476191,0,0,0,1
bn_1306,8,48,5.125,1,1,1,0,0,0,0.25,0,0,0,1
bn_1307,3,17,5.0,0,0,0,0,0,0,0.0,0,0,0,1
bn_1308,5,22,3.6,0,0,0,0,0,0,0.0,0,0,1,1
bn_1309,5,26,4.4,0,0,0,0,0,0,0.0,0,0,0,1
bn_1310,4,23,5.0,0,0,0,0,0,0,0.0,0,0,0,1
bn_1311,3,19,5.666666666666667,0,0,0,0,0,0,0.0,0,0,0,1
bn_1312,7,35,4.142857142857143,0,0,0,0,0,0,0.0,0,0,1,1
bn_1313,13,80,5.230769230769231,1,1,1,0,0,0,0.15384615384615385,0,0,0,1
bn_1314,5,20,3.2,0,0,0,0,0,0,0.0,0,0,0,1
bn_1315,6,35,5.0,1,1,0,0,0,0,0.16666666666666666,0,0,0,1
bn_1316,21,132,5.333333333333333,3,1,0,0,0,0,0.14285714285714285,0,0,0,1
bn_1317,13,76,4.923076923076923,0,0,0,0,0,0,0.0,0,0,0,1
bn_1318,4,21,4.5,0,0,0,0,0,0,0.0,0,0,0,1
bn_1319,6,30,4.166666666666667,0,0,0,0,0,0,0.0,0,0,0,1
bn_1320,3,13,3.6666666666666665,0,0,0,0,0,0,0.0,0,0,0,1
bn_1321,3,16,4.666666666666667,0,0,0,0,0,0,0.0,0,0,0,1
bn_1322,5,28,4.8,0,0,0,0,0,0,0.0,0,0,0,1
bn_1323,5,23,3.8,0,0,0,0,0,0,0.0,0,0,1,1
bn_1324,3,19,5.666666666666667,0,0,0,0,0,0,0.0,0,0,0,1
bn_1325,14,67,3.857142857142857,0,0,0,0,0,0,0.0,0,0,0,1
bn_1326,14,83,5.0,0,0,0,0,0,0,0.14285714285714285,0,0,0,1
bn_1327,17,75,3.4705882352941178,1,1,2,1,0,0,0.17647058823529413,0,0,0,1
bn_1328,16,102,5.4375,0,0,0,0,0,0,0.0,0,0,0,1
bn_1329,5,28,4.8,0,0,0,0,0,0,0.0,0,0,0,1
bn_1330,5,28,4.8,0,0,0,0,0,0,0.0,0,0,0,1
bn_1331,5,30,5.2,0,0,0,0,0,0,0.0,0,0,0,1
bn_1332,5,29,5.0,0,0,0,0,0,0,0.0,0,0,0,1
bn_1333,4,24,5.25,0,0,0,0,0,0,0.0,0,0,0,1
bn_1334,4,19,4.0,0,0,0,0,0,0,0.0,0,0,0,1
bn_1335,9,51,4.777777777777778,1,1,0,0,0,0,0.1111111111111111,0,0,0,1
bn_1336,30,199,5.666666666666667,2,1,1,0,0,0,0.2,0,0,0,1
bn_1337,4,20,4.25,0,0,0,0,0,0,0.0,0,0,0,1
bn_1338,6,32,4.5,0,0,1,0,0,0,0.16666666666666666,0,0,0,1
bn_1339,9,64,6.222222222222222,2,1,0,0,0,0,0.2222222222222222,0,0,0,1
bn_1340,11,62,4.7272727272727275,1,1,0,0,0,0,0.09090909090909091,0,0,0,1
bn_1341,24,126,4.291666666666667,2,1,1,0,0,0,0.125,0,0,0,1
bn_1342,6,40,5.833333333333333,0,0,3,1,0,0,0.5,0,0,0,1
bn_1343,28,159,4.714285714285714,0,0,0,0,0,0,0.0,0,0,0,1
bn_1344,24,134,4.625,4,1,0,0,0,0,0.16666666666666666,0,0,0,1
bn_1345,14,67,3.857142857142857,0,0,0,0,0,0,0.0,0,0,0,1
bn_1346,3,13,3.6666666666666665,0,0,0,0,0,0,0.0,0,0,0,1
bn_1347,11,74,5.818181818181818,0,0,3,1,0,0,0.2727272727272727,0,0,0,1
bn_1348,28,178,5.392857142857143,3,1,0,0,0,0,0.17857142857142858,0,0,0,1
bn_1349,36,193,4.388888888888889,3,1,1,0,0,0,0.1111111111111111,0,0,1,1
bn_1350,28,163,4.857142857142857,3,1,0,0,0,0,0.10714285714285714,0,0,0,1
bn_1351,8,46,4.875,0,0,0,0,0,0,0.0,0,0,0,1
bn_1352,3,20,6.0,0,0,0,0,0,0,0.0,0,0,0,1
bn_1353,8,50,5.375,0,0,3,1,0,0,0.375,0,0,0,1
bn_1356,9,56,5.333333333333333,2,1,2,1,0,0,0.4444444444444444,0,0,0,1
bn_1357,13,58,3.5384615384615383,2,1,0,0,0,0,0.15384615384615385,0,0,0,1
bn_1358,7,42,5.142857142857143,0,0,3,1,0,0,0.42857142857142855,0,0,0,1
bn_1359,8,47,5.0,1,1,1,0,0,0,0.25,0,0,0,1
bn_1360,28,171,5.142857142857143,3,1,0,0,0,0,0.10714285714285714,0,0,1,1
bn_1361,13,69,4.384615384615385,1,1,0,0,0,0,0.07692307692307693,0,0,1,1
bn_1362,19,96,4.105263157894737,3,1,0,0,0,0,0.15789473684210525,0,0,0,1
bn_1363,21,119,4.714285714285714,1,1,0,0,0,0,0.047619047619047616,0,0,0,1
bn_1364,21,108,4.190476190476191,0,0,2,0,0,0,0.09523809523809523,0,0,0,1
bn_1365,6,39,5.666666666666667,0,0,0,0,0,0,0.0,0,0,0,1
bn_1366,13,76,4.923076923076923,2,1,0,0,0,0,0.15384615384615385,0,0,0,1
bn_1367,23,137,5.0,4,1,0,0,0,0,0.17391304347826086,0,0,0,1
bn_1368,23,122,4.3478260869565215,0,0,4,1,0,0,0.30434782608695654,0,0,0,1
bn_1369,9,63,6.111111111111111,0,0,0,0,5,0,0.5555555555555556,0,0,0,1
bn_1370,39,258,5.641025641025641,7,1,0,0,0,0,0.1794871794871795,0,0,1,1
bn_1371,18,111,5.222222222222222,4,1,0,0,0,0,0.2222222222222222,0,0,0,1
bn_1372,18,113,5.333333333333333,3,1,0,0,0,0,0.16666666666666666,0,0,1,1
bn_1373,37,271,6.351351351351352,2,1,4,0,0,0,0.1891891891891892,0,0,0,1
bn_1374,13,77,5.0,1,1,1,0,0,0,0.15384615384615385,0,0,0,1
bn_1375,22,149,5.818181818181818,0,0,1,0,4,0,0.22727272727272727,0,0,0,1
bn_1376,32,174,4.46875,0,0,0,0,1,0,0.28125,0,0,0,1
bn_1377,12,58,3.9166666666666665,0,0,1,0,4,0,0.4166666666666667,0,0,1,1
bn_1378,5,38,6.8,2,1,0,0,0,0,0.4,0,0,0,1
bn_1379,7,50,6.285714285714286,0,0,0,0,0,0,0.0,0,0,0,1
bn_1380,42,255,5.095238095238095,5,1,1,0,1,0,0.19047619047619047,0,0,0,1
bn_1381,5,29,5.0,2,1,0,0,0,0,0.4,0,0,0,1
bn_1382,15,82,4.533333333333333,1,1,1,0,0,0,0.13333333333333333,0,0,0,1
bn_1383,9,65,6.333333333333333,1,1,0,0,0,0,0.1111111111111111,0,0,0,1
bn_1384,9,73,7.222222222222222,4,1,0,0,0,0,0.4444444444444444,0,0,0,1
bn_1385,12,63,4.333333333333333,0,0,0,0,0,0,1.0,0,0,0,1
bn_1386,7,39,4.714285714285714,1,1,1,0,0,0,0.2857142857142857,0,0,0,1
bn_1387,3,21,6.333333333333333,1,1,0,0,0,0,0.3333333333333333,0,0,0,1
bn_1388,13,66,4.153846153846154,2,1,0,0,0,0,0.15384615384615385,0,0,0,1
bn_1389,6,37,5.333333333333333,0,0,0,0,2,0,0.3333333333333333,0,0,0,1
bn_1390,4,22,4.75,2,1,0,0,0,0,0.5,0,0,0,1
bn_1391,21,121,4.809523809523809,2,1,0,0,0,0,0.09523809523809523,0,0,0,1
bn_1392,8,57,6.25,2,1,0,0,0,0,0.25,0,0,0,1
bn_1393,4,23,5.0,1,1,0,0,0,0,0.25,0,0,0,1
bn_1395,16,111,6.0,0,0,0,0,0,0,0.0,0,0,0,1
bn_1396,6,27,3.6666666666666665,0,0,0,0,0,0,0.0,0,0,0,1
bn_1398,23,160,6.0,3,1,0,0,0,0,0.13043478260869565,0,0,0,1
bn_1399,18,126,6.055555555555555,7,1,0,0,1,0,0.4444444444444444,0,0,0,1
bn_1400,4,31,7.0,1,1,0,0,0,0,0.25,0,0,0,1
bn_1401,11,71,5.545454545454546,1,1,0,0,0,0,0.09090909090909091,0,0,1,1
bn_1402,7,43,5.285714285714286,1,1,0,0,0,0,0.14285714285714285,0,0,0,1
bn_1403,25,146,4.88,1,1,2,0,0,0,0.12,0,0,0,1
bn_1404,13,69,4.384615384615385,2,1,0,0,0,0,0.15384615384615385,0,0,1,1
bn_1405,7,45,5.571428571428571,1,1,0,0,0,0,0.14285714285714285,0,0,0,1
bn_1406,18,118,5.611111111111111,0,0,0,0,0,0,0.0,0,0,1,1
bn_1407,5,34,6.0,0,0,1,0,0,0,0.8,0,0,0,1
bn_1408,11,78,6.181818181818182,0,0,10,1,0,0,0.9090909090909091,0,0,1,1
bn_1409,6,34,4.833333333333333,0,0,0,0,0,0,0.0,0,0,1,1
bn_1410,7,55,7.0,0,0,0,0,0,0,0.0,0,0,0,1
bn_1411,14,72,4.214285714285714,0,0,0,0,0,0,0.21428571428571427,0,0,1,1
bn_1412,24,158,5.625,2,1,0,0,0,0,0.08333333333333333,0,0,0,1
bn_1414,3,19,5.666666666666667,0,0,0,0,0,0,0.0,0,0,0,1
bn_1415,20,125,5.3,12,1,0,0,0,0,0.6,0,0,1,1
bn_1416,5,33,5.8,2,1,0,0,0,0,0.4,0,0,0,1
bn_1417,27,157,4.851851851851852,3,1,0,0,0,0,0.1111111111111111,0,0,0,1
bn_1419,13,83,5.461538461538462,0,0,0,0,0,0,0.6923076923076923,0,0,0,1
bn_1420,10,59,5.0,1,1,2,0,0,0,0.3,0,0,0,1
bn_1421,13,78,5.076923076923077,0,0,2,0,0,0,0.15384615384615385,0,0,0,1
bn_1422,5,34,6.0,1,1,0,0,0,0,0.2,0,0,0,1
bn_1423,54,301,4.592592592592593,3,1,0,0,0,0,0.07407407407407407,0,0,1,1
bn_1424,13,86,5.6923076923076925,2,1,1,0,0,0,0.23076923076923078,0,0,0,1
bn_1425,10,71,6.2,0,0,0,0,0,0,0.0,0,0,0,1
bn_1426,8,46,4.875,0,0,0,0,0,0,0.5,0,0,0,1
bn_1427,56,267,3.7857142857142856,4,1,8,0,0,0,0.21428571428571427,0,0,0,1
bn_1429,8,41,4.25,0,0,0,0,0,0,0.0,0,0,0,1
bn_1430,11,55,4.090909090909091,0,0,2,0,0,0,0.18181818181818182,0,0,0,1
bn_1431,40,247,5.2,3,1,0,0,0,0,0.075,0,0,1,1
bn_1432,24,153,5.416666666666667,0,0,15,1,0,0,0.625,0,0,0,1
bn_1433,7,41,5.0,0,0,1,0,0,0,0.14285714285714285,0,0,0,1
bn_1434,14,90,5.5,2,1,0,0,0,0,0.14285714285714285,0,0,0,1
bn_1435,23,147,5.434782608695652,0,0,0,0,2,0,0.4782608695652174,0,0,0,1
bn_1436,12,81,5.833333333333333,1,1,0,0,1,0,0.16666666666666666,0,0,0,1
bn_1437,12,69,4.833333333333333,0,0,3,1,0,0,0.25,0,0,0,1
bn_1438,8,44,4.625,2,1,0,0,0,0,0.25,0,0,0,1
bn_1439,8,49,5.25,1,1,2,0,0,0,0.375,0,0,0,1
bn_1440,5,26,4.4,2,1,0,0,0,0,0.4,0,0,0,1
bn_1441,33,169,4.151515151515151,3,1,0,0,0,0,0.09090909090909091,0,0,1,1
bn_1442,14,85,5.142857142857143,1,1,0,0,0,0,0.07142857142857142,0,0,0,1
bn_1443,13,84,5.538461538461538,0,0,0,0,0,0,0.46153846153846156,0,0,0,1
bn_1444,6,29,4.0,1,1,0,0,0,0,0.16666666666666666,0,0,0,1
bn_1445,13,67,4.230769230769231,0,0,1,0,0,0,0.38461538461538464,0,0,0,1
bn_1446,10,61,5.2,0,0,0,0,4,0,0.4,0,0,0,1
bn_1447,12,87,6.333333333333333,0,0,0,0,0,0,0.4166666666666667,0,0,0,1
bn_1448,10,47,3.8,1,1,0,0,0,0,0.1,0,0,0,1
bn_1449,15,108,6.266666666666667,3,1,1,0,0,0,0.26666666666666666,0,0,0,1
bn_1450,20,112,4.65,2,1,2,0,0,0,0.2,0,0,0,1
bn_1451,4,22,4.75,0,0,0,0,0,0,0.0,0,0,0,1
bn_1452,8,56,6.125,1,1,0,0,1,0,0.25,0,0,0,1
bn_1453,6,36,5.166666666666667,1,1,0,0,0,0,0.8333333333333334,0,0,0,1
bn_1455,15,94,5.333333333333333,2,1,0,0,0,0,0.13333333333333333,0,0,1,1
bn_1456,17,94,4.588235294117647,2,1,0,0,0,0,0.11764705882352941,0,0,0,1
bn_1457,8,46,4.875,2,1,0,0,0,0,0.25,0,0,0,1
bn_1458,7,36,4.285714285714286,0,0,0,0,0,0,0.0,0,0,1,1
bn_1459,6,30,4.166666666666667,0,0,0,0,0,0,0.0,0,0,0,1
bn_1460,10,49,4.0,0,0,0,0,0,0,0.0,0,0,1,1
bn_1461,28,173,5.214285714285714,3,1,2,0,0,0,0.17857142857142858,0,0,0,1
bn_1462,38,217,4.7368421052631575,6,1,0,0,0,0,0.15789473684210525,0,0,1,1
bn_1463,10,58,4.9,2,1,0,0,0,0,0.3,0,0,0,1
bn_1464,15,103,5.933333333333334,0,0,3,0,0,0,0.2,0,0,0,1
bn_1465,6,34,4.833333333333333,1,1,0,0,0,0,0.16666666666666666,0,0,1,1
bn_1466,17,104,5.176470588235294,1,1,2,0,0,0,0.17647058823529413,0,0,0,1
bn_1467,3,15,4.333333333333333,1,1,0,0,0,0,0.3333333333333333,0,0,0,1
bn_1468,15,84,4.666666666666667,3,1,0,0,0,0,0.2,0,0,0,1
bn_1469,19,113,5.0,2,1,0,0,0,0,0.10526315789473684,0,0,0,1
bn_1470,22,111,4.090909090909091,1,1,1,0,1,0,0.13636363636363635,0,0,0,1
bn_1471,8,45,4.75,1,1,0,0,0,0,0.125,0,0,0,1
bn_1472,8,53,5.75,0,0,0,0,1,0,0.125,0,0,0,1
bn_1473,21,115,4.523809523809524,0,0,0,0,0,0,0.0,0,0,0,1
bn_1474,4,36,8.25,0,0,0,0,0,0,0.75,0,0,0,1
bn_1475,15,82,4.533333333333333,4,1,1,0,0,0,0.3333333333333333,0,0,0,1
bn_1476,3,16,4.666666666666667,0,0,0,0,0,0,0.0,0,0,0,1
bn_1477,11,43,3.0,1,1,0,0,0,0,0.09090909090909091,0,0,0,1
bn_1478,27,152,4.666666666666667,1,1,5,1,0,0,0.2222222222222222,0,0,1,1
bn_1479,15,77,4.2,0,0,0,0,0,0,0.0,0,0,1,1
bn_1480,26,141,4.461538461538462,1,1,0,0,0,0,0.038461538461538464,0,0,0,1
bn_1481,13,81,5.3076923076923075,0,0,2,0,0,1,0.3076923076923077,0,0,0,1
bn_1483,19,115,5.105263157894737,0,0,1,0,0,0,0.05263157894736842,0,0,0,1
bn_1484,22,142,5.5,11,1,0,0,0,0,0.5,0,0,0,1
bn_1485,20,123,5.2,1,1,1,0,0,0,0.2,0,0,0,1
bn_1486,14,100,6.214285714285714,0,0,0,0,0,0,0.6428571428571429,0,0,0,1
bn_1487,12,63,4.333333333333333,0,0,0,0,0,0,0.0,0,0,0,1
bn_1488,6,44,6.5,1,1,1,0,0,0,0.3333333333333333,0,0,0,1
bn_1489,8,50,5.375,1,1,0,0,0,0,1.375,0,0,0,1
bn_1490,5,34,6.0,4,1,0,0,0,0,0.8,0,0,0,1
bn_1491,28,170,5.107142857142857,3,1,2,0,0,0,0.17857142857142858,0,0,0,1
bn_1492,20,129,5.5,2,1,0,0,1,0,0.15,0,0,0,1
bn_1493,28,199,6.142857142857143,5,1,3,0,0,0,0.2857142857142857,0,0,0,1
bn_1494,11,68,5.2727272727272725,3,1,0,0,0,0,0.2727272727272727,0,0,0,1
bn_1495,13,87,5.769230769230769,1,1,3,0,0,0,0.3076923076923077,0,0,0,1
bn_1496,24,140,4.875,3,1,0,0,0,0,0.125,0,0,0,1
bn_1497,11,71,5.545454545454546,2,1,1,0,0,0,0.2727272727272727,0,0,0,1
bn_1498,6,62,9.5,1,1,2,0,0,0,0.6666666666666666,0,0,0,1
bn_1499,12,69,4.833333333333333,0,0,0,0,0,0,0.0,0,0,0,0
bn_1500,4,27,6.0,1,1,0,0,0,0,0.25,0,0,0,0
bn_1501,14,80,4.785714285714286,3,1,0,0,0,0,0.21428571428571427,0,0,0,0
bn_1502,11,75,5.909090909090909,2,1,1,0,0,1,0.36363636363636365,0,0,0,0
bn_1503,9,55,5.222222222222222,1,1,1,0,0,0,0.2222222222222222,0,0,0,0
bn_1504,9,46,4.222222222222222,0,0,2,1,0,0,0.2222222222222222,0,0,0,0
bn_1505,10,72,6.3,1,1,0,0,0,0,0.2,0,0,0,0
bn_1506,5,24,4.0,0,0,0,0,0,0,0.0,0,0,0,0
bn_1507,7,36,4.285714285714286,0,0,0,0,0,0,0.0,0,0,1,0
bn_1508,16,101,5.375,1,1,1,0,0,1,0.1875,0,0,0,0
bn_1509,16,84,4.3125,2,1,0,0,0,0,0.125,0,0,0,0
bn_1510,12,62,4.25,0,0,0,0,0,0,0.0,0,0,1,0
bn_1511,23,123,4.391304347826087,1,1,0,0,1,0,0.08695652173913043,0,0,0,0
bn_1512,11,54,4.0,1,1,0,0,0,0,0.09090909090909091,0,0,0,0
bn_1513,29,147,4.103448275862069,0,0,3,0,1,0,0.13793103448275862,0,0,1,0
bn_1514,10,65,5.6,1,1,0,0,0,0,0.1,0,0,0,0
bn_1515,5,17,2.6,1,1,0,0,0,0,0.2,0,0,0,0
bn_1516,17,107,5.352941176470588,0,0,0,0,0,0,0.35294117647058826,0,0,1,0
bn_1517,10,61,5.2,2,1,0,0,0,0,0.2,0,0,0,0
bn_1518,3,17,5.0,0,0,0,0,0,0,0.0,0,0,0,0
bn_1519,6,36,5.166666666666667,1,1,0,0,0,0,0.16666666666666666,0,0,0,0
bn_1520,13,90,6.0,2,1,0,0,0,0,0.15384615384615385,0,0,0,0
bn_1521,53,328,5.2075471698113205,4,1,1,0,0,0,0.09433962264150944,0,0,0,0
bn_1522,14,73,4.285714285714286,0,0,0,0,0,0,0.0,0,0,0,0
bn_1523,17,96,4.705882352941177,2,1,0,0,0,0,0.11764705882352941,0,0,0,0
bn_1524,13,82,5.384615384615385,5,1,0,0,0,0,0.38461538461538464,0,0,0,0
bn_1525,10,71,6.2,3,1,0,0,0,0,0.3,0,0,0,0
bn_1526,24,137,4.75,3,1,5,0,0,0,0.3333333333333333,0,0,0,0
bn_1527,6,35,5.0,1,1,0,0,0,0,0.16666666666666666,0,0,0,0
bn_1528,8,49,5.25,0,0,0,0,2,0,0.25,0,0,0,0
bn_1529,19,114,5.052631578947368,2,1,0,0,0,0,0.10526315789473684,0,0,0,0
bn_1530,14,74,4.357142857142857,1,1,0,0,0,0,0.07142857142857142,0,0,0,0
bn_1531,8,39,4.0,1,1,1,0,0,0,0.25,0,0,0,0
bn_1532,31,184,4.967741935483871,3,1,2,0,0,0,0.16129032258064516,0,0,0,0
bn_1533,12,80,5.75,0,0,2,0,1,1,0.3333333333333333,0,0,0,0
bn_1534,17,90,4.352941176470588,1,1,1,0,0,0,0.11764705882352941,0,0,0,0
bn_1535,28,151,4.428571428571429,3,1,0,0,0,0,0.10714285714285714,0,0,0,0
bn_1536,7,40,4.857142857142857,1,1,0,0,0,0,0.14285714285714285,0,0,0,0
bn_1538,24,127,4.333333333333333,1,1,1,0,0,0,0.08333333333333333,0,0,0,0
bn_1539,6,42,6.166666666666667,0,0,5,1,0,0,0.8333333333333334,0,0,0,0
bn_1540,37,200,4.4324324324324325,0,0,1,0,0,0,0.05405405405405406,0,0,1,0
bn_1541,21,114,4.476190476190476,0,0,2,0,0,0,0.09523809523809523,0,0,0,0
bn_1542,9,47,4.333333333333333,0,0,0,0,0,0,0.0,0,0,0,0
bn_1543,5,36,6.4,0,0,0,0,0,0,0.4,0,0,0,0
bn_1544,7,36,4.285714285714286,0,0,0,0,0,0,0.0,0,0,0,0
bn_1545,10,59,5.0,0,0,1,0,0,0,0.1,0,0,0,0
bn_1546,13,72,4.615384615384615,1,1,1,0,0,0,0.15384615384615385,0,0,0,0
bn_1547,15,91,5.133333333333334,2,1,0,0,0,0,0.13333333333333333,0,0,0,0
bn_1548,5,30,5.2,1,1,0,0,0,0,0.2,0,0,0,0
bn_1549,18,123,5.888888888888889,2,1,0,0,0,0,0.1111111111111111,0,0,1,0
bn_1550,19,117,5.2105263157894735,0,0,0,0,0,0,0.631578947368421,0,0,0,0
bn_1551,3,19,5.666666666666667,1,1,0,0,0,0,0.3333333333333333,0,0,0,0
bn_1552,8,40,4.125,1,1,0,0,0,0,0.125,0,0,1,0
bn_1553,3,18,5.333333333333333,0,0,0,0,1,0,0.3333333333333333,0,0,0,0
bn_1554,5,24,4.0,1,1,0,0,0,0,0.4,0,0,0,0
bn_1555,5,30,5.2,1,1,0,0,0,1,0.4,0,0,0,0
bn_1556,7,31,3.5714285714285716,0,0,0,0,0,0,0.0,0,0,1,0
bn_1557,5,19,3.0,0,0,0,0,0,0,0.0,0,0,0,0
bn_1558,5,23,3.8,0,0,0,0,0,0,0.0,0,0,0,0
bn_1559,5,25,4.2,0,0,0,0,0,0,0.0,0,0,0,0
bn_1560,9,38,3.3333333333333335,0,0,0,0,0,0,0.0,0,0,0,0
bn_1561,3,20,6.0,1,1,0,0,0,0,0.3333333333333333,0,0,0,0
bn_1562,9,49,4.555555555555555,1,1,0,0,0,0,0.1111111111111111,0,0,0,0
bn_1563,12,68,4.75,1,1,0,0,0,0,0.08333333333333333,0,0,0,0
bn_1564,5,20,3.2,0,0,0,0,0,0,0.0,0,0,0,0
bn_1565,11,57,4.2727272727272725,1,1,0,0,0,0,0.09090909090909091,0,0,0,0
bn_1566,25,137,4.52,3,1,0,0,0,0,0.12,0,0,0,0
bn_1568,11,58,4.363636363636363,1,1,0,0,1,0,0.18181818181818182,0,0,0,0
bn_1569,7,35,4.142857142857143,0,0,0,0,0,0,0.0,0,0,0,0
bn_1570,5,28,4.8,1,1,0,0,0,0,0.2,0,0,0,0
bn_1571,6,25,3.3333333333333335,0,0,0,0,0,0,0.0,0,0,0,0
bn_1572,3,16,4.666666666666667,0,0,0,0,0,0,0.0,0,0,0,0
bn_1575,3,14,4.0,0,0,0,0,0,0,0.0,0,0,0,0
bn_1576,8,45,4.75,0,0,0,0,0,0,0.0,0,0,1,0
bn_1578,6,27,3.6666666666666665,0,0,3,1,0,0,0.5,0,0,0,0
bn_1579,18,115,5.444444444444445,1,1,0,0,0,0,0.05555555555555555,0,0,1,0
bn_1580,12,60,4.083333333333333,0,0,0,0,0,0,0.0,0,0,0,0
bn_1581,5,25,4.2,0,0,0,0,0,0,0.0,0,0,0,0
bn_1582,13,70,4.461538461538462,2,1,0,0,0,0,0.15384615384615385,0,0,0,0
bn_1583,14,108,6.785714285714286,3,1,0,0,0,0,0.21428571428571427,0,0,0,0
bn_1585,3,24,7.333333333333333,0,0,0,0,0,0,0.0,0,0,0,0
bn_1586,4,20,4.25,0,0,0,0,0,0,0.0,0,0,0,0
bn_1587,5,24,4.0,1,1,0,0,0,0,0.2,0,0,0,0
bn_1588,25,147,4.92,3,1,0,0,0,0,0.12,0,0,0,0
bn_1589,10,47,3.8,0,0,0,0,0,1,0.1,0,0,0,0
bn_1590,6,34,4.833333333333333,2,1,0,0,0,0,0.3333333333333333,0,0,0,0
bn_1591,5,30,5.2,0,0,1,0,0,0,0.2,0,0,0,0
bn_1592,3,14,4.0,0,0,0,0,0,0,0.0,0,0,0,0
bn_1593,12,59,4.0,1,1,0,0,0,0,0.08333333333333333,0,0,0,0
bn_1594,6,28,3.8333333333333335,0,0,0,0,0,0,0.0,0,0,0,0
bn_1595,10,52,4.3,0,0,0,0,2,0,0.2,0,0,0,0
bn_1596,6,29,4.0,0,0,0,0,0,0,0.0,0,0,0,0
bn_1597,21,118,4.666666666666667,0,0,0,0,0,0,0.0,0,0,0,0
bn_1598,10,59,5.0,1,1,0,0,0,0,0.1,0,0,0,0
bn_1599,31,141,3.5806451612903225,0,0,0,0,0,0,0.0,0,0,0,0
bn_1600,10,60,5.1,0,0,0,0,0,0,0.0,0,0,0,0
bn_1601,5,27,4.6,1,1,0,0,0,0,0.2,0,0,0,0
bn_1602,5,24,4.0,0,0,0,0,0,0,0.0,0,0,0,0
bn_1603,3,14,4.0,0,0,0,0,0,0,0.0,0,0,0,0
bn_1604,8,40,4.125,0,0,0,0,0,0,0.0,0,0,1,0
bn_1605,7,33,3.857142857142857,0,0,0,0,0,0,0.0,0,0,0,0
bn_1606,3,16,4.666666666666667,0,0,0,0,0,0,0.0,0,0,0,0
bn_1607,4,20,4.25,0,0,0,0,0,0,0.0,0,0,0,0
bn_1608,3,15,4.333333333333333,0,0,0,0,0,0,0.0,0,0,0,0
bn_1609,6,25,3.3333333333333335,0,0,0,0,0,0,0.0,0,0,0,0
bn_1610,3,17,5.0,0,0,0,0,0,0,0.0,0,0,0,0
bn_1611,5,23,3.8,0,0,0,0,0,0,0.0,0,0,0,0
bn_1612,3,24,7.333333333333333,0,0,0,0,0,0,0.0,0,0,0,0
bn_1613,5,35,6.2,0,0,0,0,0,0,0.0,0,0,0,0
bn_1614,7,38,4.571428571428571,0,0,0,0,0,0,0.0,0,0,1,0
bn_1616,4,21,4.5,0,0,0,0,0,0,0.0,0,0,0,0
bn_1617,4,19,4.0,0,0,0,0,0,0,0.0,0,0,0,0
bn_1618,6,36,5.166666666666667,0,0,0,0,0,0,0.0,0,0,0,0
bn_1619,3,17,5.0,0,0,0,0,0,0,0.0,0,0,0,0
bn_1620,7,34,4.0,0,0,0,0,0,0,0.0,0,0,0,0
bn_1621,10,51,4.2,2,1,0,0,0,0,0.2,0,0,0,0
bn_1622,4,21,4.5,0,0,0,0,0,0,0.0,0,0,0,0
bn_1623,3,13,3.6666666666666665,0,0,0,0,0,0,0.0,0,0,0,0
bn_1624,8,41,4.25,1,1,0,0,0,0,0.125,0,0,1,0
bn_1625,7,36,4.285714285714286,0,0,0,0,0,0,0.0,0,0,1,0
bn_1626,3,20,6.0,0,0,0,0,0,0,0.0,0,0,0,0
bn_1627,5,23,3.8,0,0,0,0,0,0,0.0,0,0,0,0
bn_1629,7,29,3.2857142857142856,1,1,0,0,0,0,0.14285714285714285,0,0,0,0
bn_1630,9,49,4.555555555555555,0,0,0,0,0,0,0.0,0,0,0,0
bn_1631,3,13,3.6666666666666665,0,0,0,0,0,0,0.0,0,0,0,0
bn_1633,8,33,3.25,1,1,0,0,0,0,0.125,0,0,0,0
bn_1634,3,16,4.666666666666667,0,0,0,0,0,0,0.0,0,0,0,0
bn_1635,15,64,3.3333333333333335,2,1,0,0,0,0,0.13333333333333333,0,0,0,0
bn_1636,8,44,4.625,0,0,0,0,0,0,0.0,0,0,0,0
bn_1637,5,37,6.6,1,1,0,0,0,0,0.2,0,0,0,0
bn_1638,4,23,5.0,0,0,0,0,0,0,0.0,0,0,0,0
bn_1639,11,68,5.2727272727272725,1,1,1,0,0,0,0.18181818181818182,0,0,0,0
bn_1640,13,66,4.153846153846154,0,0,0,0,0,0,0.0,0,0,0,0
bn_1641,3,20,6.0,0,0,0,0,0,0,0.0,0,0,0,0
bn_1643,3,23,7.0,2,1,0,0,0,0,0.6666666666666666,0,0,0,0
bn_1644,7,31,3.5714285714285716,0,0,0,0,0,0,0.0,0,0,0,0
bn_1645,4,22,4.75,0,0,0,0,0,0,0.0,0,0,0,0
bn_1647,11,48,3.4545454545454546,0,0,0,0,0,1,0.09090909090909091,0,0,0,0
bn_1648,17,113,5.705882352941177,4,1,0,0,0,0,0.23529411764705882,0,0,0,0
bn_1649,17,102,5.0588235294117645,0,0,1,0,0,0,0.29411764705882354,0,0,0,0
bn_1650,16,90,4.6875,0,0,3,1,0,0,0.1875,0,0,0,0
bn_1651,6,31,4.333333333333333,0,0,0,0,0,0,0.0,0,0,0,0
bn_1652,3,18,5.333333333333333,0,0,0,0,0,0,0.0,0,0,0,0
bn_1653,13,93,6.230769230769231,2,1,0,0,0,0,0.15384615384615385,0,0,0,0
bn_1654,5,24,4.0,0,0,0,0,0,0,0.0,0,0,0,0
bn_1655,7,37,4.428571428571429,2,1,0,0,0,0,0.2857142857142857,0,0,0,0
bn_1656,9,48,4.444444444444445,1,1,0,0,0,0,0.1111111111111111,0,0,0,0
bn_1657,4,23,5.0,1,1,0,0,0,0,0.25,0,0,0,0
bn_1658,7,35,4.142857142857143,0,0,0,0,0,0,0.0,0,0,0,0
bn_1659,3,16,4.666666666666667,0,0,0,0,0,0,0.0,0,0,0,0
bn_1660,24,111,3.6666666666666665,0,0,0,0,0,0,0.0,0,0,0,0
bn_1661,16,103,5.5,0,0,0,0,0,0,0.0,0,0,0,0
bn_1662,17,88,4.235294117647059,0,0,0,0,0,0,0.0,0,0,1,0
bn_1663,8,50,5.375,2,1,0,0,0,0,0.25,0,0,0,0
bn_1664,4,23,5.0,1,1,0,0,0,0,0.25,0,0,0,0
bn_1665,8,45,4.75,0,0,1,0,0,0,0.125,0,0,0,0
bn_1666,7,38,4.571428571428571,1,1,0,0,0,0,0.14285714285714285,0,0,0,0
bn_1667,17,105,5.235294117647059,0,0,4,1,0,0,0.23529411764705882,0,0,0,0
bn_1668,13,82,5.384615384615385,2,1,0,0,0,0,0.15384615384615385,0,0,0,0
bn_1669,5,40,7.2,0,0,0,0,0,0,0.0,0,0,0,0
bn_1670,4,19,4.0,0,0,0,0,0,0,0.0,0,0,0,0
bn_1671,16,84,4.3125,0,0,0,0,0,0,0.0,0,0,0,0
bn_1672,9,43,3.888888888888889,1,1,0,0,0,0,0.1111111111111111,0,0,0,0
bn_1673,5,29,5.0,0,0,5,1,0,0,1.0,0,0,0,0
bn_1674,6,31,4.333333333333333,0,0,0,0,0,0,0.0,0,0,0,0
bn_1675,6,36,5.166666666666667,1,1,0,0,0,0,0.16666666666666666,0,0,0,0
bn_1676,6,36,5.166666666666667,0,0,0,0,1,0,0.16666666666666666,0,0,0,0
bn_1677,4,19,4.0,0,0,0,0,0,0,0.0,0,0,0,0
bn_1678,8,46,4.875,2,1,0,0,0,0,0.25,0,0,0,0
bn_1679,6,33,4.666666666666667,0,0,0,0,0,0,0.0,0,0,0,0
bn_1680,3,18,5.333333333333333,1,1,0,0,0,0,0.3333333333333333,0,0,0,0
bn_1681,6,38,5.5,0,0,0,0,0,0,0.0,0,0,0,0
bn_1682,8,49,5.25,1,1,0,0,0,0,0.125,0,0,0,0
bn_1683,5,28,4.8,1,1,0,0,0,0,0.2,0,0,0,0
bn_1684,6,42,6.166666666666667,0,0,0,0,0,0,0.0,0,0,0,0
bn_1685,17,78,3.6470588235294117,1,1,0,0,0,0,0.058823529411764705,0,0,0,0
bn_1686,4,27,6.0,0,0,0,0,0,0,0.0,0,0,0,0
bn_1687,7,47,5.857142857142857,1,1,0,0,0,0,0.14285714285714285,0,0,0,0
bn_1688,8,51,5.5,1,1,0,0,0,0,0.125,0,0,0,0
bn_1689,12,78,5.583333333333333,0,0,0,0,1,0,0.08333333333333333,0,0,0,0
bn_1690,11,74,5.818181818181818,1,1,1,0,0,0,0.18181818181818182,0,0,0,0
bn_1691,5,36,6.4,0,0,0,0,0,0,0.0,0,0,0,0
bn_1692,15,101,5.8,1,1,3,0,0,0,0.26666666666666666,0,0,0,0
bn_1693,15,95,5.4,2,1,2,0,0,0,0.26666666666666666,0,0,0,0
bn_1694,4,25,5.5,1,1,0,0,0,0,0.25,0,0,0,0
bn_1695,8,48,5.125,2,1,0,0,0,0,0.25,0,0,0,0
bn_1696,10,64,5.5,1,1,0,0,0,0,0.1,0,0,0,0
bn_1697,12,70,4.916666666666667,1,1,0,0,0,0,0.08333333333333333,0,0,0,0
bn_1698,15,86,4.8,2,1,1,0,0,0,0.2,0,0,0,0
bn_1699,10,74,6.5,1,1,0,0,0,0,0.1,0,0,0,0
bn_1700,10,61,5.2,1,1,0,0,0,0,0.1,0,0,0,0
bn_1701,10,56,4.7,2,1,0,0,0,0,0.2,0,0,0,0
bn_1702,6,35,5.0,1,1,0,0,0,0,0.16666666666666666,0,0,0,0
bn_1703,15,78,4.266666666666667,2,1,0,0,0,0,0.13333333333333333,0,0,0,0
bn_1704,23,137,5.0,0,0,2,0,0,0,0.08695652173913043,0,0,0,0
bn_1705,7,39,4.714285714285714,1,1,0,0,0,0,0.14285714285714285,0,0,0,0
bn_1706,6,28,3.8333333333333335,0,0,0,0,0,0,0.0,0,0,0,0
bn_1707,5,26,4.4,2,1,0,0,0,0,0.4,0,0,0,0
bn_1708,7,37,4.428571428571429,1,1,0,0,0,0,0.14285714285714285,0,0,1,0
bn_1709,3,23,7.0,0,0,1,0,0,0,0.3333333333333333,0,0,0,0
bn_1710,5,27,4.6,0,0,0,0,0,1,0.2,0,0,0,0
bn_1712,4,17,3.5,0,0,0,0,0,0,0.0,0,0,0,0
bn_1713,8,56,6.125,0,0,2,0,0,0,0.25,0,0,0,0
bn_1714,4,24,5.25,0,0,0,0,0,0,0.0,0,0,0,0
bn_1715,5,30,5.2,0,0,2,1,0,0,0.4,0,0,0,0
bn_1716,9,56,5.333333333333333,2,1,0,0,0,0,0.2222222222222222,0,0,0,0
bn_1717,8,40,4.125,0,0,0,0,0,0,0.0,0,0,0,0
bn_1718,7,38,4.571428571428571,0,0,0,0,0,0,0.0,0,0,0,0
bn_1719,25,141,4.68,4,1,0,0,0,0,0.16,0,0,1,0
bn_1720,23,127,4.565217391304348,0,0,0,0,0,0,0.08695652173913043,0,0,0,0
bn_1721,5,24,4.0,0,0,0,0,0,0,0.0,0,0,0,0
bn_1722,15,83,4.6,0,0,0,0,0,0,0.0,0,0,0,0
bn_1723,9,49,4.555555555555555,1,1,0,0,0,0,0.1111111111111111,0,0,0,0
bn_1724,7,38,4.571428571428571,1,1,0,0,0,0,0.14285714285714285,0,0,0,0
bn_1725,6,28,3.8333333333333335,1,1,0,0,0,0,0.16666666666666666,0,0,0,0
bn_1727,4,17,3.5,1,1,0,0,0,0,0.25,0,0,0,0
bn_1728,3,12,3.3333333333333335,0,0,0,0,0,0,0.0,0,0,0,0
bn_1729,8,30,2.875,0,0,0,0,0,0,0.0,0,0,0,0
bn_1730,3,13,3.6666666666666665,0,0,0,0,0,0,0.0,0,0,0,0
bn_1731,3,15,4.333333333333333,0,0,0,0,0,0,0.0,0,0,0,0
bn_1732,8,36,3.625,0,0,0,0,0,0,0.0,0,0,0,0
bn_1733,20,119,5.0,0,0,10,1,0,0,0.5,0,0,0,0
bn_1734,6,26,3.5,0,0,0,0,0,0,0.0,0,0,1,0
bn_1735,6,31,4.333333333333333,1,1,0,0,0,0,0.16666666666666666,0,0,0,0
bn_1736,9,46,4.222222222222222,0,0,0,0,0,1,0.1111111111111111,0,0,0,0
bn_1737,4,21,4.5,0,0,0,0,0,0,0.0,0,0,0,0
bn_1738,11,51,3.727272727272727,0,0,0,0,0,0,0.0,0,0,0,0
bn_1739,4,22,4.75,1,1,0,0,0,0,0.25,0,0,0,0
bn_1740,3,15,4.333333333333333,0,0,0,0,0,0,0.0,0,0,0,0
bn_1741,12,58,3.9166666666666665,1,1,0,0,0,0,0.08333333333333333,0,0,1,0
bn_1743,10,42,3.3,0,0,0,0,0,0,0.0,0,0,0,0
bn_1745,5,26,4.4,0,0,0,0,0,0,0.0,0,0,0,0
bn_1746,6,35,5.0,0,0,0,0,0,0,0.0,0,0,0,0
bn_1747,5,26,4.4,2,1,0,0,0,0,0.4,0,0,0,0
bn_1748,10,57,4.8,0,0,0,0,0,0,0.0,0,0,1,0
bn_1749,7,31,3.5714285714285716,0,0,0,0,0,0,0.0,0,0,0,0
bn_1750,8,46,4.875,0,0,0,0,0,0,0.0,0,0,0,0
bn_1752,22,112,4.136363636363637,0,0,0,0,0,0,0.0,0,0,0,0
bn_1753,4,25,5.5,0,0,0,0,0,0,0.0,0,0,0,0
bn_1754,6,26,3.5,0,0,0,0,0,0,0.0,0,0,0,0
bn_1756,9,50,4.666666666666667,1,1,0,0,0,0,0.1111111111111111,0,0,0,0
bn_1757,5,25,4.2,0,0,0,0,0,0,0.0,0,0,0,0
bn_1758,13,72,4.615384615384615,0,0,0,0,0,0,0.0,0,0,0,0
bn_1759,13,73,4.6923076923076925,0,0,0,0,0,0,0.07692307692307693,0,0,1,0
bn_1760,10,50,4.1,0,0,0,0,0,0,0.0,0,0,0,0
bn_1761,8,38,3.875,0,0,0,0,0,0,0.0,0,0,1,0
bn_1762,10,52,4.3,0,0,0,0,0,0,0.0,0,0,0,0
bn_1763,8,41,4.25,1,1,0,0,0,0,0.125,0,0,0,0
bn_1764,13,69,4.384615384615385,1,1,0,0,0,0,0.07692307692307693,0,0,0,0
bn_1765,15,83,4.6,0,0,4,1,0,0,0.26666666666666666,0,0,0,0
bn_1766,15,82,4.533333333333333,1,1,0,0,0,0,0.06666666666666667,0,0,1,0
bn_1767,17,99,4.882352941176471,4,1,1,0,1,0,0.35294117647058826,0,0,1,0
bn_1768,13,68,4.3076923076923075,0,0,0,0,0,0,0.0,0,0,0,0
bn_1769,4,21,4.5,0,0,0,0,0,0,0.0,0,0,0,0
bn_1770,9,50,4.666666666666667,0,0,0,0,0,0,0.0,0,0,0,0
bn_1771,7,46,5.714285714285714,1,1,0,0,0,0,0.14285714285714285,0,0,0,0
bn_1772,21,111,4.333333333333333,0,0,0,0,0,0,0.0,0,0,0,0
bn_1773,29,180,5.241379310344827,0,0,0,0,0,0,0.034482758620689655,0,0,1,0
bn_1774,36,187,4.222222222222222,0,0,4,1,0,0,0.1111111111111111,0,0,1,0
bn_1775,6,31,4.333333333333333,0,0,0,0,0,0,0.0,0,0,0,0
bn_1776,14,65,3.7142857142857144,0,0,0,0,0,0,0.0,0,0,1,0
bn_1777,6,32,4.5,0,0,0,0,0,0,0.0,0,0,1,0
bn_1778,17,85,4.0588235294117645,0,0,0,0,0,0,0.0,0,0,0,0
bn_1779,17,91,4.411764705882353,0,0,0,0,0,0,0.0,0,0,1,0
bn_1780,15,79,4.333333333333333,0,0,0,0,0,0,0.0,0,0,1,0
bn_1781,9,37,3.2222222222222223,0,0,0,0,0,0,0.0,0,0,1,0
bn_1782,18,100,4.611111111111111,1,1,0,0,0,0,0.05555555555555555,0,0,0,0
bn_1783,19,103,4.473684210526316,0,0,2,1,0,0,0.10526315789473684,0,0,1,0
bn_1784,17,83,3.9411764705882355,0,0,0,0,0,0,0.0,0,0,1,0
bn_1785,10,49,4.0,0,0,0,0,0,0,0.0,0,0,0,0
bn_1786,7,33,3.857142857142857,0,0,0,0,1,0,0.14285714285714285,0,0,0,0
bn_1787,7,44,5.428571428571429,0,0,0,0,0,0,0.0,0,0,0,0
bn_1788,13,58,3.5384615384615383,0,0,0,0,0,0,0.0,0,0,0,0
bn_1789,7,32,3.7142857142857144,0,0,0,0,0,0,0.0,0,0,1,0
bn_1790,10,58,4.9,0,0,0,0,0,0,0.1,0,0,0,0
bn_1791,8,40,4.125,0,0,0,0,0,0,0.0,0,0,0,0
bn_1792,3,19,5.666666666666667,0,0,0,0,0,0,0.0,0,0,0,0
bn_1793,9,47,4.333333333333333,0,0,0,0,0,0,0.0,0,0,1,0
bn_1794,17,95,4.647058823529412,2,1,0,0,0,0,0.11764705882352941,0,0,1,0
bn_1795,9,45,4.111111111111111,0,0,0,0,0,0,0.0,0,0,0,0
bn_1796,11,61,4.636363636363637,0,0,0,0,0,0,0.0,0,0,1,0
bn_1797,6,41,6.0,0,0,0,0,0,0,0.0,0,0,0,0
bn_1798,8,38,3.875,0,0,0,0,0,0,0.0,0,0,0,0
bn_1799,5,26,4.4,0,0,0,0,0,0,0.0,0,0,0,0
bn_1800,8,36,3.625,0,0,0,0,0,0,0.0,0,0,0,0
bn_1801,21,118,4.666666666666667,0,0,0,0,0,0,0.0,0,0,1,0
bn_1802,5,24,4.0,1,1,0,0,0,0,0.2,0,0,0,0
bn_1803,7,44,5.428571428571429,0,0,0,0,0,0,0.0,0,0,0,0
bn_1804,6,27,3.6666666666666665,0,0,0,0,0,0,0.0,0,0,0,0
bn_1805,5,26,4.4,0,0,0,0,0,0,0.0,0,0,0,0
bn_1806,4,24,5.25,0,0,0,0,0,0,0.0,0,0,0,0
bn_1807,13,83,5.461538461538462,0,0,0,0,0,1,0.07692307692307693,0,0,0,0
bn_1808,4,19,4.0,0,0,0,0,0,0,0.0,0,0,0,0
bn_1809,6,30,4.166666666666667,0,0,0,0,0,0,0.0,0,0,0,0
bn_1810,9,38,3.3333333333333335,0,0,0,0,0,0,0.0,0,0,0,0
bn_1811,11,57,4.2727272727272725,0,0,0,0,0,0,0.0,0,0,0,0
bn_1812,18,110,5.166666666666667,0,0,0,0,0,0,0.5555555555555556,0,0,0,0
bn_1813,16,90,4.6875,3,1,0,0,0,0,0.1875,0,0,0,0
bn_1814,8,49,5.25,0,0,0,0,0,0,0.0,0,0,0,0
bn_1815,6,24,3.1666666666666665,0,0,0,0,0,0,0.0,0,0,0,0
bn_1816,6,39,5.666666666666667,0,0,0,0,0,0,0.0,0,0,0,0
bn_1817,15,85,4.733333333333333,3,1,0,0,0,0,0.2,0,0,0,0
bn_1818,4,20,4.25,0,0,1,0,0,0,0.25,0,0,0,0
bn_1819,9,42,3.7777777777777777,1,1,0,0,0,0,0.1111111111111111,0,0,0,0
bn_1820,22,146,5.681818181818182,0,0,0,0,0,0,0.0,0,0,1,0
bn_1821,9,46,4.222222222222222,0,0,1,0,0,0,0.1111111111111111,0,0,0,0
bn_1822,15,73,3.933333333333333,2,1,0,0,0,0,0.13333333333333333,0,0,0,0
bn_1823,11,58,4.363636363636363,1,1,0,0,0,0,0.09090909090909091,0,0,0,0
bn_1824,8,47,5.0,0,0,0,0,0,0,0.0,0,0,0,0
bn_1825,8,40,4.125,1,1,0,0,0,0,0.125,0,0,1,0
bn_1826,6,29,4.0,1,1,0,0,0,0,0.16666666666666666,0,0,0,0
bn_1827,5,26,4.4,0,0,0,0,0,0,0.0,0,0,0,0
bn_1828,4,20,4.25,0,0,0,0,0,0,0.0,0,0,0,0
bn_1829,3,18,5.333333333333333,0,0,0,0,0,0,0.0,0,0,0,0
bn_1830,5,27,4.6,0,0,0,0,0,0,0.0,0,0,0,0
bn_1831,4,24,5.25,0,0,0,0,0,0,0.0,0,0,0,0
bn_1832,18,91,4.111111111111111,0,0,1,0,0,0,0.05555555555555555,0,0,0,0
bn_1833,6,25,3.3333333333333335,0,0,0,0,0,0,0.0,0,0,0,0
bn_1834,5,41,7.4,0,0,1,0,0,0,0.2,0,0,0,0
bn_1835,14,68,3.9285714285714284,3,1,0,0,0,0,0.21428571428571427,0,0,1,0
bn_1836,7,37,4.428571428571429,0,0,0,0,0,0,0.0,0,0,0,0
bn_1837,11,53,3.909090909090909,0,0,0,0,0,0,0.0,0,0,0,0
bn_1838,10,42,3.3,0,0,0,0,0,0,0.0,0,0,0,0
bn_1839,5,26,4.4,0,0,0,0,0,0,0.0,0,0,0,0
bn_1840,7,34,4.0,0,0,0,0,0,0,0.0,0,0,0,0
bn_1841,10,55,4.6,0,0,0,0,0,0,0.0,0,0,0,0
bn_1843,10,40,3.1,0,0,0,0,0,0,0.0,0,0,0,0
bn_1844,4,20,4.25,0,0,0,0,0,0,0.0,0,0,0,0
bn_1845,9,43,3.888888888888889,0,0,0,0,0,0,0.0,0,0,0,0
bn_1846,3,16,4.666666666666667,0,0,0,0,0,0,0.0,0,0,0,0
bn_1847,4,21,4.5,0,0,0,0,0,0,0.0,0,0,0,0
bn_1848,8,46,4.875,0,0,0,0,0,0,0.0,0,0,0,0
bn_1849,7,35,4.142857142857143,0,0,0,0,0,0,0.0,0,0,0,0
bn_1850,4,24,5.25,0,0,0,0,0,0,0.0,0,0,0,0
bn_1851,3,19,5.666666666666667,0,0,1,0,0,0,0.3333333333333333,0,0,0,0
bn_1852,5,22,3.6,0,0,0,0,0,0,0.0,0,0,0,0
bn_1853,19,93,3.9473684210526314,0,0,0,0,0,0,0.0,0,0,0,0
bn_1854,3,15,4.333333333333333,1,1,0,0,0,0,0.3333333333333333,0,0,0,0
bn_1855,4,21,4.5,0,0,0,0,0,0,0.0,0,0,0,0
bn_1856,8,42,4.375,1,1,0,0,0,0,0.125,0,0,0,0
bn_1857,3,17,5.0,0,0,0,0,0,0,0.0,0,0,0,0
bn_1858,5,24,4.0,0,0,0,0,0,0,0.0,0,0,0,0
bn_1859,13,59,3.6153846153846154,0,0,0,0,0,0,0.0,0,0,1,0
bn_1860,14,72,4.214285714285714,0,0,0,0,0,0,0.0,0,0,0,0
bn_1861,8,40,4.125,0,0,0,0,0,0,0.0,0,0,1,0
bn_1863,4,28,6.25,0,0,0,0,0,0,0.0,0,0,0,0
bn_1864,4,16,3.25,0,0,0,0,0,0,0.0,0,0,0,0
bn_1865,6,32,4.5,0,0,0,0,0,0,0.0,0,0,0,0
bn_1866,25,166,5.68,3,1,3,0,0,0,0.24,0,0,0,0
bn_1867,7,45,5.571428571428571,0,0,0,0,0,0,0.0,0,0,0,0
bn_1868,6,35,5.0,0,0,0,0,0,0,0.5,0,0,0,0
bn_1869,9,45,4.111111111111111,0,0,0,0,0,0,0.0,0,0,0,0
bn_1870,5,31,5.4,0,0,0,0,0,0,0.8,0,0,0,0
bn_1871,8,36,3.625,1,1,0,0,0,0,0.125,0,0,0,0
bn_1872,4,19,4.0,0,0,0,0,0,0,0.0,0,0,0,0
bn_1873,11,65,5.0,1,1,0,0,0,0,0.09090909090909091,0,0,1,0
bn_1874,5,25,4.2,0,0,0,0,0,0,0.4,0,0,0,0
bn_1875,3,14,4.0,0,0,0,0,0,1,0.3333333333333333,0,0,0,0
bn_1876,4,21,4.5,0,0,0,0,0,0,0.0,0,0,0,0
bn_1877,12,61,4.166666666666667,2,1,0,0,0,0,0.16666666666666666,0,0,0,0
bn_1878,4,25,5.5,0,0,0,0,0,0,0.0,0,0,0,0
bn_1879,11,54,4.0,0,0,0,0,0,0,0.0,0,0,0,0
bn_1880,12,55,3.6666666666666665,0,0,0,0,0,0,0.0,0,0,0,0
bn_1881,5,21,3.4,0,0,0,0,0,0,0.0,0,0,0,0
bn_1882,18,94,4.277777777777778,0,0,0,0,0,0,0.0,0,0,1,0
bn_1884,5,31,5.4,0,0,0,0,0,1,0.2,0,0,0,0
bn_1885,7,40,4.857142857142857,0,0,0,0,0,0,0.0,0,0,0,0
bn_1886,3,17,5.0,0,0,0,0,0,0,0.0,0,0,0,0
bn_1887,5,21,3.4,0,0,0,0,0,0,0.0,0,0,0,0
bn_1888,14,71,4.142857142857143,0,0,0,0,0,0,0.0,0,0,0,0
bn_1889,11,53,3.909090909090909,0,0,0,0,0,0,0.0,0,0,0,0
bn_1890,8,42,4.375,0,0,0,0,0,0,0.0,0,0,0,0
bn_1891,3,30,9.333333333333334,0,0,6,1,0,0,2.0,0,0,0,0
bn_1892,5,29,5.0,0,0,0,0,0,0,0.0,0,0,0,0
bn_1894,4,27,6.0,0,0,0,0,0,0,0.0,0,0,0,0
bn_1895,4,24,5.25,0,0,0,0,0,0,0.0,0,0,0,0
bn_1896,4,26,5.75,2,1,0,0,0,0,0.5,0,0,0,0
bn_1897,3,15,4.333333333333333,0,0,0,0,0,0,0.0,0,0,0,0
bn_1898,7,38,4.571428571428571,0,0,0,0,0,0,0.0,0,0,0,0
bn_1899,3,20,6.0,0,0,0,0,0,0,0.0,0,0,0,0
bn_1900,10,55,4.6,2,1,0,0,0,0,0.2,0,0,0,0
bn_1901,6,25,3.3333333333333335,0,0,0,0,0,0,0.0,0,0,0,0
bn_1903,4,17,3.5,0,0,0,0,0,0,0.0,0,0,0,0
bn_1904,7,34,4.0,0,0,0,0,0,0,0.0,0,0,0,0
bn_1906,6,36,5.166666666666667,2,1,0,0,0,0,0.3333333333333333,0,0,0,0
bn_1907,9,60,5.777777777777778,0,0,0,0,0,0,0.0,0,0,0,0
bn_1908,29,144,4.0,0,0,2,1,0,0,0.06896551724137931,0,0,0,0
bn_1909,11,57,4.2727272727272725,0,0,0,0,0,0,0.0,0,0,0,0
bn_1910,7,46,5.714285714285714,0,0,0,0,0,0,0.0,0,0,0,0
bn_1911,17,105,5.235294117647059,1,1,1,0,0,0,0.11764705882352941,0,0,0,0
bn_1912,7,44,5.428571428571429,2,1,0,0,0,0,0.2857142857142857,0,0,0,0
bn_1913,8,46,4.875,2,1,0,0,0,0,0.25,0,0,0,0
bn_1914,11,64,4.909090909090909,2,1,0,0,0,0,0.18181818181818182,0,0,0,0
bn_1915,7,43,5.285714285714286,0,0,0,0,0,0,0.0,0,0,0,0
bn_1916,3,18,5.333333333333333,0,0,0,0,0,0,0.0,0,0,0,0
bn_1917,10,51,4.2,0,0,0,0,0,0,0.0,0,0,0,0
bn_1918,9,47,4.333333333333333,0,0,0,0,0,0,0.0,0,0,0,0
bn_1919,8,49,5.25,1,1,0,0,0,0,0.125,0,0,0,0
bn_1920,4,18,3.75,0,0,0,0,1,0,0.25,0,0,0,0
bn_1921,11,58,4.363636363636363,1,1,0,0,0,0,0.09090909090909091,0,0,0,0
bn_1922,17,83,3.9411764705882355,1,1,0,0,0,0,0.058823529411764705,0,0,0,0
bn_1923,14,78,4.642857142857143,2,1,0,0,0,0,0.14285714285714285,0,0,0,0
bn_1924,5,25,4.2,0,0,0,0,0,0,0.0,0,0,0,0
bn_1925,10,43,3.4,0,0,0,0,1,0,0.1,0,0,0,0
bn_1926,5,22,3.6,0,0,0,0,0,0,0.0,0,0,0,0
bn_1928,10,53,4.4,0,0,0,0,0,0,0.0,0,0,0,0
bn_1929,4,18,3.75,0,0,0,0,0,0,0.0,0,0,0,0
bn_1930,29,192,5.655172413793103,0,0,13,1,0,0,0.4482758620689655,0,0,1,0
bn_1931,7,40,4.857142857142857,0,0,2,1,0,0,0.2857142857142857,0,0,0,0
bn_1932,9,53,5.0,1,1,0,0,0,0,0.1111111111111111,0,0,0,0
bn_1933,9,51,4.777777777777778,1,1,0,0,0,0,0.1111111111111111,0,0,0,0
bn_1934,12,65,4.5,2,1,0,0,0,0,0.16666666666666666,0,0,0,0
bn_1935,5,27,4.6,1,1,0,0,0,0,0.2,0,0,0,0
bn_1936,32,188,4.90625,2,1,1,0,0,1,0.125,0,0,0,0
bn_1937,4,21,4.5,0,0,0,0,0,0,0.0,0,0,0,0
bn_1938,7,23,2.4285714285714284,0,0,0,0,0,0,0.0,0,0,0,0
bn_1940,39,202,4.205128205128205,0,0,3,1,0,0,0.07692307692307693,0,0,0,0
bn_1941,11,60,4.545454545454546,1,1,0,0,0,0,0.09090909090909091,0,0,0,0
bn_1942,32,172,4.40625,0,0,0,0,0,0,0.0,0,0,0,0
bn_1943,5,26,4.4,0,0,0,0,0,0,0.0,0,0,0,0
bn_1944,7,35,4.142857142857143,0,0,0,0,0,0,0.0,0,0,0,0
bn_1945,15,72,3.8666666666666667,0,0,1,0,0,0,0.06666666666666667,0,0,0,0
bn_1946,3,24,7.333333333333333,1,1,0,0,0,0,0.3333333333333333,0,0,0,0
bn_1947,8,36,3.625,0,0,0,0,0,0,0.0,0,0,0,0
bn_1948,14,75,4.428571428571429,2,1,0,0,0,0,0.14285714285714285,0,0,0,0
bn_1951,3,13,3.6666666666666665,0,0,0,0,0,0,0.0,0,0,0,0
bn_1952,10,61,5.2,1,1,0,0,0,0,1.0,0,0,0,0
bn_1954,5,17,2.6,0,0,0,0,0,0,0.0,0,0,0,0
bn_1955,5,27,4.6,1,1,0,0,0,0,0.2,0,0,0,0
bn_1956,7,34,4.0,0,0,0,0,0,2,0.2857142857142857,0,0,0,0
bn_1957,7,33,3.857142857142857,0,0,0,0,0,0,0.0,0,0,0,0
bn_1958,9,41,3.6666666666666665,0,0,0,0,0,0,0.0,0,0,0,0
bn_1959,7,39,4.714285714285714,0,0,1,0,0,0,0.14285714285714285,0,0,0,0
bn_1960,4,23,5.0,0,0,0,0,0,0,0.0,0,0,0,0
bn_1961,6,31,4.333333333333333,0,0,0,0,0,0,0.0,0,0,0,0
bn_1962,10,52,4.3,0,0,0,0,0,0,0.0,0,0,0,0
bn_1963,7,30,3.4285714285714284,0,0,0,0,0,0,0.0,0,0,0,0
bn_1964,9,45,4.111111111111111,0,0,0,0,0,0,0.0,0,0,0,0
bn_1965,6,28,3.8333333333333335,0,0,0,0,0,0,0.0,0,0,0,0
bn_1966,8,43,4.5,0,0,0,0,0,0,0.375,0,0,0,0
bn_1967,4,19,4.0,0,0,3,1,0,1,1.0,0,0,0,0
bn_1968,10,61,5.2,1,1,0,0,0,0,0.1,0,0,0,0
bn_1969,5,24,4.0,0,0,0,0,1,0,0.2,0,0,0,0
bn_1970,6,31,4.333333333333333,0,0,0,0,0,0,0.0,0,0,0,0
bn_1971,8,47,5.0,0,0,2,0,0,0,0.25,0,0,0,0
bn_1972,11,54,4.0,0,0,0,0,0,1,0.09090909090909091,0,0,0,0
bn_1973,8,51,5.5,1,1,2,0,0,0,0.375,0,0,0,0
bn_1977,4,21,4.5,1,1,0,0,0,0,0.25,0,0,0,0
bn_1978,3,17,5.0,0,0,0,0,0,0,0.0,0,0,0,0
bn_1980,5,24,4.0,1,1,0,0,0,0,0.2,0,0,1,0
bn_1981,7,31,3.5714285714285716,0,0,0,0,0,0,0.0,0,0,1,0
bn_1982,5,23,3.8,0,0,0,0,0,0,0.0,0,0,0,0
bn_1983,4,18,3.75,0,0,0,0,0,0,0.0,0,0,0,0
bn_1984,5,21,3.4,0,0,0,0,0,0,0.0,0,0,0,0
bn_1985,7,28,3.142857142857143,0,0,0,0,0,0,0.0,0,0,0,0
bn_1986,3,16,4.666666666666667,0,0,0,0,0,0,0.0,0,0,0,0
bn_1987,4,34,7.75,0,0,0,0,0,0,0.0,0,0,0,0
bn_1988,6,31,4.333333333333333,0,0,0,0,0,0,0.0,0,0,0,0
bn_1989,5,28,4.8,0,0,0,0,0,0,0.0,0,0,0,0
bn_1990,6,33,4.666666666666667,1,1,0,0,0,0,0.16666666666666666,0,0,0,0
bn_1991,6,35,5.0,0,0,0,0,0,0,0.0,0,0,0,0
bn_1992,3,20,6.0,0,0,0,0,0,0,0.0,0,0,0,0
bn_1993,5,27,4.6,0,0,0,0,0,0,0.0,0,0,0,0
bn_1994,3,13,3.6666666666666665,0,0,0,0,0,0,0.0,0,0,0,0
bn_1995,7,29,3.2857142857142856,0,0,0,0,0,0,0.0,0,0,0,0
bn_1996,5,27,4.6,0,0,0,0,0,0,0.0,0,0,0,0
bn_1997,4,27,6.0,1,1,0,0,0,0,0.25,0,0,0,0
bn_1998,10,52,4.3,1,1,0,0,0,0,0.1,0,0,0,0
bn_1999,15,79,4.333333333333333,1,1,1,0,0,0,0.13333333333333333,0,0,0,2
bn_2000,13,73,4.6923076923076925,1,1,2,0,0,0,0.23076923076923078,0,0,0,2
bn_2001,9,62,6.0,1,1,1,0,0,0,0.2222222222222222,0,0,0,2
bn_2002,10,63,5.4,1,1,1,0,0,0,0.2,0,0,0,2
bn_2003,10,54,4.5,1,1,1,0,0,0,0.2,0,0,0,2
bn_2004,8,48,5.125,1,1,1,0,0,0,0.25,0,0,0,2
bn_2005,10,57,4.8,1,1,1,0,0,0,0.2,0,0,0,2
bn_2006,8,41,4.25,1,1,1,0,0,0,0.25,0,0,0,2
bn_2007,9,59,5.666666666666667,1,1,0,0,0,0,0.1111111111111111,0,0,0,2
bn_2008,9,49,4.555555555555555,1,1,1,0,0,0,0.2222222222222222,0,0,0,2
bn_2009,10,54,4.5,1,1,1,0,0,0,0.2,0,0,0,2
bn_2010,8,53,5.75,1,1,1,0,0,0,0.25,0,0,0,2
bn_2011,7,54,6.857142857142857,1,1,1,0,0,0,0.2857142857142857,0,0,0,2
bn_2012,10,65,5.6,1,1,1,0,0,0,0.2,0,0,0,2
bn_2013,10,59,5.0,1,1,1,0,0,0,0.2,0,0,0,2
bn_2014,8,56,6.125,1,1,1,0,0,0,0.25,0,0,0,2
bn_2015,7,43,5.285714285714286,1,1,1,0,0,0,0.2857142857142857,0,0,0,2
bn_2016,10,63,5.4,1,1,2,0,0,0,0.3,0,0,0,2
bn_2017,10,51,4.2,1,1,1,0,0,0,0.2,0,0,0,2
bn_2018,10,57,4.8,1,1,1,0,0,0,0.2,0,0,0,2
bn_2019,7,36,4.285714285714286,1,1,0,0,0,0,0.14285714285714285,0,0,0,2
bn_2020,12,61,4.166666666666667,1,1,1,0,0,0,0.16666666666666666,0,0,0,2
bn_2021,9,55,5.222222222222222,1,1,1,0,0,0,0.2222222222222222,0,0,0,2
bn_2022,8,42,4.375,1,1,0,0,0,0,0.125,0,0,0,2
bn_2023,7,42,5.142857142857143,1,1,1,0,0,0,0.2857142857142857,0,0,0,2
bn_2024,10,57,4.8,1,1,1,0,0,0,0.2,0,0,0,2
bn_2025,9,56,5.333333333333333,1,1,0,0,0,0,0.1111111111111111,0,0,0,2
bn_2026,9,58,5.555555555555555,1,1,1,0,0,0,0.2222222222222222,0,0,0,2
bn_2027,9,61,5.888888888888889,1,1,1,0,0,0,0.2222222222222222,0,0,0,2
bn_2028,7,64,8.285714285714286,1,1,1,0,0,0,0.2857142857142857,0,0,0,2
bn_2029,10,68,5.9,1,1,1,0,0,0,0.2,0,0,0,2
bn_2030,7,41,5.0,1,1,1,0,0,0,0.2857142857142857,0,0,0,2
bn_2031,9,51,4.777777777777778,1,1,1,0,0,0,0.2222222222222222,0,0,0,2
bn_2032,9,58,5.555555555555555,1,1,1,0,0,0,0.2222222222222222,0,0,0,2
bn_2033,7,43,5.285714285714286,1,1,1,0,0,0,0.2857142857142857,0,0,0,2
bn_2034,10,57,4.8,1,1,1,0,0,0,0.2,0,0,0,2
bn_2035,7,45,5.571428571428571,1,1,1,0,0,0,0.2857142857142857,0,0,0,2
bn_2036,8,50,5.375,1,1,1,0,0,0,0.375,0,0,0,2
bn_2037,7,48,6.0,1,1,1,0,0,0,0.2857142857142857,0,0,0,2
bn_2038,10,58,4.9,1,1,1,0,0,0,0.2,0,0,0,2
bn_2039,7,44,5.428571428571429,1,1,1,0,0,0,0.2857142857142857,0,0,0,2
bn_2040,8,55,6.0,1,1,1,0,0,0,0.25,0,0,0,2
bn_2041,7,38,4.571428571428571,1,1,1,0,0,0,0.2857142857142857,0,0,0,2
bn_2042,10,59,5.0,1,1,1,0,0,0,0.2,0,0,0,2
bn_2043,9,45,4.111111111111111,1,1,1,0,0,0,0.2222222222222222,0,0,0,2
bn_2044,7,56,7.142857142857143,1,1,1,0,0,0,0.2857142857142857,0,0,0,2
bn_2045,7,55,7.0,1,1,1,0,0,0,0.2857142857142857,0,0,0,2
bn_2046,10,60,5.1,1,1,1,0,0,0,0.2,0,0,0,2
bn_2047,7,45,5.571428571428571,1,1,1,0,0,0,0.2857142857142857,0,0,0,2
bn_2048,11,69,5.363636363636363,1,1,1,0,0,0,0.18181818181818182,0,0,0,2
bn_2049,6,50,7.5,1,1,1,0,0,0,0.3333333333333333,0,0,0,2
bn_2050,8,59,6.5,1,1,1,0,0,0,0.25,0,0,0,2
bn_2051,7,48,6.0,1,1,1,0,0,0,0.2857142857142857,0,0,0,2
bn_2052,5,33,5.8,1,1,0,0,0,0,0.4,0,0,0,2
bn_2053,6,37,5.333333333333333,1,1,0,0,0,0,0.16666666666666666,0,0,0,2
bn_2054,9,57,5.444444444444445,1,1,0,0,0,0,0.1111111111111111,0,0,0,2
bn_2055,6,38,5.5,1,1,0,0,0,0,0.16666666666666666,0,0,0,2
bn_2056,7,39,4.714285714285714,1,1,0,0,0,0,0.14285714285714285,0,0,0,2
bn_2057,8,51,5.5,1,1,1,0,0,0,0.25,0,0,0,2
bn_2058,9,54,5.111111111111111,1,1,1,0,0,0,0.2222222222222222,0,0,0,2
bn_2059,5,26,4.4,1,1,1,0,0,0,0.4,0,0,0,2
bn_2060,7,49,6.142857142857143,1,1,0,0,0,0,0.14285714285714285,0,0,0,2
bn_2061,7,51,6.428571428571429,1,1,1,0,0,0,0.2857142857142857,0,0,0,2
bn_2062,8,55,6.0,1,1,1,0,0,0,0.25,0,0,0,2
bn_2063,6,39,5.666666666666667,1,1,1,0,0,0,0.3333333333333333,0,0,0,2
bn_2064,8,43,4.5,1,1,1,0,0,0,0.25,0,0,0,2
bn_2065,5,34,6.0,1,1,0,0,0,0,0.2,0,0,0,2
bn_2066,8,42,4.375,1,1,1,0,0,0,0.25,0,0,0,2
bn_2067,8,43,4.5,1,1,1,0,0,0,0.25,0,0,0,2
bn_2068,6,39,5.666666666666667,1,1,0,0,0,0,0.16666666666666666,0,0,0,2
bn_2069,5,43,7.8,1,1,0,0,0,0,0.4,0,0,0,2
bn_2070,7,43,5.285714285714286,1,1,1,0,0,0,0.2857142857142857,0,0,0,2
bn_2071,7,44,5.428571428571429,1,1,0,0,0,0,0.14285714285714285,0,0,0,2
bn_2072,8,48,5.125,1,1,0,0,0,0,0.125,0,0,0,2
bn_2073,8,44,4.625,1,1,0,0,0,0,0.125,0,0,0,2
bn_2074,10,63,5.4,1,1,1,0,0,0,0.2,0,0,0,2
bn_2075,5,38,6.8,1,1,1,0,0,0,0.4,0,0,0,2
bn_2076,7,41,5.0,1,1,0,0,0,0,0.14285714285714285,0,0,0,2
bn_2077,6,40,5.833333333333333,1,1,0,0,0,0,0.16666666666666666,0,0,0,2
bn_2078,9,52,4.888888888888889,1,1,1,0,0,0,0.2222222222222222,0,0,0,2
bn_2079,9,50,4.666666666666667,1,1,1,0,0,0,0.2222222222222222,0,0,0,2
bn_2080,8,55,6.0,1,1,1,0,0,0,0.25,0,0,0,2
bn_2081,10,56,4.7,1,1,1,0,0,0,0.2,0,0,0,2
bn_2082,7,48,6.0,1,1,0,0,0,0,0.14285714285714285,0,0,0,2
bn_2083,10,51,4.2,1,1,1,0,0,0,0.2,0,0,0,2
bn_2084,7,39,4.714285714285714,1,1,0,0,0,0,0.14285714285714285,0,0,0,2
bn_2085,9,58,5.555555555555555,1,1,1,0,0,0,0.2222222222222222,0,0,0,2
bn_2086,8,51,5.5,1,1,1,0,0,0,0.25,0,0,0,2
bn_2087,8,56,6.125,1,1,1,0,0,0,0.25,0,0,0,2
bn_2088,6,28,3.8333333333333335,1,1,0,0,0,0,0.16666666666666666,0,0,0,2
bn_2089,8,52,5.625,1,1,1,0,0,0,0.25,0,0,0,2
bn_2090,6,39,5.666666666666667,1,1,1,0,0,0,0.3333333333333333,0,0,0,2
bn_2091,10,50,4.1,1,1,1,0,0,0,0.3,0,0,0,2
bn_2092,10,52,4.3,1,1,1,0,0,0,0.2,0,0,0,2
bn_2093,8,50,5.375,1,1,1,0,0,0,0.25,0,0,0,2
bn_2094,9,59,5.666666666666667,1,1,1,0,0,0,0.2222222222222222,0,0,0,2
bn_2095,8,52,5.625,1,1,1,0,0,0,0.25,0,0,0,2
bn_2096,8,52,5.625,1,1,1,0,0,0,0.25,0,0,0,2
bn_2097,7,37,4.428571428571429,1,1,1,0,0,0,0.2857142857142857,0,0,0,2
bn_2098,8,49,5.25,1,1,1,0,0,0,0.25,0,0,0,2
bn_2099,8,49,5.25,1,1,1,0,0,0,0.25,0,0,0,2
bn_2100,7,52,6.571428571428571,1,1,1,0,0,0,0.2857142857142857,0,0,0,2
bn_2101,8,46,4.875,1,1,1,0,0,0,0.25,0,0,0,2
bn_2102,11,64,4.909090909090909,1,1,1,0,0,0,0.18181818181818182,0,0,0,2
bn_2103,7,54,6.857142857142857,1,1,1,0,0,0,0.2857142857142857,0,0,0,2
bn_2104,9,53,5.0,1,1,1,0,0,0,0.2222222222222222,0,0,0,2
bn_2105,7,52,6.571428571428571,1,1,0,0,0,0,0.14285714285714285,0,0,0,2
bn_2106,6,41,6.0,1,1,1,0,0,0,0.3333333333333333,0,0,0,2
bn_2107,8,50,5.375,1,1,1,0,0,0,0.25,0,0,0,2
bn_2108,7,61,7.857142857142857,1,1,1,0,0,0,0.2857142857142857,0,0,0,2
bn_2109,7,44,5.428571428571429,1,1,0,0,0,0,0.14285714285714285,0,0,0,2
bn_2110,9,63,6.111111111111111,1,1,1,0,0,0,0.2222222222222222,0,0,0,2
bn_2111,5,39,7.0,1,1,0,0,0,0,0.4,0,0,0,2
bn_2112,8,53,5.75,1,1,0,0,0,0,0.125,0,0,0,2
bn_2113,7,44,5.428571428571429,1,1,1,0,0,0,0.2857142857142857,0,0,0,2
bn_2114,8,45,4.75,1,1,1,0,0,0,0.25,0,0,0,2
bn_2115,8,54,5.875,1,1,1,0,0,0,0.25,0,0,0,2
bn_2116,6,39,5.666666666666667,1,1,1,0,0,0,0.3333333333333333,0,0,0,2
bn_2117,6,38,5.5,1,1,0,0,0,0,0.16666666666666666,0,0,0,2
bn_2118,7,50,6.285714285714286,1,1,1,0,0,0,0.2857142857142857,0,0,0,2
bn_2119,7,39,4.714285714285714,1,1,1,0,0,0,0.2857142857142857,0,0,0,2
bn_2120,9,55,5.222222222222222,1,1,1,0,0,0,0.2222222222222222,0,0,0,2
bn_2121,7,45,5.571428571428571,1,1,1,0,0,0,0.2857142857142857,0,0,0,2
bn_2122,8,52,5.625,1,1,0,0,0,0,0.125,0,0,0,2
bn_2123,8,49,5.25,1,1,1,0,0,0,0.25,0,0,0,2
bn_2124,7,50,6.285714285714286,1,1,1,0,0,0,0.2857142857142857,0,0,0,2
bn_2125,11,62,4.7272727272727275,1,1,1,0,0,0,0.18181818181818182,0,0,0,2
bn_2126,5,35,6.2,1,1,0,0,0,0,0.2,0,0,0,2
bn_2127,8,41,4.25,1,1,0,0,0,0,0.125,0,0,0,2
bn_2128,7,50,6.285714285714286,1,1,1,0,0,0,0.2857142857142857,0,0,0,2
bn_2129,7,39,4.714285714285714,1,1,1,0,0,0,0.2857142857142857,0,0,0,2
bn_2130,7,42,5.142857142857143,1,1,0,0,0,0,0.14285714285714285,0,0,0,2
bn_2131,6,41,6.0,1,1,0,0,0,0,0.16666666666666666,0,0,0,2
bn_2132,8,43,4.5,1,1,1,0,0,0,0.25,0,0,0,2
bn_2133,8,53,5.75,1,1,1,0,0,0,0.25,0,0,0,2
bn_2134,8,53,5.75,1,1,1,0,0,0,0.25,0,0,0,2
bn_2135,9,58,5.555555555555555,1,1,1,0,0,0,0.2222222222222222,0,0,0,2
bn_2136,6,44,6.5,1,1,0,0,0,0,0.16666666666666666,0,0,0,2
bn_2137,6,40,5.833333333333333,1,1,1,0,0,0,0.3333333333333333,0,0,0,2
bn_2138,6,37,5.333333333333333,1,1,0,0,0,0,0.16666666666666666,0,0,0,2
bn_2139,5,42,7.6,1,1,1,0,0,0,0.4,0,0,0,2
bn_2140,7,53,6.714285714285714,1,1,0,0,0,0,0.14285714285714285,0,0,0,2
bn_2141,6,32,4.5,1,1,0,0,0,0,0.16666666666666666,0,0,0,2
bn_2142,5,32,5.6,1,1,1,0,0,0,0.4,0,0,0,2
bn_2143,6,42,6.166666666666667,1,1,1,0,0,0,0.3333333333333333,0,0,0,2
bn_2144,8,47,5.0,1,1,1,0,0,0,0.25,0,0,0,2
bn_2145,7,38,4.571428571428571,1,1,1,0,0,0,0.2857142857142857,0,0,0,2
bn_2146,5,33,5.8,1,1,0,0,0,0,0.2,0,0,0,2
bn_2147,8,43,4.5,1,1,1,0,0,0,0.25,0,0,0,2
bn_2148,6,39,5.666666666666667,1,1,0,0,0,0,0.16666666666666666,0,0,0,2
bn_2149,6,44,6.5,1,1,1,0,0,0,0.3333333333333333,0,0,0,2
bn_2150,8,51,5.5,1,1,0,0,0,0,0.125,0,0,0,2
bn_2151,8,44,4.625,1,1,1,0,0,0,0.25,0,0,0,2
bn_2152,8,46,4.875,1,1,1,0,0,0,0.25,0,0,0,2
bn_2153,6,53,8.0,1,1,1,0,0,0,0.3333333333333333,0,0,0,2
bn_2154,7,48,6.0,1,1,1,0,0,0,0.2857142857142857,0,0,0,2
bn_2155,9,40,3.5555555555555554,1,1,1,0,0,0,0.2222222222222222,0,0,0,2
bn_2156,6,41,6.0,1,1,1,0,0,0,0.3333333333333333,0,0,0,2
bn_2157,7,48,6.0,1,1,1,0,0,0,0.2857142857142857,0,0,0,2
bn_2158,5,32,5.6,1,1,0,0,0,0,0.2,0,0,0,2
bn_2159,7,44,5.428571428571429,1,1,1,0,0,0,0.2857142857142857,0,0,0,2
bn_2160,5,42,7.6,1,1,0,0,0,0,0.2,0,0,0,2
bn_2161,8,48,5.125,1,1,0,0,0,0,0.125,0,0,0,2
bn_2162,8,38,3.875,1,1,0,0,0,0,0.125,0,0,0,2
bn_2163,6,40,5.833333333333333,1,1,1,0,0,0,0.3333333333333333,0,0,0,2
bn_2164,8,45,4.75,1,1,0,0,0,0,0.125,0,0,0,2
bn_2165,7,38,4.571428571428571,1,1,1,0,0,0,0.2857142857142857,0,0,0,2
bn_2166,9,50,4.666666666666667,1,1,1,0,0,0,0.2222222222222222,0,0,0,2
bn_2167,6,35,5.0,1,1,1,0,0,0,0.3333333333333333,0,0,0,2
bn_2168,7,37,4.428571428571429,1,1,0,0,0,0,0.14285714285714285,0,0,0,2
bn_2169,8,42,4.375,1,1,1,0,0,0,0.25,0,0,0,2
bn_2170,10,62,5.3,1,1,1,0,0,0,0.2,0,0,0,2
bn_2171,9,55,5.222222222222222,1,1,1,0,0,0,0.2222222222222222,0,0,0,2
bn_2172,8,56,6.125,1,1,1,0,0,0,0.25,0,0,0,2
bn_2173,6,41,6.0,1,1,1,0,0,0,0.3333333333333333,0,0,0,2
bn_2174,9,54,5.111111111111111,1,1,1,0,0,0,0.2222222222222222,0,0,0,2
bn_2175,9,53,5.0,1,1,1,0,0,0,0.2222222222222222,0,0,0,2
bn_2176,7,51,6.428571428571429,1,1,1,0,0,0,0.2857142857142857,0,0,0,2
bn_2177,7,50,6.285714285714286,1,1,1,0,0,0,0.2857142857142857,0,0,0,2
bn_2178,7,41,5.0,1,1,0,0,0,0,0.14285714285714285,1,0,0,2
bn_2179,7,38,4.571428571428571,1,1,1,0,0,0,0.2857142857142857,0,0,0,2
bn_2180,8,42,4.375,1,1,1,0,0,0,0.25,0,0,0,2
bn_2181,6,42,6.166666666666667,1,1,1,0,0,0,0.3333333333333333,0,0,0,2
bn_2182,6,36,5.166666666666667,1,1,0,0,0,0,0.16666666666666666,0,0,0,2
bn_2183,6,43,6.333333333333333,1,1,0,0,0,0,0.16666666666666666,0,0,0,2
bn_2184,8,51,5.5,1,1,1,0,0,0,0.25,0,0,0,2
bn_2185,7,42,5.142857142857143,1,1,1,0,0,0,0.2857142857142857,0,0,0,2
bn_2186,7,38,4.571428571428571,1,1,1,0,0,0,0.2857142857142857,0,0,0,2
bn_2187,5,34,6.0,1,1,1,0,0,0,0.4,0,0,0,2
bn_2188,7,47,5.857142857142857,1,1,1,0,0,0,0.2857142857142857,0,0,0,2
bn_2189,6,39,5.666666666666667,1,1,1,0,0,0,0.3333333333333333,0,0,0,2
bn_2190,6,40,5.833333333333333,1,1,1,0,0,0,0.3333333333333333,0,0,0,2
bn_2191,8,46,4.875,1,1,0,0,0,0,0.125,0,0,0,2
bn_2192,7,45,5.571428571428571,1,1,1,0,0,0,0.2857142857142857,0,0,0,2
bn_2193,8,53,5.75,1,1,1,0,0,0,0.25,0,0,0,2
bn_2194,4,31,7.0,1,1,0,0,0,0,0.25,0,0,0,2
bn_2195,9,46,4.222222222222222,1,1,1,0,0,0,0.2222222222222222,0,0,0,2
bn_2196,5,34,6.0,1,1,0,0,0,0,0.2,0,0,0,2
bn_2197,9,48,4.444444444444445,1,1,1,0,0,0,0.2222222222222222,0,0,0,2
bn_2198,6,34,4.833333333333333,1,1,0,0,0,0,0.16666666666666666,0,0,0,2
bn_2199,5,36,6.4,1,1,0,0,0,0,0.2,0,0,0,2
bn_2200,4,29,6.5,1,1,0,0,0,0,0.25,0,0,0,2
bn_2201,10,51,4.2,1,1,1,0,0,0,0.2,0,0,0,2
bn_2202,6,47,7.0,1,1,1,0,0,0,0.3333333333333333,0,0,0,2
bn_2203,7,38,4.571428571428571,1,1,1,0,0,0,0.2857142857142857,0,0,0,2
bn_2204,7,49,6.142857142857143,1,1,1,0,0,0,0.2857142857142857,0,0,0,2
bn_2205,7,35,4.142857142857143,1,1,1,0,0,0,0.2857142857142857,0,0,0,2
bn_2206,7,37,4.428571428571429,1,1,0,0,0,0,0.14285714285714285,0,0,0,2
bn_2207,8,43,4.5,1,1,2,0,0,0,0.375,0,0,0,2
bn_2208,10,48,3.9,1,1,0,0,0,0,0.1,0,0,0,2
bn_2209,6,39,5.666666666666667,1,1,1,0,0,0,0.3333333333333333,0,0,0,2
bn_2210,8,53,5.75,1,1,1,0,0,0,0.25,0,0,0,2
bn_2211,5,36,6.4,1,1,1,0,0,0,0.4,0,0,0,2
bn_2212,6,42,6.166666666666667,1,1,1,0,0,0,0.3333333333333333,0,0,0,2
bn_2213,6,34,4.833333333333333,1,1,0,0,0,0,0.16666666666666666,0,0,0,2
bn_2214,4,36,8.25,1,1,0,0,0,0,0.25,0,0,0,2
bn_2215,8,51,5.5,1,1,1,0,0,0,0.25,0,0,0,2
bn_2216,9,58,5.555555555555555,1,1,1,0,0,0,0.2222222222222222,0,0,0,2
bn_2217,8,39,4.0,1,1,1,0,0,0,0.25,0,0,0,2
bn_2218,6,39,5.666666666666667,1,1,0,0,0,0,0.16666666666666666,1,0,0,2
bn_2219,8,48,5.125,1,1,1,0,0,0,0.25,0,0,0,2
bn_2220,6,38,5.5,1,1,0,0,0,0,0.16666666666666666,0,0,0,2
bn_2221,7,40,4.857142857142857,1,1,1,0,0,0,0.2857142857142857,0,0,0,2
bn_2222,6,42,6.166666666666667,1,1,1,0,0,0,0.3333333333333333,0,0,0,2
bn_2223,9,57,5.444444444444445,1,1,1,0,0,0,0.2222222222222222,0,0,0,2
bn_2224,7,46,5.714285714285714,1,1,0,0,0,0,0.14285714285714285,0,0,0,2
bn_2225,7,45,5.571428571428571,1,1,0,0,0,0,0.14285714285714285,0,0,0,2
bn_2226,8,40,4.125,1,1,1,0,0,0,0.25,0,0,0,2
bn_2227,6,38,5.5,1,1,0,0,0,0,0.16666666666666666,0,0,0,2
bn_2228,7,43,5.285714285714286,1,1,1,0,0,0,0.2857142857142857,0,0,0,2
bn_2229,5,36,6.4,1,1,0,0,0,0,0.2,0,0,0,2
bn_2230,4,29,6.5,1,1,0,0,0,0,0.25,0,0,0,2
bn_2231,5,34,6.0,1,1,0,0,0,0,0.2,0,0,0,2
bn_2232,10,58,4.9,1,1,1,0,0,0,0.2,0,0,0,2
bn_2233,6,32,4.5,1,1,1,0,0,0,0.3333333333333333,0,0,0,2
bn_2234,9,55,5.222222222222222,1,1,1,0,0,0,0.2222222222222222,0,0,0,2
bn_2235,5,35,6.2,1,1,0,0,0,0,0.2,0,0,0,2
bn_2236,7,44,5.428571428571429,1,1,1,0,0,0,0.2857142857142857,0,0,0,2
bn_2238,9,50,4.666666666666667,1,1,1,0,0,0,0.2222222222222222,0,0,0,2
bn_2239,7,42,5.142857142857143,1,1,1,0,0,0,0.2857142857142857,0,0,0,2
bn_2240,9,48,4.444444444444445,1,1,1,0,0,0,0.2222222222222222,0,0,0,2
bn_2241,12,61,4.166666666666667,1,1,1,0,0,0,0.16666666666666666,0,0,0,2
bn_2242,8,47,5.0,1,1,1,0,0,0,0.25,0,0,0,2
bn_2243,8,48,5.125,1,1,1,0,0,0,0.25,0,0,0,2
bn_2244,7,40,4.857142857142857,1,1,0,0,0,0,0.14285714285714285,0,0,0,2
bn_2245,7,53,6.714285714285714,1,1,0,0,0,0,0.14285714285714285,0,0,0,2
bn_2246,9,53,5.0,1,1,1,0,0,0,0.2222222222222222,0,0,0,2
bn_2247,6,37,5.333333333333333,1,1,1,0,0,0,0.3333333333333333,0,0,0,2
bn_2248,8,41,4.25,1,1,1,0,0,0,0.25,0,0,0,2
bn_2249,7,49,6.142857142857143,1,1,1,0,0,0,0.2857142857142857,0,0,0,2
bn_2250,7,52,6.571428571428571,1,1,1,0,0,0,0.2857142857142857,0,0,0,2
bn_2251,6,37,5.333333333333333,1,1,0,0,0,0,0.16666666666666666,0,0,0,2
bn_2252,7,43,5.285714285714286,1,1,1,0,0,0,0.2857142857142857,0,0,0,2
bn_2253,7,41,5.0,1,1,1,0,0,0,0.2857142857142857,0,0,0,2
bn_2254,8,51,5.5,1,1,1,0,0,0,0.25,0,0,0,2
bn_2255,6,43,6.333333333333333,1,1,0,0,0,0,0.16666666666666666,0,0,0,2
bn_2256,8,53,5.75,1,1,1,0,0,0,0.25,0,0,0,2
bn_2257,5,26,4.4,1,1,0,0,0,0,0.2,0,0,0,2
bn_2258,6,39,5.666666666666667,1,1,0,0,0,0,0.16666666666666666,0,0,0,2
bn_2259,4,37,8.5,1,1,0,0,0,0,0.25,0,0,0,2
bn_2260,7,37,4.428571428571429,1,1,0,0,0,0,0.14285714285714285,0,0,0,2
bn_2261,9,53,5.0,1,1,1,0,0,0,0.2222222222222222,0,0,0,2
bn_2262,7,40,4.857142857142857,1,1,0,0,0,0,0.14285714285714285,0,0,0,2
bn_2263,7,47,5.857142857142857,1,1,1,0,0,0,0.2857142857142857,0,0,0,2
bn_2264,9,42,3.7777777777777777,1,1,0,0,0,0,0.1111111111111111,0,0,0,2
bn_2265,9,49,4.555555555555555,1,1,1,0,0,0,0.2222222222222222,0,0,0,2
bn_2266,6,31,4.333333333333333,1,1,0,0,0,0,0.16666666666666666,0,0,0,2
bn_2267,6,39,5.666666666666667,1,1,0,0,0,0,0.16666666666666666,0,0,0,2
bn_2268,7,42,5.142857142857143,1,1,1,0,0,0,0.2857142857142857,0,0,0,2
bn_2269,8,48,5.125,1,1,1,0,0,0,0.25,0,0,0,2
bn_2270,8,40,4.125,1,1,1,0,0,0,0.25,0,0,0,2
bn_2271,9,51,4.777777777777778,1,1,1,0,0,0,0.2222222222222222,0,0,0,2
bn_2272,7,45,5.571428571428571,1,1,1,0,0,0,0.2857142857142857,0,0,0,2
bn_2273,8,42,4.375,1,1,1,0,0,0,0.25,0,0,0,2
bn_2275,8,48,5.125,1,1,1,0,0,0,0.25,0,0,0,2
bn_2276,8,47,5.0,1,1,1,0,0,0,0.25,0,0,0,2
bn_2277,6,41,6.0,1,1,1,0,0,0,0.3333333333333333,0,0,0,2
bn_2278,7,46,5.714285714285714,1,1,0,0,0,0,0.14285714285714285,0,0,0,2
bn_2279,8,41,4.25,1,1,1,0,0,0,0.25,0,0,0,2
bn_2280,8,40,4.125,1,1,1,0,0,0,0.25,0,0,0,2
bn_2281,7,42,5.142857142857143,1,1,0,0,0,0,0.2857142857142857,0,0,0,2
bn_2282,4,25,5.5,1,1,0,0,0,0,0.25,0,0,0,2
bn_2283,4,33,7.5,1,1,0,0,0,0,0.25,0,0,0,2
bn_2284,9,44,4.0,1,1,1,0,0,0,0.2222222222222222,0,0,0,2
bn_2285,6,40,5.833333333333333,1,1,0,0,0,0,0.16666666666666666,0,0,0,2
bn_2286,6,33,4.666666666666667,1,1,1,0,0,0,0.3333333333333333,0,0,0,2
bn_2287,8,47,5.0,1,1,0,0,0,0,0.125,0,0,0,2
bn_2288,8,41,4.25,1,1,0,0,0,0,0.125,0,0,0,2
bn_2289,5,32,5.6,1,1,1,0,0,0,0.4,0,0,0,2
bn_2290,6,43,6.333333333333333,1,1,1,0,0,0,0.3333333333333333,0,0,0,2
bn_2291,7,42,5.142857142857143,1,1,1,0,0,0,0.2857142857142857,0,0,0,2
bn_2292,7,48,6.0,1,1,1,0,0,0,0.2857142857142857,0,0,0,2
bn_2293,5,35,6.2,1,1,0,0,0,0,0.2,0,0,0,2
bn_2294,6,38,5.5,1,1,0,0,0,0,0.16666666666666666,0,0,0,2
bn_2296,6,39,5.666666666666667,1,1,0,0,0,0,0.16666666666666666,0,0,0,2
bn_2298,4,35,8.0,1,1,0,0,0,0,0.25,0,0,0,2
bn_2300,8,49,5.25,1,1,1,0,0,0,0.25,0,0,0,2
bn_2302,6,38,5.5,1,1,0,0,0,0,0.16666666666666666,0,0,0,2
bn_2304,6,35,5.0,1,1,0,0,0,0,0.16666666666666666,0,0,0,2
bn_2306,5,35,6.2,1,1,0,0,0,0,0.2,0,0,0,2
bn_2308,6,25,3.3333333333333335,1,1,0,0,0,0,0.16666666666666666,0,0,0,2
bn_2310,6,33,4.666666666666667,1,1,1,0,0,0,0.3333333333333333,0,0,0,2
bn_2311,6,30,4.166666666666667,1,1,1,0,0,0,0.3333333333333333,0,0,0,2
bn_2312,8,45,4.75,1,1,1,0,0,0,0.25,0,0,0,2
bn_2314,10,61,5.2,1,1,1,0,0,0,0.2,0,0,0,2
bn_2315,7,51,6.428571428571429,1,1,0,0,0,0,0.14285714285714285,0,0,0,2
bn_2316,11,61,4.636363636363637,1,1,1,0,0,0,0.18181818181818182,0,0,0,2
bn_2317,8,57,6.25,1,1,1,0,0,0,0.25,0,0,0,2
bn_2318,9,44,4.0,1,1,1,0,0,0,0.2222222222222222,0,0,0,2
bn_2319,7,40,4.857142857142857,1,1,1,0,0,0,0.2857142857142857,0,0,0,2
bn_2320,9,58,5.555555555555555,1,1,1,0,0,0,0.2222222222222222,0,0,0,2
bn_2321,8,44,4.625,1,1,1,0,0,0,0.25,0,0,0,2
bn_2322,8,54,5.875,1,1,0,0,0,0,0.125,0,0,0,2
bn_2323,6,35,5.0,1,1,0,0,0,0,0.16666666666666666,0,0,0,2
bn_2324,9,50,4.666666666666667,1,1,1,0,0,0,0.2222222222222222,0,0,0,2
bn_2325,10,60,5.1,1,1,1,0,0,0,0.2,0,0,0,2
bn_2326,8,44,4.625,1,1,0,0,0,0,0.125,0,0,0,2
bn_2327,7,42,5.142857142857143,1,1,1,0,0,0,0.2857142857142857,0,0,0,2
bn_2328,8,53,5.75,1,1,1,0,0,0,0.25,0,0,0,2
bn_2329,8,47,5.0,1,1,0,0,0,0,0.125,0,0,0,2
bn_2330,10,53,4.4,1,1,1,0,0,0,0.2,0,0,0,2
bn_2331,11,53,3.909090909090909,1,1,1,0,0,0,0.18181818181818182,0,0,0,2
bn_2332,9,42,3.7777777777777777,1,1,1,0,0,0,0.2222222222222222,0,0,0,2
bn_2333,6,40,5.833333333333333,1,1,1,0,0,0,0.3333333333333333,0,0,0,2
bn_2334,7,49,6.142857142857143,1,1,1,0,0,0,0.2857142857142857,0,0,0,2
bn_2335,10,46,3.7,1,1,1,0,0,0,0.2,0,0,0,2
bn_2336,9,55,5.222222222222222,1,1,1,0,0,0,0.2222222222222222,0,0,0,2
bn_2337,11,59,4.454545454545454,1,1,1,0,0,0,0.2727272727272727,0,0,0,2
bn_2338,7,34,4.0,1,1,0,0,0,0,0.14285714285714285,0,0,0,2
bn_2339,10,58,4.9,1,1,0,0,0,0,0.1,0,0,0,2
bn_2340,10,57,4.8,1,1,1,0,0,0,0.2,0,0,0,2
bn_2341,6,39,5.666666666666667,1,1,1,0,0,0,0.3333333333333333,0,0,0,2
bn_2342,8,45,4.75,1,1,1,0,0,0,0.25,0,0,0,2
bn_2343,10,59,5.0,1,1,0,0,0,0,0.1,0,0,0,2
bn_2344,8,49,5.25,1,1,1,0,0,0,0.25,0,0,0,2
bn_2345,7,51,6.428571428571429,1,1,0,0,0,0,0.14285714285714285,0,0,0,2
bn_2346,9,64,6.222222222222222,1,1,0,0,0,0,0.1111111111111111,0,0,0,2
bn_2347,7,51,6.428571428571429,1,1,0,0,0,0,0.14285714285714285,0,0,0,2
bn_2348,9,45,4.111111111111111,1,1,0,0,0,0,0.1111111111111111,0,0,0,2
bn_2349,6,32,4.5,1,1,0,0,0,0,0.16666666666666666,0,0,0,2
bn_2350,9,47,4.333333333333333,1,1,0,0,0,0,0.1111111111111111,0,0,0,2
bn_2351,7,38,4.571428571428571,1,1,1,0,0,0,0.2857142857142857,0,0,0,2
bn_2352,8,40,4.125,1,1,0,0,0,0,0.125,0,0,0,2
bn_2353,8,43,4.5,1,1,0,0,0,0,0.125,0,0,0,2
bn_2354,9,49,4.555555555555555,1,1,1,0,0,0,0.2222222222222222,0,0,0,2
bn_2355,8,47,5.0,1,1,0,0,0,0,0.125,0,0,0,2
bn_2356,7,45,5.571428571428571,1,1,0,0,0,0,0.14285714285714285,0,0,0,2
bn_2357,8,55,6.0,1,1,0,0,0,0,0.125,0,0,0,2
bn_2358,7,43,5.285714285714286,1,1,0,0,0,0,0.14285714285714285,0,0,0,2
bn_2359,6,38,5.5,1,1,0,0,0,0,0.16666666666666666,0,0,0,2
bn_2360,8,53,5.75,1,1,1,0,0,0,0.25,0,0,0,2
bn_2361,9,58,5.555555555555555,1,1,1,0,0,0,0.2222222222222222,0,0,0,2
bn_2362,9,56,5.333333333333333,1,1,1,0,0,0,0.2222222222222222,0,0,0,2
bn_2363,6,43,6.333333333333333,1,1,0,0,0,0,0.16666666666666666,0,0,0,2
bn_2364,8,48,5.125,1,1,0,0,0,0,0.125,0,0,0,2
bn_2365,7,39,4.714285714285714,1,1,0,0,0,0,0.14285714285714285,0,0,0,2
bn_2366,6,44,6.5,1,1,0,0,0,0,0.16666666666666666,0,0,0,2
bn_2367,7,41,5.0,1,1,1,0,0,0,0.2857142857142857,0,0,0,2
bn_2368,9,46,4.222222222222222,1,1,1,0,0,0,0.2222222222222222,0,0,0,2
bn_2369,12,67,4.666666666666667,1,1,1,0,0,0,0.16666666666666666,0,0,0,2
bn_2370,9,54,5.111111111111111,1,1,0,0,0,0,0.1111111111111111,0,0,0,2
bn_2371,9,64,6.222222222222222,1,1,0,0,0,0,0.1111111111111111,0,0,0,2
bn_2372,7,50,6.285714285714286,1,1,1,0,0,0,0.2857142857142857,0,0,0,2
bn_2373,9,51,4.777777777777778,1,1,1,0,0,0,0.2222222222222222,0,0,0,2
bn_2374,10,60,5.1,1,1,0,0,0,0,0.1,0,0,0,2
bn_2375,9,49,4.555555555555555,1,1,1,0,0,0,0.2222222222222222,0,0,0,2
bn_2376,10,68,5.9,1,1,1,0,0,0,0.2,0,0,0,2
bn_2377,10,54,4.5,1,1,0,0,0,0,0.1,0,0,0,2
bn_2378,8,49,5.25,1,1,1,0,0,0,0.25,0,0,0,2
bn_2379,8,41,4.25,1,1,0,0,0,0,0.125,0,0,0,2
bn_2380,10,60,5.1,1,1,1,0,0,0,0.2,0,0,0,2
bn_2381,12,66,4.583333333333333,1,1,1,0,0,0,0.16666666666666666,0,0,0,2
bn_2382,9,56,5.333333333333333,1,1,1,0,0,0,0.2222222222222222,0,0,0,2
bn_2383,9,59,5.666666666666667,1,1,1,0,0,0,0.2222222222222222,0,0,0,2
bn_2384,9,75,7.444444444444445,1,1,1,0,0,0,0.2222222222222222,0,0,0,2
bn_2385,7,44,5.428571428571429,1,1,1,0,0,0,0.2857142857142857,0,0,0,2
bn_2386,8,54,5.875,1,1,0,0,0,0,0.125,0,0,0,2
bn_2387,12,66,4.583333333333333,1,1,1,0,0,0,0.16666666666666666,0,0,0,2
bn_2388,11,64,4.909090909090909,1,1,0,0,0,0,0.09090909090909091,0,0,0,2
bn_2389,12,62,4.25,1,1,1,0,0,0,0.16666666666666666,0,0,0,2
bn_2390,9,58,5.555555555555555,1,1,1,0,0,0,0.2222222222222222,0,0,0,2
bn_2391,9,46,4.222222222222222,1,1,0,0,0,0,0.1111111111111111,0,0,0,2
bn_2392,9,50,4.666666666666667,1,1,1,0,0,0,0.2222222222222222,0,0,0,2
bn_2393,8,60,6.625,1,1,1,0,0,0,0.25,0,0,0,2
bn_2394,10,58,4.9,1,1,1,0,0,0,0.2,0,0,0,2
bn_2395,8,46,4.875,1,1,0,0,0,0,0.125,0,0,0,2
bn_2396,8,42,4.375,1,1,0,0,0,0,0.125,0,0,0,2
bn_2397,10,67,5.8,1,1,0,0,0,0,0.1,0,0,0,2
bn_2398,10,69,6.0,1,1,1,0,0,0,0.2,0,0,0,2
bn_2399,10,59,5.0,1,1,0,0,0,0,0.1,0,0,0,2
bn_2400,8,48,5.125,1,1,0,0,0,0,0.125,0,0,0,2
bn_2401,11,61,4.636363636363637,1,1,1,0,0,0,0.18181818181818182,0,0,0,2
bn_2402,8,53,5.75,1,1,1,0,0,0,0.25,0,0,0,2
bn_2403,6,45,6.666666666666667,1,1,1,0,0,0,0.3333333333333333,0,0,0,2
bn_2404,8,50,5.375,1,1,1,0,0,0,0.25,0,0,0,2
bn_2405,8,52,5.625,1,1,0,0,0,0,0.125,0,0,0,2
bn_2406,8,54,5.875,1,1,0,0,0,0,0.125,0,0,0,2
bn_2407,10,59,5.0,1,1,0,0,0,0,0.1,0,0,0,2
bn_2408,6,42,6.166666666666667,1,1,0,0,0,0,0.16666666666666666,0,0,0,2
bn_2409,9,58,5.555555555555555,1,1,0,0,0,0,0.1111111111111111,0,0,0,2
bn_2410,8,61,6.75,1,1,1,0,0,0,0.25,0,0,0,2
bn_2411,9,60,5.777777777777778,1,1,1,0,0,0,0.2222222222222222,0,0,0,2
bn_2412,9,53,5.0,1,1,1,0,0,0,0.2222222222222222,0,0,0,2
bn_2413,8,60,6.625,1,1,0,0,0,0,0.125,0,0,0,2
bn_2414,9,47,4.333333333333333,1,1,1,0,0,0,0.2222222222222222,0,0,0,2
bn_2415,11,61,4.636363636363637,1,1,1,0,0,0,0.18181818181818182,0,0,0,2
bn_2416,11,65,5.0,1,1,1,0,0,0,0.18181818181818182,0,0,0,2
bn_2417,9,64,6.222222222222222,1,1,1,0,0,0,0.2222222222222222,0,0,0,2
bn_2418,7,48,6.0,1,1,1,0,0,0,0.2857142857142857,0,0,0,2
bn_2419,10,56,4.7,1,1,1,0,0,0,0.2,0,0,0,2
bn_2420,5,34,6.0,1,1,0,0,0,0,0.2,0,0,0,2
bn_2421,12,84,6.083333333333333,1,1,1,0,0,0,0.16666666666666666,0,0,0,2
bn_2422,7,46,5.714285714285714,1,1,1,0,0,0,0.2857142857142857,0,0,0,2
bn_2423,11,62,4.7272727272727275,1,1,1,0,0,0,0.18181818181818182,0,0,0,2
bn_2424,12,62,4.25,1,1,1,0,0,0,0.16666666666666666,0,0,0,2
bn_2425,10,61,5.2,1,1,1,0,0,0,0.2,0,0,0,2
bn_2426,10,59,5.0,1,1,1,0,0,0,0.2,0,0,0,2
bn_2427,12,66,4.583333333333333,1,1,1,0,0,0,0.16666666666666666,0,0,0,2
bn_2428,6,43,6.333333333333333,1,1,0,0,0,0,0.16666666666666666,0,0,0,2
bn_2429,9,52,4.888888888888889,1,1,1,0,0,0,0.2222222222222222,0,0,0,2
bn_2430,7,39,4.714285714285714,1,1,0,0,0,0,0.14285714285714285,0,0,0,2
bn_2431,7,47,5.857142857142857,1,1,1,0,0,0,0.2857142857142857,0,0,0,2
bn_2432,7,52,6.571428571428571,1,1,1,0,0,0,0.2857142857142857,0,0,0,2
bn_2433,10,56,4.7,1,1,1,0,0,0,0.2,0,0,0,2
bn_2434,8,50,5.375,1,1,0,0,0,0,0.125,0,0,0,2
bn_2435,11,64,4.909090909090909,1,1,1,0,0,0,0.18181818181818182,0,0,0,2
bn_2436,7,40,4.857142857142857,1,1,0,0,0,0,0.14285714285714285,0,0,0,2
bn_2437,11,65,5.0,1,1,1,0,0,0,0.18181818181818182,0,0,0,2
bn_2438,9,61,5.888888888888889,1,1,1,0,0,0,0.2222222222222222,0,0,0,2
bn_2439,10,58,4.9,1,1,0,0,0,0,0.1,0,0,0,2
bn_2440,9,50,4.666666666666667,1,1,1,0,0,0,0.2222222222222222,0,0,0,2
bn_2441,7,47,5.857142857142857,1,1,1,0,0,0,0.2857142857142857,0,0,0,2
bn_2442,9,54,5.111111111111111,1,1,0,0,0,0,0.1111111111111111,0,0,0,2
bn_2443,12,69,4.833333333333333,1,1,1,0,0,0,0.16666666666666666,0,0,0,2
bn_2444,9,55,5.222222222222222,1,1,1,0,0,0,0.2222222222222222,0,0,0,2
bn_2445,8,49,5.25,1,1,1,0,0,0,0.25,0,0,0,2
bn_2446,5,37,6.6,1,1,0,0,0,0,0.2,0,0,0,2
bn_2447,7,51,6.428571428571429,1,1,0,0,0,0,0.14285714285714285,0,0,0,2
bn_2448,8,48,5.125,1,1,0,0,0,0,0.125,0,0,0,2
bn_2449,10,55,4.6,1,1,1,0,0,0,0.2,0,0,0,2
bn_2450,9,48,4.444444444444445,1,1,0,0,0,0,0.1111111111111111,0,0,0,2
bn_2451,8,45,4.75,1,1,1,0,0,0,0.25,0,0,0,2
bn_2452,8,50,5.375,1,1,0,0,0,0,0.125,0,0,0,2
bn_2453,7,50,6.285714285714286,1,1,0,0,0,0,0.14285714285714285,0,0,0,2
bn_2454,8,47,5.0,1,1,0,0,0,0,0.125,0,0,0,2
bn_2455,8,56,6.125,1,1,0,0,0,0,0.125,0,0,0,2
bn_2456,10,73,6.4,1,1,1,0,0,0,0.2,0,0,0,2
bn_2457,10,55,4.6,1,1,1,0,0,0,0.2,0,0,0,2
bn_2458,7,48,6.0,1,1,0,0,0,0,0.14285714285714285,0,0,0,2
bn_2459,9,47,4.333333333333333,1,1,1,0,0,0,0.2222222222222222,0,0,0,2
bn_2460,7,48,6.0,1,1,0,0,0,0,0.14285714285714285,0,0,0,2
bn_2461,5,30,5.2,1,1,0,0,0,0,0.4,0,0,0,2
bn_2462,10,62,5.3,1,1,1,0,0,0,0.2,0,0,0,2
bn_2463,8,50,5.375,1,1,1,0,0,0,0.25,0,0,0,2
bn_2464,7,40,4.857142857142857,1,1,1,0,0,0,0.2857142857142857,0,0,0,2
bn_2465,8,49,5.25,1,1,1,0,0,0,0.25,0,0,0,2
bn_2466,7,40,4.857142857142857,1,1,0,0,0,0,0.14285714285714285,0,0,0,2
bn_2467,10,51,4.2,1,1,1,0,0,0,0.2,0,0,0,2
bn_2468,6,46,6.833333333333333,1,1,0,0,0,0,0.16666666666666666,0,0,0,2
bn_2469,7,47,5.857142857142857,1,1,1,0,0,0,0.2857142857142857,0,0,0,2
bn_2470,9,53,5.0,1,1,0,0,0,0,0.1111111111111111,0,0,0,2
bn_2471,8,46,4.875,1,1,0,0,0,0,0.125,0,0,0,2
bn_2472,7,44,5.428571428571429,1,1,0,0,0,0,0.14285714285714285,0,0,0,2
bn_2473,11,60,4.545454545454546,1,1,1,0,0,0,0.18181818181818182,0,0,0,2
bn_2474,8,51,5.5,1,1,0,0,0,0,0.125,0,0,0,2
bn_2475,6,43,6.333333333333333,1,1,1,0,0,0,0.3333333333333333,0,0,0,2
bn_2476,10,54,4.5,1,1,1,0,0,0,0.2,0,0,0,2
bn_2477,7,47,5.857142857142857,1,1,1,0,0,0,0.2857142857142857,0,0,0,2
bn_2478,9,47,4.333333333333333,1,1,1,0,0,0,0.2222222222222222,0,0,0,2
bn_2479,8,43,4.5,1,1,1,0,0,0,0.25,0,0,0,2
bn_2480,6,40,5.833333333333333,1,1,1,0,0,0,0.3333333333333333,0,0,0,2
bn_2481,5,41,7.4,1,1,0,0,0,0,0.2,0,0,0,2
bn_2482,8,46,4.875,1,1,0,0,0,0,0.125,0,0,0,2
bn_2483,9,55,5.222222222222222,1,1,1,0,0,0,0.2222222222222222,0,0,0,2
bn_2484,9,44,4.0,1,1,1,0,0,0,0.2222222222222222,0,0,0,2
bn_2485,8,50,5.375,1,1,1,0,0,0,0.25,0,0,0,2
bn_2486,9,47,4.333333333333333,1,1,0,0,0,0,0.1111111111111111,0,0,0,2
bn_2487,9,58,5.555555555555555,1,1,0,0,0,0,0.1111111111111111,0,0,0,2
bn_2488,11,62,4.7272727272727275,1,1,1,0,0,0,0.18181818181818182,0,0,0,2
bn_2489,7,41,5.0,1,1,0,0,0,0,0.14285714285714285,0,0,0,2
bn_2490,7,51,6.428571428571429,1,1,0,0,0,0,0.14285714285714285,0,0,0,2
bn_2491,6,40,5.833333333333333,1,1,1,0,0,0,0.3333333333333333,0,0,0,2
bn_2492,8,50,5.375,1,1,1,0,0,0,0.25,0,0,0,2
bn_2493,9,50,4.666666666666667,1,1,1,0,0,0,0.2222222222222222,0,0,0,2
bn_2494,7,43,5.285714285714286,1,1,0,0,0,0,0.14285714285714285,0,0,0,2
bn_2495,9,59,5.666666666666667,1,1,1,0,0,0,0.2222222222222222,0,0,0,2
bn_2496,10,50,4.1,1,1,1,0,0,0,0.2,0,0,0,2
bn_2497,7,41,5.0,1,1,1,0,0,0,0.2857142857142857,0,0,0,2
bn_2498,10,57,4.8,1,1,1,0,0,0,0.2,0,0,0,2
bn_2499,10,59,5.0,1,1,1,0,0,0,0.2,0,0,0,2
bn_2500,9,49,4.555555555555555,1,1,1,0,0,0,0.2222222222222222,0,0,0,2
bn_2501,8,50,5.375,1,1,1,0,0,0,0.25,0,0,0,2
bn_2502,7,40,4.857142857142857,1,1,0,0,0,0,0.14285714285714285,0,0,0,2
bn_2503,5,35,6.2,1,1,0,0,0,0,0.2,0,0,0,2
bn_2504,7,48,6.0,1,1,1,0,0,0,0.2857142857142857,0,0,0,2
bn_2505,8,48,5.125,1,1,1,0,0,0,0.25,0,0,0,2
bn_2506,10,54,4.5,1,1,1,0,0,0,0.2,0,0,0,2
bn_2507,8,44,4.625,1,1,1,0,0,0,0.25,0,0,0,2
bn_2508,4,31,7.0,1,1,0,0,0,0,0.25,0,0,0,2
bn_2509,12,64,4.416666666666667,1,1,1,0,0,0,0.16666666666666666,0,0,0,2
bn_2510,7,41,5.0,1,1,1,0,0,0,0.2857142857142857,0,0,0,2
bn_2511,9,59,5.666666666666667,1,1,1,0,0,0,0.2222222222222222,0,0,0,2
bn_2512,7,44,5.428571428571429,1,1,1,0,0,0,0.2857142857142857,0,0,0,2
bn_2513,8,46,4.875,1,1,1,0,0,0,0.25,0,0,0,2
bn_2514,6,52,7.833333333333333,1,1,0,0,0,0,0.16666666666666666,0,0,0,2
bn_2515,8,49,5.25,1,1,0,0,0,0,0.125,0,0,0,2
bn_2516,11,55,4.090909090909091,1,1,1,0,0,0,0.18181818181818182,0,0,0,2
bn_2517,8,46,4.875,1,1,1,0,0,0,0.25,0,0,0,2
bn_2518,8,49,5.25,1,1,0,0,0,0,0.125,0,0,0,2
bn_2519,5,36,6.4,1,1,0,0,0,0,0.2,0,0,0,2
bn_2520,8,55,6.0,1,1,1,0,0,0,0.25,0,0,0,2
bn_2521,7,51,6.428571428571429,1,1,1,0,0,0,0.2857142857142857,0,0,0,2
bn_2522,6,41,6.0,1,1,1,0,0,0,0.3333333333333333,0,0,0,2
bn_2523,8,52,5.625,1,1,1,0,0,0,0.25,0,0,0,2
bn_2524,8,48,5.125,1,1,0,0,0,0,0.125,0,0,0,2
bn_2525,9,40,3.5555555555555554,1,1,0,0,0,0,0.1111111111111111,0,0,0,2
bn_2526,9,51,4.777777777777778,1,1,0,0,0,0,0.1111111111111111,0,0,0,2
bn_2527,8,52,5.625,1,1,1,0,0,0,0.25,0,0,0,2
bn_2528,6,45,6.666666666666667,1,1,0,0,0,0,0.16666666666666666,0,0,0,2
bn_2529,8,55,6.0,1,1,1,0,0,0,0.25,0,0,0,2
bn_2530,7,42,5.142857142857143,1,1,1,0,0,0,0.2857142857142857,0,0,0,2
bn_2531,7,40,4.857142857142857,1,1,0,0,0,0,0.14285714285714285,0,0,0,2
bn_2532,7,41,5.0,1,1,1,0,0,0,0.2857142857142857,0,0,0,2
bn_2533,7,55,7.0,1,1,1,0,0,0,0.2857142857142857,0,0,0,2
bn_2534,7,43,5.285714285714286,1,1,1,0,0,0,0.2857142857142857,0,0,0,2
bn_2535,7,50,6.285714285714286,1,1,0,0,0,0,0.14285714285714285,0,0,0,2
bn_2536,7,40,4.857142857142857,1,1,1,0,0,0,0.2857142857142857,0,0,0,2
bn_2537,6,33,4.666666666666667,1,1,0,0,0,0,0.16666666666666666,0,0,0,2
bn_2538,5,33,5.8,1,1,1,0,0,0,0.4,0,0,0,2
bn_2539,9,51,4.777777777777778,1,1,1,0,0,0,0.2222222222222222,0,0,0,2
bn_2540,6,44,6.5,1,1,1,0,0,0,0.3333333333333333,0,0,0,2
bn_2541,8,45,4.75,1,1,1,0,0,0,0.25,0,0,0,2
bn_2542,6,38,5.5,1,1,0,0,0,0,0.16666666666666666,0,0,0,2
bn_2543,8,49,5.25,1,1,0,0,0,0,0.125,0,0,0,2
bn_2544,6,38,5.5,1,1,0,0,0,0,0.16666666666666666,0,0,0,2
bn_2545,7,54,6.857142857142857,1,1,1,0,0,0,0.2857142857142857,0,0,0,2
bn_2546,16,99,5.25,2,1,0,0,0,0,0.125,0,0,0,2
bn_2547,8,45,4.75,1,1,0,0,0,0,0.125,0,0,0,2
bn_2548,12,66,4.583333333333333,1,1,1,0,0,0,0.16666666666666666,0,0,0,2
bn_2549,8,44,4.625,1,1,0,0,0,0,0.125,0,0,0,2
bn_2550,6,41,6.0,1,1,1,0,0,0,0.3333333333333333,0,0,0,2
bn_2551,8,44,4.625,1,1,0,0,0,0,0.125,0,0,0,2
bn_2552,8,45,4.75,1,1,0,0,0,0,0.125,0,0,0,2
bn_2553,6,40,5.833333333333333,1,1,0,0,0,0,0.16666666666666666,0,0,0,2
bn_2554,9,49,4.555555555555555,1,1,0,0,0,0,0.1111111111111111,0,0,0,2
bn_2555,7,46,5.714285714285714,1,1,0,0,0,0,0.14285714285714285,0,0,0,2
bn_2556,6,39,5.666666666666667,1,1,1,0,0,0,0.3333333333333333,0,0,0,2
bn_2557,6,33,4.666666666666667,1,1,1,0,0,0,0.3333333333333333,0,0,0,2
bn_2558,4,25,5.5,1,1,0,0,0,0,0.25,0,0,0,2
bn_2559,8,45,4.75,1,1,0,0,0,0,0.125,0,0,0,2
bn_2560,8,47,5.0,1,1,1,0,0,0,0.25,0,0,0,2
bn_2561,10,58,4.9,1,1,0,0,0,0,0.1,0,0,0,2
bn_2562,10,61,5.2,1,1,1,0,0,0,0.2,0,0,0,2
bn_2563,9,56,5.333333333333333,1,1,1,0,0,0,0.2222222222222222,0,0,0,2
bn_2564,8,50,5.375,1,1,1,0,0,0,0.25,0,0,0,2
bn_2565,6,44,6.5,1,1,0,0,0,0,0.16666666666666666,0,0,0,2
bn_2566,10,59,5.0,1,1,1,0,0,0,0.2,0,0,0,2
bn_2567,11,76,6.0,1,1,1,0,0,0,0.18181818181818182,0,0,0,2
bn_2568,10,59,5.0,1,1,1,0,0,0,0.2,0,0,0,2
bn_2569,10,55,4.6,1,1,0,0,0,0,0.1,0,0,0,2
bn_2570,12,70,4.916666666666667,1,1,1,0,0,0,0.16666666666666666,0,0,0,2
bn_2571,9,66,6.444444444444445,1,1,1,0,0,0,0.2222222222222222,0,0,0,2
bn_2572,10,57,4.8,1,1,2,0,0,0,0.4,0,0,0,2
bn_2573,7,43,5.285714285714286,1,1,1,0,0,0,0.2857142857142857,0,0,0,2
bn_2574,10,56,4.7,1,1,1,0,0,0,0.2,0,0,0,2
bn_2575,8,52,5.625,1,1,0,0,0,0,0.125,0,0,0,2
bn_2576,10,60,5.1,1,1,1,0,0,0,0.2,0,0,0,2
bn_2577,9,49,4.555555555555555,1,1,1,0,0,0,0.2222222222222222,0,0,0,2
bn_2578,9,59,5.666666666666667,1,1,1,0,0,0,0.2222222222222222,0,0,0,2
bn_2579,9,57,5.444444444444445,1,1,1,0,0,0,0.2222222222222222,0,0,0,2
bn_2580,8,41,4.25,1,1,0,0,0,0,0.125,0,0,0,2
bn_2581,9,49,4.555555555555555,1,1,0,0,0,0,0.1111111111111111,0,0,0,2
bn_2582,10,56,4.7,1,1,1,0,0,0,0.2,0,0,0,2
bn_2583,10,63,5.4,1,1,1,0,0,0,0.2,0,0,0,2
bn_2584,8,53,5.75,1,1,1,0,0,0,0.25,0,0,0,2
bn_2585,10,60,5.1,1,1,1,0,0,0,0.2,0,0,0,2
bn_2586,10,68,5.9,1,1,1,0,0,0,0.2,0,0,0,2
bn_2587,10,62,5.3,1,1,1,0,0,0,0.2,0,0,0,2
bn_2588,9,53,5.0,1,1,1,0,0,0,0.2222222222222222,0,0,0,2
bn_2589,14,67,3.857142857142857,1,1,1,0,0,0,0.14285714285714285,0,0,0,2
bn_2590,10,55,4.6,1,1,1,0,0,0,0.2,0,0,0,2
bn_2591,6,41,6.0,1,1,0,0,0,0,0.16666666666666666,0,0,0,2
bn_2592,11,65,5.0,1,1,1,0,0,0,0.18181818181818182,0,0,0,2
bn_2593,8,45,4.75,1,1,0,0,0,0,0.125,0,0,0,2
bn_2594,11,55,4.090909090909091,1,1,1,0,0,0,0.18181818181818182,0,0,0,2
bn_2595,10,57,4.8,1,1,1,0,0,0,0.2,0,0,0,2
bn_2596,10,55,4.6,1,1,1,0,0,0,0.2,0,0,0,2
bn_2597,9,51,4.777777777777778,1,1,1,0,0,0,0.2222222222222222,0,0,0,2
bn_2598,10,62,5.3,1,1,1,0,0,0,0.2,0,0,0,2
bn_2599,9,50,4.666666666666667,1,1,1,0,0,0,0.2222222222222222,0,0,0,2
bn_2600,11,79,6.2727272727272725,1,1,1,0,0,0,0.18181818181818182,0,0,0,2
bn_2601,8,49,5.25,1,1,0,0,0,0,0.125,0,0,0,2
bn_2602,10,58,4.9,1,1,0,0,0,0,0.1,0,0,0,2
bn_2603,8,54,5.875,1,1,1,0,0,0,0.25,0,0,0,2
bn_2604,10,58,4.9,1,1,1,0,0,0,0.2,0,0,0,2
bn_2605,11,57,4.2727272727272725,1,1,1,0,0,0,0.18181818181818182,0,0,0,2
bn_2606,9,49,4.555555555555555,1,1,1,0,0,0,0.2222222222222222,0,0,0,2
bn_2607,9,48,4.444444444444445,1,1,1,0,0,0,0.2222222222222222,0,0,0,2
bn_2608,9,52,4.888888888888889,1,1,1,0,0,0,0.2222222222222222,0,0,0,2
bn_2609,7,39,4.714285714285714,1,1,0,0,0,0,0.14285714285714285,0,0,0,2
bn_2610,8,51,5.5,1,1,1,0,0,0,0.25,0,0,0,2
bn_2611,9,51,4.777777777777778,1,1,0,0,0,0,0.1111111111111111,0,0,0,2
bn_2612,7,47,5.857142857142857,1,1,0,0,0,0,0.14285714285714285,0,0,0,2
bn_2613,6,37,5.333333333333333,1,1,0,0,0,0,0.16666666666666666,1,0,0,2
bn_2614,9,47,4.333333333333333,1,1,1,0,0,0,0.2222222222222222,0,0,0,2
bn_2615,9,51,4.777777777777778,1,1,1,0,0,0,0.2222222222222222,0,0,0,2
bn_2616,10,64,5.5,1,1,1,0,0,0,0.2,0,0,0,2
bn_2617,7,51,6.428571428571429,1,1,0,0,0,0,0.14285714285714285,0,0,0,2
bn_2618,8,48,5.125,1,1,1,0,0,0,0.25,0,0,0,2
bn_2619,8,47,5.0,1,1,0,0,0,0,0.125,0,0,0,2
bn_2620,11,56,4.181818181818182,1,1,1,0,0,0,0.18181818181818182,0,0,0,2
bn_2621,7,43,5.285714285714286,1,1,1,0,0,0,0.2857142857142857,0,0,0,2
bn_2622,10,62,5.3,1,1,1,0,0,0,0.2,0,0,0,2
bn_2623,6,42,6.166666666666667,1,1,0,0,0,0,0.16666666666666666,0,0,0,2
bn_2624,8,46,4.875,1,1,1,0,0,0,0.25,0,0,0,2
bn_2625,8,47,5.0,1,1,1,0,0,0,0.25,0,0,0,2
bn_2626,10,54,4.5,1,1,0,0,0,0,0.1,0,0,0,2
bn_2627,10,51,4.2,1,1,1,0,0,0,0.2,0,0,0,2
bn_2628,10,57,4.8,1,1,0,0,0,0,0.1,0,0,0,2
bn_2629,7,41,5.0,1,1,1,0,0,0,0.2857142857142857,0,0,0,2
bn_2630,5,38,6.8,1,1,0,0,0,0,0.2,0,0,0,2
bn_2631,8,43,4.5,1,1,1,0,0,0,0.25,0,0,0,2
bn_2632,8,52,5.625,1,1,1,0,0,0,0.25,0,0,0,2
bn_2633,7,36,4.285714285714286,1,1,0,0,0,0,0.14285714285714285,0,0,0,2
bn_2634,8,42,4.375,1,1,1,0,0,0,0.25,0,0,0,2
bn_2635,8,52,5.625,1,1,1,0,0,0,0.25,0,0,0,2
bn_2636,10,61,5.2,1,1,1,0,0,0,0.2,0,0,0,2
bn_2637,6,49,7.333333333333333,1,1,1,0,0,0,0.5,0,0,0,2
bn_2638,8,48,5.125,1,1,1,0,0,0,0.25,0,0,0,2
bn_2639,8,50,5.375,1,1,0,0,0,0,0.125,0,0,0,2
bn_2640,9,48,4.444444444444445,1,1,0,0,0,0,0.1111111111111111,0,0,0,2
bn_2641,7,42,5.142857142857143,1,1,0,0,0,0,0.14285714285714285,0,0,0,2
bn_2642,9,54,5.111111111111111,1,1,1,0,0,0,0.2222222222222222,0,0,0,2
bn_2643,5,37,6.6,1,1,0,0,0,0,0.2,0,0,0,2
bn_2644,8,49,5.25,1,1,1,0,0,0,0.25,0,0,0,2
bn_2645,9,50,4.666666666666667,1,1,0,0,0,0,0.1111111111111111,0,0,0,2
bn_2646,8,48,5.125,1,1,1,0,0,0,0.25,0,0,0,2
bn_2647,6,39,5.666666666666667,1,1,1,0,0,0,0.3333333333333333,0,0,0,2
bn_2648,6,41,6.0,1,1,1,0,0,0,0.5,0,0,0,2
bn_2649,6,35,5.0,1,1,0,0,0,0,0.16666666666666666,0,0,0,2
bn_2650,10,53,4.4,1,1,1,0,0,0,0.2,0,0,0,2
bn_2651,7,37,4.428571428571429,1,1,0,0,0,0,0.14285714285714285,0,0,0,2
bn_2652,7,47,5.857142857142857,1,1,1,0,0,0,0.2857142857142857,0,0,0,2
bn_2653,7,40,4.857142857142857,1,1,1,0,0,0,0.2857142857142857,0,0,0,2
bn_2654,8,44,4.625,1,1,1,0,0,0,0.25,0,0,0,2
bn_2655,7,53,6.714285714285714,1,1,1,0,0,0,0.2857142857142857,0,0,0,2
bn_2656,8,56,6.125,1,1,1,0,0,0,0.25,0,0,0,2
bn_2657,8,53,5.75,1,1,0,0,0,0,0.125,0,0,0,2
bn_2658,7,39,4.714285714285714,1,1,1,0,0,0,0.2857142857142857,0,0,0,2
bn_2659,8,58,6.375,1,1,1,0,0,0,0.25,0,0,0,2
bn_2660,8,55,6.0,1,1,1,0,0,0,0.25,0,0,0,2
bn_2662,6,44,6.5,1,1,1,0,0,0,0.3333333333333333,0,0,0,2
bn_2663,11,55,4.090909090909091,1,1,0,0,0,0,0.36363636363636365,0,0,0,2
bn_2664,8,48,5.125,1,1,1,0,0,0,0.25,0,0,0,2
bn_2665,14,67,3.857142857142857,1,1,0,0,0,0,0.14285714285714285,0,0,0,2
bn_2666,9,54,5.111111111111111,1,1,1,0,0,0,0.2222222222222222,0,0,0,2
bn_2667,7,49,6.142857142857143,1,1,1,0,0,0,0.2857142857142857,0,0,0,2
bn_2668,10,57,4.8,1,1,1,0,0,0,0.2,0,0,0,2
bn_2669,7,38,4.571428571428571,1,1,1,0,0,0,0.2857142857142857,0,0,0,2
bn_2670,10,55,4.6,1,1,0,0,0,0,0.1,0,0,0,2
bn_2671,8,44,4.625,1,1,1,0,0,0,0.25,0,0,0,2
bn_2672,8,56,6.125,1,1,1,0,0,0,0.25,0,0,0,2
bn_2673,8,53,5.75,1,1,1,0,0,0,0.25,0,0,0,2
bn_2674,10,61,5.2,1,1,1,0,0,0,0.2,0,0,0,2
bn_2675,9,54,5.111111111111111,1,1,1,0,0,0,0.2222222222222222,0,0,0,2
bn_2676,9,64,6.222222222222222,1,1,1,0,0,0,0.2222222222222222,0,0,0,2
bn_2677,8,47,5.0,1,1,1,0,0,0,0.25,0,0,0,2
bn_2678,8,39,4.0,1,1,0,0,0,0,0.125,0,0,0,2
bn_2679,5,35,6.2,1,1,1,0,0,0,0.4,0,0,0,2
bn_2680,8,50,5.375,1,1,1,0,0,0,0.25,0,0,0,2
bn_2681,5,42,7.6,1,1,1,0,0,0,0.4,0,0,0,2
bn_2682,7,45,5.571428571428571,1,1,1,0,0,0,0.2857142857142857,0,0,0,2
bn_2683,5,40,7.2,1,1,1,0,0,0,0.4,0,0,0,2
bn_2684,7,44,5.428571428571429,1,1,1,0,0,0,0.2857142857142857,0,0,0,2
bn_2685,7,42,5.142857142857143,1,1,1,0,0,0,0.2857142857142857,0,0,0,2
bn_2686,8,48,5.125,1,1,1,0,0,0,0.25,0,0,0,2
bn_2687,6,45,6.666666666666667,1,1,0,0,0,0,0.16666666666666666,0,0,0,2
bn_2688,11,69,5.363636363636363,1,1,1,0,0,0,0.18181818181818182,0,0,0,2
bn_2689,7,40,4.857142857142857,1,1,1,0,0,0,0.2857142857142857,0,0,0,2
bn_2690,8,55,6.0,1,1,1,0,0,0,0.25,0,0,0,2
bn_2691,10,53,4.4,1,1,1,0,0,0,0.2,0,0,0,2
bn_2692,11,54,4.0,1,1,1,0,0,0,0.18181818181818182,0,0,0,2
bn_2693,8,51,5.5,1,1,0,0,0,0,0.125,0,0,0,2
bn_2694,9,57,5.444444444444445,1,1,1,0,0,0,0.2222222222222222,0,0,0,2
bn_2695,11,63,4.818181818181818,1,1,1,0,0,0,0.18181818181818182,0,0,0,2
bn_2696,9,50,4.666666666666667,1,1,1,0,0,0,0.3333333333333333,0,0,0,2
bn_2697,9,46,4.222222222222222,1,1,1,0,0,0,0.2222222222222222,0,0,0,2
bn_2698,11,57,4.2727272727272725,1,1,2,0,0,0,0.2727272727272727,0,0,0,2
bn_2699,8,49,5.25,1,1,1,0,0,0,0.25,0,0,0,2
bn_2700,8,43,4.5,1,1,1,0,0,0,0.25,0,0,0,2
bn_2701,10,51,4.2,1,1,1,0,0,0,0.2,0,0,0,2
bn_2702,8,44,4.625,1,1,0,0,0,0,0.125,0,0,0,2
bn_2703,9,45,4.111111111111111,1,1,1,0,0,0,0.2222222222222222,0,0,0,2
bn_2704,7,46,5.714285714285714,1,1,0,0,0,0,0.14285714285714285,0,0,0,2
bn_2705,7,41,5.0,1,1,0,0,0,0,0.14285714285714285,0,0,0,2
bn_2706,6,39,5.666666666666667,1,1,0,0,0,0,0.16666666666666666,0,0,0,2
bn_2707,10,56,4.7,1,1,1,0,0,0,0.2,0,0,0,2
bn_2708,9,47,4.333333333333333,1,1,1,0,0,0,0.2222222222222222,0,0,0,2
bn_2709,8,59,6.5,1,1,1,0,0,0,0.25,0,0,0,2
bn_2710,8,47,5.0,1,1,1,0,0,0,0.25,0,0,0,2
bn_2711,9,53,5.0,1,1,1,0,0,0,0.2222222222222222,0,0,0,2
bn_2712,11,62,4.7272727272727275,1,1,1,0,0,0,0.18181818181818182,0,0,0,2
bn_2713,6,40,5.833333333333333,1,1,0,0,0,0,0.16666666666666666,0,0,0,2
bn_2714,8,49,5.25,1,1,1,0,0,0,0.25,0,0,0,2
bn_2715,8,48,5.125,1,1,1,0,0,0,0.25,0,0,0,2
bn_2716,7,38,4.571428571428571,1,1,1,0,0,0,0.2857142857142857,0,0,0,2
bn_2717,6,36,5.166666666666667,1,1,1,0,0,0,0.3333333333333333,0,0,0,2
bn_2718,11,56,4.181818181818182,1,1,1,0,0,0,0.18181818181818182,0,0,0,2
bn_2719,8,45,4.75,1,1,1,0,0,0,0.25,0,0,0,2
bn_2720,9,62,6.0,1,1,1,0,0,0,0.2222222222222222,0,0,0,2
bn_2721,8,48,5.125,1,1,1,0,0,0,0.25,0,0,0,2
bn_2722,8,49,5.25,1,1,1,0,0,0,0.25,0,0,0,2
bn_2724,9,50,4.666666666666667,1,1,0,0,0,0,0.1111111111111111,0,0,0,2
bn_2725,9,51,4.777777777777778,1,1,1,0,0,0,0.2222222222222222,0,0,0,2
bn_2726,10,53,4.4,1,1,1,0,0,0,0.2,0,0,0,2
bn_2727,9,58,5.555555555555555,1,1,1,0,0,0,0.2222222222222222,0,0,0,2
bn_2728,8,62,6.875,1,1,1,0,0,0,0.375,0,0,0,2
bn_2729,8,45,4.75,1,1,0,0,0,0,0.125,0,0,0,2
bn_2730,10,60,5.1,1,1,1,0,0,0,0.2,0,0,0,2
bn_2731,5,36,6.4,1,1,0,0,0,0,0.2,0,0,0,2
bn_2732,7,49,6.142857142857143,1,1,0,0,0,0,0.14285714285714285,0,0,0,2
bn_2733,5,31,5.4,1,1,1,0,0,0,0.4,0,0,0,2
bn_2734,7,39,4.714285714285714,1,1,0,0,0,0,0.14285714285714285,0,0,0,2
bn_2735,9,45,4.111111111111111,1,1,1,0,0,0,0.2222222222222222,0,0,0,2
bn_2736,9,60,5.777777777777778,1,1,1,0,0,0,0.2222222222222222,0,0,0,2
bn_2737,7,47,5.857142857142857,1,1,1,0,0,0,0.2857142857142857,0,0,0,2
bn_2738,10,54,4.5,1,1,1,0,0,0,0.2,0,0,0,2
bn_2739,11,60,4.545454545454546,1,1,1,0,0,0,0.18181818181818182,0,0,0,2
bn_2740,7,51,6.428571428571429,1,1,1,0,0,0,0.2857142857142857,0,0,0,2
bn_2741,8,40,4.125,1,1,0,0,0,0,0.125,0,0,0,2
bn_2742,7,48,6.0,1,1,0,0,0,0,0.14285714285714285,0,0,0,2
bn_2743,6,41,6.0,1,1,1,0,0,0,0.3333333333333333,0,0,0,2
bn_2744,10,56,4.7,1,1,1,0,0,0,0.2,0,0,0,2
bn_2745,6,38,5.5,1,1,0,0,0,0,0.16666666666666666,0,0,0,2
bn_2746,9,56,5.333333333333333,1,1,0,0,0,0,0.1111111111111111,0,0,0,2
bn_2747,8,42,4.375,1,1,0,0,0,0,0.125,0,0,0,2
bn_2748,6,49,7.333333333333333,1,1,0,0,0,0,0.16666666666666666,0,0,0,2
bn_2749,5,31,5.4,1,1,0,0,0,0,0.2,0,0,0,2
bn_2750,10,53,4.4,1,1,0,0,0,0,0.1,0,0,0,2
bn_2751,8,47,5.0,1,1,1,0,0,0,0.375,0,0,0,2
bn_2752,9,55,5.222222222222222,1,1,1,0,0,0,0.2222222222222222,0,0,0,2
bn_2753,5,40,7.2,1,1,0,0,0,0,0.2,0,0,0,2
bn_2754,9,63,6.111111111111111,1,1,1,0,0,0,0.2222222222222222,0,0,0,2
bn_2755,8,53,5.75,1,1,1,0,0,0,0.25,0,0,0,2
bn_2756,9,48,4.444444444444445,1,1,0,0,0,0,0.1111111111111111,0,0,0,2
bn_2757,9,53,5.0,1,1,0,0,0,0,0.1111111111111111,0,0,0,2
bn_2758,9,55,5.222222222222222,1,1,1,0,0,0,0.2222222222222222,0,0,0,2
bn_2759,7,35,4.142857142857143,1,1,0,0,0,0,0.14285714285714285,0,0,0,2
bn_2760,7,47,5.857142857142857,1,1,1,0,0,0,0.2857142857142857,0,0,0,2
bn_2761,4,38,8.75,1,1,0,0,0,0,0.25,0,0,0,2
bn_2762,10,68,5.9,1,1,0,0,0,0,0.1,0,0,0,2
bn_2763,6,35,5.0,1,1,0,0,0,0,0.16666666666666666,0,0,0,2
bn_2764,10,61,5.2,1,1,1,0,0,0,0.2,0,0,0,2
bn_2765,8,51,5.5,1,1,0,0,0,0,0.125,0,0,0,2
bn_2766,6,43,6.333333333333333,1,1,1,0,0,0,0.3333333333333333,0,0,0,2
bn_2767,9,45,4.111111111111111,1,1,0,0,0,0,0.1111111111111111,0,0,0,2
bn_2768,6,36,5.166666666666667,1,1,0,0,0,0,0.16666666666666666,0,0,0,2
bn_2769,9,47,4.333333333333333,1,1,1,0,0,0,0.2222222222222222,0,0,0,2
bn_2770,8,44,4.625,1,1,0,0,0,1,0.375,0,0,0,2
bn_2771,11,63,4.818181818181818,1,1,1,0,0,0,0.18181818181818182,0,0,0,2
bn_2772,4,26,5.75,1,1,0,0,0,0,0.25,0,0,0,2
bn_2773,8,41,4.25,1,1,1,0,0,0,0.25,0,0,0,2
bn_2774,9,53,5.0,1,1,1,0,0,0,0.2222222222222222,0,0,0,2
bn_2775,9,61,5.888888888888889,1,1,1,0,0,0,0.2222222222222222,0,0,0,2
bn_2776,7,44,5.428571428571429,1,1,1,0,0,0,0.2857142857142857,0,0,0,2
bn_2777,10,62,5.3,1,1,1,0,0,0,0.2,0,0,0,2
bn_2778,7,33,3.857142857142857,1,1,1,0,0,0,0.2857142857142857,0,0,0,2
bn_2779,8,45,4.75,1,1,1,0,0,0,0.25,0,0,0,2
bn_2780,6,36,5.166666666666667,1,1,0,0,0,0,0.16666666666666666,0,0,0,2
bn_2781,6,38,5.5,1,1,0,0,0,0,0.16666666666666666,0,0,0,2
bn_2782,7,38,4.571428571428571,1,1,0,0,0,0,0.14285714285714285,0,0,0,2
bn_2783,5,39,7.0,1,1,0,0,0,0,0.2,0,0,0,2
bn_2784,8,42,4.375,1,1,1,0,0,0,0.25,0,0,0,2
bn_2785,8,43,4.5,1,1,1,0,0,0,0.25,0,0,0,2
bn_2786,8,41,4.25,1,1,1,0,0,0,0.25,0,0,0,2
bn_2787,6,40,5.833333333333333,1,1,1,0,0,0,0.3333333333333333,0,0,0,2
bn_2788,8,45,4.75,1,1,2,0,0,0,0.375,0,0,0,2
bn_2789,8,44,4.625,1,1,1,0,0,0,0.25,0,0,0,2
bn_2790,9,48,4.444444444444445,1,1,0,0,0,0,0.1111111111111111,0,0,0,2
bn_2791,6,36,5.166666666666667,1,1,0,0,0,0,0.16666666666666666,0,0,0,2
bn_2792,4,34,7.75,1,1,0,0,0,0,0.25,0,0,0,2
bn_2793,5,30,5.2,1,1,0,0,0,0,0.2,0,0,0,2
bn_2794,7,38,4.571428571428571,1,1,0,0,0,0,0.14285714285714285,0,0,0,2
bn_2795,8,48,5.125,1,1,1,0,0,0,0.25,0,0,0,2
bn_2796,4,30,6.75,1,1,0,0,0,0,0.25,0,0,0,2
bn_2797,9,55,5.222222222222222,1,1,1,0,0,0,0.2222222222222222,0,0,0,2
bn_2798,9,51,4.777777777777778,1,1,1,0,0,0,0.2222222222222222,0,0,0,2
bn_2799,5,37,6.6,1,1,0,0,0,0,0.2,0,0,0,2
bn_2800,8,46,4.875,1,1,1,0,0,0,0.25,0,0,0,2
bn_2801,7,40,4.857142857142857,1,1,0,0,0,0,0.14285714285714285,0,0,0,2
bn_2802,8,51,5.5,1,1,1,0,0,0,0.25,0,0,0,2
bn_2803,6,41,6.0,1,1,0,0,0,0,0.16666666666666666,0,0,0,2
bn_2804,16,86,4.4375,1,1,1,0,0,0,0.125,0,0,0,2
bn_2805,8,50,5.375,1,1,1,0,0,0,0.25,0,0,0,2
bn_2806,13,70,4.461538461538462,1,1,2,0,0,0,0.23076923076923078,0,0,0,2
bn_2807,6,40,5.833333333333333,1,1,1,0,0,0,0.3333333333333333,0,0,0,2
bn_2808,9,48,4.444444444444445,1,1,1,0,0,0,0.2222222222222222,0,0,0,2
bn_2809,5,28,4.8,1,1,1,0,0,0,0.4,0,0,0,2
bn_2810,11,61,4.636363636363637,1,1,1,0,0,0,0.18181818181818182,0,0,0,2
bn_2811,9,52,4.888888888888889,1,1,1,0,0,0,0.2222222222222222,0,0,0,2
bn_2812,12,62,4.25,1,1,1,0,0,0,0.16666666666666666,0,0,0,2
bn_2813,8,51,5.5,1,1,1,0,0,0,0.25,0,0,0,2
bn_2814,12,61,4.166666666666667,1,1,1,0,0,0,0.25,0,0,0,2
bn_2815,6,40,5.833333333333333,1,1,1,0,0,0,0.3333333333333333,0,0,0,2
bn_2816,9,50,4.666666666666667,1,1,0,0,0,0,0.1111111111111111,0,0,0,2
bn_2817,9,44,4.0,1,1,1,0,0,0,0.2222222222222222,0,0,0,2
bn_2818,9,59,5.666666666666667,1,1,0,0,0,0,0.1111111111111111,0,0,0,2
bn_2819,6,38,5.5,1,1,0,0,0,0,0.16666666666666666,0,0,0,2
bn_2820,7,52,6.571428571428571,1,1,1,0,0,0,0.2857142857142857,0,0,0,2
bn_2821,8,54,5.875,1,1,1,0,0,0,0.25,0,0,0,2
bn_2822,9,61,5.888888888888889,1,1,1,0,0,0,0.2222222222222222,0,0,0,2
bn_2823,8,47,5.0,1,1,1,0,0,0,0.25,0,0,0,2
bn_2824,11,69,5.363636363636363,1,1,1,0,0,0,0.18181818181818182,0,0,0,2
bn_2825,8,50,5.375,1,1,0,0,0,0,0.125,0,0,0,2
bn_2826,8,46,4.875,1,1,1,0,0,0,0.25,0,0,0,2
bn_2827,7,39,4.714285714285714,1,1,0,0,0,0,0.14285714285714285,0,0,0,2
bn_2828,7,41,5.0,1,1,1,0,0,0,0.2857142857142857,0,0,0,2
bn_2829,7,38,4.571428571428571,1,1,1,0,0,0,0.2857142857142857,0,0,0,2
bn_2830,8,44,4.625,1,1,1,0,0,0,0.25,0,0,0,2
bn_2831,7,40,4.857142857142857,1,1,0,0,0,0,0.14285714285714285,0,0,0,2
bn_2832,9,56,5.333333333333333,1,1,1,0,0,0,0.2222222222222222,0,0,0,2
bn_2833,9,51,4.777777777777778,1,1,1,0,0,0,0.2222222222222222,0,0,0,2
bn_2834,8,52,5.625,1,1,1,0,0,0,0.25,0,0,0,2
bn_2835,8,38,3.875,1,1,1,0,0,0,0.25,0,0,0,2
bn_2836,8,44,4.625,1,1,1,0,0,0,0.25,0,0,0,2
bn_2837,4,30,6.75,1,1,0,0,0,0,0.25,0,0,0,2
bn_2838,7,45,5.571428571428571,1,1,1,0,0,0,0.2857142857142857,0,0,0,2
bn_2839,6,42,6.166666666666667,1,1,0,0,0,0,0.16666666666666666,0,0,0,2
bn_2840,8,46,4.875,1,1,1,0,0,0,0.25,0,0,0,2
bn_2841,8,51,5.5,1,1,0,0,0,0,0.125,0,0,0,2
bn_2842,7,50,6.285714285714286,1,1,1,0,0,0,0.2857142857142857,0,0,0,2
bn_2843,9,49,4.555555555555555,1,1,1,0,0,0,0.2222222222222222,0,0,0,2
bn_2844,9,53,5.0,1,1,0,0,0,0,0.1111111111111111,0,0,0,2
bn_2845,9,49,4.555555555555555,1,1,1,0,0,0,0.2222222222222222,0,0,0,2
bn_2846,11,54,4.0,1,1,0,0,0,0,0.18181818181818182,0,0,0,2
bn_2847,5,46,8.4,1,1,0,0,0,0,0.2,0,0,0,2
bn_2848,8,53,5.75,1,1,0,0,0,0,0.125,0,0,0,2
bn_2849,8,47,5.0,1,1,1,0,0,0,0.25,0,0,0,2
bn_2850,9,58,5.555555555555555,1,1,1,0,0,0,0.2222222222222222,0,0,0,2
bn_2851,6,39,5.666666666666667,1,1,0,0,0,0,0.16666666666666666,0,0,0,2
bn_2852,11,59,4.454545454545454,1,1,0,0,0,0,0.09090909090909091,0,0,0,2
bn_2853,8,48,5.125,1,1,1,0,0,0,0.25,0,0,0,2
bn_2854,9,56,5.333333333333333,1,1,1,0,0,0,0.2222222222222222,0,0,0,2
bn_2855,7,47,5.857142857142857,1,1,0,0,0,0,0.14285714285714285,0,0,0,2
bn_2856,3,21,6.333333333333333,1,1,0,0,0,0,0.3333333333333333,0,0,0,2
bn_2857,4,34,7.75,1,1,0,0,0,0,0.25,0,0,0,2
bn_2858,9,51,4.777777777777778,1,1,1,0,0,0,0.2222222222222222,0,0,0,2
bn_2859,4,29,6.5,1,1,0,0,0,0,0.25,0,0,0,2
bn_2860,9,58,5.555555555555555,1,1,1,0,0,0,0.2222222222222222,0,0,0,2
bn_2861,7,44,5.428571428571429,1,1,0,0,0,0,0.14285714285714285,0,0,0,2
bn_2862,9,62,6.0,1,1,1,0,0,0,0.3333333333333333,0,0,0,2
bn_2863,6,41,6.0,1,1,0,0,0,0,0.16666666666666666,0,0,0,2
bn_2864,6,39,5.666666666666667,1,1,0,0,0,0,0.16666666666666666,0,0,0,2
bn_2865,6,36,5.166666666666667,1,1,0,0,0,0,0.16666666666666666,0,0,0,2
bn_2866,16,78,3.9375,1,1,1,0,0,0,0.1875,0,0,0,2
bn_2867,8,46,4.875,1,1,1,0,0,0,0.25,0,0,0,2
bn_2868,10,63,5.4,1,1,1,0,0,0,0.2,0,0,0,2
bn_2869,8,54,5.875,1,1,1,0,0,0,0.25,0,0,0,2
bn_2870,6,33,4.666666666666667,1,1,0,0,0,0,0.16666666666666666,0,0,0,2
bn_2871,8,55,6.0,1,1,1,0,0,0,0.25,0,0,0,2
bn_2873,6,44,6.5,1,1,1,0,0,0,0.3333333333333333,0,0,0,2
bn_2874,9,53,5.0,1,1,1,0,0,0,0.2222222222222222,0,0,0,2
bn_2875,6,39,5.666666666666667,1,1,1,0,0,0,0.3333333333333333,0,0,0,2
bn_2876,9,47,4.333333333333333,1,1,1,0,0,0,0.3333333333333333,0,0,0,2
bn_2877,8,46,4.875,1,1,1,0,0,0,0.25,0,0,0,2
bn_2878,11,67,5.181818181818182,1,1,0,0,0,0,0.09090909090909091,0,0,0,2
bn_2879,7,44,5.428571428571429,1,1,0,0,0,0,0.14285714285714285,0,0,0,2
bn_2880,7,45,5.571428571428571,1,1,0,0,0,0,0.2857142857142857,0,0,0,2
bn_2881,6,37,5.333333333333333,1,1,0,0,0,0,0.16666666666666666,0,0,0,2
bn_2882,23,155,5.782608695652174,2,1,2,0,0,0,0.17391304347826086,0,0,0,2
bn_2883,4,27,6.0,1,1,0,0,0,0,0.25,0,0,0,2
bn_2884,19,127,5.7368421052631575,2,1,1,0,0,0,0.15789473684210525,0,0,0,2
bn_2885,4,32,7.25,1,1,0,0,0,0,0.25,0,0,0,2
bn_2886,18,103,4.777777777777778,2,1,1,0,0,0,0.16666666666666666,0,0,0,2
bn_2887,8,49,5.25,1,1,1,0,0,0,0.25,0,0,0,2
bn_2888,20,122,5.15,2,1,2,0,0,0,0.2,0,0,0,2
bn_2889,7,49,6.142857142857143,1,1,0,0,0,0,0.14285714285714285,0,0,0,2
bn_2890,21,107,4.142857142857143,2,1,2,0,0,0,0.19047619047619047,0,0,0,2
bn_2891,6,31,4.333333333333333,1,1,0,0,0,0,0.16666666666666666,0,0,0,2
bn_2892,14,87,5.285714285714286,2,1,0,0,0,0,0.14285714285714285,0,0,0,2
bn_2893,6,44,6.5,1,1,1,0,0,0,0.3333333333333333,0,0,0,2
bn_2894,18,107,5.0,2,1,1,0,0,0,0.16666666666666666,0,0,0,2
bn_2895,6,34,4.833333333333333,1,1,1,0,0,0,0.3333333333333333,0,0,0,2
bn_2896,16,89,4.625,2,1,0,0,0,0,0.125,0,0,0,2
bn_2897,6,39,5.666666666666667,1,1,0,0,0,0,0.16666666666666666,0,0,0,2
bn_2898,16,99,5.25,1,1,1,0,0,0,0.125,0,0,0,2
bn_2899,5,41,7.4,1,1,1,0,0,0,0.4,0,0,0,2
bn_2900,7,50,6.285714285714286,1,1,1,0,0,0,0.2857142857142857,0,0,0,2
bn_2901,4,28,6.25,1,1,0,0,0,0,0.25,0,0,0,2
bn_2902,9,59,5.666666666666667,1,1,1,0,0,0,0.3333333333333333,0,0,0,2
bn_2903,6,29,4.0,1,1,0,0,0,0,0.16666666666666666,0,1,0,2
bn_2904,10,61,5.2,1,1,1,0,0,0,0.2,0,0,0,2
bn_2905,5,30,5.2,1,1,0,0,0,0,0.2,0,0,0,2
bn_2906,10,55,4.6,1,1,1,0,0,0,0.2,0,0,0,2
bn_2907,9,55,5.222222222222222,1,1,1,0,0,0,0.2222222222222222,0,0,0,2
bn_2908,11,66,5.090909090909091,1,1,1,0,0,0,0.18181818181818182,0,0,0,2
bn_2909,6,32,4.5,1,1,0,0,0,0,0.16666666666666666,0,0,0,2
bn_2910,9,54,5.111111111111111,1,1,1,0,0,0,0.2222222222222222,0,0,0,2
bn_2911,6,34,4.833333333333333,1,1,0,0,0,0,0.16666666666666666,0,0,0,2
bn_2912,8,47,5.0,1,1,1,0,0,0,0.25,0,0,0,2
bn_2913,7,48,6.0,1,1,1,0,0,0,0.2857142857142857,0,0,0,2
bn_2914,12,54,3.5833333333333335,1,1,0,0,0,0,0.16666666666666666,0,0,0,2
bn_2915,5,35,6.2,1,1,0,0,0,0,0.2,0,0,0,2
bn_2916,10,52,4.3,1,1,1,0,0,0,0.2,0,0,0,2
bn_2917,5,40,7.2,1,1,0,0,0,0,0.2,0,0,0,2
bn_2918,6,43,6.333333333333333,1,1,1,0,0,0,0.3333333333333333,0,0,0,2
bn_2919,6,38,5.5,1,1,0,0,0,0,0.16666666666666666,0,0,0,2
bn_2920,14,79,4.714285714285714,1,1,0,0,0,0,0.07142857142857142,0,0,0,2
bn_2921,5,37,6.6,1,1,0,0,0,0,0.2,0,0,0,2
bn_2922,12,75,5.333333333333333,1,1,0,0,0,0,0.08333333333333333,0,0,0,2
bn_2923,12,66,4.583333333333333,1,1,1,0,0,0,0.16666666666666666,0,0,0,2
bn_2924,9,67,6.555555555555555,1,1,1,0,0,0,0.2222222222222222,0,0,0,2
bn_2925,9,48,4.444444444444445,1,1,1,0,0,0,0.2222222222222222,0,0,0,2
bn_2926,10,59,5.0,1,1,1,0,0,0,0.2,0,0,0,2
bn_2927,7,45,5.571428571428571,1,1,0,0,0,0,0.14285714285714285,0,0,0,2
bn_2928,9,56,5.333333333333333,1,1,1,0,0,0,0.3333333333333333,0,0,0,2
bn_2929,5,30,5.2,1,1,0,0,0,0,0.2,0,0,0,2
bn_2930,9,63,6.111111111111111,1,1,1,0,0,0,0.2222222222222222,0,0,0,2
bn_2931,5,30,5.2,1,1,0,0,0,0,0.2,0,0,0,2
bn_2932,14,69,4.0,1,1,0,0,0,0,0.14285714285714285,0,0,0,2
bn_2933,4,32,7.25,1,1,0,0,0,0,0.25,0,0,0,2
bn_2934,12,68,4.75,1,1,1,0,0,0,0.16666666666666666,0,0,0,2
bn_2935,6,37,5.333333333333333,1,1,0,0,0,0,0.16666666666666666,0,0,0,2
bn_2936,11,60,4.545454545454546,1,1,0,0,0,0,0.09090909090909091,0,0,0,2
bn_2937,6,44,6.5,1,1,0,0,0,0,0.16666666666666666,0,0,0,2
bn_2938,10,54,4.5,1,1,1,0,0,0,0.2,0,0,0,2
bn_2939,5,30,5.2,1,1,0,0,0,0,0.2,0,0,0,2
bn_2940,9,51,4.777777777777778,1,1,1,0,0,0,0.2222222222222222,0,0,0,2
bn_2941,7,45,5.571428571428571,1,1,1,0,0,0,0.2857142857142857,0,0,0,2
bn_2942,16,79,4.0,1,1,1,0,0,0,0.1875,0,0,0,2
bn_2943,5,33,5.8,1,1,0,0,0,0,0.2,0,0,0,2
bn_2944,10,57,4.8,1,1,1,0,0,0,0.2,0,0,0,2
bn_2945,9,53,5.0,1,1,1,0,0,0,0.2222222222222222,0,0,0,2
bn_2946,10,65,5.6,1,1,1,0,0,0,0.2,0,0,0,2
bn_2947,7,39,4.714285714285714,1,1,1,0,0,0,0.2857142857142857,0,0,0,2
bn_2948,9,60,5.777777777777778,1,1,1,0,0,0,0.2222222222222222,0,0,0,2
bn_2949,4,28,6.25,1,1,0,0,0,0,0.25,0,0,0,2
bn_2950,13,66,4.153846153846154,1,1,1,0,0,0,0.15384615384615385,0,0,0,2
bn_2951,5,33,5.8,1,1,0,0,0,0,0.2,0,0,0,2
bn_2952,3,19,5.666666666666667,1,1,0,0,0,0,0.3333333333333333,0,0,0,2
bn_2953,7,49,6.142857142857143,1,1,0,0,0,0,0.14285714285714285,0,0,0,2
bn_2954,13,71,4.538461538461538,1,1,1,0,0,0,0.15384615384615385,0,0,0,2
bn_2955,8,51,5.5,1,1,0,0,0,0,0.125,0,0,0,2
bn_2956,11,65,5.0,1,1,1,0,0,0,0.18181818181818182,0,0,0,2
bn_2957,8,47,5.0,1,1,1,0,0,0,0.25,0,0,0,2
bn_2958,6,34,4.833333333333333,1,1,1,0,0,0,0.3333333333333333,0,0,0,2
bn_2959,8,43,4.5,1,1,1,0,0,0,0.25,0,0,0,2
bn_2960,16,85,4.375,1,1,1,0,0,0,0.125,0,0,0,2
bn_2961,10,52,4.3,1,1,1,0,0,0,0.2,0,0,0,2
bn_2962,3,29,9.0,1,1,0,0,0,0,0.3333333333333333,0,0,0,2
bn_2963,14,78,4.642857142857143,1,1,1,0,0,0,0.14285714285714285,0,0,0,2
bn_2964,9,48,4.444444444444445,1,1,1,0,0,0,0.2222222222222222,0,0,0,2
bn_2965,10,65,5.6,1,1,1,0,0,0,0.2,0,0,0,2
bn_2966,5,34,6.0,1,1,0,0,0,0,0.2,0,0,0,2
bn_2967,16,103,5.5,1,1,2,0,0,0,0.1875,0,0,0,2
bn_2968,7,40,4.857142857142857,1,1,0,0,0,0,0.14285714285714285,0,0,0,2
bn_2969,20,100,4.05,1,1,2,0,0,0,0.2,0,0,0,2
bn_2970,7,45,5.571428571428571,1,1,0,0,0,0,0.14285714285714285,0,0,0,2
bn_2971,12,87,6.333333333333333,1,1,1,0,0,0,0.16666666666666666,0,0,0,2
bn_2972,7,40,4.857142857142857,1,1,1,0,0,0,0.2857142857142857,0,0,0,2
bn_2973,3,16,4.666666666666667,1,1,0,0,0,0,0.3333333333333333,0,0,0,2
bn_2974,4,28,6.25,1,1,0,0,0,0,0.25,0,0,0,2
bn_2975,13,64,4.0,1,1,1,0,0,0,0.23076923076923078,0,0,0,2
bn_2976,7,34,4.0,1,1,0,0,0,0,0.14285714285714285,0,0,0,2
bn_2977,11,79,6.2727272727272725,1,1,1,0,0,0,0.18181818181818182,0,0,0,2
bn_2978,11,57,4.2727272727272725,1,1,1,0,0,0,0.18181818181818182,0,0,0,2
bn_2979,4,34,7.75,1,1,0,0,0,0,0.25,0,0,0,2
bn_2980,8,42,4.375,1,1,0,0,0,0,0.125,0,0,0,2
bn_2981,6,37,5.333333333333333,1,1,0,0,0,0,0.16666666666666666,0,0,0,2
bn_2982,6,38,5.5,1,1,0,0,0,0,0.16666666666666666,0,0,0,2
bn_2983,5,38,6.8,1,1,0,0,0,0,0.2,0,0,0,2
bn_2984,6,33,4.666666666666667,1,1,0,0,0,0,0.16666666666666666,0,0,0,2
bn_2985,9,55,5.222222222222222,1,1,1,0,0,0,0.2222222222222222,0,0,0,2
bn_2986,6,34,4.833333333333333,1,1,0,0,0,0,0.16666666666666666,0,0,0,2
bn_2987,5,30,5.2,1,1,0,0,0,0,0.2,0,0,0,2
bn_2988,4,27,6.0,1,1,0,0,0,0,0.25,0,0,0,2
bn_2989,6,34,4.833333333333333,1,1,0,0,0,0,0.16666666666666666,0,0,0,2
bn_2990,8,40,4.125,1,1,1,0,0,0,0.25,0,0,0,2
bn_2991,9,44,4.0,1,1,0,0,0,0,0.1111111111111111,0,0,0,2
bn_2992,5,30,5.2,1,1,0,0,0,0,0.2,0,0,0,2
bn_2993,6,36,5.166666666666667,1,1,0,0,0,0,0.16666666666666666,0,0,0,2
bn_2994,8,39,4.0,1,1,1,0,0,0,0.25,0,0,0,2
bn_2995,8,45,4.75,1,1,1,0,0,0,0.25,0,0,0,2
bn_2996,9,60,5.777777777777778,1,1,1,0,0,0,0.2222222222222222,0,0,0,2
bn_2997,12,63,4.333333333333333,1,1,1,0,0,0,0.16666666666666666,0,0,0,2
bn_2998,6,31,4.333333333333333,1,1,0,0,0,0,0.16666666666666666,0,0,0,2
bn_2999,36,212,4.916666666666667,3,1,2,0,0,0,0.1388888888888889,0,0,0,2
bn_3000,19,101,4.368421052631579,0,0,0,0,0,0,0.0,0,0,1,1
bn_3001,7,40,4.857142857142857,0,0,0,0,0,0,0.0,0,0,0,1
bn_3002,14,80,4.785714285714286,0,0,0,0,1,0,0.07142857142857142,0,0,0,1
bn_3003,17,115,5.823529411764706,2,1,0,0,0,0,0.11764705882352941,0,0,0,1
bn_3004,24,130,4.458333333333333,2,1,0,0,0,0,0.08333333333333333,0,0,1,1
bn_3005,18,98,4.5,1,1,0,0,0,0,0.05555555555555555,0,0,0,1
bn_3006,13,74,4.769230769230769,1,1,0,0,0,0,0.07692307692307693,0,0,0,1
bn_3007,8,35,3.5,0,0,0,0,0,0,0.0,0,0,0,1
bn_3008,18,104,4.833333333333333,2,1,0,0,0,0,0.1111111111111111,0,0,0,1
bn_3009,25,131,4.28,0,0,1,0,0,0,0.04,0,0,0,1
bn_3010,21,100,3.8095238095238093,1,1,0,0,0,0,0.047619047619047616,0,0,1,1
bn_3011,11,54,4.0,0,0,0,0,0,0,0.0,0,0,0,1
bn_3012,10,49,4.0,0,0,0,0,0,0,0.0,0,0,0,1
bn_3013,20,101,4.1,1,1,0,0,0,0,0.05,0,0,0,1
bn_3014,8,40,4.125,0,0,0,0,0,0,0.0,0,0,0,1
bn_3015,19,96,4.105263157894737,0,0,0,0,0,0,0.0,0,0,0,1
bn_3016,8,40,4.125,0,0,0,0,0,0,0.0,0,0,1,1
bn_3017,10,52,4.3,0,0,0,0,0,0,0.0,0,0,1,1
bn_3018,13,65,4.076923076923077,0,0,0,0,0,0,0.0,0,0,0,1
bn_3019,8,37,3.75,0,0,0,0,0,0,0.0,0,0,0,1
bn_3020,17,87,4.176470588235294,0,0,2,0,0,0,0.11764705882352941,0,0,1,1
bn_3022,12,59,4.0,0,0,0,0,0,0,0.0,0,0,0,1
bn_3023,18,84,3.7222222222222223,0,0,1,0,0,0,0.05555555555555555,0,0,0,1
bn_3024,13,76,4.923076923076923,2,1,0,0,0,0,0.15384615384615385,0,0,0,1
bn_3025,22,134,5.136363636363637,0,0,2,0,0,0,0.09090909090909091,0,0,0,1
bn_3027,9,43,3.888888888888889,0,0,0,0,0,0,0.0,0,0,0,1
bn_3028,8,33,3.25,0,0,0,0,0,0,0.0,0,0,0,1
bn_3029,6,41,6.0,0,0,1,0,0,0,0.16666666666666666,0,0,0,1
bn_3030,22,130,4.954545454545454,2,1,1,0,0,0,0.13636363636363635,0,0,0,1
bn_3031,15,87,4.866666666666666,2,1,0,0,1,0,0.2,0,0,0,1
bn_3032,12,82,5.916666666666667,1,1,0,0,1,0,0.25,0,0,0,1
bn_3033,16,94,4.9375,3,1,1,0,0,0,0.25,0,0,1,1
bn_3034,13,84,5.538461538461538,2,1,1,0,0,0,0.23076923076923078,0,0,0,1
bn_3035,14,81,4.857142857142857,2,1,0,0,0,0,0.14285714285714285,0,0,0,1
bn_3036,12,70,4.916666666666667,2,1,0,0,0,0,0.16666666666666666,0,0,0,1
bn_3037,14,89,5.428571428571429,2,1,0,0,0,0,0.14285714285714285,0,0,0,1
bn_3038,16,80,4.0625,1,1,0,0,0,0,0.0625,0,0,0,1
bn_3039,11,55,4.090909090909091,2,1,0,0,0,0,0.18181818181818182,0,0,0,1
bn_3040,11,71,5.545454545454546,1,1,0,0,0,0,0.09090909090909091,0,0,0,1
bn_3041,15,84,4.666666666666667,2,1,0,0,0,0,0.13333333333333333,0,0,0,1
bn_3042,11,66,5.090909090909091,2,1,0,0,0,0,0.18181818181818182,0,0,0,1
bn_3043,11,70,5.454545454545454,1,1,1,0,1,0,0.2727272727272727,0,0,0,1
bn_3044,14,71,4.142857142857143,2,1,0,0,0,0,0.14285714285714285,0,0,0,1
bn_3045,12,75,5.333333333333333,1,1,0,0,0,0,0.08333333333333333,0,0,0,1
bn_3046,9,62,6.0,1,1,0,0,0,0,0.1111111111111111,0,0,0,1
bn_3047,11,74,5.818181818181818,2,1,0,0,0,0,0.18181818181818182,0,0,0,1
bn_3048,11,63,4.818181818181818,2,1,0,0,0,0,0.18181818181818182,0,0,0,1
bn_3049,14,81,4.857142857142857,2,1,0,0,0,0,0.14285714285714285,0,0,0,1
bn_3050,11,63,4.818181818181818,1,1,1,0,0,0,0.18181818181818182,0,0,0,1
bn_3051,12,63,4.333333333333333,2,1,0,0,0,0,0.16666666666666666,0,0,0,1
bn_3052,10,61,5.2,2,1,0,0,0,0,0.2,0,0,0,1
bn_3053,10,59,5.0,1,1,0,0,1,0,0.2,0,0,0,1
bn_3054,11,69,5.363636363636363,2,1,0,0,0,0,0.18181818181818182,0,0,0,1
bn_3055,11,60,4.545454545454546,1,1,0,0,0,0,0.09090909090909091,0,0,0,1
bn_3056,11,62,4.7272727272727275,1,1,1,0,0,0,0.18181818181818182,0,0,0,1
bn_3057,9,61,5.888888888888889,2,1,0,0,0,0,0.3333333333333333,0,0,0,1
bn_3058,9,68,6.666666666666667,1,1,0,0,0,0,0.1111111111111111,0,0,0,1
bn_3059,13,71,4.538461538461538,2,1,0,0,0,0,0.15384615384615385,0,0,0,1
bn_3060,8,50,5.375,2,1,2,0,0,0,0.5,0,0,0,1
bn_3061,9,55,5.222222222222222,2,1,0,0,0,0,0.2222222222222222,0,0,0,1
bn_3062,7,52,6.571428571428571,1,1,0,0,0,0,0.14285714285714285,0,0,0,1
bn_3063,10,60,5.1,1,1,0,0,0,0,0.1,0,0,0,1
bn_3064,7,47,5.857142857142857,1,1,0,0,1,0,0.2857142857142857,0,0,0,1
bn_3065,9,64,6.222222222222222,2,1,0,0,0,0,0.2222222222222222,0,0,0,1
bn_3066,10,71,6.2,1,1,1,0,0,0,0.2,0,0,0,1
bn_3067,9,58,5.555555555555555,2,1,0,0,0,0,0.2222222222222222,0,0,0,1
bn_3068,9,54,5.111111111111111,2,1,0,0,0,0,0.2222222222222222,0,0,0,1
bn_3069,8,49,5.25,2,1,0,0,0,0,0.25,0,0,0,1
bn_3070,8,42,4.375,2,1,0,0,0,0,0.25,0,0,0,1
bn_3071,5,45,8.2,2,1,0,0,0,0,0.4,0,0,0,1
bn_3072,6,38,5.5,1,1,0,0,0,0,0.16666666666666666,0,0,1,1
bn_3073,5,31,5.4,1,1,0,0,0,0,0.2,0,0,0,1
bn_3074,7,42,5.142857142857143,1,1,0,0,0,0,0.14285714285714285,0,0,0,1
bn_3075,9,53,5.0,1,1,0,0,0,0,0.1111111111111111,0,0,0,1
bn_3076,3,28,8.666666666666666,1,1,0,0,0,0,0.3333333333333333,0,0,0,1
bn_3077,5,36,6.4,1,1,0,0,0,0,0.2,0,0,0,1
bn_3078,26,188,6.269230769230769,2,1,2,0,0,0,0.19230769230769232,0,0,0,1
bn_3079,6,32,4.5,1,1,0,0,0,0,0.16666666666666666,0,0,0,1
bn_3080,9,46,4.222222222222222,1,1,0,0,0,0,0.1111111111111111,0,0,0,1
bn_3081,4,25,5.5,1,1,0,0,0,0,0.25,0,0,0,1
bn_3082,29,171,4.931034482758621,3,1,0,0,0,0,0.10344827586206896,0,0,1,1
bn_3083,18,119,5.666666666666667,3,1,2,0,0,0,0.2777777777777778,0,0,0,1
bn_3084,16,99,5.25,2,1,1,0,0,0,0.25,0,0,0,1
bn_3085,12,73,5.166666666666667,2,1,0,0,0,0,0.16666666666666666,0,0,0,1
bn_3086,13,96,6.461538461538462,2,1,0,0,0,0,0.15384615384615385,0,0,0,1
bn_3087,12,65,4.5,2,1,0,0,0,0,0.16666666666666666,0,0,0,1
bn_3088,7,41,5.0,1,1,0,0,0,0,0.14285714285714285,0,0,0,1
bn_3089,34,211,5.235294117647059,3,1,2,0,0,0,0.17647058823529413,0,0,1,1
bn_3090,12,88,6.416666666666667,2,1,0,0,0,0,0.16666666666666666,0,0,0,1
bn_3091,12,77,5.5,2,1,0,0,0,0,0.16666666666666666,0,0,0,1
bn_3092,6,35,5.0,1,1,0,0,0,0,0.16666666666666666,0,0,1,1
bn_3093,4,23,5.0,1,1,0,0,0,0,0.25,0,0,0,1
bn_3094,10,69,6.0,2,1,0,0,0,0,0.2,0,0,0,1
bn_3095,12,79,5.666666666666667,2,1,0,0,0,0,0.16666666666666666,0,0,0,1
bn_3096,5,37,6.6,1,1,0,0,0,0,0.2,0,0,0,1
bn_3097,17,101,5.0,2,1,0,0,0,0,0.11764705882352941,0,0,0,1
bn_3098,14,81,4.857142857142857,2,1,1,0,0,0,0.21428571428571427,0,0,0,1
bn_3099,13,88,5.846153846153846,2,1,0,0,0,0,0.23076923076923078,0,0,0,1
bn_3100,9,51,4.777777777777778,1,1,0,0,1,0,0.2222222222222222,0,0,0,1
bn_3101,13,83,5.461538461538462,2,1,0,0,0,0,0.15384615384615385,0,0,0,1
bn_3102,11,65,5.0,2,1,0,0,0,0,0.18181818181818182,0,0,0,1
bn_3103,10,67,5.8,2,1,0,0,0,0,0.2,0,0,0,1
bn_3104,6,34,4.833333333333333,1,1,0,0,0,0,0.16666666666666666,0,0,0,1
bn_3105,15,85,4.733333333333333,2,1,1,0,0,0,0.26666666666666666,0,0,0,1
bn_3106,15,96,5.466666666666667,2,1,1,0,0,0,0.2,0,0,0,1
bn_3107,15,96,5.466666666666667,2,1,1,0,0,0,0.2,0,0,0,1
bn_3108,12,78,5.583333333333333,2,1,0,0,0,0,0.16666666666666666,0,0,0,1
bn_3109,12,74,5.25,1,1,0,0,0,0,0.16666666666666666,0,0,0,1
bn_3110,14,89,5.428571428571429,2,1,1,0,0,0,0.21428571428571427,0,0,0,1
bn_3111,14,82,4.928571428571429,2,1,0,0,0,0,0.14285714285714285,0,0,0,1
bn_3112,5,27,4.6,1,1,0,0,0,0,0.2,0,0,0,1
bn_3113,13,78,5.076923076923077,2,1,0,0,0,0,0.15384615384615385,0,0,0,1
bn_3114,13,88,5.846153846153846,2,1,0,0,0,0,0.15384615384615385,0,0,0,1
bn_3115,16,92,4.8125,2,1,0,0,0,0,0.125,0,0,0,1
bn_3116,6,37,5.333333333333333,1,1,0,0,0,0,0.16666666666666666,0,0,0,1
bn_3117,14,91,5.571428571428571,2,1,0,0,0,0,0.14285714285714285,0,0,0,1
bn_3118,11,61,4.636363636363637,2,1,1,0,0,0,0.36363636363636365,0,0,0,1
bn_3119,12,83,6.0,2,1,0,0,0,0,0.16666666666666666,0,0,0,1
bn_3120,5,33,5.8,1,1,0,0,0,0,0.2,0,0,0,1
bn_3121,12,76,5.416666666666667,2,1,0,0,0,0,0.16666666666666666,0,0,0,1
bn_3122,12,80,5.75,2,1,0,0,0,0,0.16666666666666666,0,0,0,1
bn_3123,12,78,5.583333333333333,2,1,0,0,0,0,0.16666666666666666,0,0,0,1
bn_3124,5,30,5.2,1,1,0,0,0,0,0.2,0,0,0,1
bn_3125,13,90,6.0,2,1,0,0,0,0,0.15384615384615385,0,0,0,1
bn_3126,12,85,6.166666666666667,2,1,0,0,0,0,0.25,0,0,0,1
bn_3127,10,57,4.8,2,1,0,0,0,0,0.2,0,0,0,1
bn_3128,6,37,5.333333333333333,1,1,1,0,0,0,0.3333333333333333,0,0,0,1
bn_3129,14,77,4.571428571428571,2,1,0,0,0,0,0.14285714285714285,0,0,0,1
bn_3130,10,70,6.1,2,1,0,0,0,0,0.3,0,0,0,1
bn_3131,15,85,4.733333333333333,2,1,0,0,0,0,0.13333333333333333,0,0,0,1
bn_3132,6,31,4.333333333333333,1,1,0,0,0,0,0.16666666666666666,0,0,0,1
bn_3133,13,78,5.076923076923077,2,1,0,0,0,0,0.15384615384615385,0,0,0,1
bn_3134,16,85,4.375,2,1,1,0,0,0,0.25,0,0,0,1
bn_3135,13,76,4.923076923076923,2,1,1,0,0,0,0.23076923076923078,0,0,0,1
bn_3136,5,30,5.2,1,1,0,0,0,0,0.2,0,0,0,1
bn_3137,14,95,5.857142857142857,2,1,1,0,0,0,0.2857142857142857,0,0,0,1
bn_3138,13,98,6.615384615384615,2,1,1,0,0,0,0.23076923076923078,0,0,0,1
bn_3139,14,90,5.5,2,1,1,0,0,0,0.21428571428571427,0,0,0,1
bn_3140,6,36,5.166666666666667,1,1,1,0,0,0,0.3333333333333333,0,0,0,1
bn_3141,8,40,4.125,1,1,1,0,0,0,0.25,0,0,0,1
bn_3142,13,92,6.153846153846154,2,1,0,0,0,0,0.15384615384615385,0,0,0,1
bn_3143,5,38,6.8,1,1,0,0,0,0,0.2,0,0,0,1
bn_3144,15,102,5.866666666666666,2,1,0,0,0,0,0.13333333333333333,0,0,0,1
bn_3145,4,29,6.5,1,1,0,0,0,0,0.25,0,0,0,1
bn_3146,12,74,5.25,2,1,0,0,0,0,0.16666666666666666,0,0,0,1
bn_3147,5,32,5.6,1,1,0,0,0,0,0.2,0,0,0,1
bn_3148,12,90,6.583333333333333,2,1,0,0,0,0,0.16666666666666666,0,0,0,1
bn_3149,4,26,5.75,1,1,0,0,0,0,0.25,0,0,0,1
bn_3150,12,74,5.25,2,1,0,0,0,0,0.16666666666666666,0,0,0,1
bn_3151,6,32,4.5,1,1,0,0,0,0,0.16666666666666666,0,0,0,1
bn_3152,12,79,5.666666666666667,2,1,0,0,0,0,0.16666666666666666,0,0,0,1
bn_3153,5,33,5.8,1,1,0,0,0,0,0.2,0,0,0,1
bn_3154,13,82,5.384615384615385,2,1,1,0,0,0,0.23076923076923078,0,0,0,1
bn_3155,6,34,4.833333333333333,1,1,1,0,0,0,0.3333333333333333,0,0,0,1
bn_3156,11,80,6.363636363636363,2,1,0,0,0,0,0.2727272727272727,0,0,0,1
bn_3157,4,30,6.75,1,1,0,0,0,0,0.25,0,0,0,1
bn_3158,15,81,4.466666666666667,2,1,1,0,0,0,0.2,0,0,0,1
bn_3159,3,21,6.333333333333333,1,1,0,0,0,0,0.3333333333333333,0,0,0,1
bn_3160,14,95,5.857142857142857,2,1,0,0,0,0,0.21428571428571427,0,0,0,1
bn_3161,4,25,5.5,1,1,0,0,0,0,0.25,0,0,0,1
bn_3162,16,80,4.0625,2,1,0,0,0,0,0.125,0,0,0,1
bn_3163,4,21,4.5,1,1,0,0,0,0,0.25,0,0,0,1
bn_3164,14,96,5.928571428571429,2,1,0,0,0,0,0.14285714285714285,0,0,0,1
bn_3165,6,30,4.166666666666667,1,1,0,0,0,0,0.16666666666666666,0,0,0,1
bn_3166,11,74,5.818181818181818,2,1,0,0,0,0,0.18181818181818182,0,0,0,1
bn_3167,4,36,8.25,1,1,0,0,0,0,0.25,0,0,0,1
bn_3168,14,87,5.285714285714286,2,1,0,0,0,0,0.14285714285714285,0,0,0,1
bn_3169,4,19,4.0,1,1,0,0,0,0,0.25,0,0,0,1
bn_3170,12,74,5.25,1,1,0,0,0,0,0.08333333333333333,0,0,0,1
bn_3171,4,22,4.75,1,1,0,0,0,0,0.25,0,0,0,1
bn_3172,13,75,4.846153846153846,2,1,0,0,0,0,0.15384615384615385,0,0,0,1
bn_3173,5,25,4.2,1,1,0,0,0,0,0.2,0,0,0,1
bn_3174,12,62,4.25,1,1,1,0,0,0,0.16666666666666666,0,0,0,1
bn_3175,6,36,5.166666666666667,1,1,0,0,0,0,0.16666666666666666,0,0,0,1
bn_3176,13,76,4.923076923076923,1,1,0,0,0,0,0.07692307692307693,0,0,0,1
bn_3178,13,78,5.076923076923077,2,1,0,0,0,0,0.15384615384615385,0,0,0,1
bn_3180,12,80,5.75,2,1,1,0,0,0,0.25,0,0,0,1
bn_3181,4,29,6.5,1,1,0,0,0,0,0.25,0,0,0,1
bn_3182,9,57,5.444444444444445,1,1,1,0,0,0,0.2222222222222222,0,0,0,1
bn_3183,11,79,6.2727272727272725,2,1,0,0,0,0,0.2727272727272727,0,0,0,1
bn_3184,13,85,5.615384615384615,2,1,0,0,0,0,0.15384615384615385,0,0,0,1
bn_3185,5,31,5.4,1,1,0,0,0,0,0.2,0,0,0,1
bn_3186,14,78,4.642857142857143,2,1,0,0,0,0,0.14285714285714285,0,0,0,1
bn_3187,4,26,5.75,1,1,0,0,0,0,0.25,0,0,0,1
bn_3188,16,89,4.625,2,1,0,0,0,0,0.125,0,0,0,1
bn_3189,4,23,5.0,1,1,0,0,0,0,0.25,0,0,0,1
bn_3190,10,70,6.1,2,1,0,0,0,0,0.2,0,0,0,1
bn_3191,5,30,5.2,1,1,0,0,0,0,0.2,0,0,0,1
bn_3192,15,94,5.333333333333333,2,1,0,0,0,0,0.13333333333333333,0,0,0,1
bn_3193,41,264,5.463414634146342,3,1,2,0,0,0,0.12195121951219512,0,0,1,1
bn_3194,40,256,5.425,4,1,2,0,0,0,0.15,0,0,0,1
bn_3195,6,38,5.5,1,1,0,0,0,0,0.16666666666666666,0,0,0,1
bn_3196,33,230,6.0,3,1,2,0,0,0,0.15151515151515152,0,0,0,1
bn_3197,4,25,5.5,1,1,0,0,0,0,0.5,0,0,0,1
bn_3198,31,216,6.0,3,1,1,0,0,0,0.12903225806451613,0,0,0,1
bn_3199,4,19,4.0,1,1,0,0,0,0,0.25,0,0,0,1
bn_3200,34,237,6.0,3,1,2,0,0,0,0.14705882352941177,0,0,0,1
bn_3201,4,36,8.25,1,1,0,0,0,0,0.5,0,0,0,1
bn_3202,12,74,5.25,1,1,0,0,0,0,0.08333333333333333,0,0,0,1
bn_3203,10,62,5.3,1,1,0,0,0,0,0.1,0,0,0,1
bn_3204,9,68,6.666666666666667,1,1,0,0,0,0,0.1111111111111111,0,0,0,1
bn_3205,4,27,6.0,1,1,0,0,0,0,0.25,0,0,0,1
bn_3206,10,69,6.0,1,1,0,0,0,0,0.1,0,0,0,1
bn_3207,4,20,4.25,1,1,0,0,0,0,0.25,0,0,0,1
bn_3208,9,69,6.777777777777778,1,1,0,0,0,0,0.1111111111111111,0,0,0,1
bn_3209,5,27,4.6,1,1,0,0,0,0,0.2,0,0,0,1
bn_3210,7,42,5.142857142857143,1,1,0,0,0,0,0.14285714285714285,0,0,0,1
bn_3211,4,23,5.0,1,1,0,0,0,0,0.25,0,0,0,1
bn_3212,9,66,6.444444444444445,1,1,0,0,0,0,0.1111111111111111,0,0,0,1
bn_3213,4,22,4.75,1,1,0,0,0,0,0.25,0,0,0,1
bn_3214,7,55,7.0,1,1,0,0,0,0,0.14285714285714285,0,0,0,1
bn_3215,4,22,4.75,1,1,0,0,0,0,0.25,0,0,0,1
bn_3216,8,49,5.25,1,1,0,0,0,0,0.125,0,0,0,1
bn_3217,5,29,5.0,1,1,0,0,0,0,0.2,0,0,0,1
bn_3218,10,67,5.8,1,1,0,0,0,0,0.1,0,0,0,1
bn_3219,4,28,6.25,1,1,0,0,0,0,0.25,0,0,0,1
bn_3220,9,60,5.777777777777778,1,1,1,0,0,0,0.2222222222222222,0,0,0,1
bn_3221,7,52,6.571428571428571,1,1,0,0,0,0,0.14285714285714285,0,0,0,1
bn_3222,10,59,5.0,1,1,0,0,0,0,0.1,0,0,0,1
bn_3223,9,59,5.666666666666667,1,1,0,0,0,0,0.1111111111111111,0,0,0,1
bn_3224,8,46,4.875,1,1,1,0,0,0,0.25,0,0,0,1
bn_3225,7,47,5.857142857142857,1,1,0,0,0,0,0.2857142857142857,0,0,0,1
bn_3226,6,40,5.833333333333333,1,1,1,0,0,0,0.3333333333333333,0,0,0,1
bn_3227,6,49,7.333333333333333,1,1,0,0,0,0,0.16666666666666666,0,0,0,1
bn_3228,4,42,9.75,1,1,0,0,0,0,0.5,0,0,0,1
bn_3229,9,51,4.777777777777778,1,1,1,0,0,0,0.2222222222222222,0,0,0,1
bn_3230,6,45,6.666666666666667,1,1,1,0,0,0,0.3333333333333333,0,0,0,1
bn_3231,9,54,5.111111111111111,1,1,0,0,0,0,0.1111111111111111,0,0,0,1
bn_3232,7,47,5.857142857142857,1,1,0,0,0,0,0.14285714285714285,0,0,0,1
bn_3233,9,62,6.0,1,1,0,0,0,0,0.1111111111111111,0,0,0,1
bn_3234,8,46,4.875,1,1,1,0,0,0,0.25,0,0,0,1
bn_3235,8,65,7.25,1,1,0,0,0,0,0.125,0,0,0,1
bn_3236,11,50,3.6363636363636362,1,1,1,0,0,0,0.18181818181818182,0,0,1,1
bn_3237,8,56,6.125,1,1,0,0,0,0,0.125,0,0,0,1
bn_3238,8,50,5.375,1,1,1,0,0,0,0.25,0,0,0,1
bn_3239,10,52,4.3,1,1,0,0,0,0,0.1,0,0,0,1
bn_3240,7,37,4.428571428571429,1,1,0,0,0,0,0.14285714285714285,0,0,0,1
bn_3241,11,67,5.181818181818182,1,1,1,0,0,0,0.18181818181818182,0,0,0,1
bn_3242,5,40,7.2,1,1,0,0,0,0,0.2,0,0,0,1
bn_3243,7,54,6.857142857142857,1,1,0,0,0,0,0.14285714285714285,0,0,0,1
bn_3244,9,56,5.333333333333333,1,1,1,0,0,0,0.2222222222222222,0,0,0,1
bn_3245,10,65,5.6,1,1,0,0,0,0,0.1,0,0,0,1
bn_3246,5,35,6.2,1,1,0,0,0,0,0.2,0,0,0,1
bn_3247,9,51,4.777777777777778,1,1,0,0,0,0,0.1111111111111111,0,0,0,1
bn_3248,8,51,5.5,1,1,0,0,0,0,0.125,0,0,0,1
bn_3250,6,34,4.833333333333333,1,1,0,0,0,0,0.16666666666666666,0,0,0,1
bn_3251,8,61,6.75,1,1,0,0,0,0,0.125,0,0,0,1
bn_3252,9,55,5.222222222222222,1,1,1,0,0,0,0.2222222222222222,0,0,0,1
bn_3253,7,43,5.285714285714286,1,1,0,0,0,0,0.14285714285714285,0,0,0,1
bn_3254,6,42,6.166666666666667,1,1,0,0,0,0,0.16666666666666666,0,0,1,1
bn_3255,7,49,6.142857142857143,1,1,0,0,0,0,0.14285714285714285,0,0,0,1
bn_3256,5,39,7.0,1,1,1,0,0,0,0.4,0,0,0,1
bn_3257,7,39,4.714285714285714,1,1,0,0,0,0,0.14285714285714285,0,0,0,1
bn_3258,6,44,6.5,1,1,0,0,0,0,0.16666666666666666,0,0,0,1
bn_3259,6,47,7.0,1,1,0,0,0,0,0.16666666666666666,0,0,0,1
bn_3260,7,40,4.857142857142857,1,1,0,0,0,0,0.14285714285714285,0,0,0,1
bn_3261,5,44,8.0,1,1,0,0,0,0,0.2,0,0,0,1
bn_3262,7,35,4.142857142857143,1,1,0,0,0,0,0.14285714285714285,0,0,0,1
bn_3263,8,49,5.25,1,1,0,0,0,0,0.125,0,0,0,1
bn_3264,9,51,4.777777777777778,1,1,1,0,0,0,0.2222222222222222,0,0,0,1
bn_3265,8,61,6.75,1,1,0,0,0,0,0.25,0,0,0,1
bn_3266,8,42,4.375,1,1,0,0,0,0,0.125,0,0,0,1
bn_3267,6,50,7.5,1,1,0,0,0,0,0.16666666666666666,0,0,0,1
bn_3268,5,36,6.4,1,1,0,0,0,0,0.2,0,0,0,1
bn_3269,9,55,5.222222222222222,1,1,1,0,0,0,0.2222222222222222,0,0,0,1
bn_3270,7,39,4.714285714285714,1,1,1,0,0,0,0.2857142857142857,0,0,0,1
bn_3271,6,37,5.333333333333333,1,1,0,0,0,0,0.16666666666666666,0,0,0,1
bn_3272,6,38,5.5,1,1,0,0,0,0,0.16666666666666666,0,0,0,1
bn_3273,8,51,5.5,1,1,0,0,0,0,0.125,0,0,0,1
bn_3274,10,62,5.3,1,1,0,0,0,0,0.1,0,0,0,1
bn_3275,8,60,6.625,1,1,0,0,0,0,0.125,0,0,0,1
bn_3276,4,33,7.5,1,1,0,0,0,0,0.25,0,0,0,1
bn_3277,9,55,5.222222222222222,1,1,0,0,0,0,0.1111111111111111,0,0,0,1
bn_3278,7,34,4.0,1,1,0,0,0,0,0.14285714285714285,0,0,0,1
bn_3279,9,57,5.444444444444445,1,1,0,0,0,0,0.1111111111111111,0,0,0,1
bn_3280,6,34,4.833333333333333,1,1,1,0,0,0,0.3333333333333333,0,0,0,1
bn_3281,6,48,7.166666666666667,1,1,0,0,0,0,0.16666666666666666,0,0,0,1
bn_3282,6,42,6.166666666666667,1,1,0,0,0,0,0.3333333333333333,0,0,0,1
bn_3283,7,55,7.0,1,1,0,0,0,0,0.14285714285714285,0,0,0,1
bn_3284,5,32,5.6,1,1,0,0,0,0,0.2,0,0,0,1
bn_3285,6,52,7.833333333333333,1,1,0,0,0,0,0.16666666666666666,0,0,0,1
bn_3286,6,43,6.333333333333333,1,1,1,0,0,0,0.3333333333333333,0,0,0,1
bn_3287,6,48,7.166666666666667,1,1,0,0,0,0,0.16666666666666666,0,0,0,1
bn_3288,5,31,5.4,1,1,0,0,0,0,0.2,0,0,0,1
bn_3289,9,62,6.0,1,1,0,0,0,0,0.1111111111111111,0,0,0,1
bn_3290,6,42,6.166666666666667,1,1,0,0,0,0,0.16666666666666666,0,0,0,1
bn_3291,7,49,6.142857142857143,1,1,1,0,0,0,0.2857142857142857,0,0,0,1
bn_3292,3,22,6.666666666666667,1,1,0,0,0,0,0.3333333333333333,0,0,0,1
bn_3293,5,36,6.4,1,1,0,0,0,0,0.2,0,0,0,1
bn_3294,3,26,8.0,1,1,0,0,0,0,0.3333333333333333,0,0,0,1
bn_3295,7,53,6.714285714285714,1,1,0,0,0,0,0.14285714285714285,0,0,0,1
bn_3296,5,26,4.4,1,1,0,0,0,0,0.2,0,0,0,1
bn_3297,7,49,6.142857142857143,1,1,0,0,0,0,0.14285714285714285,0,0,0,1
bn_3298,7,39,4.714285714285714,1,1,0,0,0,0,0.14285714285714285,0,0,0,1
bn_3299,6,44,6.5,1,1,0,0,0,0,0.16666666666666666,0,0,0,1
bn_3300,4,33,7.5,1,1,0,0,0,0,0.25,0,0,0,1
bn_3301,8,58,6.375,1,1,0,0,0,0,0.125,0,0,0,1
bn_3302,5,32,5.6,1,1,0,0,0,0,0.2,0,0,0,1
bn_3303,7,41,5.0,1,1,0,0,0,0,0.14285714285714285,0,0,0,1
bn_3304,5,36,6.4,1,1,0,0,0,0,0.2,0,0,0,1
bn_3305,8,55,6.0,1,1,0,0,0,0,0.125,0,0,0,1
bn_3306,8,49,5.25,1,1,0,0,0,0,0.125,0,0,0,1
bn_3307,6,46,6.833333333333333,1,1,0,0,0,0,0.16666666666666666,0,0,0,1
bn_3308,10,50,4.1,1,1,1,0,0,0,0.2,0,0,0,1
bn_3309,9,57,5.444444444444445,1,1,0,0,0,0,0.1111111111111111,0,0,0,1
bn_3310,5,32,5.6,1,1,0,0,0,0,0.4,0,0,0,1
bn_3311,9,57,5.444444444444445,1,1,0,0,0,0,0.1111111111111111,0,0,0,1
bn_3312,9,54,5.111111111111111,1,1,0,0,0,0,0.1111111111111111,0,0,0,1
bn_3313,8,48,5.125,1,1,0,0,0,0,0.125,0,0,0,1
bn_3314,4,25,5.5,1,1,0,0,0,0,0.25,0,0,0,1
bn_3315,5,37,6.6,1,1,0,0,0,0,0.2,0,0,0,1
bn_3316,5,34,6.0,1,1,0,0,0,0,0.2,0,0,0,1
bn_3317,6,43,6.333333333333333,1,1,0,0,0,0,0.16666666666666666,0,0,0,1
bn_3318,5,29,5.0,1,1,0,0,0,0,0.2,0,0,0,1
bn_3319,7,37,4.428571428571429,1,1,0,0,0,0,0.14285714285714285,0,0,0,1
bn_3320,5,34,6.0,1,1,0,0,0,0,0.2,0,0,0,1
bn_3321,5,38,6.8,1,1,0,0,0,0,0.2,0,0,0,1
bn_3322,6,39,5.666666666666667,1,1,0,0,0,0,0.16666666666666666,0,0,0,1
bn_3323,5,32,5.6,1,1,0,0,0,0,0.2,0,0,0,1
bn_3324,6,46,6.833333333333333,1,1,0,0,0,0,0.16666666666666666,0,0,0,1
bn_3325,6,38,5.5,1,1,0,0,0,0,0.3333333333333333,0,0,0,1
bn_3326,5,40,7.2,1,1,0,0,0,0,0.2,0,0,0,1
bn_3327,7,40,4.857142857142857,1,1,1,0,0,0,0.2857142857142857,0,0,0,1
bn_3328,7,49,6.142857142857143,1,1,0,0,0,0,0.14285714285714285,0,0,0,1
bn_3329,5,31,5.4,1,1,0,0,0,0,0.2,0,0,0,1
bn_3330,21,124,4.9523809523809526,3,1,0,0,0,0,0.14285714285714285,0,0,0,1
bn_3331,5,33,5.8,1,1,0,0,0,0,0.2,0,0,0,1
bn_3332,14,98,6.071428571428571,3,1,0,0,0,0,0.21428571428571427,0,0,0,1
bn_3333,7,45,5.571428571428571,1,1,0,0,0,0,0.14285714285714285,0,0,0,1
bn_3334,16,102,5.4375,2,1,1,0,0,0,0.1875,0,0,1,1
bn_3335,4,39,9.0,1,1,0,0,0,0,0.25,0,0,0,1
bn_3336,15,108,6.266666666666667,2,1,0,0,0,0,0.13333333333333333,0,0,0,1
bn_3337,6,46,6.833333333333333,1,1,0,0,0,0,0.16666666666666666,0,0,0,1
bn_3338,16,104,5.5625,2,1,1,0,0,0,0.1875,0,0,0,1
bn_3339,5,34,6.0,1,1,0,0,0,0,0.2,0,0,0,1
bn_3340,15,94,5.333333333333333,2,1,1,0,0,0,0.2,0,0,0,1
bn_3341,5,31,5.4,1,1,0,0,0,0,0.2,0,0,0,1
bn_3342,14,78,4.642857142857143,2,1,1,0,0,0,0.2857142857142857,0,0,0,1
bn_3343,4,38,8.75,1,1,0,0,0,0,0.5,0,0,0,1
bn_3344,15,117,6.866666666666666,2,1,0,0,0,0,0.13333333333333333,0,0,0,1
bn_3345,6,42,6.166666666666667,1,1,0,0,0,0,0.16666666666666666,0,0,0,1
bn_3346,13,94,6.3076923076923075,2,1,0,0,0,0,0.15384615384615385,0,0,0,1
bn_3347,8,53,5.75,1,1,0,0,0,0,0.125,0,0,0,1
bn_3348,16,109,5.875,2,1,0,0,0,0,0.125,0,0,0,1
bn_3349,6,40,5.833333333333333,1,1,1,0,0,0,0.3333333333333333,0,0,0,1
bn_3350,15,97,5.533333333333333,2,1,0,0,0,0,0.13333333333333333,0,0,0,1
bn_3351,6,33,4.666666666666667,1,1,0,0,0,0,0.16666666666666666,0,0,0,1
bn_3352,14,88,5.357142857142857,2,1,1,0,0,0,0.21428571428571427,0,0,0,1
bn_3353,6,29,4.0,1,1,0,0,0,0,0.16666666666666666,0,0,0,1
bn_3354,12,87,6.333333333333333,2,1,0,0,0,0,0.16666666666666666,0,0,0,1
bn_3355,6,39,5.666666666666667,1,1,0,0,0,0,0.16666666666666666,0,0,0,1
bn_3356,13,89,5.923076923076923,2,1,0,0,0,0,0.15384615384615385,0,0,0,1
bn_3357,7,35,4.142857142857143,1,1,0,0,0,0,0.14285714285714285,0,0,0,1
bn_3358,19,112,4.947368421052632,3,1,1,0,0,0,0.21052631578947367,0,0,0,1
bn_3359,5,32,5.6,1,1,0,0,0,0,0.2,0,0,0,1
bn_3360,15,111,6.466666666666667,2,1,0,0,0,0,0.13333333333333333,0,0,0,1
bn_3361,7,47,5.857142857142857,1,1,0,0,0,0,0.14285714285714285,0,0,0,1
bn_3362,15,95,5.4,2,1,0,0,0,0,0.13333333333333333,0,0,0,1
bn_3363,6,40,5.833333333333333,1,1,1,0,0,0,0.5,0,0,0,1
bn_3364,17,96,4.705882352941177,2,1,0,0,0,0,0.11764705882352941,0,0,0,1
bn_3365,4,25,5.5,0,0,0,0,1,0,0.25,0,0,0,1
bn_3366,15,106,6.133333333333334,2,1,0,0,0,0,0.13333333333333333,0,0,0,1
bn_3367,8,44,4.625,1,1,0,0,0,0,0.125,0,0,0,1
bn_3368,16,101,5.375,2,1,1,0,0,0,0.1875,1,0,0,1
bn_3369,4,26,5.75,1,1,0,0,0,0,0.25,0,0,0,1
bn_3370,19,119,5.315789473684211,2,1,0,0,0,0,0.10526315789473684,0,0,0,1
bn_3371,5,30,5.2,1,1,0,0,0,0,0.2,0,0,0,1
bn_3372,15,117,6.866666666666666,3,1,0,0,0,0,0.2,0,0,0,1
bn_3373,7,42,5.142857142857143,1,1,0,0,0,0,0.2857142857142857,0,0,0,1
bn_3374,17,117,5.9411764705882355,2,1,0,0,0,0,0.11764705882352941,0,0,0,1
bn_3375,5,26,4.4,1,1,0,0,0,0,0.2,0,0,0,1
bn_3376,16,111,6.0,2,1,2,0,0,0,0.3125,0,0,0,1
bn_3377,8,46,4.875,1,1,0,0,0,0,0.125,0,0,0,1
bn_3378,15,103,5.933333333333334,3,1,0,0,0,0,0.2,0,0,0,1
bn_3379,4,22,4.75,1,1,0,0,0,0,0.25,0,0,0,1
bn_3380,22,124,4.681818181818182,3,1,0,0,0,0,0.13636363636363635,0,0,0,1
bn_3381,3,24,7.333333333333333,1,1,0,0,0,0,0.3333333333333333,0,0,0,1
bn_3382,24,137,4.75,3,1,1,0,0,0,0.16666666666666666,0,0,1,1
bn_3383,5,27,4.6,1,1,0,0,0,0,0.2,0,0,0,1
bn_3384,17,121,6.176470588235294,3,1,0,0,0,0,0.17647058823529413,0,0,0,1
bn_3385,4,34,7.75,1,1,1,0,0,0,0.75,0,0,0,1
bn_3386,21,140,5.714285714285714,3,1,0,0,0,0,0.14285714285714285,0,0,0,1
bn_3387,4,24,5.25,1,1,0,0,0,0,0.25,0,0,0,1
bn_3388,16,97,5.125,1,1,2,0,0,0,0.25,0,0,0,1
bn_3389,6,38,5.5,1,1,0,0,0,0,0.16666666666666666,0,0,0,1
bn_3390,23,153,5.695652173913044,2,1,0,0,0,0,0.08695652173913043,0,0,0,1
bn_3391,5,37,6.6,1,1,0,0,0,0,0.2,0,0,0,1
bn_3392,19,111,4.894736842105263,2,1,1,0,0,0,0.15789473684210525,0,0,1,1
bn_3393,5,39,7.0,1,1,0,0,0,0,0.2,0,0,0,1
bn_3394,19,131,5.947368421052632,2,1,2,0,0,0,0.2631578947368421,0,0,0,1
bn_3395,4,27,6.0,1,1,0,0,0,0,0.25,0,0,0,1
bn_3396,19,113,5.0,2,1,1,0,0,0,0.15789473684210525,0,0,0,1
bn_3397,3,19,5.666666666666667,1,1,0,0,0,0,0.3333333333333333,0,0,0,1
bn_3398,16,113,6.125,2,1,1,0,0,0,0.1875,0,0,0,1
bn_3399,5,25,4.2,1,1,0,0,0,0,0.2,0,0,0,1
bn_3400,18,122,5.833333333333333,2,1,0,0,0,0,0.16666666666666666,0,0,0,1
bn_3401,5,31,5.4,1,1,0,0,0,0,0.2,0,0,0,1
bn_3402,24,154,5.458333333333333,2,1,0,0,0,0,0.08333333333333333,0,0,0,1
bn_3403,6,34,4.833333333333333,1,1,0,0,0,0,0.16666666666666666,0,0,0,1
bn_3404,29,163,4.655172413793103,3,1,1,0,0,0,0.13793103448275862,0,0,0,1
bn_3405,5,30,5.2,1,1,0,0,0,0,0.2,0,0,0,1
bn_3406,24,164,5.875,3,1,1,0,0,0,0.16666666666666666,0,0,0,1
bn_3407,6,38,5.5,1,1,0,0,0,0,0.16666666666666666,0,0,0,1
bn_3408,22,143,5.545454545454546,2,1,1,0,0,0,0.22727272727272727,0,0,0,1
bn_3409,6,47,7.0,1,1,0,0,0,0,0.16666666666666666,0,0,0,1
bn_3410,26,169,5.538461538461538,3,1,1,0,0,0,0.15384615384615385,0,0,0,1
bn_3411,7,45,5.571428571428571,1,1,2,0,0,0,0.5714285714285714,0,0,0,1
bn_3412,21,151,6.238095238095238,3,1,0,0,0,0,0.14285714285714285,0,0,0,1
bn_3413,5,28,4.8,1,1,0,0,0,0,0.2,0,0,0,1
bn_3414,24,149,5.25,2,1,1,0,0,0,0.125,0,0,0,1
bn_3415,5,29,5.0,1,1,0,0,0,0,0.2,0,0,1,1
bn_3416,23,143,5.260869565217392,2,1,0,0,0,0,0.13043478260869565,0,0,0,1
bn_3417,3,26,8.0,1,1,0,0,0,0,0.6666666666666666,0,0,0,1
bn_3418,23,160,6.0,3,1,1,0,0,0,0.17391304347826086,0,0,1,1
bn_3419,9,62,6.0,2,1,0,0,0,0,0.2222222222222222,0,0,0,1
bn_3420,15,90,5.066666666666666,1,1,1,0,0,0,0.13333333333333333,0,0,0,1
bn_3421,8,50,5.375,2,1,0,0,0,0,0.25,0,0,0,1
bn_3422,10,73,6.4,1,1,1,0,0,0,0.2,0,0,0,1
bn_3423,4,32,7.25,1,1,0,0,0,0,0.25,0,0,0,1
bn_3424,10,67,5.8,1,1,0,0,0,0,0.1,0,0,0,1
bn_3425,5,29,5.0,1,1,0,0,0,0,0.2,0,0,0,1
bn_3426,7,56,7.142857142857143,1,1,0,0,0,0,0.14285714285714285,0,0,0,1
bn_3427,5,34,6.0,1,1,0,0,0,0,0.2,0,0,0,1
bn_3428,12,76,5.416666666666667,1,1,0,0,0,0,0.16666666666666666,0,0,0,1
bn_3429,5,42,7.6,1,1,0,0,0,0,0.2,0,0,0,1
bn_3430,9,63,6.111111111111111,1,1,0,0,0,0,0.1111111111111111,0,0,0,1
bn_3431,4,25,5.5,1,1,0,0,0,0,0.25,0,0,0,1
bn_3432,9,69,6.777777777777778,1,1,0,0,0,0,0.1111111111111111,0,0,0,1
bn_3433,4,36,8.25,1,1,0,0,0,0,0.25,0,0,0,1
bn_3434,10,62,5.3,1,1,0,0,0,0,0.2,0,0,0,1
bn_3435,4,36,8.25,1,1,0,0,0,0,0.25,0,0,0,1
bn_3436,10,49,4.0,1,1,1,0,0,0,0.3,0,0,0,1
bn_3437,7,33,3.857142857142857,1,1,0,0,0,0,0.14285714285714285,0,0,0,1
bn_3438,12,65,4.5,1,1,0,0,0,0,0.08333333333333333,0,0,0,1
bn_3439,4,26,5.75,1,1,0,0,0,0,0.25,0,0,0,1
bn_3440,11,78,6.181818181818182,1,1,1,0,0,0,0.18181818181818182,0,0,0,1
bn_3441,3,23,7.0,1,1,0,0,0,0,0.3333333333333333,0,0,0,1
bn_3442,9,57,5.444444444444445,1,1,0,0,0,0,0.2222222222222222,0,0,0,1
bn_3443,5,40,7.2,1,1,0,0,0,0,0.2,0,0,0,1
bn_3444,12,69,4.833333333333333,1,1,1,0,0,0,0.16666666666666666,0,0,0,1
bn_3445,4,28,6.25,1,1,0,0,0,0,0.25,0,0,0,1
bn_3446,9,49,4.555555555555555,1,1,0,0,0,0,0.1111111111111111,0,0,0,1
bn_3447,3,23,7.0,1,1,0,0,0,0,0.3333333333333333,0,0,0,1
bn_3448,12,72,5.083333333333333,1,1,0,0,0,0,0.08333333333333333,0,0,0,1
bn_3449,5,37,6.6,1,1,0,0,0,0,0.2,0,0,0,1
bn_3450,8,49,5.25,1,1,0,0,0,0,0.125,0,0,0,1
bn_3451,4,35,8.0,1,1,0,0,0,0,0.5,0,0,0,1
bn_3452,7,50,6.285714285714286,1,1,0,0,0,0,0.14285714285714285,0,0,0,1
bn_3453,4,29,6.5,1,1,0,0,0,0,0.25,0,0,0,1
bn_3454,8,47,5.0,1,1,0,0,0,0,0.125,0,0,0,1
bn_3455,5,39,7.0,1,1,0,0,0,0,0.2,0,0,0,1
bn_3456,11,56,4.181818181818182,1,1,1,0,0,0,0.18181818181818182,0,0,0,1
bn_3457,6,38,5.5,1,1,0,0,0,0,0.16666666666666666,0,0,1,1
bn_3458,6,42,6.166666666666667,1,1,0,0,0,0,0.16666666666666666,0,0,0,1
bn_3459,8,52,5.625,1,1,0,0,0,0,0.125,0,0,0,1
bn_3460,5,35,6.2,1,1,0,0,0,0,0.2,0,0,0,1
bn_3461,7,53,6.714285714285714,1,1,0,0,0,0,0.2857142857142857,0,0,0,1
bn_3462,5,33,5.8,1,1,0,0,0,0,0.2,0,0,0,1
bn_3463,11,75,5.909090909090909,1,1,0,0,0,0,0.09090909090909091,0,0,0,1
bn_3464,6,40,5.833333333333333,1,1,0,0,0,0,0.16666666666666666,0,0,0,1
bn_3465,8,72,8.125,1,1,0,0,0,0,0.125,0,0,0,1
bn_3466,5,37,6.6,1,1,0,0,0,0,0.2,0,0,0,1
bn_3467,7,44,5.428571428571429,1,1,0,0,0,0,0.14285714285714285,0,0,0,1
bn_3468,5,38,6.8,1,1,0,0,0,0,0.2,0,0,0,1
bn_3469,7,53,6.714285714285714,1,1,0,0,0,0,0.14285714285714285,0,0,0,1
bn_3470,6,38,5.5,1,1,0,0,0,0,0.16666666666666666,0,0,0,1
bn_3471,9,69,6.777777777777778,1,1,0,0,0,0,0.2222222222222222,0,0,0,1
bn_3472,5,31,5.4,1,1,0,0,0,0,0.2,0,0,0,1
bn_3473,8,62,6.875,1,1,0,0,0,0,0.125,0,0,0,1
bn_3474,4,26,5.75,1,1,0,0,0,0,0.25,0,0,0,1
bn_3475,8,48,5.125,1,1,0,0,0,0,0.125,0,0,0,1
bn_3476,5,35,6.2,1,1,0,0,0,0,0.2,0,0,0,1
bn_3477,8,54,5.875,1,1,0,0,0,0,0.125,0,0,0,1
bn_3478,5,42,7.6,1,1,0,0,0,0,0.2,0,0,0,1
bn_3479,9,66,6.444444444444445,1,1,0,0,0,0,0.1111111111111111,0,0,0,1
bn_3480,6,35,5.0,1,1,0,0,0,0,0.16666666666666666,0,0,0,1
bn_3481,11,80,6.363636363636363,1,1,1,0,0,0,0.18181818181818182,0,0,0,1
bn_3482,5,36,6.4,1,1,0,0,0,0,0.2,0,0,0,1
bn_3483,9,61,5.888888888888889,1,1,0,0,0,0,0.1111111111111111,0,0,0,1
bn_3484,3,24,7.333333333333333,1,1,0,0,0,0,0.3333333333333333,0,0,0,1
bn_3485,7,55,7.0,1,1,0,0,0,0,0.2857142857142857,0,0,0,1
bn_3486,5,32,5.6,1,1,0,0,0,0,0.2,0,0,0,1
bn_3487,8,47,5.0,1,1,0,0,0,0,0.125,0,0,0,1
bn_3488,5,33,5.8,1,1,0,0,0,0,0.2,0,0,0,1
bn_3489,8,51,5.5,0,0,0,0,0,0,0.0,0,0,0,1
bn_3490,3,29,9.0,1,1,0,0,0,0,0.6666666666666666,0,0,0,1
bn_3491,8,72,8.125,1,1,0,0,0,0,0.125,0,0,0,1
bn_3492,4,33,7.5,1,1,0,0,0,0,0.25,0,0,0,1
bn_3493,7,44,5.428571428571429,1,1,0,0,0,0,0.14285714285714285,0,0,0,1
bn_3494,4,23,5.0,1,1,0,0,0,0,0.25,0,0,0,1
bn_3495,8,58,6.375,1,1,0,0,0,0,0.125,0,0,0,1
bn_3496,7,46,5.714285714285714,1,1,0,0,0,0,0.14285714285714285,0,0,0,1
bn_3497,10,65,5.6,1,1,0,0,0,0,0.1,0,0,0,1
bn_3498,6,49,7.333333333333333,1,1,0,0,0,0,0.16666666666666666,0,0,0,1
bn_3499,7,54,6.857142857142857,1,1,0,0,0,0,0.14285714285714285,0,0,0,1
bn_3500,5,29,5.0,1,1,0,0,0,0,0.2,0,0,0,1
bn_3501,11,66,5.090909090909091,1,1,1,0,0,0,0.18181818181818182,0,0,0,1
bn_3502,4,35,8.0,1,1,0,0,0,0,0.25,0,0,0,1
bn_3503,6,34,4.833333333333333,1,1,0,0,0,0,0.16666666666666666,0,0,0,1
bn_3504,5,37,6.6,1,1,0,0,0,0,0.2,0,0,0,1
bn_3505,10,58,4.9,1,1,0,0,0,0,0.1,0,0,0,1
bn_3506,4,28,6.25,1,1,0,0,0,0,0.25,0,0,0,1
bn_3507,10,54,4.5,1,1,0,0,0,0,0.1,0,0,0,1
bn_3508,5,33,5.8,1,1,0,0,0,0,0.2,0,0,0,1
bn_3509,8,55,6.0,1,1,0,0,0,0,0.25,0,0,0,1
bn_3510,4,31,7.0,1,1,0,0,0,0,0.25,0,0,0,1
bn_3511,8,65,7.25,1,1,0,0,0,0,0.25,0,0,0,1
bn_3512,6,42,6.166666666666667,1,1,0,0,0,0,0.16666666666666666,0,0,0,1
bn_3513,9,49,4.555555555555555,1,1,0,0,0,0,0.1111111111111111,0,0,0,1
bn_3514,4,27,6.0,1,1,0,0,0,0,0.25,0,0,0,1
bn_3515,7,47,5.857142857142857,1,1,0,0,0,0,0.14285714285714285,0,0,0,1
bn_3516,4,34,7.75,1,1,0,0,0,0,0.25,0,0,0,1
bn_3517,7,48,6.0,1,1,0,0,0,0,0.14285714285714285,0,0,0,1
bn_3518,6,39,5.666666666666667,1,1,0,0,0,0,0.16666666666666666,0,0,0,1
bn_3519,13,76,4.923076923076923,1,1,1,0,0,0,0.15384615384615385,0,0,0,1
bn_3520,4,33,7.5,1,1,0,0,0,0,0.25,0,0,0,1
bn_3521,19,110,4.842105263157895,2,1,0,0,0,0,0.10526315789473684,0,0,0,1
bn_3522,5,39,7.0,1,1,0,0,0,0,0.2,0,0,0,1
bn_3523,14,81,4.857142857142857,2,1,0,0,0,0,0.14285714285714285,0,0,0,1
bn_3524,4,36,8.25,1,1,0,0,0,0,0.25,0,0,0,1
bn_3525,14,96,5.928571428571429,2,1,0,0,0,0,0.14285714285714285,0,0,0,1
bn_3526,4,29,6.5,1,1,0,0,0,0,0.25,0,0,0,1
bn_3527,17,121,6.176470588235294,2,1,0,0,0,0,0.11764705882352941,0,0,0,1
bn_3529,11,71,5.545454545454546,2,1,0,0,0,0,0.18181818181818182,0,0,0,1
bn_3530,5,32,5.6,1,1,0,0,0,0,0.2,0,0,0,1
bn_3531,14,83,5.0,2,1,0,0,0,0,0.14285714285714285,0,0,0,1
bn_3532,4,26,5.75,1,1,0,0,0,0,0.25,0,0,0,1
bn_3533,12,80,5.75,2,1,0,0,0,0,0.25,0,0,0,1
bn_3534,4,31,7.0,1,1,0,0,0,0,0.25,0,0,0,1
bn_3535,10,68,5.9,1,1,0,0,0,0,0.1,0,0,0,1
bn_3536,4,27,6.0,1,1,0,0,0,0,0.25,0,0,0,1
bn_3537,12,85,6.166666666666667,2,1,0,0,0,0,0.16666666666666666,0,0,0,1
bn_3538,5,40,7.2,1,1,0,0,0,0,0.2,0,0,0,1
bn_3539,11,76,6.0,2,1,0,0,0,0,0.18181818181818182,0,0,0,1
bn_3540,6,43,6.333333333333333,1,1,0,0,0,0,0.16666666666666666,0,0,0,1
bn_3541,11,65,5.0,2,1,0,0,0,0,0.18181818181818182,0,0,0,1
bn_3542,4,30,6.75,1,1,0,0,0,0,0.25,0,0,0,1
bn_3543,11,57,4.2727272727272725,1,1,0,0,0,0,0.09090909090909091,0,0,0,1
bn_3544,5,34,6.0,1,1,0,0,0,0,0.2,0,0,0,1
bn_3545,12,76,5.416666666666667,2,1,0,0,0,0,0.16666666666666666,0,0,0,1
bn_3546,6,49,7.333333333333333,1,1,0,0,0,0,0.16666666666666666,0,0,0,1
bn_3547,12,72,5.083333333333333,2,1,0,0,0,0,0.25,0,0,0,1
bn_3548,4,31,7.0,1,1,0,0,0,0,0.25,0,0,0,1
bn_3549,11,68,5.2727272727272725,2,1,0,0,0,0,0.18181818181818182,0,0,0,1
bn_3550,4,27,6.0,1,1,0,0,0,0,0.25,0,0,0,1
bn_3551,21,136,5.523809523809524,2,1,0,0,0,0,0.09523809523809523,0,0,0,1
bn_3552,5,38,6.8,1,1,0,0,0,0,0.2,0,0,0,1
bn_3553,23,153,5.695652173913044,2,1,0,0,0,0,0.08695652173913043,0,0,0,1
bn_3554,3,27,8.333333333333334,1,1,0,0,0,0,0.3333333333333333,0,0,0,1
bn_3555,26,160,5.1923076923076925,2,1,1,0,0,0,0.11538461538461539,0,0,0,1
bn_3556,6,42,6.166666666666667,1,1,0,0,0,0,0.16666666666666666,0,0,0,1
bn_3557,13,72,4.615384615384615,1,1,2,0,0,0,0.23076923076923078,0,0,0,1
bn_3559,12,91,6.666666666666667,1,1,1,0,0,0,0.16666666666666666,0,0,0,1
bn_3561,9,55,5.222222222222222,1,1,0,0,0,0,0.1111111111111111,0,0,0,1
bn_3563,12,78,5.583333333333333,1,1,1,0,0,0,0.25,0,0,0,1
bn_3564,5,35,6.2,1,1,0,0,0,0,0.2,0,0,0,1
bn_3565,11,65,5.0,1,1,1,0,0,0,0.18181818181818182,0,0,0,1
bn_3567,10,66,5.7,1,1,2,0,0,0,0.3,0,0,0,1
bn_3568,4,31,7.0,1,1,0,0,0,0,0.25,0,0,0,1
bn_3569,9,64,6.222222222222222,1,1,0,0,0,0,0.1111111111111111,0,0,0,1
bn_3570,5,40,7.2,1,1,0,0,0,0,0.2,0,0,0,1
bn_3571,8,63,7.0,1,1,0,0,0,0,0.125,0,0,0,1
bn_3572,5,44,8.0,1,1,0,0,0,0,0.2,0,0,0,1
bn_3573,12,68,4.75,1,1,1,0,0,0,0.16666666666666666,0,0,0,1
bn_3574,6,39,5.666666666666667,1,1,0,0,0,0,0.16666666666666666,0,0,0,1
bn_3575,9,58,5.555555555555555,1,1,0,0,0,0,0.1111111111111111,0,0,0,1
bn_3576,7,43,5.285714285714286,1,1,0,0,0,0,0.14285714285714285,0,0,0,1
bn_3577,10,60,5.1,1,1,1,0,0,0,0.2,0,0,0,1
bn_3578,5,39,7.0,1,1,0,0,0,0,0.2,0,0,0,1
bn_3579,13,86,5.6923076923076925,1,1,1,0,0,0,0.23076923076923078,0,0,0,1
bn_3580,4,36,8.25,1,1,0,0,0,0,0.25,0,0,0,1
bn_3581,14,85,5.142857142857143,1,1,3,0,0,0,0.35714285714285715,0,0,0,1
bn_3582,3,27,8.333333333333334,1,1,0,0,0,0,0.3333333333333333,0,0,0,1
bn_3583,15,87,4.866666666666666,1,1,2,0,0,0,0.2,0,0,0,1
bn_3585,13,79,5.153846153846154,1,1,0,0,0,0,0.15384615384615385,0,0,0,1
bn_3587,10,73,6.4,2,1,0,0,0,0,0.2,0,0,0,1
bn_3588,3,22,6.666666666666667,1,1,0,0,0,0,0.3333333333333333,0,0,0,1
bn_3589,14,82,4.928571428571429,1,1,1,0,0,0,0.14285714285714285,0,0,0,1
bn_3590,6,42,6.166666666666667,1,1,0,0,0,0,0.16666666666666666,0,0,0,1
bn_3591,18,122,5.833333333333333,2,1,2,0,0,0,0.2222222222222222,0,0,0,1
bn_3593,18,111,5.222222222222222,2,1,2,0,0,0,0.2222222222222222,0,0,0,1
bn_3594,4,31,7.0,1,1,0,0,0,0,0.25,0,0,0,1
bn_3595,43,246,4.744186046511628,2,1,3,0,0,0,0.16279069767441862,0,0,1,1
bn_3597,10,50,4.1,1,1,0,0,0,0,0.1,0,0,0,1
bn_3599,31,184,4.967741935483871,2,1,2,0,0,0,0.1935483870967742,0,0,0,1
bn_3600,4,30,6.75,1,1,0,0,0,0,0.25,0,0,0,1
bn_3601,35,202,4.8,3,1,3,0,0,0,0.22857142857142856,0,0,1,1
bn_3602,5,34,6.0,1,1,0,0,0,0,0.2,0,0,0,1
bn_3603,36,206,4.75,2,1,5,0,0,0,0.25,0,0,0,1
bn_3605,35,193,4.542857142857143,1,1,2,0,0,0,0.14285714285714285,0,0,0,1
bn_3607,8,56,6.125,1,1,0,0,0,0,0.125,0,0,0,1
bn_3608,4,32,7.25,1,1,0,0,0,0,0.25,0,0,0,1
bn_3609,4,39,9.0,1,1,0,0,0,0,0.25,0,0,0,1
bn_3610,3,22,6.666666666666667,1,1,0,0,0,0,0.3333333333333333,0,0,0,1
bn_3612,4,32,7.25,1,1,0,0,0,0,0.25,0,0,0,1
bn_3613,8,52,5.625,1,1,0,0,0,0,0.125,0,0,0,1
bn_3615,7,52,6.571428571428571,1,1,0,0,0,0,0.14285714285714285,0,0,0,1
bn_3616,9,50,4.666666666666667,1,1,0,0,0,0,0.1111111111111111,0,0,0,1
bn_3617,5,41,7.4,1,1,0,0,0,0,0.2,0,0,0,1
bn_3618,31,221,6.161290322580645,4,1,0,0,0,0,0.12903225806451613,0,0,0,1
bn_3619,3,26,8.0,1,1,0,0,0,0,0.3333333333333333,0,0,0,1
bn_3620,31,198,5.419354838709677,4,1,0,0,0,0,0.12903225806451613,0,0,1,1
bn_3621,4,34,7.75,1,1,0,0,0,0,0.25,0,0,0,1
bn_3622,35,238,5.828571428571428,4,1,3,0,0,0,0.2,0,0,0,1
bn_3623,5,33,5.8,1,1,0,0,0,0,0.2,0,0,0,1
bn_3624,10,74,6.5,2,1,0,0,0,0,0.2,0,0,0,1
bn_3625,5,33,5.8,1,1,0,0,0,0,0.2,0,0,0,1
bn_3626,7,50,6.285714285714286,1,1,0,0,0,0,0.14285714285714285,0,0,0,1
bn_3628,6,52,7.833333333333333,2,1,0,0,0,0,0.3333333333333333,0,0,0,1
bn_3629,5,35,6.2,1,1,0,0,0,0,0.2,0,0,0,1
bn_3630,31,234,6.580645161290323,4,1,1,0,0,0,0.16129032258064516,0,0,0,1
bn_3631,7,54,6.857142857142857,1,1,0,0,0,0,0.14285714285714285,0,0,0,1
bn_3632,39,280,6.205128205128205,4,1,1,0,0,0,0.1282051282051282,0,0,0,1
bn_3633,4,29,6.5,1,1,0,0,0,0,0.25,0,0,0,1
bn_3635,5,35,6.2,1,1,0,0,0,0,0.2,0,0,0,1
bn_3636,4,32,7.25,1,1,0,0,0,0,0.25,0,0,0,1
bn_3637,5,42,7.6,1,1,0,0,0,0,0.2,0,0,0,1
bn_3640,5,35,6.2,1,1,0,0,0,0,0.2,0,0,0,1
bn_3641,6,36,5.166666666666667,1,1,0,0,0,0,0.16666666666666666,0,0,0,1
bn_3642,5,32,5.6,1,1,0,0,0,0,0.2,0,0,0,1
bn_3643,5,41,7.4,1,1,0,0,0,0,0.2,0,0,0,1
bn_3644,3,25,7.666666666666667,1,1,0,0,0,0,0.3333333333333333,0,0,0,1
bn_3645,6,46,6.833333333333333,1,1,0,0,0,0,0.16666666666666666,0,0,0,1
bn_3647,6,48,7.166666666666667,1,1,0,0,0,0,0.16666666666666666,0,0,0,1
bn_3649,6,46,6.833333333333333,1,1,0,0,0,0,0.16666666666666666,0,0,0,1
bn_3650,6,41,6.0,1,1,0,0,0,0,0.16666666666666666,0,0,0,1
bn_3651,4,35,8.0,1,1,0,0,0,0,0.25,0,0,0,1
bn_3654,5,37,6.6,1,1,0,0,0,0,0.2,0,0,0,1
bn_3655,7,43,5.285714285714286,1,1,0,0,0,0,0.14285714285714285,0,0,0,1
bn_3656,6,42,6.166666666666667,1,1,0,0,0,0,0.16666666666666666,0,0,0,1
bn_3658,5,35,6.2,1,1,0,0,0,0,0.2,0,0,0,1
bn_3659,3,22,6.666666666666667,1,1,0,0,0,0,0.3333333333333333,0,0,0,1
bn_3660,5,35,6.2,1,1,0,0,0,0,0.2,0,0,0,1
bn_3661,4,36,8.25,1,1,0,0,0,0,0.25,0,0,0,1
bn_3662,7,46,5.714285714285714,1,1,0,0,0,0,0.14285714285714285,0,0,0,1
bn_3663,5,30,5.2,1,1,0,0,0,0,0.2,0,0,0,1
bn_3664,5,35,6.2,1,1,0,0,0,0,0.2,0,0,0,1
bn_3665,11,68,5.2727272727272725,1,1,1,0,0,0,0.18181818181818182,0,0,0,0
bn_3667,11,67,5.181818181818182,1,1,1,0,0,0,0.18181818181818182,0,0,0,0
bn_3668,3,20,6.0,1,1,0,0,0,0,0.3333333333333333,0,0,0,0
bn_3669,10,81,7.2,1,1,0,0,0,0,0.2,0,0,0,0
bn_3670,16,90,4.6875,1,1,1,0,0,0,0.125,0,0,0,0
bn_3671,9,52,4.888888888888889,1,1,0,0,0,0,0.1111111111111111,0,0,0,0
bn_3672,12,79,5.666666666666667,1,1,1,0,0,0,0.16666666666666666,0,0,0,0
bn_3673,9,64,6.222222222222222,1,1,0,0,0,0,0.1111111111111111,0,0,0,0
bn_3674,14,77,4.571428571428571,1,1,0,0,0,0,0.07142857142857142,0,0,0,0
bn_3675,8,50,5.375,1,1,1,0,0,0,0.25,0,0,0,0
bn_3676,10,63,5.4,1,1,0,0,0,0,0.2,0,0,0,0
bn_3677,10,72,6.3,1,1,0,0,0,0,0.1,0,0,0,0
bn_3678,13,64,4.0,1,1,0,0,0,0,0.07692307692307693,0,0,0,0
bn_3679,8,60,6.625,1,1,1,0,0,0,0.25,0,0,0,0
bn_3680,13,76,4.923076923076923,1,1,0,0,0,0,0.07692307692307693,0,0,0,0
bn_3681,10,74,6.5,1,1,0,0,0,0,0.2,0,0,0,0
bn_3682,10,67,5.8,1,1,0,0,0,0,0.2,0,0,0,0
bn_3683,10,66,5.7,1,1,0,0,0,0,0.2,0,0,0,0
bn_3684,8,51,5.5,1,1,0,0,0,0,0.125,0,0,0,0
bn_3685,8,64,7.125,1,1,0,0,0,0,0.125,0,0,0,0
bn_3686,10,52,4.3,1,1,1,0,0,0,0.2,0,0,0,0
bn_3687,8,64,7.125,1,1,0,0,0,0,0.25,0,0,0,0
bn_3688,4,21,4.5,1,1,0,0,0,0,0.25,0,0,0,0
bn_3689,6,51,7.666666666666667,1,1,1,0,0,0,0.3333333333333333,0,0,0,0
bn_3690,12,65,4.5,1,1,0,0,0,0,0.08333333333333333,0,0,0,0
bn_3691,6,50,7.5,1,1,0,0,0,0,0.16666666666666666,0,0,0,0
bn_3692,11,66,5.090909090909091,1,1,0,0,0,0,0.09090909090909091,0,0,0,0
bn_3693,9,55,5.222222222222222,1,1,0,0,0,0,0.1111111111111111,0,0,0,0
bn_3694,10,60,5.1,1,1,0,0,0,0,0.1,0,0,0,0
bn_3695,6,42,6.166666666666667,1,1,0,0,0,0,0.16666666666666666,0,0,0,0
bn_3696,10,70,6.1,1,1,0,0,0,0,0.2,0,0,0,0
bn_3697,9,70,6.888888888888889,1,1,0,0,0,0,0.2222222222222222,0,0,0,0
bn_3698,7,50,6.285714285714286,1,1,0,0,0,0,0.14285714285714285,0,0,0,0
bn_3699,11,71,5.545454545454546,1,1,0,0,0,0,0.18181818181818182,0,0,0,0
bn_3700,10,58,4.9,1,1,1,0,0,0,0.2,0,0,0,0
bn_3701,10,58,4.9,1,1,0,0,0,0,0.1,0,0,0,0
bn_3702,11,79,6.2727272727272725,1,1,1,0,0,0,0.18181818181818182,0,0,0,0
bn_3703,9,54,5.111111111111111,1,1,1,0,0,0,0.2222222222222222,0,0,0,0
bn_3704,12,71,5.0,2,1,0,0,0,0,0.16666666666666666,0,0,0,0
bn_3705,5,32,5.6,1,1,0,0,0,0,0.2,0,0,0,0
bn_3706,7,57,7.285714285714286,1,1,0,0,0,0,0.2857142857142857,0,0,0,0
bn_3707,8,51,5.5,1,1,0,0,0,0,0.125,0,0,0,0
bn_3708,8,46,4.875,1,1,0,0,0,0,0.125,0,0,0,0
bn_3709,3,25,7.666666666666667,1,1,0,0,0,0,0.3333333333333333,0,0,0,0
bn_3710,6,47,7.0,1,1,0,0,0,0,0.16666666666666666,0,0,0,0
bn_3711,8,65,7.25,1,1,0,0,0,0,0.125,0,0,0,0
bn_3712,6,48,7.166666666666667,1,1,0,0,0,0,0.16666666666666666,0,0,0,0
bn_3713,11,66,5.090909090909091,1,1,0,0,0,0,0.09090909090909091,0,0,0,0
bn_3714,6,35,5.0,1,1,0,0,0,0,0.16666666666666666,0,0,0,0
bn_3716,9,60,5.777777777777778,1,1,0,0,0,0,0.1111111111111111,0,0,0,0
bn_3717,13,76,4.923076923076923,1,1,1,0,0,0,0.15384615384615385,0,0,0,0
bn_3718,5,39,7.0,1,1,0,0,0,0,0.2,0,0,0,0
bn_3719,13,74,4.769230769230769,1,1,0,0,0,0,0.07692307692307693,0,0,0,0
bn_3720,8,49,5.25,1,1,0,0,0,0,0.25,0,0,0,0
bn_3721,6,46,6.833333333333333,1,1,0,0,0,0,0.16666666666666666,0,0,0,0
bn_3722,7,52,6.571428571428571,1,1,0,0,0,0,0.14285714285714285,0,0,0,0
bn_3723,10,63,5.4,1,1,0,0,0,0,0.1,0,0,0,0
bn_3724,11,57,4.2727272727272725,1,1,0,0,0,0,0.18181818181818182,0,0,0,0
bn_3725,13,71,4.538461538461538,1,1,0,0,0,0,0.15384615384615385,0,0,0,0
bn_3726,8,58,6.375,1,1,0,0,0,0,0.25,0,0,0,0
bn_3727,9,71,7.0,1,1,0,0,0,0,0.1111111111111111,0,0,0,0
bn_3728,7,53,6.714285714285714,1,1,0,0,0,0,0.14285714285714285,0,0,0,0
bn_3729,10,59,5.0,1,1,0,0,0,0,0.1,0,0,0,0
bn_3730,8,41,4.25,1,1,0,0,0,0,0.125,0,0,0,0
bn_3731,11,68,5.2727272727272725,1,1,0,0,0,0,0.09090909090909091,0,0,0,0
bn_3732,5,41,7.4,1,1,0,0,0,0,0.2,0,0,0,0
bn_3733,8,53,5.75,1,1,0,0,0,0,0.25,0,0,0,0
bn_3734,5,45,8.2,1,1,0,0,0,0,0.2,0,0,0,0
bn_3735,11,57,4.2727272727272725,1,1,0,0,0,0,0.09090909090909091,0,0,0,0
bn_3736,8,50,5.375,1,1,0,0,0,0,0.125,0,0,0,0
bn_3737,9,64,6.222222222222222,1,1,0,0,0,0,0.2222222222222222,0,0,0,0
bn_3738,7,48,6.0,1,1,0,0,0,0,0.14285714285714285,0,0,0,0
bn_3739,8,43,4.5,1,1,0,0,0,0,0.125,0,0,0,0
bn_3740,6,42,6.166666666666667,1,1,0,0,0,0,0.16666666666666666,0,0,0,0
bn_3741,10,51,4.2,1,1,0,0,0,0,0.1,0,0,0,0
bn_3742,8,61,6.75,1,1,0,0,0,0,0.125,0,0,0,0
bn_3743,6,50,7.5,1,1,1,0,0,0,0.3333333333333333,0,0,0,0
bn_3744,8,60,6.625,1,1,0,0,0,0,0.25,0,0,0,0
bn_3745,10,64,5.5,1,1,1,0,0,0,0.2,0,0,0,0
bn_3746,8,55,6.0,1,1,0,0,0,0,0.125,0,0,0,0
bn_3747,9,59,5.666666666666667,1,1,0,0,0,0,0.1111111111111111,0,0,0,0
bn_3748,8,50,5.375,1,1,0,0,0,0,0.125,0,0,0,0
bn_3749,6,38,5.5,1,1,0,0,0,0,0.16666666666666666,0,0,0,0
bn_3750,8,48,5.125,1,1,1,0,0,0,0.25,0,0,0,0
bn_3751,11,63,4.818181818181818,1,1,1,0,0,0,0.18181818181818182,0,0,0,0
bn_3752,5,36,6.4,1,1,0,0,0,0,0.2,0,0,0,0
bn_3753,7,51,6.428571428571429,1,1,0,0,0,0,0.14285714285714285,0,0,0,0
bn_3754,7,45,5.571428571428571,1,1,0,0,0,0,0.14285714285714285,0,0,0,0
bn_3755,6,45,6.666666666666667,1,1,0,0,0,0,0.16666666666666666,0,0,0,0
bn_3756,8,58,6.375,1,1,0,0,0,0,0.125,0,0,0,0
bn_3757,8,55,6.0,1,1,0,0,0,0,0.25,0,0,0,0
bn_3758,6,50,7.5,1,1,0,0,0,0,0.16666666666666666,0,0,0,0
bn_3759,10,78,6.9,1,1,0,0,0,0,0.1,0,0,0,0
bn_3760,8,62,6.875,1,1,0,0,0,0,0.25,0,0,0,0
bn_3761,9,58,5.555555555555555,1,1,0,0,0,0,0.2222222222222222,0,0,0,0
bn_3762,5,42,7.6,1,1,0,0,0,0,0.2,0,0,0,0
bn_3763,9,58,5.555555555555555,1,1,0,0,0,0,0.1111111111111111,0,0,0,0
bn_3764,8,46,4.875,1,1,0,0,0,0,0.125,0,0,0,0
bn_3765,6,53,8.0,1,1,0,0,0,0,0.16666666666666666,0,0,0,0
bn_3766,8,60,6.625,1,1,0,0,0,0,0.25,0,0,0,0
bn_3767,10,63,5.4,1,1,0,0,0,0,0.2,0,0,0,0
bn_3768,8,51,5.5,1,1,0,0,0,0,0.125,0,0,0,0
bn_3769,10,57,4.8,1,1,0,0,0,0,0.1,0,0,0,0
bn_3770,8,47,5.0,1,1,0,0,0,0,0.125,0,0,0,0
bn_3771,9,61,5.888888888888889,1,1,0,0,0,0,0.2222222222222222,0,0,0,0
bn_3772,7,52,6.571428571428571,1,1,0,0,0,0,0.14285714285714285,0,0,0,0
bn_3773,3,21,6.333333333333333,1,1,0,0,0,0,0.3333333333333333,0,0,0,0
bn_3774,5,36,6.4,1,1,0,0,0,0,0.2,0,0,0,0
bn_3775,11,63,4.818181818181818,1,1,1,0,0,0,0.18181818181818182,0,0,0,0
bn_3776,8,48,5.125,1,1,0,0,0,0,0.125,0,0,0,0
bn_3777,9,66,6.444444444444445,1,1,0,0,0,0,0.2222222222222222,0,0,0,0
bn_3778,8,52,5.625,1,1,1,0,0,0,0.25,0,0,0,0
bn_3779,11,65,5.0,1,1,1,0,0,0,0.2727272727272727,0,0,0,0
bn_3780,6,43,6.333333333333333,1,1,0,0,0,0,0.16666666666666666,0,0,0,0
bn_3781,11,64,4.909090909090909,1,1,0,0,0,0,0.09090909090909091,0,0,0,0
bn_3782,7,48,6.0,1,1,0,0,0,0,0.14285714285714285,0,0,0,0
bn_3783,13,67,4.230769230769231,1,1,0,0,0,0,0.07692307692307693,0,0,0,0
bn_3784,7,48,6.0,1,1,0,0,0,0,0.14285714285714285,0,0,0,0
bn_3785,11,58,4.363636363636363,1,1,0,0,0,0,0.09090909090909091,0,0,0,0
bn_3786,7,49,6.142857142857143,1,1,0,0,0,0,0.14285714285714285,0,0,0,0
bn_3787,7,54,6.857142857142857,1,1,0,0,0,0,0.2857142857142857,0,0,0,0
bn_3788,9,60,5.777777777777778,1,1,0,0,0,0,0.1111111111111111,0,0,0,0
bn_3789,7,48,6.0,1,1,0,0,0,0,0.2857142857142857,0,0,0,0
bn_3790,6,40,5.833333333333333,1,1,0,0,0,0,0.16666666666666666,0,0,0,0
bn_3791,10,60,5.1,1,1,0,0,0,0,0.1,0,0,0,0
bn_3792,5,36,6.4,1,1,0,0,0,0,0.2,0,0,0,0
bn_3793,10,73,6.4,1,1,0,0,0,0,0.1,0,0,0,0
bn_3794,8,45,4.75,1,1,0,0,0,0,0.125,0,0,0,0
bn_3795,5,34,6.0,1,1,0,0,0,0,0.2,0,0,0,0
bn_3796,5,36,6.4,1,1,0,0,0,0,0.2,0,0,0,0
bn_3797,9,66,6.444444444444445,1,1,0,0,0,0,0.1111111111111111,0,0,0,0
bn_3798,7,59,7.571428571428571,1,1,0,0,0,0,0.14285714285714285,0,0,0,0
bn_3799,5,38,6.8,1,1,0,0,0,0,0.2,0,0,0,0
bn_3800,7,45,5.571428571428571,1,1,0,0,0,0,0.14285714285714285,0,0,0,0
bn_3801,6,41,6.0,1,1,0,0,0,0,0.16666666666666666,0,0,0,0
bn_3802,8,52,5.625,1,1,0,0,0,0,0.125,0,0,0,0
bn_3803,13,65,4.076923076923077,1,1,0,0,0,0,0.07692307692307693,0,0,0,0
bn_3804,8,51,5.5,1,1,0,0,0,0,0.125,0,0,0,0
bn_3805,10,60,5.1,1,1,0,0,0,0,0.1,0,0,0,0
bn_3806,7,54,6.857142857142857,1,1,0,0,0,0,0.14285714285714285,0,0,0,0
bn_3807,6,40,5.833333333333333,1,1,0,0,0,0,0.16666666666666666,0,0,0,0
bn_3808,7,46,5.714285714285714,1,1,0,0,0,0,0.14285714285714285,0,0,0,0
bn_3809,10,58,4.9,1,1,1,0,0,0,0.2,0,0,0,0
bn_3810,7,61,7.857142857142857,1,1,1,0,0,0,0.2857142857142857,0,0,0,0
bn_3811,7,40,4.857142857142857,1,1,0,0,0,0,0.14285714285714285,0,0,0,0
bn_3812,6,46,6.833333333333333,1,1,0,0,0,0,0.16666666666666666,0,0,0,0
bn_3813,6,38,5.5,1,1,0,0,0,0,0.16666666666666666,0,0,0,0
bn_3814,6,46,6.833333333333333,1,1,0,0,0,0,0.16666666666666666,0,0,0,0
bn_3815,8,46,4.875,1,1,0,0,0,0,0.125,0,0,0,0
bn_3816,7,51,6.428571428571429,1,1,0,0,0,0,0.14285714285714285,0,0,0,0
bn_3817,9,50,4.666666666666667,1,1,0,0,0,0,0.1111111111111111,0,0,0,0
bn_3818,7,42,5.142857142857143,1,1,0,0,0,0,0.14285714285714285,0,0,0,0
bn_3819,9,51,4.777777777777778,1,1,0,0,0,0,0.1111111111111111,0,0,0,0
bn_3820,6,42,6.166666666666667,1,1,0,0,0,0,0.16666666666666666,0,0,0,0
bn_3821,8,48,5.125,1,1,1,0,0,0,0.375,0,0,0,0
bn_3822,6,51,7.666666666666667,1,1,0,0,0,0,0.16666666666666666,0,0,0,0
bn_3823,8,55,6.0,1,1,0,0,0,0,0.125,0,0,0,0
bn_3824,7,47,5.857142857142857,1,1,0,0,0,0,0.14285714285714285,0,0,0,0
bn_3825,9,46,4.222222222222222,1,1,0,0,0,0,0.1111111111111111,0,0,0,0
bn_3827,8,51,5.5,1,1,0,0,0,0,0.125,0,0,0,0
bn_3828,7,50,6.285714285714286,1,1,0,0,0,0,0.2857142857142857,0,0,0,0
bn_3829,6,39,5.666666666666667,1,1,0,0,0,0,0.16666666666666666,0,0,0,0
bn_3830,4,39,9.0,1,1,0,0,0,0,0.25,0,0,0,0
bn_3831,9,59,5.666666666666667,1,1,0,0,0,0,0.1111111111111111,0,0,0,0
bn_3832,5,50,9.2,1,1,0,0,0,0,0.2,0,0,0,0
bn_3833,5,31,5.4,1,1,0,0,0,0,0.2,0,0,0,0
bn_3835,5,37,6.6,1,1,0,0,0,0,0.2,0,0,0,0
bn_3836,7,53,6.714285714285714,1,1,0,0,0,0,0.14285714285714285,0,0,0,0
bn_3837,8,48,5.125,1,1,1,0,0,0,0.25,0,0,0,0
bn_3838,10,65,5.6,1,1,1,0,0,0,0.2,0,0,0,0
bn_3839,3,27,8.333333333333334,1,1,0,0,0,0,0.3333333333333333,0,0,0,0
bn_3840,10,66,5.7,1,1,0,0,0,0,0.1,0,0,0,0
bn_3841,6,42,6.166666666666667,1,1,0,0,0,0,0.16666666666666666,0,0,0,0
bn_3842,8,62,6.875,1,1,0,0,0,0,0.125,0,0,0,0
bn_3843,9,66,6.444444444444445,1,1,1,0,0,0,0.2222222222222222,0,0,0,0
bn_3844,6,40,5.833333333333333,1,1,0,0,0,0,0.16666666666666666,0,0,0,0
bn_3845,7,45,5.571428571428571,1,1,0,0,0,0,0.14285714285714285,0,0,0,0
bn_3846,8,41,4.25,1,1,1,0,0,0,0.25,0,0,0,0
bn_3847,4,28,6.25,1,1,0,0,0,0,0.25,0,0,0,0
bn_3848,4,38,8.75,1,1,0,0,0,0,0.25,0,0,0,0
bn_3849,6,39,5.666666666666667,1,1,0,0,0,0,0.16666666666666666,0,0,0,0
bn_3850,5,34,6.0,1,1,0,0,0,0,0.2,0,0,0,0
bn_3851,7,40,4.857142857142857,1,1,0,0,0,0,0.14285714285714285,0,0,0,0
bn_3852,6,49,7.333333333333333,1,1,0,0,0,0,0.16666666666666666,0,0,0,0
bn_3853,8,41,4.25,1,1,0,0,0,0,0.125,0,0,0,0
bn_3854,4,34,7.75,1,1,0,0,0,0,0.25,0,0,0,0
bn_3855,6,48,7.166666666666667,1,1,0,0,0,0,0.16666666666666666,0,0,0,0
bn_3856,6,42,6.166666666666667,1,1,0,0,0,0,0.16666666666666666,0,0,0,0
bn_3857,6,44,6.5,1,1,0,0,0,0,0.16666666666666666,0,0,0,0
bn_3858,5,33,5.8,1,1,0,0,0,0,0.2,0,0,0,0
bn_3859,5,37,6.6,1,1,0,0,0,0,0.2,0,0,0,0
bn_3860,7,41,5.0,1,1,0,0,0,0,0.14285714285714285,0,0,0,0
bn_3861,5,38,6.8,1,1,0,0,0,0,0.4,0,0,0,0
bn_3862,12,64,4.416666666666667,1,1,0,0,0,0,0.08333333333333333,0,0,0,0
bn_3863,12,70,4.916666666666667,1,1,1,0,0,0,0.16666666666666666,0,0,0,0
bn_3864,5,47,8.6,1,1,0,0,0,0,0.2,0,0,0,0
bn_3865,6,50,7.5,1,1,0,0,0,0,0.16666666666666666,0,0,0,0
bn_3866,9,57,5.444444444444445,1,1,0,0,0,0,0.2222222222222222,0,0,0,0
bn_3867,7,50,6.285714285714286,1,1,0,0,0,0,0.14285714285714285,0,0,0,0
bn_3868,12,62,4.25,1,1,0,0,0,0,0.08333333333333333,0,0,0,0
bn_3869,9,54,5.111111111111111,1,1,0,0,0,0,0.1111111111111111,0,0,0,0
bn_3870,6,41,6.0,1,1,0,0,0,0,0.3333333333333333,0,0,0,0
bn_3871,7,49,6.142857142857143,1,1,0,0,0,0,0.14285714285714285,0,0,0,0
bn_3872,5,40,7.2,1,1,0,0,0,0,0.2,0,0,0,0
bn_3873,5,38,6.8,1,1,0,0,0,0,0.2,0,0,0,0
bn_3874,4,39,9.0,1,1,0,0,0,0,0.25,0,0,0,0
bn_3875,6,47,7.0,1,1,0,0,0,0,0.16666666666666666,0,0,0,0
bn_3876,5,37,6.6,1,1,0,0,0,0,0.2,0,0,0,0
bn_3877,6,44,6.5,1,1,0,0,0,0,0.16666666666666666,0,0,0,0
bn_3878,7,46,5.714285714285714,1,1,0,0,0,0,0.14285714285714285,0,0,0,0
bn_3879,8,49,5.25,1,1,0,0,0,0,0.125,0,0,0,0
bn_3880,5,33,5.8,1,1,0,0,0,0,0.2,0,0,0,0
bn_3881,8,47,5.0,1,1,0,0,0,0,0.125,0,0,0,0
bn_3882,5,34,6.0,1,1,0,0,0,0,0.2,0,0,0,0
bn_3884,9,47,4.333333333333333,1,1,0,0,0,0,0.1111111111111111,0,0,0,0
bn_3885,7,51,6.428571428571429,1,1,0,0,0,0,0.14285714285714285,0,0,0,0
bn_3886,13,63,3.923076923076923,1,1,0,0,0,0,0.07692307692307693,0,0,0,0
bn_3887,5,40,7.2,1,1,0,0,0,0,0.2,0,0,0,0
bn_3888,7,47,5.857142857142857,1,1,0,0,0,0,0.14285714285714285,0,0,0,0
bn_3889,6,50,7.5,1,1,0,0,0,0,0.16666666666666666,0,0,0,0
bn_3890,4,38,8.75,1,1,0,0,0,0,0.25,0,0,0,0
bn_3891,6,39,5.666666666666667,1,1,0,0,0,0,0.16666666666666666,0,0,0,0
bn_3892,4,23,5.0,1,1,0,0,0,0,0.25,0,0,0,0
bn_3893,5,37,6.6,1,1,0,0,0,0,0.2,0,0,0,0
bn_3894,6,38,5.5,1,1,0,0,0,0,0.16666666666666666,0,0,0,0
bn_3895,6,44,6.5,1,1,0,0,0,0,0.16666666666666666,0,0,0,0
bn_3896,9,60,5.777777777777778,1,1,1,0,0,0,0.2222222222222222,0,0,0,0
bn_3897,5,41,7.4,1,1,0,0,0,0,0.2,0,0,0,0
bn_3898,7,48,6.0,1,1,0,0,0,0,0.14285714285714285,0,0,0,0
bn_3899,9,54,5.111111111111111,1,1,0,0,0,0,0.1111111111111111,0,0,0,0
bn_3900,5,39,7.0,1,1,0,0,0,0,0.2,0,0,0,0
bn_3901,5,29,5.0,1,1,0,0,0,0,0.2,0,0,0,0
bn_3902,4,23,5.0,1,1,0,0,0,0,0.25,0,0,0,0
bn_3903,4,34,7.75,1,1,0,0,0,0,0.25,0,0,0,0
bn_3904,7,36,4.285714285714286,1,1,0,0,0,0,0.14285714285714285,0,0,0,0
bn_3905,8,55,6.0,1,1,1,0,0,0,0.25,0,0,0,0
bn_3906,6,44,6.5,1,1,0,0,0,0,0.16666666666666666,0,0,0,0
bn_3907,3,21,6.333333333333333,1,1,0,0,0,0,0.3333333333333333,0,0,0,0
bn_3908,5,30,5.2,1,1,0,0,0,0,0.2,0,0,0,0
bn_3909,7,50,6.285714285714286,1,1,0,0,0,0,0.14285714285714285,0,0,0,0
bn_3910,5,40,7.2,1,1,0,0,0,0,0.2,0,0,0,0
bn_3911,5,37,6.6,1,1,0,0,0,0,0.2,0,0,0,0
bn_3912,6,48,7.166666666666667,1,1,0,0,0,0,0.16666666666666666,0,0,0,0
bn_3913,3,33,10.333333333333334,1,1,0,0,0,0,0.3333333333333333,0,0,0,0
bn_3914,10,50,4.1,1,1,1,0,0,0,0.2,0,0,0,0
bn_3915,4,32,7.25,1,1,0,0,0,0,0.25,0,0,0,0
bn_3916,4,43,10.0,1,1,0,0,0,0,0.25,0,0,0,0
bn_3917,7,38,4.571428571428571,1,1,0,0,0,0,0.14285714285714285,0,0,0,0
bn_3918,8,49,5.25,1,1,1,0,0,0,0.25,0,0,0,0
bn_3920,7,48,6.0,1,1,0,0,0,0,0.14285714285714285,0,0,0,0
bn_3921,5,38,6.8,1,1,0,0,0,0,0.2,0,0,0,0
bn_3922,5,37,6.6,1,1,0,0,0,0,0.2,0,0,0,0
bn_3923,7,40,4.857142857142857,1,1,0,0,0,0,0.14285714285714285,0,0,0,0
bn_3924,7,57,7.285714285714286,1,1,0,0,0,0,0.14285714285714285,0,0,0,0
bn_3925,4,34,7.75,1,1,0,0,0,0,0.25,0,0,0,0
bn_3926,11,57,4.2727272727272725,1,1,1,0,0,0,0.18181818181818182,0,0,0,0
bn_3927,4,34,7.75,1,1,0,0,0,0,0.25,0,0,0,0
bn_3928,9,54,5.111111111111111,1,1,1,0,0,0,0.2222222222222222,0,0,0,0
bn_3929,4,35,8.0,1,1,0,0,0,0,0.25,0,0,0,0
bn_3930,6,40,5.833333333333333,1,1,0,0,0,0,0.16666666666666666,0,0,0,0
bn_3931,3,27,8.333333333333334,1,1,0,0,0,0,0.3333333333333333,0,0,0,0
bn_3932,8,46,4.875,1,1,0,0,0,0,0.125,0,0,0,0
bn_3933,7,42,5.142857142857143,1,1,0,0,0,0,0.14285714285714285,0,0,0,0
bn_3934,3,27,8.333333333333334,1,1,0,0,0,0,0.3333333333333333,0,0,0,0
bn_3935,6,49,7.333333333333333,1,1,0,0,0,0,0.16666666666666666,0,0,0,0
bn_3936,9,52,4.888888888888889,1,1,0,0,0,0,0.1111111111111111,0,0,0,0
bn_3937,3,20,6.0,1,1,0,0,0,0,0.3333333333333333,0,0,0,0
bn_3938,7,39,4.714285714285714,1,1,0,0,0,0,0.14285714285714285,0,0,0,0
bn_3940,6,38,5.5,1,1,0,0,0,0,0.16666666666666666,0,0,0,0
bn_3942,5,38,6.8,1,1,0,0,0,0,0.4,0,0,0,0
bn_3943,8,48,5.125,1,1,0,0,0,0,0.125,0,0,0,0
bn_3944,6,41,6.0,1,1,0,0,0,0,0.16666666666666666,0,0,0,0
bn_3945,5,35,6.2,1,1,0,0,0,0,0.2,0,0,0,0
bn_3946,7,50,6.285714285714286,1,1,0,0,0,0,0.14285714285714285,0,0,0,0
bn_3948,5,36,6.4,1,1,0,0,0,0,0.2,0,0,0,0
bn_3949,4,30,6.75,1,1,0,0,0,0,0.25,0,0,0,0
bn_3950,8,45,4.75,1,1,0,0,0,0,0.125,0,0,0,0
bn_3951,4,30,6.75,1,1,0,0,0,0,0.25,0,0,0,0
bn_3952,5,31,5.4,1,1,0,0,0,0,0.2,0,0,0,0
bn_3953,3,31,9.666666666666666,1,1,0,0,0,0,0.3333333333333333,0,0,0,0
bn_3954,7,43,5.285714285714286,1,1,0,0,0,0,0.14285714285714285,0,0,0,0
bn_3955,6,36,5.166666666666667,1,1,0,0,0,0,0.16666666666666666,0,0,0,0
bn_3956,5,40,7.2,1,1,0,0,0,0,0.2,0,0,0,0
bn_3957,4,33,7.5,1,1,0,0,0,0,0.25,0,0,0,0
bn_3958,10,61,5.2,1,1,2,0,0,0,0.3,0,0,0,0
bn_3959,6,39,5.666666666666667,1,1,0,0,0,0,0.16666666666666666,0,0,0,0
bn_3960,8,55,6.0,1,1,0,0,0,0,0.125,0,0,0,0
bn_3961,4,35,8.0,1,1,0,0,0,0,0.25,0,0,0,0
bn_3962,14,88,5.357142857142857,1,1,0,0,0,0,0.14285714285714285,0,0,0,0
bn_3963,4,30,6.75,1,1,0,0,0,0,0.25,0,0,0,0
bn_3964,11,72,5.636363636363637,1,1,1,0,0,0,0.18181818181818182,0,0,0,0
bn_3965,5,36,6.4,1,1,0,0,0,0,0.2,0,0,0,0
bn_3966,8,54,5.875,1,1,0,0,0,0,0.125,0,0,0,0
bn_3967,8,45,4.75,1,1,1,0,0,0,0.25,0,0,0,0
bn_3968,10,65,5.6,1,1,1,0,0,0,0.2,0,0,0,0
bn_3969,4,32,7.25,1,1,0,0,0,0,0.25,0,0,0,0
bn_3970,11,69,5.363636363636363,1,1,0,0,0,0,0.09090909090909091,0,0,0,0
bn_3971,8,48,5.125,1,1,0,0,0,0,0.25,0,0,0,0
bn_3972,9,57,5.444444444444445,1,1,0,0,0,0,0.1111111111111111,0,0,0,0
bn_3973,7,47,5.857142857142857,1,1,1,0,0,0,0.2857142857142857,0,0,0,0
bn_3974,4,33,7.5,1,1,0,0,0,0,0.25,0,0,0,0
bn_3975,9,57,5.444444444444445,1,1,0,0,0,0,0.1111111111111111,0,0,0,0
bn_3976,8,53,5.75,1,1,0,0,0,0,0.125,0,0,0,0
bn_3977,9,60,5.777777777777778,1,1,0,0,0,0,0.1111111111111111,0,0,0,0
bn_3978,6,53,8.0,1,1,0,0,0,0,0.16666666666666666,0,0,0,0
bn_3979,6,33,4.666666666666667,1,1,0,0,0,0,0.16666666666666666,0,0,0,0
bn_3980,5,28,4.8,1,1,0,0,0,0,0.2,0,0,0,0
bn_3981,8,50,5.375,1,1,1,0,0,0,0.25,0,0,0,0
bn_3982,10,58,4.9,1,1,0,0,0,0,0.1,0,0,0,0
bn_3983,6,38,5.5,1,1,0,0,0,0,0.16666666666666666,0,0,0,0
bn_3984,8,47,5.0,1,1,0,0,0,0,0.25,0,0,0,0
bn_3986,13,76,4.923076923076923,1,1,0,0,0,0,0.07692307692307693,0,0,0,0
bn_3987,5,41,7.4,1,1,0,0,0,0,0.2,0,0,0,0
bn_3988,18,101,4.666666666666667,1,1,1,0,0,0,0.1111111111111111,0,0,0,0
bn_3989,7,42,5.142857142857143,1,1,0,0,0,0,0.14285714285714285,0,0,0,0
bn_3990,13,78,5.076923076923077,1,1,1,0,0,0,0.15384615384615385,0,0,0,0
bn_3991,10,57,4.8,1,1,0,0,0,0,0.1,0,0,0,0
bn_3992,7,59,7.571428571428571,1,1,1,0,0,0,0.2857142857142857,0,0,0,0
bn_3993,4,40,9.25,1,1,0,0,0,0,0.25,0,0,0,0
bn_3994,11,61,4.636363636363637,1,1,0,0,0,0,0.09090909090909091,0,0,0,0
bn_3995,5,38,6.8,1,1,0,0,0,0,0.2,0,0,0,0
bn_3996,9,60,5.777777777777778,1,1,0,0,0,0,0.1111111111111111,0,0,0,0
bn_3998,9,62,6.0,1,1,1,0,0,0,0.2222222222222222,0,0,0,0
bn_3999,5,39,7.0,1,1,0,0,0,0,0.2,0,0,0,0
bn_4000,9,61,5.888888888888889,1,1,0,0,0,0,0.1111111111111111,0,0,0,0
bn_4001,8,51,5.5,1,1,0,0,0,0,0.125,0,0,0,0
bn_4002,11,64,4.909090909090909,1,1,0,0,0,0,0.09090909090909091,0,0,0,0
bn_4004,11,65,5.0,1,1,1,0,0,0,0.18181818181818182,0,0,0,0
bn_4005,6,44,6.5,1,1,0,0,0,0,0.16666666666666666,0,0,0,0
bn_4006,9,60,5.777777777777778,1,1,0,0,0,0,0.2222222222222222,0,0,0,0
bn_4008,9,55,5.222222222222222,1,1,1,0,0,0,0.2222222222222222,0,0,0,0
bn_4009,4,26,5.75,1,1,0,0,0,0,0.25,0,0,0,0
bn_4010,8,47,5.0,1,1,1,0,0,0,0.25,0,0,0,0
bn_4012,7,62,8.0,1,1,0,0,0,0,0.2857142857142857,0,0,0,0
bn_4013,3,26,8.0,1,1,0,0,0,0,0.3333333333333333,0,0,0,0
bn_4014,7,52,6.571428571428571,1,1,0,0,0,0,0.2857142857142857,0,0,0,0
bn_4015,3,23,7.0,1,1,0,0,0,0,0.3333333333333333,0,0,0,0
bn_4016,8,56,6.125,1,1,0,0,0,0,0.125,0,0,0,0
bn_4018,8,59,6.5,1,1,0,0,0,0,0.125,0,0,0,0
bn_4019,5,38,6.8,1,1,0,0,0,0,0.2,0,0,0,0
bn_4020,7,44,5.428571428571429,1,1,0,0,0,0,0.14285714285714285,0,0,0,0
bn_4021,4,29,6.5,1,1,0,0,0,0,0.25,0,0,0,0
bn_4022,6,44,6.5,1,1,0,0,0,0,0.16666666666666666,0,0,0,0
bn_4024,8,58,6.375,1,1,0,0,0,0,0.125,0,0,0,0
bn_4025,3,24,7.333333333333333,1,1,0,0,0,0,0.3333333333333333,0,0,0,0
bn_4026,6,41,6.0,1,1,0,0,0,0,0.16666666666666666,0,0,0,0
bn_4027,6,30,4.166666666666667,1,1,0,0,0,0,0.16666666666666666,0,0,0,0
bn_4028,10,67,5.8,1,1,0,0,0,0,0.2,0,0,0,0
bn_4029,6,41,6.0,1,1,0,0,0,0,0.16666666666666666,0,0,0,0
bn_4030,10,58,4.9,1,1,0,0,0,0,0.1,0,0,0,0
bn_4031,4,30,6.75,1,1,0,0,0,0,0.25,0,0,0,0
bn_4032,10,56,4.7,1,1,1,0,0,0,0.3,0,0,0,0
bn_4033,6,32,4.5,1,1,0,0,0,0,0.16666666666666666,0,0,0,0
bn_4034,9,55,5.222222222222222,1,1,0,0,0,0,0.1111111111111111,0,0,0,0
bn_4035,3,27,8.333333333333334,1,1,0,0,0,0,0.3333333333333333,0,0,0,0
bn_4036,8,51,5.5,1,1,0,0,0,0,0.125,0,0,0,0
bn_4037,3,26,8.0,1,1,0,0,0,0,0.3333333333333333,0,0,0,0
bn_4038,11,61,4.636363636363637,1,1,0,0,0,0,0.09090909090909091,0,0,0,0
bn_4040,7,52,6.571428571428571,1,1,0,0,0,0,0.14285714285714285,0,0,0,0
bn_4042,9,46,4.222222222222222,1,1,0,0,0,0,0.1111111111111111,0,0,0,0
bn_4043,6,34,4.833333333333333,1,1,0,0,0,0,0.16666666666666666,0,0,0,0
bn_4044,9,62,6.0,1,1,0,0,0,0,0.1111111111111111,0,0,0,0
bn_4045,5,41,7.4,1,1,0,0,0,0,0.2,0,0,0,0
bn_4046,7,48,6.0,1,1,1,0,0,0,0.2857142857142857,0,0,0,0
bn_4048,10,55,4.6,1,1,0,0,0,0,0.1,0,0,0,0
bn_4049,5,35,6.2,1,1,0,0,0,0,0.2,0,0,0,0
bn_4050,8,51,5.5,1,1,0,0,0,0,0.125,0,0,0,0
bn_4051,6,40,5.833333333333333,1,1,0,0,0,0,0.16666666666666666,0,0,0,0
bn_4052,11,66,5.090909090909091,0,0,0,0,0,0,0.09090909090909091,0,0,0,0
bn_4053,3,19,5.666666666666667,1,1,0,0,0,0,0.3333333333333333,0,0,0,0
bn_4054,6,33,4.666666666666667,1,1,0,0,0,0,0.16666666666666666,0,0,0,0
bn_4055,4,23,5.0,1,1,0,0,0,0,0.25,0,0,0,0
bn_4056,11,71,5.545454545454546,1,1,1,0,0,0,0.18181818181818182,0,0,0,0
bn_4057,6,34,4.833333333333333,1,1,0,0,0,0,0.16666666666666666,0,0,0,0
bn_4058,7,41,5.0,1,1,0,0,0,0,0.14285714285714285,0,0,0,0
bn_4059,4,26,5.75,1,1,0,0,0,0,0.25,0,0,0,0
bn_4060,8,39,4.0,1,1,0,0,0,0,0.125,0,0,0,0
bn_4061,3,22,6.666666666666667,1,1,0,0,0,0,0.3333333333333333,0,0,0,0
bn_4062,7,48,6.0,1,1,0,0,0,0,0.14285714285714285,0,0,0,0
bn_4064,7,58,7.428571428571429,1,1,0,0,0,0,0.2857142857142857,0,0,0,0
bn_4065,5,28,4.8,1,1,0,0,0,0,0.2,0,0,0,0
bn_4066,8,46,4.875,1,1,0,0,0,0,0.125,0,0,0,0
bn_4067,3,22,6.666666666666667,1,1,0,0,0,0,0.3333333333333333,0,0,0,0
bn_4068,8,46,4.875,1,1,0,0,0,0,0.125,0,0,0,0
bn_4069,5,31,5.4,1,1,0,0,0,0,0.2,0,0,0,0
bn_4070,8,49,5.25,1,1,0,0,0,0,0.125,0,0,0,0
bn_4071,3,28,8.666666666666666,1,1,0,0,0,0,0.3333333333333333,0,0,0,0
bn_4072,13,77,5.0,1,1,2,0,0,0,0.23076923076923078,0,0,0,0
bn_4073,8,42,4.375,1,1,1,0,0,0,0.25,0,0,0,0
bn_4074,8,58,6.375,1,1,1,0,0,0,0.25,0,0,0,0
bn_4075,8,42,4.375,1,1,1,0,0,0,0.25,0,0,0,0
bn_4076,5,43,7.8,1,1,0,0,0,0,0.2,0,0,0,0
bn_4077,8,54,5.875,1,1,0,0,0,0,0.125,0,0,0,0
bn_4078,6,34,4.833333333333333,1,1,0,0,0,0,0.16666666666666666,0,0,0,0
bn_4079,10,59,5.0,1,1,0,0,0,0,0.1,0,0,0,0
bn_4080,7,44,5.428571428571429,1,1,0,0,0,0,0.14285714285714285,0,0,0,0
bn_4081,8,63,7.0,1,1,0,0,0,0,0.125,0,0,0,0
bn_4082,5,35,6.2,1,1,0,0,0,0,0.2,0,0,0,0
bn_4083,8,54,5.875,1,1,0,0,0,0,0.125,0,0,0,0
bn_4084,8,54,5.875,1,1,0,0,0,0,0.125,0,0,0,0
bn_4085,10,54,4.5,1,1,0,0,0,0,0.2,0,0,0,0
bn_4086,6,47,7.0,1,1,0,0,0,0,0.16666666666666666,0,0,0,0
bn_4087,12,68,4.75,1,1,0,0,0,0,0.08333333333333333,0,1,0,0
bn_4088,11,67,5.181818181818182,1,1,1,0,0,0,0.18181818181818182,0,0,0,0
bn_4089,11,62,4.7272727272727275,1,1,0,0,0,0,0.09090909090909091,0,0,0,0
bn_4091,6,51,7.666666666666667,1,1,0,0,0,0,0.16666666666666666,0,0,0,0
bn_4093,11,64,4.909090909090909,1,1,0,0,0,0,0.09090909090909091,0,0,0,0
bn_4095,12,64,4.416666666666667,1,1,0,0,0,0,0.08333333333333333,0,0,0,0
bn_4097,8,57,6.25,1,1,1,0,0,0,0.25,0,0,0,0
bn_4098,3,27,8.333333333333334,1,1,0,0,0,0,0.3333333333333333,0,0,0,0
bn_4099,6,44,6.5,1,1,0,0,0,0,0.16666666666666666,0,0,0,0
bn_4100,6,40,5.833333333333333,1,1,0,0,0,0,0.16666666666666666,0,0,0,0
bn_4103,9,51,4.777777777777778,1,1,0,0,0,0,0.1111111111111111,0,0,0,0
bn_4104,5,36,6.4,1,1,0,0,0,0,0.2,0,0,0,0
bn_4105,8,61,6.75,1,1,0,0,0,0,0.25,0,0,0,0
bn_4107,12,80,5.75,1,1,1,0,0,0,0.16666666666666666,0,0,0,0
bn_4108,3,18,5.333333333333333,1,1,0,0,0,0,0.3333333333333333,0,0,0,0
bn_4109,8,46,4.875,1,1,0,0,0,0,0.125,0,0,0,0
bn_4110,4,21,4.5,1,1,0,0,0,0,0.25,0,0,0,0
bn_4111,10,66,5.7,1,1,0,0,0,0,0.1,0,0,0,0
bn_4113,7,41,5.0,1,1,0,0,0,0,0.14285714285714285,0,0,0,0
bn_4115,7,48,6.0,1,1,0,0,0,0,0.14285714285714285,0,0,0,0
bn_4117,9,59,5.666666666666667,1,1,0,0,0,0,0.2222222222222222,0,0,0,0
bn_4118,4,30,6.75,1,1,0,0,0,0,0.25,0,0,0,0
bn_4119,8,56,6.125,1,1,0,0,0,0,0.125,0,0,0,0
bn_4121,7,50,6.285714285714286,1,1,0,0,0,0,0.14285714285714285,0,0,0,0
bn_4123,6,61,9.333333333333334,1,1,0,0,0,0,0.16666666666666666,0,0,0,0
bn_4125,10,74,6.5,1,1,0,0,0,0,0.1,0,0,0,0
bn_4127,9,59,5.666666666666667,1,1,0,0,0,0,0.1111111111111111,0,0,0,0
bn_4129,8,65,7.25,1,1,0,0,0,0,0.25,0,0,0,0
bn_4131,7,44,5.428571428571429,1,1,0,0,0,0,0.2857142857142857,0,0,0,0
bn_4133,6,43,6.333333333333333,1,1,0,0,0,0,0.16666666666666666,0,0,0,0
bn_4135,11,61,4.636363636363637,1,1,0,0,0,0,0.09090909090909091,0,0,0,0
bn_4137,7,49,6.142857142857143,1,1,0,0,0,0,0.2857142857142857,0,0,0,0
bn_4138,3,26,8.0,1,1,0,0,0,0,0.3333333333333333,0,0,0,0
bn_4139,9,64,6.222222222222222,1,1,0,0,0,0,0.1111111111111111,0,0,0,0
bn_4141,9,43,3.888888888888889,1,1,0,0,0,0,0.1111111111111111,0,0,0,0
bn_4143,8,59,6.5,1,1,0,0,0,0,0.25,0,0,0,0
bn_4145,9,55,5.222222222222222,1,1,0,0,0,0,0.1111111111111111,0,0,0,0
bn_4147,7,52,6.571428571428571,1,1,0,0,0,0,0.2857142857142857,0,0,0,0
bn_4149,10,73,6.4,1,1,0,0,0,0,0.1,0,0,0,0
bn_4151,11,65,5.0,1,1,1,0,0,0,0.18181818181818182,0,0,0,0
bn_4153,9,56,5.333333333333333,1,1,0,0,0,0,0.2222222222222222,0,0,0,0
bn_4155,7,49,6.142857142857143,1,1,0,0,0,0,0.14285714285714285,0,0,0,0
bn_4157,8,51,5.5,1,1,1,0,0,0,0.25,0,0,0,0
bn_4159,4,32,7.25,1,1,0,0,0,0,0.25,0,0,0,0
bn_4161,8,60,6.625,1,1,0,0,0,0,0.125,0,0,0,0
bn_4163,11,61,4.636363636363637,1,1,0,0,0,0,0.09090909090909091,0,0,0,0
bn_4165,6,53,8.0,1,1,0,0,0,0,0.16666666666666666,0,0,0,0
bn_4167,9,52,4.888888888888889,1,1,0,0,0,0,0.1111111111111111,0,0,0,0
bn_4169,12,65,4.5,1,1,1,0,0,0,0.16666666666666666,0,0,0,0
bn_4171,8,46,4.875,1,1,1,0,0,0,0.25,0,0,0,0
bn_4172,11,67,5.181818181818182,1,1,0,0,0,0,0.09090909090909091,0,0,0,0
bn_4173,5,35,6.2,1,1,0,0,0,0,0.2,0,0,0,0
bn_4174,13,66,4.153846153846154,1,1,1,0,0,0,0.15384615384615385,0,0,0,0
bn_4175,5,42,7.6,1,1,0,0,0,0,0.2,0,0,0,0
bn_4176,5,38,6.8,1,1,0,0,0,0,0.2,0,0,0,0
bn_4177,5,28,4.8,1,1,0,0,0,0,0.2,0,0,0,0
bn_4178,12,76,5.416666666666667,1,1,0,0,0,0,0.08333333333333333,0,0,0,0
bn_4180,10,49,4.0,1,1,0,0,0,0,0.1,0,0,0,0
bn_4182,10,60,5.1,1,1,0,0,0,0,0.1,0,0,0,0
bn_4183,7,50,6.285714285714286,1,1,0,0,0,0,0.14285714285714285,0,0,0,0
bn_4184,15,84,4.666666666666667,1,1,0,0,0,0,0.06666666666666667,0,0,0,0
bn_4186,12,71,5.0,1,1,0,0,0,0,0.08333333333333333,0,0,0,0
bn_4187,12,73,5.166666666666667,1,1,0,0,0,0,0.08333333333333333,0,0,0,0
bn_4188,11,59,4.454545454545454,1,1,0,0,0,0,0.09090909090909091,0,0,0,0
bn_4190,11,81,6.454545454545454,1,1,0,0,0,0,0.09090909090909091,0,0,0,0
bn_4191,4,38,8.75,1,1,0,0,0,0,0.25,0,0,0,0
bn_4192,9,73,7.222222222222222,1,1,1,0,0,0,0.2222222222222222,0,0,0,0
bn_4193,4,30,6.75,1,1,0,0,0,0,0.25,0,0,0,0
bn_4194,9,57,5.444444444444445,1,1,0,0,0,0,0.1111111111111111,0,0,0,0
bn_4196,9,56,5.333333333333333,1,1,0,0,0,0,0.1111111111111111,0,0,0,0
bn_4198,13,79,5.153846153846154,1,1,0,0,0,0,0.07692307692307693,0,0,0,0
bn_4199,5,32,5.6,1,1,0,0,0,0,0.2,0,0,0,0
bn_4200,6,36,5.166666666666667,1,1,0,0,0,0,0.16666666666666666,0,0,0,0
bn_4202,11,74,5.818181818181818,1,1,1,0,0,0,0.2727272727272727,0,0,0,0
bn_4204,11,68,5.2727272727272725,1,1,0,0,0,0,0.09090909090909091,0,0,0,0
bn_4206,14,75,4.428571428571429,1,1,0,0,0,0,0.07142857142857142,0,0,0,0
bn_4208,9,75,7.444444444444445,1,1,0,0,0,0,0.1111111111111111,0,0,0,0
bn_4210,12,74,5.25,1,1,0,0,0,0,0.08333333333333333,0,0,0,0
bn_4212,13,75,4.846153846153846,1,1,0,0,0,0,0.07692307692307693,0,0,0,0
bn_4214,10,75,6.6,1,1,0,0,0,0,0.1,0,0,0,0
bn_4216,12,76,5.416666666666667,1,1,0,0,0,0,0.08333333333333333,0,0,0,0
bn_4218,11,59,4.454545454545454,1,1,1,0,0,0,0.18181818181818182,0,0,0,0
bn_4220,11,64,4.909090909090909,1,1,0,0,0,0,0.09090909090909091,0,0,0,0
bn_4222,10,63,5.4,1,1,1,0,0,0,0.2,0,0,0,0
bn_4224,9,61,5.888888888888889,1,1,0,0,0,0,0.1111111111111111,0,0,0,0
bn_4226,14,81,4.857142857142857,1,1,0,0,0,0,0.07142857142857142,0,0,0,0
bn_4227,5,37,6.6,1,1,0,0,0,0,0.2,0,0,0,0
bn_4228,11,73,5.7272727272727275,1,1,1,0,0,0,0.18181818181818182,0,0,0,0
bn_4230,10,70,6.1,1,1,0,0,0,0,0.1,0,0,0,0
bn_4232,8,51,5.5,1,1,0,0,0,0,0.125,0,0,0,0
bn_4234,12,78,5.583333333333333,1,1,1,0,0,0,0.16666666666666666,0,0,0,0
bn_4236,12,80,5.75,1,1,1,0,0,0,0.16666666666666666,0,0,0,0
bn_4238,11,71,5.545454545454546,1,1,0,0,0,0,0.09090909090909091,0,0,0,0
bn_4240,11,65,5.0,1,1,0,0,0,0,0.18181818181818182,0,0,0,0
bn_4242,10,65,5.6,1,1,1,0,0,0,0.2,0,0,0,0
bn_4244,10,58,4.9,1,1,0,0,0,0,0.1,0,0,0,0
bn_4246,10,63,5.4,1,1,1,0,0,0,0.2,0,0,0,0
bn_4248,12,70,4.916666666666667,1,1,0,0,0,0,0.08333333333333333,0,0,0,0
bn_4250,9,56,5.333333333333333,1,1,0,0,0,0,0.1111111111111111,0,0,0,0
bn_4252,10,56,4.7,1,1,0,0,0,0,0.1,0,0,0,0
bn_4254,8,45,4.75,1,1,0,0,0,0,0.25,0,0,0,0
bn_4256,7,59,7.571428571428571,1,1,0,0,0,0,0.2857142857142857,0,0,0,0
bn_4258,6,42,6.166666666666667,1,1,0,0,0,0,0.16666666666666666,0,0,0,0
bn_4260,10,57,4.8,1,1,1,0,0,0,0.2,0,0,0,0
bn_4262,7,53,6.714285714285714,1,1,0,0,0,0,0.14285714285714285,0,0,0,0
bn_4264,9,55,5.222222222222222,1,1,0,0,0,0,0.1111111111111111,0,0,0,0
bn_4266,12,72,5.083333333333333,1,1,1,0,0,0,0.16666666666666666,0,0,0,0
bn_4268,12,63,4.333333333333333,1,1,0,0,0,0,0.08333333333333333,0,0,0,0
bn_4270,10,63,5.4,1,1,0,0,0,0,0.2,0,0,0,0
bn_4271,7,42,5.142857142857143,1,1,0,0,0,0,0.14285714285714285,0,0,0,0
bn_4272,23,140,5.130434782608695,1,1,1,0,0,0,0.13043478260869565,0,0,0,0
bn_4273,5,37,6.6,1,1,0,0,0,0,0.2,0,0,0,0
bn_4274,18,129,6.222222222222222,1,1,1,0,0,0,0.1111111111111111,0,0,0,0
bn_4275,5,29,5.0,1,1,0,0,0,0,0.2,0,0,0,0
bn_4276,19,113,5.0,1,1,0,0,0,0,0.10526315789473684,0,0,0,0
bn_4277,5,31,5.4,1,1,0,0,0,0,0.2,0,0,0,0
bn_4278,20,127,5.4,1,1,1,0,0,0,0.1,0,0,0,0
bn_4279,3,22,6.666666666666667,1,1,0,0,0,0,0.3333333333333333,0,0,0,0
bn_4280,19,126,5.684210526315789,1,1,0,0,0,0,0.10526315789473684,0,0,0,0
bn_4281,4,34,7.75,1,1,0,0,0,0,0.25,0,0,0,0
bn_4282,14,78,4.642857142857143,1,1,0,0,0,0,0.07142857142857142,0,0,0,0
bn_4283,12,76,5.416666666666667,1,1,1,0,0,0,0.25,0,0,0,0
bn_4284,9,62,6.0,1,1,0,0,0,0,0.1111111111111111,0,0,0,0
bn_4285,4,35,8.0,1,1,0,0,0,0,0.25,0,0,0,0
bn_4286,12,72,5.083333333333333,1,1,0,0,0,0,0.08333333333333333,0,0,0,0
bn_4287,4,23,5.0,1,1,1,0,0,0,0.5,0,0,0,0
bn_4288,9,56,5.333333333333333,1,1,0,0,0,0,0.1111111111111111,0,0,0,0
bn_4289,4,30,6.75,1,1,0,0,0,0,0.25,0,0,0,0
bn_4290,12,86,6.25,1,1,0,0,0,0,0.08333333333333333,0,0,0,0
bn_4291,6,36,5.166666666666667,1,1,0,0,0,0,0.16666666666666666,0,0,0,0
bn_4292,11,76,6.0,1,1,0,0,0,0,0.09090909090909091,0,0,0,0
bn_4293,3,26,8.0,1,1,0,0,0,0,0.3333333333333333,0,0,0,0
bn_4294,14,73,4.285714285714286,1,1,0,0,0,0,0.14285714285714285,0,0,0,0
bn_4295,7,43,5.285714285714286,1,1,0,0,0,0,0.14285714285714285,0,0,0,0
bn_4296,11,64,4.909090909090909,1,1,0,0,0,0,0.09090909090909091,0,0,0,0
bn_4297,6,39,5.666666666666667,1,1,0,0,0,0,0.16666666666666666,0,0,0,0
bn_4298,13,69,4.384615384615385,1,1,0,0,0,0,0.07692307692307693,0,0,0,0
bn_4299,5,36,6.4,1,1,0,0,0,0,0.2,0,0,0,0
bn_4300,13,71,4.538461538461538,1,1,0,0,0,0,0.07692307692307693,0,0,0,0
bn_4301,3,23,7.0,1,1,0,0,0,0,0.3333333333333333,0,0,0,0
bn_4302,12,89,6.5,1,1,0,0,0,0,0.08333333333333333,0,0,0,0
bn_4303,3,25,7.666666666666667,1,1,0,0,0,0,0.3333333333333333,0,0,0,0
bn_4304,12,66,4.583333333333333,1,1,0,0,0,0,0.08333333333333333,0,0,0,0
bn_4305,7,46,5.714285714285714,1,1,0,0,0,0,0.14285714285714285,0,0,0,0
bn_4306,5,29,5.0,1,1,0,0,0,0,0.2,0,0,0,0
bn_4307,5,36,6.4,1,1,0,0,0,0,0.2,0,0,0,0
bn_4308,13,74,4.769230769230769,1,1,0,0,0,0,0.07692307692307693,0,0,0,0
bn_4310,11,72,5.636363636363637,1,1,0,0,0,0,0.18181818181818182,0,0,0,0
bn_4311,4,20,4.25,1,1,0,0,0,0,0.25,0,0,0,0
bn_4312,12,59,4.0,1,1,0,0,0,0,0.08333333333333333,0,0,0,0
bn_4316,12,63,4.333333333333333,1,1,0,0,0,0,0.08333333333333333,0,0,0,0
bn_4318,9,54,5.111111111111111,1,1,0,0,0,0,0.1111111111111111,0,0,0,0
bn_4319,3,22,6.666666666666667,1,1,0,0,0,0,0.3333333333333333,0,0,0,0
bn_4320,10,64,5.5,1,1,0,0,0,0,0.1,0,0,0,0
bn_4321,3,25,7.666666666666667,1,1,0,0,0,0,0.3333333333333333,0,0,0,0
bn_4322,9,50,4.666666666666667,1,1,0,0,0,0,0.1111111111111111,0,0,0,0
bn_4323,3,24,7.333333333333333,1,1,0,0,0,0,0.3333333333333333,0,0,0,0
bn_4324,6,34,4.833333333333333,1,1,0,0,0,0,0.16666666666666666,0,0,0,0
bn_4326,6,44,6.5,1,1,0,0,0,0,0.16666666666666666,0,0,0,0
bn_4327,6,40,5.833333333333333,1,1,0,0,0,0,0.16666666666666666,0,0,0,0
bn_4328,3,25,7.666666666666667,1,1,0,0,0,0,0.3333333333333333,0,0,0,0
bn_4329,5,34,6.0,1,1,0,0,0,0,0.2,0,0,0,0
bn_4330,3,21,6.333333333333333,1,1,0,0,0,0,0.3333333333333333,0,0,0,0
bn_4331,14,81,4.857142857142857,1,1,1,0,0,0,0.14285714285714285,0,0,0,2
bn_4332,19,128,5.7894736842105265,3,1,2,0,0,0,0.2631578947368421,0,0,0,2
bn_4333,10,61,5.2,1,1,1,0,0,0,0.3,0,0,0,2
bn_4334,14,106,6.642857142857143,3,1,3,0,0,0,0.42857142857142855,0,0,0,2
bn_4335,8,49,5.25,1,1,1,0,0,0,0.25,0,0,0,2
bn_4336,18,112,5.277777777777778,3,1,3,0,0,0,0.3333333333333333,0,0,0,2
bn_4337,15,93,5.266666666666667,1,1,1,0,0,0,0.13333333333333333,0,0,0,2
bn_4338,19,121,5.421052631578948,2,1,3,0,0,0,0.2631578947368421,0,0,0,2
bn_4339,9,61,5.888888888888889,1,1,1,0,0,0,0.3333333333333333,0,0,0,2
bn_4340,39,252,5.487179487179487,6,1,4,0,0,0,0.2564102564102564,0,0,0,2
bn_4341,11,69,5.363636363636363,1,1,1,0,0,0,0.18181818181818182,0,0,0,2
bn_4342,8,50,5.375,1,1,1,0,0,0,0.25,0,0,0,2
bn_4343,9,57,5.444444444444445,1,1,0,0,0,0,0.1111111111111111,0,0,0,2
bn_4344,11,66,5.090909090909091,2,1,1,0,0,0,0.2727272727272727,0,0,0,2
bn_4345,10,65,5.6,1,1,0,0,0,0,0.1,0,0,0,2
bn_4346,13,79,5.153846153846154,1,1,1,0,0,0,0.15384615384615385,0,0,0,2
bn_4347,9,56,5.333333333333333,1,1,1,0,0,0,0.3333333333333333,0,0,0,2
bn_4348,9,63,6.111111111111111,1,1,2,0,0,0,0.3333333333333333,0,0,0,2
bn_4349,10,50,4.1,1,1,1,0,0,0,0.2,0,0,0,2
bn_4350,6,35,5.0,1,1,1,0,0,0,0.5,0,0,0,2
bn_4351,9,58,5.555555555555555,1,1,1,0,0,0,0.2222222222222222,0,0,0,2
bn_4352,11,74,5.818181818181818,1,1,1,0,0,0,0.18181818181818182,0,0,0,2
bn_4353,11,72,5.636363636363637,1,1,0,0,0,0,0.09090909090909091,0,0,0,2
bn_4354,14,76,4.5,1,1,1,0,0,0,0.14285714285714285,0,0,0,2
bn_4355,10,55,4.6,1,1,1,0,0,0,0.3,0,0,0,2
bn_4356,8,54,5.875,1,1,2,0,0,0,0.375,0,0,0,2
bn_4357,8,59,6.5,1,1,0,0,0,0,0.125,0,0,0,2
bn_4358,8,60,6.625,1,1,2,0,0,0,0.375,0,0,0,2
bn_4359,13,70,4.461538461538462,1,1,1,0,0,0,0.15384615384615385,0,1,0,2
bn_4360,7,51,6.428571428571429,2,1,1,0,0,0,0.42857142857142855,0,0,0,2
bn_4361,10,70,6.1,1,1,1,0,0,0,0.2,0,0,0,2
bn_4362,10,57,4.8,2,1,2,0,0,0,0.4,0,0,0,2
bn_4363,7,51,6.428571428571429,1,1,0,0,0,0,0.14285714285714285,0,0,0,2
bn_4364,10,70,6.1,2,1,1,0,0,0,0.3,0,0,0,2
bn_4365,8,52,5.625,1,1,0,0,0,0,0.125,0,0,0,2
bn_4366,47,302,5.446808510638298,6,1,4,0,0,0,0.2127659574468085,0,0,0,2
bn_4367,10,75,6.6,1,1,1,0,0,0,0.2,0,0,0,2
bn_4368,42,272,5.5,6,1,5,0,0,0,0.2619047619047619,0,0,0,2
bn_4369,8,57,6.25,1,1,1,0,0,0,0.375,0,0,0,2
bn_4370,32,223,6.0,5,1,3,0,0,0,0.25,0,0,0,2
bn_4371,9,51,4.777777777777778,1,1,1,0,0,0,0.3333333333333333,0,0,0,2
bn_4372,33,215,5.545454545454546,5,1,5,0,0,0,0.30303030303030304,0,0,0,2
bn_4373,11,65,5.0,1,1,1,0,0,0,0.18181818181818182,0,0,0,2
bn_4374,28,180,5.464285714285714,6,1,3,0,0,0,0.32142857142857145,0,0,0,2
bn_4375,10,65,5.6,1,1,1,0,0,0,0.3,0,0,0,2
bn_4376,26,188,6.269230769230769,4,1,4,0,0,0,0.3076923076923077,0,0,0,2
bn_4377,10,61,5.2,1,1,0,0,0,0,0.1,0,0,0,2
bn_4378,26,166,5.423076923076923,4,1,3,0,0,0,0.2692307692307692,0,0,0,2
bn_4379,10,49,4.0,1,1,0,0,0,0,0.1,0,0,0,2
bn_4380,21,129,5.190476190476191,4,1,2,0,0,0,0.2857142857142857,0,0,0,2
bn_4381,12,70,4.916666666666667,1,1,2,0,0,0,0.25,0,0,0,2
bn_4382,22,153,6.0,4,1,2,0,0,0,0.2727272727272727,0,0,0,2
bn_4383,8,50,5.375,1,1,1,0,0,0,0.25,0,0,0,2
bn_4384,20,135,5.8,4,1,2,0,0,0,0.3,0,0,0,2
bn_4385,10,70,6.1,1,1,0,0,0,0,0.1,0,0,0,2
bn_4386,20,131,5.6,4,1,2,0,0,0,0.3,0,0,0,2
bn_4387,9,61,5.888888888888889,1,1,0,0,0,0,0.1111111111111111,0,0,0,2
bn_4388,19,139,6.368421052631579,3,1,3,0,0,0,0.3157894736842105,0,0,0,2
bn_4389,10,71,6.2,1,1,1,0,0,0,0.3,0,0,0,2
bn_4390,18,124,5.944444444444445,3,1,3,0,0,0,0.3333333333333333,0,0,0,2
bn_4391,8,54,5.875,1,1,1,0,0,0,0.375,0,0,0,2
bn_4392,17,125,6.411764705882353,4,1,2,0,0,0,0.35294117647058826,0,0,0,2
bn_4393,9,59,5.666666666666667,1,1,1,0,0,0,0.2222222222222222,0,0,0,2
bn_4394,19,135,6.157894736842105,4,1,2,0,0,0,0.3157894736842105,0,0,0,2
bn_4395,11,61,4.636363636363637,1,1,0,0,0,0,0.09090909090909091,0,0,0,2
bn_4396,19,134,6.105263157894737,4,1,2,0,0,0,0.3157894736842105,0,0,0,2
bn_4397,6,41,6.0,1,1,0,0,0,0,0.16666666666666666,0,0,0,2
bn_4398,10,57,4.8,1,1,1,0,0,0,0.2,0,0,0,2
bn_4399,11,60,4.545454545454546,1,1,1,0,0,0,0.18181818181818182,0,0,0,2
bn_4400,5,33,5.8,1,1,1,0,0,0,0.4,0,0,0,2
bn_4401,10,53,4.4,1,1,1,0,0,0,0.2,0,0,0,2
bn_4402,7,42,5.142857142857143,1,1,1,0,0,0,0.2857142857142857,0,0,0,2
bn_4403,8,48,5.125,1,1,1,0,0,0,0.25,0,0,0,2
bn_4404,5,36,6.4,1,1,1,0,0,0,0.4,0,0,0,2
bn_4405,9,71,7.0,1,1,1,0,0,0,0.2222222222222222,0,0,0,2
bn_4406,7,39,4.714285714285714,1,1,1,0,0,0,0.2857142857142857,0,0,0,2
bn_4407,10,61,5.2,1,1,1,0,0,0,0.2,0,0,0,2
bn_4408,7,37,4.428571428571429,1,1,1,0,0,0,0.2857142857142857,0,0,0,2
bn_4409,6,42,6.166666666666667,1,1,1,0,0,0,0.3333333333333333,0,0,0,2
bn_4410,6,44,6.5,1,1,1,0,0,0,0.3333333333333333,0,0,0,2
bn_4411,15,78,4.266666666666667,1,1,1,0,0,0,0.13333333333333333,0,0,0,2
bn_4412,9,46,4.222222222222222,1,1,1,0,0,0,0.2222222222222222,0,0,0,2
bn_4413,9,43,3.888888888888889,1,1,1,0,0,0,0.2222222222222222,0,0,0,2
bn_4414,5,36,6.4,1,1,1,0,0,0,0.4,0,0,0,2
bn_4415,9,54,5.111111111111111,1,1,1,0,0,0,0.2222222222222222,0,0,0,2
bn_4416,7,45,5.571428571428571,1,1,1,0,0,0,0.2857142857142857,0,0,0,2
bn_4417,10,60,5.1,1,1,1,0,0,0,0.3,0,0,0,2
bn_4418,7,41,5.0,1,1,1,0,0,0,0.2857142857142857,0,0,0,2
bn_4419,8,53,5.75,1,1,0,0,0,0,0.125,0,0,0,2
bn_4420,7,37,4.428571428571429,1,1,1,0,0,0,0.2857142857142857,0,0,0,2
bn_4421,10,54,4.5,1,1,1,0,0,0,0.2,0,0,0,2
bn_4422,7,41,5.0,1,1,1,0,0,0,0.2857142857142857,0,0,0,2
bn_4423,7,41,5.0,1,1,0,0,0,0,0.14285714285714285,0,0,0,2
bn_4424,6,32,4.5,1,1,1,0,0,0,0.3333333333333333,0,0,0,2
bn_4425,10,69,6.0,1,1,0,0,0,0,0.1,0,0,0,2
bn_4426,5,31,5.4,1,1,1,0,0,0,0.4,0,0,0,2
bn_4427,8,45,4.75,1,1,1,0,0,0,0.25,0,0,0,2
bn_4428,8,42,4.375,1,1,1,0,0,0,0.25,0,0,0,2
bn_4429,12,73,5.166666666666667,1,1,1,0,0,0,0.25,0,0,0,2
bn_4430,11,60,4.545454545454546,1,1,0,0,0,0,0.09090909090909091,0,0,0,2
bn_4431,6,52,7.833333333333333,1,1,1,0,0,0,0.3333333333333333,0,0,0,2
bn_4432,10,69,6.0,1,1,1,0,0,0,0.2,0,0,0,2
bn_4433,9,56,5.333333333333333,1,1,1,0,0,0,0.2222222222222222,0,0,0,2
bn_4434,12,64,4.416666666666667,1,1,1,0,0,0,0.16666666666666666,0,0,0,2
bn_4435,8,50,5.375,1,1,1,0,0,0,0.25,0,0,0,2
bn_4436,9,58,5.555555555555555,1,1,1,0,0,0,0.3333333333333333,0,0,0,2
bn_4437,6,39,5.666666666666667,1,1,1,0,0,0,0.3333333333333333,0,0,0,2
bn_4438,10,63,5.4,1,1,1,0,0,0,0.3,0,0,0,2
bn_4439,7,41,5.0,1,1,1,0,0,0,0.2857142857142857,0,0,0,2
bn_4440,7,38,4.571428571428571,1,1,1,0,0,0,0.2857142857142857,0,0,0,2
bn_4441,8,48,5.125,1,1,1,0,0,0,0.25,0,0,0,2
bn_4442,7,49,6.142857142857143,1,1,0,0,0,0,0.14285714285714285,0,0,0,2
bn_4443,9,57,5.444444444444445,2,1,1,0,0,0,0.3333333333333333,0,0,0,2
bn_4444,6,43,6.333333333333333,1,1,0,0,0,0,0.16666666666666666,0,0,0,2
bn_4445,9,65,6.333333333333333,2,1,1,0,0,0,0.3333333333333333,0,0,0,2
bn_4446,8,53,5.75,1,1,0,0,0,0,0.125,0,0,0,2
bn_4447,10,65,5.6,2,1,1,0,0,0,0.3,0,0,0,2
bn_4448,6,42,6.166666666666667,1,1,0,0,0,0,0.16666666666666666,0,0,0,2
bn_4449,10,66,5.7,2,1,1,0,0,0,0.3,0,0,0,2
bn_4450,8,52,5.625,1,1,1,0,0,0,0.25,0,0,0,2
bn_4451,9,59,5.666666666666667,2,1,1,0,0,0,0.3333333333333333,0,0,0,2
bn_4452,9,64,6.222222222222222,1,1,1,0,0,0,0.3333333333333333,0,0,0,2
bn_4453,9,59,5.666666666666667,2,1,1,0,0,0,0.3333333333333333,0,0,0,2
bn_4454,7,44,5.428571428571429,1,1,1,0,0,0,0.2857142857142857,0,0,0,2
bn_4455,17,107,5.352941176470588,2,1,2,0,0,0,0.23529411764705882,0,0,0,2
bn_4456,5,38,6.8,1,1,1,0,0,0,0.4,0,0,0,2
bn_4457,13,85,5.615384615384615,2,1,2,0,0,0,0.3076923076923077,0,0,0,2
bn_4458,8,41,4.25,1,1,0,0,0,0,0.125,0,0,0,2
bn_4459,10,66,5.7,2,1,1,0,0,0,0.3,0,0,0,2
bn_4460,9,58,5.555555555555555,1,1,1,0,0,0,0.2222222222222222,0,0,0,2
bn_4461,10,56,4.7,2,1,1,0,0,0,0.3,0,0,0,2
bn_4462,9,54,5.111111111111111,1,1,1,0,0,0,0.2222222222222222,0,0,0,2
bn_4463,10,56,4.7,2,1,1,0,0,0,0.3,0,0,0,2
bn_4464,7,41,5.0,1,1,1,0,0,0,0.2857142857142857,0,0,0,2
bn_4465,10,71,6.2,2,1,1,0,0,0,0.3,0,0,0,2
bn_4466,6,34,4.833333333333333,1,1,0,0,0,0,0.3333333333333333,0,0,0,2
bn_4467,9,61,5.888888888888889,2,1,2,0,0,0,0.4444444444444444,0,0,0,2
bn_4468,7,43,5.285714285714286,1,1,1,0,0,0,0.2857142857142857,0,0,0,2
bn_4469,11,68,5.2727272727272725,2,1,1,0,0,0,0.2727272727272727,0,0,0,2
bn_4470,10,55,4.6,1,1,1,0,0,0,0.2,0,0,0,2
bn_4471,9,67,6.555555555555555,2,1,1,0,0,0,0.3333333333333333,0,0,0,2
bn_4472,7,53,6.714285714285714,1,1,0,0,0,0,0.14285714285714285,0,0,0,2
bn_4473,9,55,5.222222222222222,1,1,1,0,0,0,0.2222222222222222,0,0,0,2
bn_4474,8,49,5.25,1,1,0,0,0,0,0.125,0,0,0,2
bn_4475,9,57,5.444444444444445,2,1,1,0,0,0,0.3333333333333333,0,0,0,2
bn_4476,9,49,4.555555555555555,1,1,1,0,0,0,0.2222222222222222,0,0,0,2
bn_4477,7,52,6.571428571428571,2,1,1,0,0,0,0.42857142857142855,0,0,0,2
bn_4478,6,43,6.333333333333333,1,1,0,0,0,0,0.16666666666666666,0,0,0,2
bn_4479,10,69,6.0,2,1,1,0,0,0,0.3,0,0,0,2
bn_4480,10,52,4.3,1,1,1,0,0,0,0.2,0,0,0,2
bn_4481,8,52,5.625,2,1,1,0,0,0,0.375,0,0,0,2
bn_4482,9,57,5.444444444444445,1,1,1,0,0,0,0.2222222222222222,0,0,0,2
bn_4483,9,63,6.111111111111111,2,1,1,0,0,0,0.3333333333333333,0,0,0,2
bn_4484,6,29,4.0,1,1,0,0,0,0,0.16666666666666666,0,0,0,2
bn_4485,14,72,4.214285714285714,2,1,1,0,0,0,0.21428571428571427,0,0,0,2
bn_4486,7,38,4.571428571428571,1,1,0,0,0,0,0.14285714285714285,0,0,0,2
bn_4487,12,79,5.666666666666667,2,1,1,0,0,0,0.25,0,0,0,2
bn_4488,9,56,5.333333333333333,1,1,1,0,0,0,0.3333333333333333,0,0,0,2
bn_4489,9,66,6.444444444444445,2,1,1,0,0,0,0.3333333333333333,0,0,0,2
bn_4490,5,33,5.8,1,1,0,0,0,0,0.2,0,0,0,2
bn_4491,9,63,6.111111111111111,2,1,1,0,0,0,0.3333333333333333,0,0,0,2
bn_4492,7,52,6.571428571428571,1,1,0,0,0,0,0.14285714285714285,0,0,0,2
bn_4493,9,54,5.111111111111111,2,1,1,0,0,0,0.3333333333333333,0,0,0,2
bn_4494,6,32,4.5,1,1,1,0,0,0,0.3333333333333333,0,0,0,2
bn_4495,8,56,6.125,2,1,1,0,0,0,0.375,0,0,0,2
bn_4496,6,42,6.166666666666667,1,1,0,0,0,0,0.16666666666666666,0,0,0,2
bn_4497,14,78,4.642857142857143,2,1,1,0,0,0,0.21428571428571427,0,0,0,2
bn_4498,5,29,5.0,1,1,0,0,0,0,0.2,0,0,0,2
bn_4499,23,139,5.086956521739131,3,1,3,0,0,0,0.2608695652173913,0,0,0,2
bn_4500,9,43,3.888888888888889,1,1,0,0,0,0,0.1111111111111111,0,0,0,2
bn_4501,18,119,5.666666666666667,3,1,2,0,0,0,0.2777777777777778,0,0,0,2
bn_4502,9,46,4.222222222222222,1,1,1,0,0,0,0.2222222222222222,0,0,0,2
bn_4503,14,96,5.928571428571429,2,1,2,0,0,0,0.2857142857142857,0,0,0,2
bn_4504,7,36,4.285714285714286,1,1,0,0,0,0,0.14285714285714285,0,0,0,2
bn_4505,17,104,5.176470588235294,2,1,2,0,0,0,0.23529411764705882,0,0,0,2
bn_4506,5,46,8.4,1,1,0,0,0,0,0.2,0,0,0,2
bn_4507,17,100,4.9411764705882355,2,1,2,0,0,0,0.23529411764705882,0,0,0,2
bn_4508,7,39,4.714285714285714,1,1,0,0,0,0,0.14285714285714285,0,0,0,2
bn_4509,15,94,5.333333333333333,3,1,1,0,0,0,0.26666666666666666,0,0,0,2
bn_4510,6,36,5.166666666666667,1,1,0,0,0,0,0.16666666666666666,0,0,0,2
bn_4511,84,526,5.273809523809524,8,1,7,0,0,0,0.17857142857142858,0,0,0,2
bn_4512,7,50,6.285714285714286,1,1,1,0,0,0,0.2857142857142857,0,0,0,2
bn_4513,80,517,5.475,9,1,8,0,0,0,0.2125,0,0,0,2
bn_4514,6,44,6.5,1,1,0,0,0,0,0.16666666666666666,0,0,0,2
bn_4515,74,486,5.581081081081081,8,1,9,0,0,0,0.22972972972972974,0,0,0,2
bn_4516,6,38,5.5,1,1,0,0,0,0,0.16666666666666666,0,0,0,2
bn_4517,74,455,5.162162162162162,8,1,7,0,0,0,0.20270270270270271,0,0,0,2
bn_4518,9,45,4.111111111111111,1,1,1,0,0,0,0.2222222222222222,0,0,0,2
bn_4519,71,424,4.985915492957746,8,1,8,0,0,0,0.22535211267605634,0,0,0,2
bn_4520,8,50,5.375,1,1,2,0,0,0,0.375,0,0,0,2
bn_4521,20,133,5.7,5,1,2,0,0,0,0.35,0,0,0,2
bn_4522,4,30,6.75,1,1,0,0,0,0,0.25,0,0,0,2
bn_4523,15,97,5.533333333333333,3,1,2,0,0,0,0.3333333333333333,0,0,0,2
bn_4524,8,40,4.125,1,1,0,0,0,0,0.125,0,0,0,2
bn_4525,14,86,5.214285714285714,3,1,2,0,0,0,0.35714285714285715,0,0,0,2
bn_4526,4,36,8.25,1,1,0,0,0,0,0.25,0,0,0,2
bn_4527,11,73,5.7272727272727275,2,1,1,0,0,0,0.2727272727272727,0,0,0,2
bn_4528,7,46,5.714285714285714,1,1,0,0,0,0,0.14285714285714285,0,0,0,2
bn_4529,12,66,4.583333333333333,2,1,1,0,0,0,0.25,0,0,0,2
bn_4530,10,64,5.5,2,1,1,0,0,0,0.3,0,0,0,2
bn_4531,10,71,6.2,2,1,1,0,0,0,0.3,0,0,0,2
bn_4532,5,36,6.4,1,1,0,0,0,0,0.4,0,0,0,2
bn_4533,11,75,5.909090909090909,2,1,2,0,0,0,0.36363636363636365,0,0,0,2
bn_4534,9,47,4.333333333333333,1,1,1,0,0,0,0.2222222222222222,0,0,0,2
bn_4535,10,65,5.6,2,1,1,0,0,0,0.3,0,0,0,2
bn_4536,7,38,4.571428571428571,1,1,1,0,0,0,0.2857142857142857,0,0,0,2
bn_4537,7,34,4.0,1,1,0,0,0,0,0.14285714285714285,0,0,0,2
bn_4538,5,32,5.6,1,1,0,0,0,0,0.4,0,0,0,2
bn_4539,8,47,5.0,1,1,1,0,0,0,0.25,0,0,0,2
bn_4540,9,54,5.111111111111111,1,1,1,0,0,0,0.2222222222222222,0,0,0,2
bn_4541,5,37,6.6,1,1,1,0,0,0,0.4,0,0,0,2
bn_4542,7,52,6.571428571428571,1,1,0,0,0,0,0.14285714285714285,0,0,0,2
bn_4543,5,34,6.0,1,1,1,0,0,0,0.4,0,0,0,2
bn_4544,5,33,5.8,1,1,0,0,0,0,0.2,0,0,0,2
bn_4545,8,54,5.875,1,1,1,0,0,0,0.25,0,0,0,2
bn_4546,6,32,4.5,1,1,1,0,0,0,0.3333333333333333,0,0,0,2
bn_4547,9,57,5.444444444444445,1,1,1,0,0,0,0.2222222222222222,0,0,0,2
bn_4548,6,35,5.0,1,1,0,0,0,0,0.16666666666666666,0,0,0,2
bn_4549,6,34,4.833333333333333,1,1,0,0,0,0,0.16666666666666666,0,0,0,2
bn_4550,6,36,5.166666666666667,1,1,1,0,0,0,0.5,0,0,0,2
bn_4551,8,42,4.375,1,1,1,0,0,0,0.25,0,0,0,2
bn_4552,5,40,7.2,1,1,0,0,0,0,0.2,0,0,0,2
bn_4553,6,47,7.0,1,1,1,0,0,0,0.3333333333333333,0,0,0,2
bn_4554,6,35,5.0,1,1,0,0,0,0,0.16666666666666666,0,0,0,2
bn_4555,4,26,5.75,1,1,0,0,0,0,0.25,0,0,0,2
bn_4556,5,29,5.0,1,1,0,0,0,0,0.2,0,0,0,2
bn_4557,7,51,6.428571428571429,1,1,1,0,0,0,0.2857142857142857,0,0,0,2
bn_4558,7,43,5.285714285714286,1,1,0,0,0,0,0.2857142857142857,0,0,0,2
bn_4559,7,41,5.0,1,1,1,0,0,0,0.2857142857142857,0,0,0,2
bn_4560,6,30,4.166666666666667,1,1,0,0,0,0,0.16666666666666666,0,0,0,2
bn_4561,6,36,5.166666666666667,1,1,1,0,0,0,0.3333333333333333,0,0,0,2
bn_4562,6,36,5.166666666666667,1,1,0,0,0,0,0.16666666666666666,0,0,0,2
bn_4563,8,50,5.375,1,1,1,0,0,0,0.25,0,0,0,2
bn_4564,6,43,6.333333333333333,1,1,0,0,0,0,0.16666666666666666,0,0,0,2
bn_4565,6,40,5.833333333333333,1,1,1,0,0,0,0.3333333333333333,0,0,0,2
bn_4566,8,40,4.125,1,1,0,0,0,0,0.125,0,0,0,2
bn_4567,5,33,5.8,1,1,0,0,0,0,0.2,0,0,0,2
bn_4568,7,33,3.857142857142857,1,1,0,0,0,0,0.14285714285714285,0,0,0,2
bn_4569,6,36,5.166666666666667,1,1,1,0,0,0,0.3333333333333333,0,0,0,2
bn_4570,5,37,6.6,1,1,0,0,0,0,0.2,0,0,0,2
bn_4571,5,30,5.2,1,1,0,0,0,0,0.2,0,0,0,2
bn_4572,7,44,5.428571428571429,1,1,0,0,0,0,0.14285714285714285,0,0,0,2
bn_4573,7,37,4.428571428571429,1,1,1,0,0,0,0.2857142857142857,0,0,0,2
bn_4574,9,51,4.777777777777778,1,1,1,0,0,0,0.3333333333333333,0,0,0,2
bn_4575,8,55,6.0,1,1,1,0,0,0,0.25,0,0,0,2
bn_4576,7,39,4.714285714285714,1,1,0,0,0,0,0.14285714285714285,0,0,0,2
bn_4577,7,45,5.571428571428571,1,1,1,0,0,0,0.2857142857142857,0,0,0,2
bn_4578,8,43,4.5,1,1,1,0,0,0,0.25,0,0,0,2
bn_4579,8,41,4.25,1,1,1,0,0,0,0.25,0,0,0,2
bn_4580,6,37,5.333333333333333,1,1,0,0,0,0,0.16666666666666666,0,0,0,2
bn_4581,7,40,4.857142857142857,1,1,1,0,0,0,0.2857142857142857,0,0,0,2
bn_4582,6,40,5.833333333333333,1,1,0,0,0,0,0.16666666666666666,0,0,0,2
bn_4583,6,37,5.333333333333333,1,1,1,0,0,0,0.3333333333333333,0,0,0,2
bn_4584,6,38,5.5,1,1,0,0,0,0,0.16666666666666666,0,0,0,2
bn_4585,8,46,4.875,1,1,1,0,0,0,0.25,0,0,0,2
bn_4586,7,48,6.0,1,1,1,0,0,0,0.2857142857142857,0,0,0,2
bn_4587,11,60,4.545454545454546,1,1,2,0,0,0,0.2727272727272727,0,0,0,2
bn_4588,8,42,4.375,1,1,0,0,0,0,0.125,0,0,0,2
bn_4589,12,80,5.75,1,1,0,0,0,0,0.08333333333333333,0,0,0,2
bn_4590,3,17,5.0,1,1,0,0,0,0,0.3333333333333333,0,0,0,2
bn_4591,9,62,6.0,1,1,1,0,0,0,0.2222222222222222,0,0,0,2
bn_4592,9,46,4.222222222222222,1,1,1,0,0,0,0.2222222222222222,0,0,0,2
bn_4593,9,54,5.111111111111111,1,1,1,0,0,0,0.2222222222222222,0,0,0,2
bn_4594,6,43,6.333333333333333,1,1,0,0,0,0,0.16666666666666666,0,0,0,2
bn_4595,8,64,7.125,1,1,0,0,0,0,0.125,0,0,0,2
bn_4596,5,35,6.2,1,1,0,0,0,0,0.4,0,0,0,2
bn_4597,10,52,4.3,1,1,1,0,0,0,0.2,0,0,0,2
bn_4598,6,41,6.0,1,1,0,0,0,0,0.16666666666666666,0,0,0,2
bn_4599,11,71,5.545454545454546,1,1,1,0,0,0,0.18181818181818182,0,0,0,2
bn_4600,5,30,5.2,1,1,0,0,0,0,0.2,0,0,0,2
bn_4601,12,75,5.333333333333333,1,1,1,0,0,0,0.16666666666666666,0,0,0,2
bn_4602,6,35,5.0,1,1,1,0,0,0,0.3333333333333333,0,0,0,2
bn_4603,16,98,5.1875,1,1,1,0,0,0,0.125,0,0,0,2
bn_4604,3,20,6.0,1,1,0,0,0,0,0.3333333333333333,0,0,0,2
bn_4605,7,43,5.285714285714286,1,1,1,0,0,0,0.2857142857142857,0,0,0,2
bn_4606,6,41,6.0,1,1,1,0,0,0,0.3333333333333333,0,0,0,2
bn_4607,13,82,5.384615384615385,2,1,0,0,0,0,0.15384615384615385,0,0,0,2
bn_4608,6,38,5.5,1,1,0,0,0,0,0.3333333333333333,0,0,0,2
bn_4609,15,102,5.866666666666666,2,1,0,0,0,0,0.13333333333333333,0,0,0,2
bn_4610,6,45,6.666666666666667,1,1,0,0,0,0,0.16666666666666666,0,0,0,2
bn_4611,11,81,6.454545454545454,1,1,1,0,0,0,0.2727272727272727,0,0,0,2
bn_4612,5,29,5.0,1,1,0,0,0,0,0.2,0,0,0,2
bn_4613,8,55,6.0,1,1,1,0,0,0,0.25,0,0,0,2
bn_4614,6,42,6.166666666666667,1,1,0,0,0,0,0.16666666666666666,0,0,0,2
bn_4615,11,59,4.454545454545454,1,1,1,0,0,0,0.18181818181818182,0,0,0,2
bn_4616,6,41,6.0,1,1,0,0,0,0,0.3333333333333333,0,0,0,2
bn_4617,9,68,6.666666666666667,1,1,1,0,0,0,0.2222222222222222,0,0,0,2
bn_4618,6,35,5.0,1,1,1,0,0,0,0.3333333333333333,0,0,0,2
bn_4619,10,69,6.0,1,1,1,0,0,0,0.2,0,0,0,2
bn_4620,7,53,6.714285714285714,1,1,1,0,0,0,0.2857142857142857,0,0,0,2
bn_4621,8,60,6.625,1,1,0,0,0,0,0.125,0,0,0,2
bn_4622,6,33,4.666666666666667,1,1,0,0,0,0,0.16666666666666666,0,0,0,2
bn_4623,8,47,5.0,1,1,1,0,0,0,0.25,0,0,0,2
bn_4624,4,29,6.5,1,1,0,0,0,0,0.25,0,0,0,2
bn_4625,8,49,5.25,1,1,1,0,0,0,0.25,0,0,0,2
bn_4626,8,37,3.75,1,1,0,0,0,0,0.125,0,0,0,2
bn_4627,7,51,6.428571428571429,1,1,1,0,0,0,0.2857142857142857,0,0,0,2
bn_4628,7,55,7.0,1,1,1,0,0,0,0.5714285714285714,0,0,0,2
bn_4629,11,71,5.545454545454546,1,1,1,0,0,0,0.18181818181818182,0,0,0,2
bn_4630,8,39,4.0,1,1,1,0,0,0,0.25,0,0,0,2
bn_4631,11,59,4.454545454545454,1,1,1,0,0,0,0.18181818181818182,0,0,0,2
bn_4632,13,96,6.461538461538462,1,1,1,0,0,0,0.15384615384615385,0,0,0,2
bn_4633,10,53,4.4,1,1,1,0,0,0,0.2,0,0,0,2
bn_4634,9,77,7.666666666666667,1,1,0,0,0,0,0.1111111111111111,0,0,0,2
bn_4635,16,98,5.1875,1,1,1,0,0,0,0.125,0,0,0,2
bn_4636,12,74,5.25,1,1,1,0,0,0,0.16666666666666666,0,0,0,2
bn_4637,13,77,5.0,1,1,1,0,0,0,0.15384615384615385,0,0,0,2
bn_4638,15,98,5.6,1,1,1,0,0,0,0.13333333333333333,0,0,0,2
bn_4639,10,59,5.0,1,1,0,0,0,0,0.2,0,0,0,2
bn_4640,7,57,7.285714285714286,1,1,0,0,0,0,0.14285714285714285,0,0,0,2
bn_4641,8,50,5.375,1,1,0,0,0,0,0.125,0,0,0,2
bn_4642,8,55,6.0,1,1,1,0,0,0,0.25,0,0,0,2
bn_4643,7,56,7.142857142857143,1,1,1,0,0,0,0.2857142857142857,0,0,0,2
bn_4644,13,75,4.846153846153846,1,1,1,0,0,0,0.15384615384615385,0,0,0,2
bn_4645,9,65,6.333333333333333,1,1,1,0,0,0,0.2222222222222222,0,0,0,2
bn_4646,10,56,4.7,1,1,1,0,0,0,0.2,0,0,0,2
bn_4647,9,53,5.0,1,1,0,0,0,0,0.1111111111111111,0,0,0,2
bn_4648,7,38,4.571428571428571,1,1,0,0,0,0,0.14285714285714285,0,0,0,2
bn_4649,8,53,5.75,1,1,1,0,0,0,0.375,0,0,0,2
bn_4650,9,59,5.666666666666667,1,1,0,0,0,0,0.1111111111111111,0,0,0,2
bn_4651,8,46,4.875,1,1,1,0,0,0,0.25,0,0,0,2
bn_4652,10,74,6.5,1,1,1,0,0,0,0.2,0,0,0,2
bn_4653,9,53,5.0,1,1,0,0,0,0,0.1111111111111111,0,0,0,2
bn_4654,10,56,4.7,1,1,0,0,0,0,0.1,0,0,0,2
bn_4655,9,52,4.888888888888889,1,1,1,0,0,0,0.2222222222222222,0,0,0,2
bn_4656,7,50,6.285714285714286,1,1,0,0,0,0,0.14285714285714285,0,0,0,2
bn_4657,8,49,5.25,1,1,1,0,0,0,0.25,0,0,0,2
bn_4658,8,53,5.75,1,1,1,0,0,0,0.25,0,0,0,2
bn_4659,10,55,4.6,1,1,1,0,0,0,0.2,0,0,0,2
bn_4661,10,55,4.6,1,1,1,0,0,0,0.2,0,0,0,2
bn_4662,10,47,3.8,1,1,1,0,0,0,0.2,0,0,0,2
bn_4663,7,35,4.142857142857143,1,1,0,0,0,0,0.14285714285714285,0,0,0,2
bn_4664,6,32,4.5,1,1,0,0,0,0,0.16666666666666666,0,0,0,2
bn_4665,8,48,5.125,1,1,0,0,0,0,0.125,0,0,0,2
bn_4666,11,81,6.454545454545454,1,1,1,0,0,0,0.2727272727272727,0,0,0,2
bn_4667,7,54,6.857142857142857,1,1,0,0,0,0,0.2857142857142857,0,0,0,2
bn_4668,17,89,4.294117647058823,1,1,2,0,0,0,0.17647058823529413,0,0,0,2
bn_4669,7,51,6.428571428571429,1,1,0,0,0,0,0.14285714285714285,0,0,0,2
bn_4670,14,106,6.642857142857143,1,1,1,0,0,0,0.14285714285714285,0,0,0,2
bn_4671,8,47,5.0,1,1,0,0,0,0,0.125,0,0,0,2
bn_4672,16,105,5.625,1,1,1,0,0,0,0.125,0,0,0,2
bn_4673,9,59,5.666666666666667,1,1,0,0,0,0,0.2222222222222222,0,0,0,2
bn_4674,16,95,5.0,1,1,2,0,0,0,0.1875,0,0,0,2
bn_4675,10,63,5.4,1,1,1,0,0,0,0.2,0,0,0,2
bn_4676,13,93,6.230769230769231,1,1,2,0,0,0,0.23076923076923078,0,0,0,2
bn_4677,8,51,5.5,1,1,1,0,0,0,0.375,0,0,0,2
bn_4678,14,84,5.071428571428571,1,1,1,0,0,0,0.14285714285714285,0,0,0,2
bn_4679,6,43,6.333333333333333,1,1,1,0,0,0,0.3333333333333333,0,0,0,2
bn_4680,15,92,5.2,1,1,1,0,0,0,0.13333333333333333,0,0,0,2
bn_4681,7,43,5.285714285714286,1,1,0,0,0,0,0.14285714285714285,0,0,0,2
bn_4682,17,106,5.294117647058823,1,1,2,0,0,0,0.17647058823529413,0,0,0,2
bn_4683,5,38,6.8,1,1,0,0,0,0,0.2,0,0,0,2
bn_4684,16,103,5.5,1,1,1,0,0,0,0.125,0,0,0,2
bn_4685,8,44,4.625,1,1,0,0,0,0,0.125,0,0,0,2
bn_4686,13,89,5.923076923076923,1,1,1,0,0,0,0.15384615384615385,0,0,0,2
bn_4687,6,48,7.166666666666667,1,1,0,0,0,0,0.16666666666666666,0,0,0,2
bn_4688,11,65,5.0,1,1,1,0,0,0,0.18181818181818182,0,0,0,2
bn_4689,13,70,4.461538461538462,1,1,1,0,0,0,0.15384615384615385,0,0,0,2
bn_4690,11,62,4.7272727272727275,1,1,1,0,0,0,0.18181818181818182,0,0,0,2
bn_4691,8,39,4.0,1,1,0,0,0,0,0.125,0,0,0,2
bn_4692,17,97,4.764705882352941,1,1,1,0,0,0,0.11764705882352941,0,0,0,2
bn_4693,9,64,6.222222222222222,1,1,0,0,0,0,0.1111111111111111,0,0,0,2
bn_4694,19,120,5.368421052631579,1,1,3,0,0,0,0.21052631578947367,0,0,0,2
bn_4695,6,37,5.333333333333333,1,1,0,0,0,0,0.16666666666666666,0,0,0,2
bn_4696,22,151,5.909090909090909,1,1,2,0,0,0,0.13636363636363635,0,0,0,2
bn_4697,5,36,6.4,1,1,1,0,0,0,0.4,0,0,0,2
bn_4698,17,121,6.176470588235294,1,1,2,0,0,0,0.17647058823529413,0,0,0,2
bn_4699,6,38,5.5,1,1,0,0,0,0,0.16666666666666666,0,0,0,2
bn_4700,17,122,6.235294117647059,1,1,2,0,0,0,0.17647058823529413,0,0,0,2
bn_4701,5,43,7.8,1,1,0,0,0,0,0.2,0,0,0,2
bn_4702,19,129,5.842105263157895,1,1,1,0,0,0,0.10526315789473684,0,0,0,2
bn_4703,8,44,4.625,1,1,1,0,0,0,0.25,0,0,0,2
bn_4704,23,127,4.565217391304348,1,1,2,0,0,0,0.13043478260869565,0,0,0,2
bn_4705,6,43,6.333333333333333,1,1,0,0,0,0,0.16666666666666666,0,0,0,2
bn_4706,19,124,5.578947368421052,1,1,2,0,0,0,0.15789473684210525,0,0,0,2
bn_4707,8,48,5.125,1,1,0,0,0,0,0.25,0,0,0,2
bn_4708,16,102,5.4375,1,1,2,0,0,0,0.1875,0,0,0,2
bn_4709,4,30,6.75,1,1,0,0,0,0,0.25,0,0,0,2
bn_4710,23,160,6.0,1,1,3,0,0,0,0.17391304347826086,0,0,0,2
bn_4711,9,53,5.0,1,1,0,0,0,0,0.1111111111111111,0,0,0,2
bn_4712,8,60,6.625,1,1,1,0,0,0,0.25,0,0,0,2
bn_4713,6,33,4.666666666666667,1,1,0,0,0,0,0.16666666666666666,0,0,0,2
bn_4714,9,51,4.777777777777778,1,1,1,0,0,0,0.2222222222222222,0,0,0,2
bn_4715,9,55,5.222222222222222,1,1,1,0,0,0,0.2222222222222222,0,0,0,2
bn_4716,8,57,6.25,1,1,1,0,0,0,0.25,0,0,0,2
bn_4717,7,31,3.5714285714285716,1,1,0,0,0,0,0.14285714285714285,0,0,0,2
bn_4718,30,198,5.633333333333334,1,1,3,0,0,0,0.13333333333333333,0,0,0,2
bn_4719,7,46,5.714285714285714,1,1,0,0,0,0,0.14285714285714285,0,0,0,2
bn_4720,7,39,4.714285714285714,1,1,1,0,0,0,0.2857142857142857,0,0,0,2
bn_4721,11,68,5.2727272727272725,1,1,0,0,0,0,0.09090909090909091,0,0,0,2
bn_4722,5,29,5.0,1,1,1,0,0,0,0.4,0,0,0,2
bn_4723,11,64,4.909090909090909,1,1,2,0,0,0,0.2727272727272727,0,0,0,2
bn_4724,5,34,6.0,1,1,1,0,0,0,0.4,0,0,0,2
bn_4725,8,48,5.125,1,1,0,0,0,0,0.25,0,0,0,2
bn_4726,6,48,7.166666666666667,1,1,1,0,0,0,0.3333333333333333,0,0,0,2
bn_4727,10,61,5.2,1,1,0,0,0,0,0.2,0,0,0,2
bn_4728,29,183,5.344827586206897,2,1,3,0,0,0,0.1724137931034483,0,0,0,2
bn_4729,8,50,5.375,1,1,1,0,0,0,0.25,0,0,0,2
bn_4730,17,124,6.352941176470588,2,1,1,0,0,0,0.23529411764705882,0,0,0,2
bn_4731,7,44,5.428571428571429,1,1,1,0,0,0,0.2857142857142857,0,0,0,2
bn_4732,16,109,5.875,2,1,1,0,0,0,0.25,0,0,0,2
bn_4733,8,48,5.125,1,1,1,0,0,0,0.25,0,0,0,2
bn_4734,14,95,5.857142857142857,1,1,1,0,0,0,0.14285714285714285,0,0,0,2
bn_4735,10,56,4.7,1,1,1,0,0,0,0.2,0,0,0,2
bn_4736,12,89,6.5,1,1,1,0,0,0,0.16666666666666666,0,0,0,2
bn_4737,7,43,5.285714285714286,1,1,1,0,0,0,0.2857142857142857,0,0,0,2
bn_4738,18,101,4.666666666666667,1,1,1,0,0,0,0.1111111111111111,0,0,0,2
bn_4739,6,41,6.0,1,1,1,0,0,0,0.3333333333333333,0,0,0,2
bn_4740,11,64,4.909090909090909,1,1,1,0,0,0,0.18181818181818182,0,0,0,2
bn_4741,4,31,7.0,1,1,0,0,0,0,0.25,0,0,0,2
bn_4742,10,70,6.1,1,1,1,0,0,0,0.2,0,0,0,2
bn_4744,15,100,5.733333333333333,2,1,1,0,0,0,0.2,0,0,0,2
bn_4745,8,40,4.125,1,1,0,0,0,0,0.125,0,0,0,2
bn_4746,15,84,4.666666666666667,1,1,1,0,0,0,0.13333333333333333,0,0,0,2
bn_4747,6,35,5.0,1,1,0,0,0,0,0.16666666666666666,0,0,0,2
bn_4748,12,80,5.75,1,1,1,0,0,0,0.16666666666666666,0,0,0,2
bn_4749,6,35,5.0,1,1,1,0,0,0,0.3333333333333333,0,0,0,2
bn_4750,12,75,5.333333333333333,1,1,2,0,0,0,0.25,0,0,0,2
bn_4751,4,26,5.75,1,1,0,0,0,0,0.25,0,0,0,2
bn_4752,9,62,6.0,1,1,0,0,0,0,0.1111111111111111,0,0,0,2
bn_4753,5,38,6.8,1,1,1,0,0,0,0.4,0,0,0,2
bn_4754,12,85,6.166666666666667,1,1,1,0,0,0,0.16666666666666666,0,0,0,2
bn_4755,6,42,6.166666666666667,1,1,1,0,0,0,0.3333333333333333,0,0,0,2
bn_4756,12,65,4.5,1,1,1,0,0,0,0.16666666666666666,0,0,0,2
bn_4758,8,54,5.875,1,1,0,0,0,0,0.125,0,0,0,2
bn_4759,7,37,4.428571428571429,1,1,1,0,0,0,0.2857142857142857,0,0,0,2
bn_4760,9,62,6.0,1,1,1,0,0,0,0.2222222222222222,0,0,0,2
bn_4761,9,46,4.222222222222222,1,1,1,0,0,0,0.2222222222222222,0,0,0,2
bn_4762,11,67,5.181818181818182,1,1,2,0,0,0,0.2727272727272727,0,0,0,2
bn_4763,8,54,5.875,1,1,1,0,0,0,0.375,0,0,0,2
bn_4764,9,67,6.555555555555555,1,1,1,0,0,0,0.3333333333333333,0,0,0,2
bn_4765,8,45,4.75,1,1,0,0,0,0,0.125,0,0,0,2
bn_4766,10,60,5.1,1,1,1,0,0,0,0.2,0,0,0,2
bn_4767,9,57,5.444444444444445,1,1,1,0,0,0,0.2222222222222222,0,0,0,2
bn_4768,11,63,4.818181818181818,1,1,1,0,0,0,0.2727272727272727,0,0,0,2
bn_4769,8,52,5.625,1,1,1,0,0,0,0.25,0,0,0,2
bn_4770,10,52,4.3,1,1,1,0,0,0,0.2,0,0,0,2
bn_4771,6,43,6.333333333333333,1,1,1,0,0,0,0.3333333333333333,0,0,0,2
bn_4772,11,64,4.909090909090909,1,1,1,0,0,0,0.18181818181818182,0,0,0,2
bn_4774,7,43,5.285714285714286,1,1,1,0,0,0,0.2857142857142857,0,0,0,2
bn_4775,8,56,6.125,1,1,1,0,0,0,0.25,0,0,0,2
bn_4776,12,66,4.583333333333333,1,1,0,0,0,0,0.08333333333333333,0,0,0,2
bn_4777,7,51,6.428571428571429,1,1,1,0,0,0,0.2857142857142857,0,0,0,2
bn_4778,8,45,4.75,1,1,1,0,0,0,0.25,0,0,0,2
bn_4779,10,53,4.4,1,1,1,0,0,0,0.2,0,0,0,2
bn_4780,7,50,6.285714285714286,1,1,1,0,0,0,0.2857142857142857,0,0,0,2
bn_4781,4,32,7.25,1,1,0,0,0,0,0.25,0,0,0,2
bn_4782,12,66,4.583333333333333,1,1,1,0,0,0,0.16666666666666666,0,0,0,2
bn_4783,5,34,6.0,1,1,1,0,0,0,0.4,0,0,0,2
bn_4784,12,73,5.166666666666667,1,1,2,0,0,0,0.25,0,0,0,2
bn_4785,6,38,5.5,1,1,0,0,0,0,0.16666666666666666,0,0,0,2
bn_4786,14,81,4.857142857142857,1,1,1,0,0,0,0.14285714285714285,0,0,0,2
bn_4787,6,48,7.166666666666667,1,1,1,0,0,0,0.3333333333333333,0,0,0,2
bn_4788,8,51,5.5,1,1,0,0,0,0,0.125,0,0,0,2
bn_4789,7,41,5.0,1,1,1,0,0,0,0.2857142857142857,0,0,0,2
bn_4790,10,63,5.4,1,1,1,0,0,0,0.2,0,0,0,2
bn_4791,6,41,6.0,1,1,1,0,0,0,0.3333333333333333,0,0,0,2
bn_4792,9,46,4.222222222222222,1,1,1,0,0,0,0.2222222222222222,0,0,0,2
bn_4793,7,49,6.142857142857143,1,1,1,0,0,0,0.2857142857142857,0,0,0,2
bn_4794,11,65,5.0,1,1,1,0,0,0,0.18181818181818182,0,0,0,2
bn_4796,9,62,6.0,1,1,1,0,0,0,0.2222222222222222,0,0,0,2
bn_4797,5,34,6.0,1,1,1,0,0,0,0.4,0,0,0,2
bn_4798,10,65,5.6,1,1,1,0,0,0,0.2,0,0,0,2
bn_4799,6,32,4.5,1,1,0,0,0,0,0.16666666666666666,0,0,0,2
bn_4800,12,75,5.333333333333333,1,1,1,0,0,0,0.16666666666666666,0,0,0,2
bn_4802,10,62,5.3,1,1,1,0,0,0,0.2,0,0,0,2
bn_4804,9,70,6.888888888888889,1,1,0,0,0,0,0.1111111111111111,0,0,0,2
bn_4805,7,35,4.142857142857143,1,1,0,0,0,0,0.14285714285714285,0,0,0,2
bn_4806,8,56,6.125,1,1,0,0,0,0,0.125,0,0,0,2
bn_4807,7,44,5.428571428571429,1,1,0,0,0,0,0.14285714285714285,0,0,0,2
bn_4808,11,72,5.636363636363637,1,1,1,0,0,0,0.18181818181818182,0,0,0,2
bn_4809,7,42,5.142857142857143,1,1,1,0,0,0,0.2857142857142857,0,0,0,2
bn_4810,10,63,5.4,1,1,2,0,0,0,0.3,0,0,0,2
bn_4811,6,45,6.666666666666667,1,1,1,0,0,0,0.3333333333333333,0,0,0,2
bn_4812,8,59,6.5,1,1,1,0,0,0,0.25,0,0,0,2
bn_4814,9,62,6.0,1,1,0,0,0,0,0.2222222222222222,0,0,0,2
bn_4815,6,40,5.833333333333333,1,1,1,0,0,0,0.3333333333333333,0,0,0,2
bn_4816,9,64,6.222222222222222,1,1,2,0,0,0,0.3333333333333333,0,0,0,2
bn_4817,9,47,4.333333333333333,1,1,1,0,0,0,0.2222222222222222,0,0,0,2
bn_4818,9,46,4.222222222222222,1,1,1,0,0,0,0.2222222222222222,0,0,0,2
bn_4819,12,65,4.5,1,1,1,0,0,0,0.16666666666666666,0,0,0,2
bn_4820,8,54,5.875,1,1,0,0,0,0,0.125,0,0,0,2
bn_4821,10,70,6.1,1,1,1,0,0,0,0.2,0,0,0,2
bn_4822,8,44,4.625,1,1,1,0,0,0,0.25,0,0,0,2
bn_4823,11,65,5.0,1,1,1,0,0,0,0.18181818181818182,0,0,0,2
bn_4824,10,52,4.3,1,1,0,0,0,0,0.1,0,0,0,2
bn_4825,7,49,6.142857142857143,1,1,1,0,0,0,0.2857142857142857,0,0,0,2
bn_4826,9,66,6.444444444444445,1,1,1,0,0,0,0.3333333333333333,0,0,0,2
bn_4827,16,97,5.125,2,1,1,0,0,0,0.25,0,0,0,2
bn_4828,11,76,6.0,1,1,1,0,0,0,0.18181818181818182,0,0,0,2
bn_4829,12,79,5.666666666666667,1,1,1,0,0,0,0.16666666666666666,0,0,0,2
bn_4831,8,61,6.75,1,1,1,0,0,0,0.25,0,0,0,2
bn_4832,8,51,5.5,1,1,1,0,0,0,0.25,0,0,0,2
bn_4833,10,50,4.1,1,1,2,0,0,0,0.3,0,0,0,2
bn_4834,7,57,7.285714285714286,1,1,1,0,0,0,0.2857142857142857,0,0,0,2
bn_4835,11,76,6.0,1,1,1,0,0,0,0.18181818181818182,0,0,0,2
bn_4836,12,68,4.75,1,1,1,0,0,0,0.16666666666666666,0,0,0,2
bn_4837,9,59,5.666666666666667,1,1,1,0,0,0,0.2222222222222222,0,0,0,2
bn_4839,8,49,5.25,1,1,1,0,0,0,0.25,0,0,0,2
bn_4841,9,64,6.222222222222222,1,1,1,0,0,0,0.2222222222222222,0,0,0,2
bn_4843,9,61,5.888888888888889,1,1,1,0,0,0,0.2222222222222222,0,0,0,2
bn_4844,8,46,4.875,1,1,1,0,0,0,0.25,0,0,0,2
bn_4845,8,50,5.375,1,1,1,0,0,0,0.25,0,0,0,2
bn_4846,11,69,5.363636363636363,1,1,1,0,0,0,0.18181818181818182,0,0,0,2
bn_4847,6,46,6.833333333333333,1,1,2,0,0,0,0.5,0,0,0,2
bn_4848,10,56,4.7,1,1,1,0,0,0,0.2,0,0,0,2
bn_4849,9,56,5.333333333333333,1,1,1,0,0,0,0.2222222222222222,0,0,0,2
bn_4850,9,56,5.333333333333333,1,1,1,0,0,0,0.2222222222222222,0,0,0,2
bn_4851,5,41,7.4,1,1,0,0,0,0,0.2,0,0,0,2
bn_4852,9,70,6.888888888888889,1,1,0,0,0,0,0.1111111111111111,0,0,0,2
bn_4853,9,62,6.0,1,1,1,0,0,0,0.2222222222222222,0,0,0,2
bn_4854,6,47,7.0,1,1,0,0,0,0,0.16666666666666666,0,0,0,2
bn_4855,6,41,6.0,1,1,1,0,0,0,0.3333333333333333,0,0,0,2
bn_4856,8,71,8.0,1,1,1,0,0,0,0.25,0,0,0,2
bn_4857,7,51,6.428571428571429,1,1,1,0,0,0,0.2857142857142857,0,0,0,2
bn_4858,9,50,4.666666666666667,1,1,1,0,0,0,0.2222222222222222,0,0,0,2
bn_4859,8,48,5.125,1,1,1,0,0,0,0.25,0,0,0,2
bn_4860,6,46,6.833333333333333,1,1,0,0,0,0,0.16666666666666666,0,0,0,2
bn_4862,11,65,5.0,1,1,1,0,0,0,0.18181818181818182,0,0,0,2
bn_4863,7,56,7.142857142857143,1,1,1,0,0,0,0.42857142857142855,0,0,0,2
bn_4864,7,48,6.0,1,1,1,0,0,0,0.2857142857142857,0,0,0,2
bn_4865,11,65,5.0,1,1,2,0,0,0,0.2727272727272727,0,0,0,2
bn_4866,14,91,5.571428571428571,1,1,1,0,0,0,0.14285714285714285,0,0,0,2
bn_4867,6,32,4.5,1,1,0,0,0,0,0.16666666666666666,0,0,0,2
bn_4868,4,34,7.75,1,1,0,0,0,0,0.25,0,0,0,2
bn_4870,14,85,5.142857142857143,1,1,1,0,0,0,0.14285714285714285,0,0,0,2
bn_4872,11,76,6.0,1,1,1,0,0,0,0.18181818181818182,0,0,0,2
bn_4873,8,42,4.375,1,1,1,0,0,0,0.25,0,0,0,2
bn_4874,10,75,6.6,1,1,1,0,0,0,0.2,0,0,0,2
bn_4875,6,32,4.5,1,1,0,0,0,0,0.16666666666666666,0,0,0,2
bn_4876,8,60,6.625,1,1,1,0,0,0,0.25,0,0,0,2
bn_4878,12,75,5.333333333333333,1,1,1,0,0,0,0.16666666666666666,0,0,0,2
bn_4879,4,26,5.75,1,1,1,0,0,0,0.5,0,0,0,2
bn_4880,16,95,5.0,1,1,0,0,0,0,0.0625,0,0,0,2
bn_4882,7,51,6.428571428571429,1,1,1,0,0,0,0.2857142857142857,0,0,0,2
bn_4883,3,27,8.333333333333334,1,1,0,0,0,0,0.3333333333333333,0,0,0,2
bn_4884,7,52,6.571428571428571,1,1,0,0,0,0,0.14285714285714285,0,0,0,2
bn_4885,9,59,5.666666666666667,1,1,1,0,0,0,0.2222222222222222,0,0,0,2
bn_4886,6,49,7.333333333333333,1,1,1,0,0,0,0.3333333333333333,0,0,0,2
bn_4888,7,51,6.428571428571429,1,1,1,0,0,0,0.2857142857142857,0,0,0,2
bn_4889,6,37,5.333333333333333,1,1,1,0,0,0,0.3333333333333333,0,0,0,2
bn_4892,8,42,4.375,1,1,0,0,0,0,0.125,0,0,0,2
bn_4893,7,41,5.0,1,1,1,0,0,0,0.2857142857142857,0,0,0,2
bn_4894,11,79,6.2727272727272725,1,1,1,0,0,0,0.18181818181818182,0,0,0,2
bn_4895,16,87,4.5,1,1,3,0,0,0,0.25,0,0,0,2
bn_4896,11,74,5.818181818181818,1,1,1,0,0,0,0.18181818181818182,0,0,0,2
bn_4897,11,76,6.0,1,1,1,0,0,0,0.18181818181818182,0,0,0,2
bn_4898,12,73,5.166666666666667,1,1,2,0,0,0,0.25,0,0,0,2
bn_4899,9,51,4.777777777777778,1,1,1,0,0,0,0.2222222222222222,0,0,0,2
bn_4900,13,74,4.769230769230769,1,1,1,0,0,0,0.15384615384615385,0,0,0,2
bn_4901,5,28,4.8,1,1,0,0,0,0,0.2,0,0,0,2
bn_4902,7,43,5.285714285714286,1,1,1,0,0,0,0.2857142857142857,0,0,0,2
bn_4903,7,56,7.142857142857143,1,1,0,0,0,0,0.14285714285714285,0,0,0,2
bn_4904,7,43,5.285714285714286,1,1,1,0,0,0,0.2857142857142857,0,0,0,2
bn_4905,6,36,5.166666666666667,1,1,0,0,0,0,0.16666666666666666,0,0,0,2
bn_4906,7,50,6.285714285714286,1,1,1,0,0,0,0.2857142857142857,0,0,0,2
bn_4907,8,55,6.0,1,1,1,0,0,0,0.25,0,0,0,2
bn_4908,12,71,5.0,1,1,2,0,0,0,0.25,0,0,0,2
bn_4909,7,45,5.571428571428571,1,1,2,0,0,0,0.42857142857142855,0,0,0,2
bn_4910,9,56,5.333333333333333,1,1,1,0,0,0,0.2222222222222222,0,0,0,2
bn_4912,9,52,4.888888888888889,1,1,1,0,0,0,0.2222222222222222,0,0,0,2
bn_4913,4,25,5.5,1,1,0,0,0,0,0.25,0,0,0,2
bn_4914,10,59,5.0,1,1,1,0,0,0,0.2,0,0,0,2
bn_4916,8,52,5.625,1,1,1,0,0,0,0.25,0,0,0,2
bn_4918,12,77,5.5,1,1,1,0,0,0,0.16666666666666666,0,0,0,2
bn_4919,6,39,5.666666666666667,1,1,0,0,0,0,0.16666666666666666,0,0,0,2
bn_4920,8,66,7.375,1,1,0,0,0,0,0.125,0,0,0,2
bn_4921,5,25,4.2,1,1,1,0,0,0,0.4,0,0,0,2
bn_4922,7,35,4.142857142857143,1,1,1,0,0,0,0.2857142857142857,0,0,0,2
bn_4923,5,33,5.8,1,1,1,0,0,0,0.4,0,0,0,2
bn_4924,10,64,5.5,1,1,1,0,0,0,0.2,0,0,0,2
bn_4925,10,69,6.0,1,1,2,0,0,0,0.4,0,0,0,2
bn_4926,9,59,5.666666666666667,1,1,0,0,0,0,0.1111111111111111,0,0,0,2
bn_4927,11,61,4.636363636363637,1,1,1,0,0,0,0.18181818181818182,0,0,0,2
bn_4928,12,79,5.666666666666667,1,1,1,0,0,0,0.16666666666666666,0,0,0,2
bn_4929,8,56,6.125,1,1,1,0,0,0,0.25,0,0,0,2
bn_4930,11,63,4.818181818181818,1,1,2,0,0,0,0.2727272727272727,0,0,0,2
bn_4931,11,75,5.909090909090909,1,1,2,0,0,0,0.2727272727272727,0,0,0,2
bn_4933,11,75,5.909090909090909,1,1,1,0,0,0,0.18181818181818182,0,0,0,2
bn_4934,11,72,5.636363636363637,1,1,1,0,0,0,0.18181818181818182,0,0,0,2
bn_4935,11,59,4.454545454545454,1,1,1,0,0,0,0.18181818181818182,0,0,0,2
bn_4936,8,61,6.75,1,1,1,0,0,0,0.25,0,0,0,2
bn_4937,11,62,4.7272727272727275,1,1,1,0,0,0,0.18181818181818182,0,0,0,2
bn_4938,10,65,5.6,1,1,1,0,0,0,0.2,0,0,0,2
bn_4939,12,79,5.666666666666667,1,1,1,0,0,0,0.16666666666666666,0,0,0,2
bn_4940,9,57,5.444444444444445,1,1,1,0,0,0,0.2222222222222222,0,0,0,2
bn_4941,13,73,4.6923076923076925,1,1,1,0,0,0,0.15384615384615385,0,0,0,2
bn_4942,7,53,6.714285714285714,1,1,1,0,0,0,0.2857142857142857,0,0,0,2
bn_4943,7,55,7.0,1,1,1,0,0,0,0.2857142857142857,0,0,0,2
bn_4944,10,57,4.8,1,1,1,0,0,0,0.2,0,0,0,2
bn_4945,11,60,4.545454545454546,1,1,1,0,0,0,0.18181818181818182,0,0,0,2
bn_4947,15,87,4.866666666666666,1,1,2,0,0,0,0.2,0,0,0,2
bn_4948,6,41,6.0,1,1,1,0,0,0,0.3333333333333333,0,0,0,2
bn_4949,11,66,5.090909090909091,1,1,1,0,0,0,0.18181818181818182,0,0,0,2
bn_4950,5,35,6.2,1,1,0,0,0,0,0.2,0,0,0,2
bn_4951,14,82,4.928571428571429,1,1,2,0,0,0,0.21428571428571427,0,0,0,2
bn_4952,8,49,5.25,1,1,1,0,0,0,0.25,0,0,0,2
bn_4953,11,69,5.363636363636363,1,1,2,0,0,0,0.2727272727272727,0,0,0,2
bn_4955,13,68,4.3076923076923075,1,1,1,0,0,0,0.15384615384615385,0,0,0,2
bn_4957,15,92,5.2,1,1,2,0,0,0,0.2,0,0,0,2
bn_4958,8,55,6.0,1,1,1,0,0,0,0.25,0,0,0,2
bn_4959,10,67,5.8,1,1,2,0,0,0,0.3,0,0,0,2
bn_4961,11,74,5.818181818181818,1,1,2,0,0,0,0.2727272727272727,0,0,0,2
bn_4962,6,45,6.666666666666667,1,1,1,0,0,0,0.3333333333333333,0,0,0,2
bn_4963,13,80,5.230769230769231,1,1,2,0,0,0,0.23076923076923078,0,0,0,2
bn_4965,9,61,5.888888888888889,1,1,1,0,0,0,0.2222222222222222,0,0,0,2
bn_4966,3,18,5.333333333333333,1,1,0,0,0,0,0.3333333333333333,0,0,0,2
bn_4967,14,94,5.785714285714286,1,1,1,0,0,0,0.14285714285714285,0,0,0,2
bn_4969,10,66,5.7,1,1,1,0,0,0,0.2,0,0,0,2
bn_4971,8,62,6.875,1,1,1,0,0,0,0.25,0,0,0,2
bn_4972,5,33,5.8,1,1,0,0,0,0,0.2,0,0,0,2
bn_4973,12,71,5.0,1,1,2,0,0,0,0.25,0,0,0,2
bn_4975,9,66,6.444444444444445,1,1,1,0,0,0,0.2222222222222222,0,0,0,2
bn_4976,4,20,4.25,1,1,0,0,0,0,0.25,0,0,0,2
bn_4977,13,76,4.923076923076923,1,1,1,0,0,0,0.15384615384615385,0,0,0,2
bn_4979,12,84,6.083333333333333,1,1,1,0,0,0,0.16666666666666666,0,0,0,2
bn_4980,8,39,4.0,1,1,0,0,0,0,0.125,0,0,0,2
bn_4981,12,89,6.5,1,1,1,0,0,0,0.16666666666666666,0,0,0,2
bn_4983,14,88,5.357142857142857,1,1,1,0,0,0,0.14285714285714285,0,0,0,2
bn_4985,18,107,5.0,1,1,2,0,0,0,0.16666666666666666,0,0,0,2
bn_4987,15,107,6.2,1,1,1,0,0,0,0.13333333333333333,0,0,0,2
bn_4988,3,18,5.333333333333333,1,1,0,0,0,0,0.3333333333333333,0,0,0,2
bn_4989,17,114,5.764705882352941,1,1,0,0,0,0,0.058823529411764705,0,0,0,2
bn_4991,18,97,4.444444444444445,1,1,2,0,0,0,0.16666666666666666,0,0,0,2
bn_4993,20,132,5.65,1,1,3,0,0,0,0.2,0,0,0,2
bn_4994,6,44,6.5,1,1,1,0,0,0,0.3333333333333333,0,0,0,2
bn_4995,25,154,5.2,1,1,0,0,0,0,0.04,0,0,0,2
bn_4996,5,37,6.6,1,1,1,0,0,0,0.4,0,0,0,2
bn_4997,10,66,5.7,1,1,1,0,0,0,0.2,0,0,0,2
bn_4998,10,66,5.7,1,1,1,0,0,0,0.2,0,0,0,2
bn_4999,37,232,5.297297297297297,5,1,3,0,0,0,0.2702702702702703,0,0,0,2
