review_id,cluster_k2,Sentiment,region,dist_to_own_centroid,margin,n_words
bn_1999,1,2,B_uniform,0.58709794,0.048781335,15
bn_2000,1,2,B_uniform,0.59958583,0.07978076,13
bn_2001,0,2,B_uniform,0.7135021,0.029444516,9
bn_2002,1,2,B_uniform,0.6638518,0.06664419,10
bn_2003,1,2,B_uniform,0.61234313,0.08738625,10
bn_2004,0,2,B_uniform,0.73643523,0.022508621,8
bn_2005,0,2,B_uniform,0.7584149,0.01700443,10
bn_2006,0,2,B_uniform,0.6066488,0.05732149,8
bn_2007,0,2,B_uniform,0.71066165,0.04588002,9
bn_2008,1,2,B_uniform,0.65544593,0.08606905,9
bn_2009,1,2,B_uniform,0.64166754,0.04432243,10
bn_2010,1,2,B_uniform,0.62515247,0.08104026,8
bn_2011,1,2,B_uniform,0.6614461,0.06406039,7
bn_2012,1,2,B_uniform,0.7204593,0.06533766,10
bn_2013,1,2,B_uniform,0.6049048,0.099196434,10
bn_2014,0,2,B_uniform,0.7946424,0.0713684,8
bn_2015,0,2,B_uniform,0.7398696,0.04453671,7
bn_2016,1,2,B_uniform,0.59371936,0.095615804,10
bn_2017,0,2,B_uniform,0.89707947,0.015304744,10
bn_2018,1,2,B_uniform,0.6871228,0.077442765,10
bn_2019,0,2,B_uniform,0.8046912,0.04237646,7
bn_2020,1,2,B_uniform,0.7190198,0.09410787,12
bn_2021,0,2,B_uniform,0.7606814,0.048228323,9
bn_2022,1,2,B_uniform,0.79132926,0.07852274,8
bn_2023,0,2,B_uniform,0.73834914,0.056660533,7
bn_2024,1,2,B_uniform,0.6721821,0.04150647,10
bn_2025,1,2,B_uniform,0.7664713,0.061674833,9
bn_2026,0,2,B_uniform,0.65110606,0.07252103,9
bn_2027,0,2,B_uniform,0.75169957,0.03782773,9
bn_2028,0,2,B_uniform,0.63646936,0.009272933,7
bn_2029,1,2,B_uniform,0.65139383,0.048874617,10
bn_2030,1,2,B_uniform,0.7361104,0.05688691,7
bn_2031,1,2,B_uniform,0.6573251,0.09791094,9
bn_2032,0,2,B_uniform,0.7913117,0.0164181,9
bn_2033,0,2,B_uniform,0.7213395,0.015058279,7
bn_2034,1,2,B_uniform,0.6474547,0.06765461,10
bn_2035,0,2,B_uniform,0.77006626,0.077949524,7
bn_2036,1,2,B_uniform,0.6287003,0.058963,8
bn_2037,1,2,B_uniform,0.64976245,0.073289394,7
bn_2038,1,2,B_uniform,0.64112175,0.067611456,10
bn_2039,0,2,B_uniform,0.66905457,0.049181163,7
bn_2040,0,2,B_uniform,0.6718264,0.020018995,8
bn_2041,1,2,B_uniform,0.7034302,0.050255835,7
bn_2042,1,2,B_uniform,0.7044433,0.08805245,10
bn_2043,1,2,B_uniform,0.7165537,0.09410548,9
bn_2044,0,2,B_uniform,0.6670083,0.08134651,7
bn_2045,1,2,B_uniform,0.67402405,0.04375136,7
bn_2046,0,2,B_uniform,0.86141735,0.08654618,10
bn_2047,0,2,B_uniform,0.80390215,0.057233334,7
bn_2048,1,2,B_uniform,0.68919694,0.07434398,11
bn_2049,0,2,B_uniform,0.78186774,0.060996056,6
bn_2050,1,2,B_uniform,0.79302263,0.0021809936,8
bn_2051,0,2,B_uniform,0.7750405,0.03532499,7
bn_2052,1,2,B_uniform,0.8019127,0.081902444,5
bn_2053,0,2,B_uniform,0.7289916,0.07574648,6
bn_2054,1,2,B_uniform,0.7612967,0.07361084,9
bn_2055,0,2,B_uniform,0.8906623,0.022120178,6
bn_2056,1,2,B_uniform,0.71273005,0.070598304,7
bn_2057,0,2,B_uniform,0.8182958,0.016846538,8
bn_2058,1,2,B_uniform,0.61455697,0.056211293,9
bn_2059,0,2,B_uniform,0.9204647,0.013200939,5
bn_2060,0,2,B_uniform,0.7071926,0.08683133,7
bn_2061,1,2,B_uniform,0.61549956,0.07453054,7
bn_2062,1,2,B_uniform,0.6193936,0.0728814,8
bn_2063,0,2,B_uniform,0.6727194,0.079048276,6
bn_2064,1,2,B_uniform,0.6819302,0.0838989,8
bn_2065,0,2,B_uniform,0.7217235,0.07605016,5
bn_2066,1,2,B_uniform,0.63988554,0.0929631,8
bn_2067,0,2,B_uniform,0.8399386,0.026255965,8
bn_2068,0,2,B_uniform,0.81211585,0.061040103,6
bn_2069,0,2,B_uniform,0.90677255,0.034986913,5
bn_2070,0,2,B_uniform,0.76572776,0.017363489,7
bn_2071,1,2,B_uniform,0.80563354,0.0569458,7
bn_2072,1,2,B_uniform,0.73143727,0.06783801,8
bn_2073,0,2,B_uniform,0.98823065,0.047031343,8
bn_2074,0,2,B_uniform,0.7174072,0.074276805,10
bn_2075,0,2,B_uniform,0.7583097,0.08528656,5
bn_2076,1,2,B_uniform,0.66602266,0.08995485,7
bn_2077,1,2,B_uniform,0.7495056,0.118946016,6
bn_2078,1,2,B_uniform,0.6442654,0.09435183,9
bn_2079,1,2,B_uniform,0.7541296,0.050827026,9
bn_2080,1,2,B_uniform,0.6859681,0.04988551,8
bn_2081,1,2,B_uniform,0.7441642,0.009770155,10
bn_2082,1,2,B_uniform,0.7261691,0.031021297,7
bn_2083,1,2,B_uniform,0.6075622,0.0473395,10
bn_2084,0,2,B_uniform,0.74673235,0.047673225,7
bn_2085,1,2,B_uniform,0.6708635,0.08716214,9
bn_2086,1,2,B_uniform,0.62765795,0.074820936,8
bn_2087,1,2,B_uniform,0.6742107,0.020026326,8
bn_2088,0,2,B_uniform,1.0382953,0.021243095,6
bn_2089,1,2,B_uniform,0.6614873,0.07657969,8
bn_2090,0,2,B_uniform,0.71659607,0.04425907,6
bn_2091,0,2,B_uniform,0.7290667,0.04278916,10
bn_2092,1,2,B_uniform,0.73905784,0.00353086,10
bn_2093,1,2,B_uniform,0.5352792,0.055445552,8
bn_2094,1,2,B_uniform,0.7764521,0.020734668,9
bn_2095,1,2,B_uniform,0.72438174,0.07601082,8
bn_2096,1,2,B_uniform,0.62809044,0.08599651,8
bn_2097,0,2,B_uniform,0.71689206,0.029078424,7
bn_2098,0,2,B_uniform,0.7703679,0.03439498,8
bn_2099,1,2,B_uniform,0.6771643,0.091532886,8
bn_2100,1,2,B_uniform,0.6408311,0.06904811,7
bn_2101,0,2,B_uniform,0.72759455,0.0426358,8
bn_2102,1,2,B_uniform,0.7222132,0.06318313,11
bn_2103,1,2,B_uniform,0.6501345,0.06544471,7
bn_2104,0,2,B_uniform,0.77740884,0.01658994,9
bn_2105,0,2,B_uniform,0.7037191,0.0074775815,7
bn_2106,1,2,B_uniform,0.6510755,0.07580453,6
bn_2107,1,2,B_uniform,0.6221184,0.09884101,8
bn_2108,0,2,B_uniform,0.6975926,0.03044051,7
bn_2109,0,2,B_uniform,0.70098966,0.037287295,7
bn_2110,1,2,B_uniform,0.6064696,0.07933462,9
bn_2111,0,2,B_uniform,0.79158115,0.04885316,5
bn_2112,1,2,B_uniform,0.7197915,0.026561022,8
bn_2113,1,2,B_uniform,0.6391665,0.046937168,7
bn_2114,0,2,B_uniform,0.7687376,0.060171783,8
bn_2115,1,2,B_uniform,0.6664012,0.07573742,8
bn_2116,1,2,B_uniform,0.7810468,0.01862967,6
bn_2117,0,2,B_uniform,0.78191864,0.03937596,6
bn_2118,1,2,B_uniform,0.7528482,0.08401418,7
bn_2119,0,2,B_uniform,0.70351565,0.008597136,7
bn_2120,1,2,B_uniform,0.67088836,0.034936547,9
bn_2121,0,2,B_uniform,0.82002515,0.06431723,7
bn_2122,1,2,B_uniform,0.6931479,0.08045477,8
bn_2123,1,2,B_uniform,0.5966501,0.036243856,8
bn_2124,0,2,B_uniform,0.8530609,0.026358068,7
bn_2125,1,2,B_uniform,0.6944965,0.078264475,11
bn_2126,0,2,B_uniform,0.73435384,0.080801964,5
bn_2127,0,2,B_uniform,0.8800128,0.030297041,8
bn_2128,1,2,B_uniform,0.69555503,0.008100867,7
bn_2129,0,2,B_uniform,0.60481036,0.073930204,7
bn_2130,0,2,B_uniform,0.7281351,0.06915939,7
bn_2131,1,2,B_uniform,0.64025235,0.118077576,6
bn_2132,0,2,B_uniform,0.75992614,0.031276464,8
bn_2133,1,2,B_uniform,0.6766857,0.018082023,8
bn_2134,0,2,B_uniform,0.7802528,0.019577503,8
bn_2135,1,2,B_uniform,0.6323295,0.08286756,9
bn_2136,1,2,B_uniform,0.6623959,0.032856703,6
bn_2137,0,2,B_uniform,0.69845325,0.09626591,6
bn_2138,0,2,B_uniform,0.8128565,0.023273885,6
bn_2139,0,2,B_uniform,0.8910641,0.06669617,5
bn_2140,1,2,B_uniform,0.70888555,0.08758205,7
bn_2141,1,2,B_uniform,0.65272284,0.101658285,6
bn_2142,0,2,B_uniform,0.71507317,0.029201627,5
bn_2143,1,2,B_uniform,0.8888406,0.00295645,6
bn_2144,0,2,B_uniform,0.7520419,0.071487784,8
bn_2145,0,2,B_uniform,0.77580345,0.014390886,7
bn_2146,1,2,B_uniform,0.68357587,0.062461436,5
bn_2147,1,2,B_uniform,0.66762036,0.06616306,8
bn_2148,0,2,B_uniform,0.7812077,0.05660695,6
bn_2149,1,2,B_uniform,0.66589886,0.028005362,6
bn_2150,0,2,B_uniform,0.7796985,0.055947185,8
bn_2151,1,2,B_uniform,0.70463884,0.035124183,8
bn_2152,0,2,B_uniform,0.7019477,0.05606538,8
bn_2153,1,2,B_uniform,0.64897346,0.03902054,6
bn_2154,1,2,B_uniform,0.6876472,0.04964471,7
bn_2155,0,2,B_uniform,0.85898966,0.045987725,9
bn_2156,0,2,B_uniform,0.682265,0.032101095,6
bn_2157,1,2,B_uniform,0.63138986,0.0598197,7
bn_2158,1,2,B_uniform,0.6740221,0.076116264,5
bn_2159,1,2,B_uniform,0.6256002,0.037323534,7
bn_2160,1,2,B_uniform,0.6541336,0.11184251,5
bn_2161,1,2,B_uniform,0.635975,0.059961736,8
bn_2162,1,2,B_uniform,0.5920421,0.07356328,8
bn_2163,1,2,B_uniform,0.62753004,0.066595376,6
bn_2164,0,2,B_uniform,0.6929287,0.07424694,8
bn_2165,1,2,B_uniform,0.6837616,0.0651741,7
bn_2166,1,2,B_uniform,0.64663076,0.10747653,9
bn_2167,1,2,B_uniform,0.6492578,0.052449524,6
bn_2168,0,2,B_uniform,0.9291897,0.021636605,7
bn_2169,1,2,B_uniform,0.6553685,0.07398623,8
bn_2170,1,2,B_uniform,0.65036213,0.06664467,10
bn_2171,1,2,B_uniform,0.5799507,0.028785527,9
bn_2172,1,2,B_uniform,0.6265654,0.058296084,8
bn_2173,0,2,B_uniform,0.76023537,0.0768379,6
bn_2174,1,2,B_uniform,0.62214214,0.090877235,9
bn_2175,0,2,B_uniform,0.71761316,0.098587275,9
bn_2176,0,2,B_uniform,0.7809647,0.019424736,7
bn_2177,1,2,B_uniform,0.62637186,0.06307739,7
bn_2178,1,2,B_uniform,0.71100223,0.1043126,7
bn_2179,0,2,B_uniform,0.8693423,0.031618,7
bn_2180,1,2,B_uniform,0.54457456,0.07302952,8
bn_2181,0,2,B_uniform,0.7577507,0.017359972,6
bn_2182,0,2,B_uniform,0.7342864,0.065565646,6
bn_2183,1,2,B_uniform,0.8320219,0.04582429,6
bn_2184,1,2,B_uniform,0.6491363,0.07902765,8
bn_2185,0,2,B_uniform,0.6567525,0.038039684,7
bn_2186,0,2,B_uniform,0.8057132,0.0060272217,7
bn_2187,0,2,B_uniform,0.72494173,0.023167372,5
bn_2188,1,2,B_uniform,0.7294634,0.09823555,7
bn_2189,1,2,B_uniform,0.6454641,0.063571215,6
bn_2190,1,2,B_uniform,0.66254926,0.024724424,6
bn_2191,1,2,B_uniform,0.6413161,0.065463305,8
bn_2192,1,2,B_uniform,0.74463713,0.09268707,7
bn_2193,1,2,B_uniform,0.6517354,0.07388002,8
bn_2194,0,2,B_uniform,0.70731515,0.07699734,4
bn_2195,1,2,B_uniform,0.63017523,0.06542832,9
bn_2196,0,2,B_uniform,0.84138083,0.07662237,5
bn_2197,1,2,B_uniform,0.6082425,0.06609076,9
bn_2198,0,2,B_uniform,0.88972354,0.039622843,6
bn_2199,1,2,B_uniform,0.7440822,0.08200508,5
bn_2200,0,2,B_uniform,0.81233627,0.052869678,4
bn_2201,1,2,B_uniform,0.7625154,0.051616967,10
bn_2202,1,2,B_uniform,0.62468064,0.08775544,6
bn_2203,1,2,B_uniform,0.7155691,0.07163924,7
bn_2204,0,2,B_uniform,0.7772665,0.045689583,7
bn_2205,1,2,B_uniform,0.6486576,0.08474511,7
bn_2206,0,2,B_uniform,0.75294906,0.071101725,7
bn_2207,0,2,B_uniform,0.8661302,0.007017672,8
bn_2208,1,2,B_uniform,0.6465987,0.089221776,10
bn_2209,0,2,B_uniform,0.7928816,0.034159184,6
bn_2210,0,2,B_uniform,0.7159725,0.06826323,8
bn_2211,0,2,B_uniform,0.84629333,0.048821867,5
bn_2212,1,2,B_uniform,0.646164,0.042450845,6
bn_2213,0,2,B_uniform,0.8037489,0.06532037,6
bn_2214,1,2,B_uniform,0.7038923,0.035627842,4
bn_2215,1,2,B_uniform,0.6195904,0.06948978,8
bn_2216,0,2,B_uniform,0.7467712,0.03530103,9
bn_2217,1,2,B_uniform,0.72331727,0.10824883,8
bn_2219,0,2,B_uniform,0.70678914,0.0566262,8
bn_2220,0,2,B_uniform,0.7306648,0.024572909,6
bn_2221,1,2,B_uniform,0.6729232,0.048351347,7
bn_2222,1,2,B_uniform,0.64031005,0.06820959,6
bn_2223,0,2,B_uniform,0.8201646,0.04058695,9
bn_2224,1,2,B_uniform,0.7319722,0.0096949935,7
bn_2225,1,2,B_uniform,0.6468056,0.06079185,7
bn_2226,0,2,B_uniform,0.8699713,0.014656901,8
bn_2227,0,2,B_uniform,0.71589077,0.060179114,6
bn_2228,0,2,B_uniform,0.6681479,0.02754128,7
bn_2229,1,2,B_uniform,0.72080564,0.07709092,5
bn_2230,0,2,B_uniform,0.8344083,0.051379323,4
bn_2231,1,2,B_uniform,0.70058566,0.10181403,5
bn_2232,1,2,B_uniform,0.5516922,0.04333204,10
bn_2233,0,2,B_uniform,0.6465112,0.060989678,6
bn_2234,1,2,B_uniform,0.5782224,0.06312221,9
bn_2235,1,2,B_uniform,0.64974034,0.09004676,5
bn_2236,1,2,B_uniform,0.5787809,0.019577086,7
bn_2238,1,2,B_uniform,0.73949146,0.089963496,9
bn_2239,1,2,B_uniform,0.69485176,0.068378985,7
bn_2240,1,2,B_uniform,0.61961293,0.057040215,9
bn_2241,1,2,B_uniform,0.7273308,0.09128773,12
bn_2242,1,2,B_uniform,0.65612495,0.030007958,8
bn_2243,0,2,B_uniform,0.7300802,0.05182749,8
bn_2244,1,2,B_uniform,0.6228889,0.07828671,7
bn_2245,1,2,B_uniform,0.69037634,0.090933144,7
bn_2246,0,2,B_uniform,0.6693803,0.07238507,9
bn_2247,0,2,B_uniform,0.72957665,0.061656773,6
bn_2248,0,2,B_uniform,0.71049416,0.002842784,8
bn_2249,1,2,B_uniform,0.6215339,0.061617136,7
bn_2250,1,2,B_uniform,0.63718736,0.046339273,7
bn_2251,1,2,B_uniform,0.6817629,0.09165549,6
bn_2252,0,2,B_uniform,0.70916516,0.042027414,7
bn_2253,1,2,B_uniform,0.6079879,0.07617289,7
bn_2254,1,2,B_uniform,0.62132186,0.101845264,8
bn_2255,1,2,B_uniform,0.66238123,0.059022784,6
bn_2257,0,2,B_uniform,0.8715585,0.07834649,5
bn_2258,1,2,B_uniform,0.7306001,0.035847902,6
bn_2259,1,2,B_uniform,0.7374398,0.07913816,4
bn_2260,1,2,B_uniform,0.64570147,0.0968917,7
bn_2261,1,2,B_uniform,0.775288,0.04050815,9
bn_2262,0,2,B_uniform,0.72982174,0.066188216,7
bn_2263,1,2,B_uniform,0.6403153,0.040869236,7
bn_2264,1,2,B_uniform,0.71675366,0.07473689,9
bn_2265,1,2,B_uniform,0.6161114,0.053902984,9
bn_2266,1,2,B_uniform,0.7683126,0.012833536,6
bn_2267,1,2,B_uniform,0.6304653,0.056931376,6
bn_2268,0,2,B_uniform,0.6857826,0.05619085,7
bn_2269,0,2,B_uniform,0.68900055,0.07369304,8
bn_2270,1,2,B_uniform,0.6367987,0.09568542,8
bn_2271,1,2,B_uniform,0.62466455,0.08920926,9
bn_2272,1,2,B_uniform,0.57046056,0.06443834,7
bn_2273,1,2,B_uniform,0.6200657,0.054959834,8
bn_2275,0,2,B_uniform,0.7816379,0.060727656,8
bn_2276,0,2,B_uniform,0.6914489,0.05505073,8
bn_2277,1,2,B_uniform,0.6702974,0.04846084,6
bn_2278,1,2,B_uniform,0.68160176,0.10299033,7
bn_2279,1,2,B_uniform,0.6501109,0.083818555,8
bn_2280,1,2,B_uniform,0.75166893,0.06608415,8
bn_2281,1,2,B_uniform,0.6881306,0.07086468,7
bn_2282,0,2,B_uniform,0.77290595,0.02327776,4
bn_2283,0,2,B_uniform,0.7665984,0.0699079,4
bn_2284,0,2,B_uniform,0.7119653,0.05365908,9
bn_2286,0,2,B_uniform,0.7800368,0.061980367,6
bn_2287,1,2,B_uniform,0.6604665,0.05426836,8
bn_2288,1,2,B_uniform,0.6348049,0.09295064,8
bn_2289,0,2,B_uniform,0.6750412,0.08204222,5
bn_2290,1,2,B_uniform,0.62127995,0.033492386,6
bn_2291,1,2,B_uniform,0.6525503,0.050822318,7
bn_2292,1,2,B_uniform,0.65292287,0.089194834,7
bn_2293,1,2,B_uniform,0.6614795,0.06400663,5
bn_2294,1,2,B_uniform,0.69287217,0.114256024,6
bn_2296,1,2,B_uniform,0.6950455,0.08563882,6
bn_2298,1,2,B_uniform,0.6799275,0.09380478,4
bn_2300,1,2,B_uniform,0.5707713,0.08861601,8
bn_2302,1,2,B_uniform,0.7301987,0.019051611,6
bn_2304,1,2,B_uniform,0.6660677,0.033335507,6
bn_2306,1,2,B_uniform,0.6736242,0.0948931,5
bn_2308,0,2,B_uniform,0.69837725,0.06087631,6
bn_2310,0,2,B_uniform,0.6818403,0.054292083,6
bn_2311,1,2,B_uniform,0.7237291,0.05118084,6
bn_2312,1,2,B_uniform,0.6368286,0.06504369,8
bn_2314,1,2,B_uniform,0.6151396,0.08493769,10
bn_2315,1,2,B_uniform,0.6403405,0.09026897,7
bn_2316,0,2,B_uniform,0.6663775,0.04876268,11
bn_2317,1,2,B_uniform,0.7372605,0.08888626,8
bn_2318,0,2,B_uniform,0.6770611,0.07547253,9
bn_2319,0,2,B_uniform,0.7027851,0.05700493,7
bn_2320,1,2,B_uniform,0.6726944,0.075675845,9
bn_2321,1,2,B_uniform,0.6364065,0.09284103,8
bn_2322,0,2,B_uniform,0.70349485,0.066061735,8
bn_2323,1,2,B_uniform,0.71007794,0.078665614,6
bn_2324,1,2,B_uniform,0.7089295,0.027801096,9
bn_2325,1,2,B_uniform,0.6267288,0.018674076,10
bn_2326,1,2,B_uniform,0.7059435,0.09422958,8
bn_2327,1,2,B_uniform,0.67411184,0.069872856,7
bn_2328,0,2,B_uniform,0.70211726,0.04403305,8
bn_2329,1,2,B_uniform,0.76710767,0.046784043,8
bn_2330,1,2,B_uniform,0.6215229,0.04262507,10
bn_2331,1,2,B_uniform,0.67697597,0.041962147,11
bn_2332,0,2,B_uniform,0.74307275,0.033138752,9
bn_2333,1,2,B_uniform,0.6448048,0.04574704,6
bn_2334,1,2,B_uniform,0.66962767,0.00840503,7
bn_2335,1,2,B_uniform,0.5770758,0.022157192,10
bn_2336,1,2,B_uniform,0.7408213,0.08995384,9
bn_2337,1,2,B_uniform,0.6785289,0.094308555,11
bn_2338,1,2,B_uniform,0.62305427,0.091036975,7
bn_2339,1,2,B_uniform,0.7039489,0.05047095,10
bn_2340,1,2,B_uniform,0.6918519,0.011449575,10
bn_2341,1,2,B_uniform,0.59894097,0.015111327,6
bn_2342,1,2,B_uniform,0.60503113,0.07526642,8
bn_2343,1,2,B_uniform,0.74202883,0.04531187,10
bn_2344,1,2,B_uniform,0.6754618,0.0789274,8
bn_2345,0,2,B_uniform,0.74377066,0.06450361,7
bn_2346,1,2,B_uniform,0.7010616,0.08185536,9
bn_2347,1,2,B_uniform,0.7733545,0.062601805,7
bn_2348,1,2,B_uniform,0.62572014,0.08393335,9
bn_2349,1,2,B_uniform,0.6980257,0.0017775893,6
bn_2350,1,2,B_uniform,0.6525294,0.07260656,9
bn_2351,1,2,B_uniform,0.63440585,0.0555529,7
bn_2352,1,2,B_uniform,0.6625771,0.07897246,8
bn_2353,1,2,B_uniform,0.6712051,0.046253502,8
bn_2354,1,2,B_uniform,0.64173007,0.028073788,9
bn_2355,1,2,B_uniform,0.7312866,0.061315298,8
bn_2356,1,2,B_uniform,0.727963,0.08288717,7
bn_2357,0,2,B_uniform,0.6419432,0.06672019,8
bn_2358,0,2,B_uniform,0.7037397,0.027970016,7
bn_2359,0,2,B_uniform,0.7233605,0.04646045,6
bn_2360,1,2,B_uniform,0.67703235,0.03468567,8
bn_2361,1,2,B_uniform,0.6934066,0.017911851,9
bn_2362,1,2,B_uniform,0.6488755,0.02039069,9
bn_2363,1,2,B_uniform,0.61828285,0.008610129,6
bn_2364,1,2,B_uniform,0.64098656,0.024826527,8
bn_2365,1,2,B_uniform,0.71759015,0.05288613,7
bn_2366,1,2,B_uniform,0.67527026,0.10051566,6
bn_2367,0,2,B_uniform,0.61160576,0.060441673,7
bn_2368,0,2,B_uniform,0.70689386,0.021346152,9
bn_2369,1,2,B_uniform,0.63954717,0.038978636,12
bn_2370,1,2,B_uniform,0.60550845,0.05282563,9
bn_2371,1,2,B_uniform,0.733086,0.065019846,9
bn_2372,1,2,B_uniform,0.5957444,0.08467293,7
bn_2373,1,2,B_uniform,0.65670717,0.02861911,9
bn_2374,1,2,B_uniform,0.7072066,0.057025313,10
bn_2375,0,2,B_uniform,0.7194067,0.04462415,9
bn_2376,1,2,B_uniform,0.7707446,0.017022133,10
bn_2377,1,2,B_uniform,0.6878786,0.09990209,10
bn_2378,1,2,B_uniform,0.7504431,0.054305136,8
bn_2379,1,2,B_uniform,0.6496111,0.03906876,8
bn_2380,1,2,B_uniform,0.6210099,0.032257974,10
bn_2381,1,2,B_uniform,0.63264775,0.06300467,12
bn_2382,1,2,B_uniform,0.63941276,0.0667243,9
bn_2383,0,2,B_uniform,0.7026239,0.052425206,9
bn_2384,1,2,B_uniform,0.7059034,0.0033581853,9
bn_2385,1,2,B_uniform,0.64512223,0.050874233,7
bn_2386,1,2,B_uniform,0.67284346,0.028309882,8
bn_2387,1,2,B_uniform,0.71740437,0.077864885,12
bn_2388,1,2,B_uniform,0.74251246,0.060854316,11
bn_2389,0,2,B_uniform,0.6947346,0.025541902,12
bn_2390,1,2,B_uniform,0.561653,0.11059511,9
bn_2391,1,2,B_uniform,0.66550577,0.07136899,9
bn_2392,1,2,B_uniform,0.65961725,0.027400672,9
bn_2393,0,2,B_uniform,0.7243076,0.055176497,8
bn_2394,1,2,B_uniform,0.66194063,0.002488315,10
bn_2395,1,2,B_uniform,0.64656985,0.04305142,8
bn_2396,1,2,B_uniform,0.6894404,0.026754558,8
bn_2397,1,2,B_uniform,0.63770825,0.036310554,10
bn_2398,1,2,B_uniform,0.64641994,0.0646202,10
bn_2399,1,2,B_uniform,0.76988655,0.015949905,10
bn_2400,1,2,B_uniform,0.7412268,0.045976937,8
bn_2401,1,2,B_uniform,0.70474076,0.06554544,11
bn_2402,1,2,B_uniform,0.62763804,0.07864207,8
bn_2403,1,2,B_uniform,0.69208384,0.085128486,6
bn_2404,1,2,B_uniform,0.5725003,0.093304634,8
bn_2405,1,2,B_uniform,0.7540555,0.08188963,8
bn_2406,1,2,B_uniform,0.8054899,0.05418122,8
bn_2407,1,2,B_uniform,0.7087266,0.043335974,10
bn_2408,1,2,B_uniform,0.6459141,0.07433057,6
bn_2409,1,2,B_uniform,0.660211,0.08864683,9
bn_2410,1,2,B_uniform,0.6191215,0.061192334,8
bn_2411,1,2,B_uniform,0.6115856,0.028076231,9
bn_2412,0,2,B_uniform,0.66070586,0.07318598,9
bn_2413,1,2,B_uniform,0.6688561,0.0096844435,8
bn_2414,0,2,B_uniform,0.7718138,0.06255025,9
bn_2415,1,2,B_uniform,0.6461689,0.049850285,11
bn_2416,1,2,B_uniform,0.6014161,0.07532394,11
bn_2417,1,2,B_uniform,0.6933569,0.013986349,9
bn_2418,0,2,B_uniform,0.637195,0.0069472194,7
bn_2419,1,2,B_uniform,0.67029023,0.039896905,10
bn_2420,1,2,B_uniform,0.6973463,0.06920564,5
bn_2421,1,2,B_uniform,0.6998027,0.03454399,12
bn_2422,1,2,B_uniform,0.6089528,0.072912395,7
bn_2423,1,2,B_uniform,0.5802047,0.09796715,11
bn_2424,1,2,B_uniform,0.62473184,0.06412637,12
bn_2425,1,2,B_uniform,0.6524831,0.012194455,10
bn_2426,1,2,B_uniform,0.6202828,0.04242432,10
bn_2427,1,2,B_uniform,0.7018231,0.08328378,12
bn_2428,1,2,B_uniform,0.6691258,0.08492589,6
bn_2429,1,2,B_uniform,0.6791127,0.10537827,9
bn_2430,1,2,B_uniform,0.6472588,0.027749002,7
bn_2431,1,2,B_uniform,0.5948726,0.082223535,7
bn_2432,1,2,B_uniform,0.64319164,0.083824515,7
bn_2433,1,2,B_uniform,0.60274607,0.08207893,10
bn_2434,1,2,B_uniform,0.6785857,0.019974768,8
bn_2435,1,2,B_uniform,0.68875897,0.07156241,11
bn_2436,1,2,B_uniform,0.69533557,0.035470486,7
bn_2437,1,2,B_uniform,0.7006851,0.057809114,11
bn_2438,1,2,B_uniform,0.62365264,0.0682739,9
bn_2439,0,2,B_uniform,0.7231596,0.020673454,10
bn_2440,1,2,B_uniform,0.6332167,0.09032583,9
bn_2441,1,2,B_uniform,0.64960784,0.08750707,7
bn_2442,1,2,B_uniform,0.653622,0.019059539,9
bn_2443,1,2,B_uniform,0.74434423,0.041933835,12
bn_2444,1,2,B_uniform,0.69250464,0.061551273,9
bn_2445,1,2,B_uniform,0.7017738,0.022591889,8
bn_2446,1,2,B_uniform,0.6482941,0.059515357,5
bn_2447,1,2,B_uniform,0.68059653,0.09815019,7
bn_2448,1,2,B_uniform,0.79350245,0.07517564,8
bn_2449,1,2,B_uniform,0.6784864,0.06580973,10
bn_2450,1,2,B_uniform,0.7240942,0.083323896,9
bn_2451,1,2,B_uniform,0.65730846,0.0072642565,8
bn_2452,1,2,B_uniform,0.7100037,0.070400834,8
bn_2453,0,2,B_uniform,0.7228592,0.0070180297,7
bn_2454,1,2,B_uniform,0.6619612,0.026572883,8
bn_2455,1,2,B_uniform,0.6733503,0.076532364,8
bn_2456,1,2,B_uniform,0.71895754,0.053307056,10
bn_2457,1,2,B_uniform,0.6503052,0.082523465,10
bn_2458,1,2,B_uniform,0.7074394,0.07517445,7
bn_2459,1,2,B_uniform,0.65921736,0.07581991,9
bn_2460,1,2,B_uniform,0.64671934,0.0859437,7
bn_2461,1,2,B_uniform,0.65827,0.07579321,5
bn_2462,1,2,B_uniform,0.60926056,0.05834329,10
bn_2463,1,2,B_uniform,0.70369095,0.06811553,8
bn_2464,1,2,B_uniform,0.6164333,0.040140033,7
bn_2465,1,2,B_uniform,0.6370483,0.061731935,8
bn_2466,1,2,B_uniform,0.689328,0.053815603,7
bn_2467,1,2,B_uniform,0.6087227,0.009274721,10
bn_2468,0,2,B_uniform,0.68681514,0.0051010847,6
bn_2469,0,2,B_uniform,0.687392,0.052776337,7
bn_2470,1,2,B_uniform,0.67450917,0.07148653,9
bn_2471,1,2,B_uniform,0.63849735,0.10980111,8
bn_2472,1,2,B_uniform,0.6400162,0.06532353,7
bn_2473,0,2,B_uniform,0.63714695,0.084123075,11
bn_2474,1,2,B_uniform,0.7102427,0.011595964,8
bn_2475,0,2,B_uniform,0.6963845,0.10204142,6
bn_2476,1,2,B_uniform,0.5991466,0.08424997,10
bn_2477,1,2,B_uniform,0.6650425,0.09154153,7
bn_2478,0,2,B_uniform,0.62012774,0.08055943,9
bn_2479,0,2,B_uniform,0.67381793,0.07431227,8
bn_2480,0,2,B_uniform,0.6633345,0.07580179,6
bn_2481,0,2,B_uniform,0.70918083,0.06563902,5
bn_2482,1,2,B_uniform,0.63407874,0.08722615,8
bn_2483,1,2,B_uniform,0.6639606,0.033714473,9
bn_2484,0,2,B_uniform,0.79305047,0.011037767,9
bn_2485,1,2,B_uniform,0.67868614,0.071787894,8
bn_2486,1,2,B_uniform,0.6869279,0.029116452,9
bn_2487,1,2,B_uniform,0.64438623,0.07203275,9
bn_2488,1,2,B_uniform,0.6305012,0.08596313,11
bn_2489,1,2,B_uniform,0.66432834,0.09794563,7
bn_2490,0,2,B_uniform,0.7270279,0.060146213,7
bn_2491,0,2,B_uniform,0.75092506,0.05315107,6
bn_2492,1,2,B_uniform,0.7216113,0.07936907,8
bn_2493,1,2,B_uniform,0.59892976,0.08743626,9
bn_2494,0,2,B_uniform,0.72908515,0.037401795,7
bn_2495,1,2,B_uniform,0.6009331,0.09889549,9
bn_2496,1,2,B_uniform,0.5853974,0.05591476,10
bn_2497,0,2,B_uniform,0.6992175,0.092663586,7
bn_2498,1,2,B_uniform,0.62429744,0.02774936,10
bn_2499,1,2,B_uniform,0.71115816,0.020065665,10
bn_2500,1,2,B_uniform,0.6510918,0.08563894,9
bn_2501,1,2,B_uniform,0.6651805,0.032649457,8
bn_2502,0,2,B_uniform,0.78551704,0.0146096945,7
bn_2503,0,2,B_uniform,0.84518254,0.027050734,5
bn_2504,1,2,B_uniform,0.67966104,0.05114758,7
bn_2505,0,2,B_uniform,0.6686926,0.054667532,8
bn_2506,0,2,B_uniform,0.6904308,0.06317896,10
bn_2507,1,2,B_uniform,0.6456157,0.07024866,8
bn_2508,1,2,B_uniform,0.6980545,0.05448109,4
bn_2509,1,2,B_uniform,0.7219186,0.08247203,12
bn_2510,0,2,B_uniform,0.77592623,0.03853792,7
bn_2511,1,2,B_uniform,0.69982976,0.07223952,9
bn_2512,1,2,B_uniform,0.62927324,0.039016366,7
bn_2513,0,2,B_uniform,0.6495166,0.07880616,8
bn_2514,1,2,B_uniform,0.7181938,0.06520009,6
bn_2515,1,2,B_uniform,0.6487565,0.084777,8
bn_2516,1,2,B_uniform,0.7100163,0.08929747,11
bn_2517,1,2,B_uniform,0.67040753,0.06490773,8
bn_2518,1,2,B_uniform,0.694061,0.020560622,8
bn_2519,1,2,B_uniform,0.63791776,0.112932384,5
bn_2520,1,2,B_uniform,0.6922651,0.08556259,8
bn_2521,1,2,B_uniform,0.68588567,0.024569273,7
bn_2522,0,2,B_uniform,0.71951467,0.09069753,6
bn_2523,1,2,B_uniform,0.649783,0.06949139,8
bn_2524,1,2,B_uniform,0.6749306,0.07758987,8
bn_2525,1,2,B_uniform,0.7089726,0.09908962,9
bn_2526,0,2,B_uniform,0.73214316,0.006074786,9
bn_2527,0,2,B_uniform,0.64304733,0.06474823,8
bn_2528,1,2,B_uniform,0.69250816,0.07724303,6
bn_2529,0,2,B_uniform,0.7010446,0.044198155,8
bn_2530,0,2,B_uniform,0.79649013,0.03648293,7
bn_2531,1,2,B_uniform,0.6196879,0.10862762,7
bn_2532,0,2,B_uniform,0.7500366,0.0891009,7
bn_2533,1,2,B_uniform,0.72696227,0.06743884,7
bn_2534,1,2,B_uniform,0.64544356,0.087784946,7
bn_2535,1,2,B_uniform,0.6968085,0.03211403,7
bn_2536,1,2,B_uniform,0.58211356,0.07090241,7
bn_2537,1,2,B_uniform,0.64777565,0.06466609,6
bn_2538,0,2,B_uniform,0.804584,0.066408575,5
bn_2539,1,2,B_uniform,0.7617562,0.09238219,9
bn_2540,0,2,B_uniform,0.77283114,0.0055044293,6
bn_2541,1,2,B_uniform,0.63282305,0.10230899,8
bn_2542,1,2,B_uniform,0.6383471,0.09322959,6
bn_2543,1,2,B_uniform,0.6922308,0.046040416,8
bn_2544,1,2,B_uniform,0.66293997,0.07865214,6
bn_2545,1,2,B_uniform,0.69199127,0.07061732,7
bn_2546,1,2,B_uniform,0.6655123,0.010979533,16
bn_2547,1,2,B_uniform,0.6977099,0.051977932,8
bn_2548,0,2,B_uniform,0.72018796,0.015652716,12
bn_2549,1,2,B_uniform,0.59691215,0.0064420104,8
bn_2550,0,2,B_uniform,0.89490443,0.0085347295,6
bn_2551,1,2,B_uniform,0.65580475,0.063277245,8
bn_2552,1,2,B_uniform,0.70966285,0.0604769,8
bn_2553,1,2,B_uniform,0.6426861,0.07832217,6
bn_2554,0,2,B_uniform,0.7165341,0.031356752,9
bn_2555,1,2,B_uniform,0.6470265,0.03834486,7
bn_2556,1,2,B_uniform,0.7293339,0.07229835,6
bn_2557,1,2,B_uniform,0.64124215,0.098008454,6
bn_2558,1,2,B_uniform,0.62252986,0.122994244,4
bn_2559,1,2,B_uniform,0.69455504,0.08602655,8
bn_2560,1,2,B_uniform,0.60878307,0.07062757,8
bn_2561,0,2,B_uniform,0.75894606,0.035164297,10
bn_2562,1,2,B_uniform,0.62498295,0.04250765,10
bn_2563,0,2,B_uniform,0.65372795,0.044787884,9
bn_2564,1,2,B_uniform,0.5794131,0.102885425,8
bn_2565,1,2,B_uniform,0.72902507,0.050798833,6
bn_2566,0,2,B_uniform,0.72478753,0.04700303,10
bn_2567,1,2,B_uniform,0.599902,0.09305245,11
bn_2568,1,2,B_uniform,0.6218852,0.05020511,10
bn_2569,0,2,B_uniform,0.75685734,0.03423065,10
bn_2570,0,2,B_uniform,0.712751,0.036539793,12
bn_2571,1,2,B_uniform,0.745729,0.061919093,9
bn_2572,1,2,B_uniform,0.64122057,0.09052688,10
bn_2573,1,2,B_uniform,0.6214171,0.061758876,7
bn_2574,0,2,B_uniform,0.7316522,0.04937905,10
bn_2575,1,2,B_uniform,0.6888197,0.050668776,8
bn_2576,0,2,B_uniform,0.6611756,0.095398545,10
bn_2577,0,2,B_uniform,0.6572657,0.09984857,9
bn_2578,1,2,B_uniform,0.6956891,0.06495494,9
bn_2579,1,2,B_uniform,0.6804761,0.05835128,9
bn_2580,0,2,B_uniform,0.7392036,0.058817804,8
bn_2581,1,2,B_uniform,0.63964367,0.07220459,9
bn_2582,1,2,B_uniform,0.700466,0.01011467,10
bn_2583,1,2,B_uniform,0.68611044,0.045960784,10
bn_2584,1,2,B_uniform,0.6056762,0.06545651,8
bn_2585,1,2,B_uniform,0.6452893,0.08675778,10
bn_2586,0,2,B_uniform,0.6255755,0.013367295,10
bn_2587,1,2,B_uniform,0.64062107,0.100637734,10
bn_2588,1,2,B_uniform,0.629248,0.030810893,9
bn_2589,1,2,B_uniform,0.73271346,0.05247146,14
bn_2590,0,2,B_uniform,0.73137945,0.059458673,10
bn_2591,1,2,B_uniform,0.673106,0.0718171,6
bn_2592,1,2,B_uniform,0.66673005,0.053037763,11
bn_2593,1,2,B_uniform,0.7881553,0.002836883,8
bn_2594,1,2,B_uniform,0.60379094,0.058036983,11
bn_2595,0,2,B_uniform,0.7571465,0.029502451,10
bn_2596,0,2,B_uniform,0.7443668,0.040720403,10
bn_2597,1,2,B_uniform,0.6115106,0.08381122,9
bn_2598,1,2,B_uniform,0.71807945,0.08505702,10
bn_2599,0,2,B_uniform,0.7607414,0.048172653,9
bn_2600,1,2,B_uniform,0.60642904,0.059065282,11
bn_2601,1,2,B_uniform,0.68146944,0.07569587,8
bn_2602,0,2,B_uniform,0.6819253,0.04158622,10
bn_2603,1,2,B_uniform,0.6277468,0.041431606,8
bn_2604,1,2,B_uniform,0.660885,0.023306727,10
bn_2605,1,2,B_uniform,0.6362754,0.039488375,11
bn_2606,1,2,B_uniform,0.6432984,0.117681324,9
bn_2607,0,2,B_uniform,0.6440471,0.05099541,9
bn_2608,1,2,B_uniform,0.6868111,0.07623494,9
bn_2610,0,2,B_uniform,0.80538905,0.051122546,8
bn_2611,1,2,B_uniform,0.63619804,0.04667306,9
bn_2612,0,2,B_uniform,0.668613,0.09467131,7
bn_2613,1,2,B_uniform,0.68007165,0.009022415,6
bn_2614,1,2,B_uniform,0.6683165,0.059951544,9
bn_2615,0,2,B_uniform,0.6962194,0.06699973,9
bn_2616,1,2,B_uniform,0.58839,0.04983467,10
bn_2617,1,2,B_uniform,0.65607125,0.05066669,7
bn_2618,1,2,B_uniform,0.7163358,0.060635686,8
bn_2619,1,2,B_uniform,0.6467607,0.02864629,8
bn_2620,0,2,B_uniform,0.79811996,0.024530232,11
bn_2621,1,2,B_uniform,0.59815645,0.07945937,7
bn_2622,1,2,B_uniform,0.6566664,0.062966466,10
bn_2623,1,2,B_uniform,0.65166736,0.078439236,6
bn_2624,1,2,B_uniform,0.6097999,0.009105027,8
bn_2625,0,2,B_uniform,0.7305532,0.023620069,8
bn_2626,1,2,B_uniform,0.70153344,0.07859367,10
bn_2628,1,2,B_uniform,0.7136542,0.05281681,10
bn_2629,0,2,B_uniform,0.77132356,0.023658872,7
bn_2630,1,2,B_uniform,0.60480905,0.09180951,5
bn_2631,1,2,B_uniform,0.68102926,0.070794165,8
bn_2632,0,2,B_uniform,0.73850995,0.11043346,8
bn_2633,1,2,B_uniform,0.6299484,0.06588185,7
bn_2634,1,2,B_uniform,0.60857505,0.058065534,8
bn_2635,1,2,B_uniform,0.6654345,0.012068927,8
bn_2636,0,2,B_uniform,0.67534614,0.07700235,10
bn_2637,0,2,B_uniform,0.7850123,0.08934975,6
bn_2638,1,2,B_uniform,0.6144619,0.07251239,8
bn_2639,1,2,B_uniform,0.6858908,0.07324922,8
bn_2640,0,2,B_uniform,0.7506749,0.036232173,9
bn_2641,1,2,B_uniform,0.6449927,0.053978622,7
bn_2642,1,2,B_uniform,0.630136,0.10000378,9
bn_2643,1,2,B_uniform,0.62026405,0.076598465,5
bn_2644,1,2,B_uniform,0.6399121,0.029411912,8
bn_2645,0,2,B_uniform,0.73654497,0.03575903,9
bn_2646,1,2,B_uniform,0.6572653,0.053765655,8
bn_2647,0,2,B_uniform,0.8244845,0.040787637,6
bn_2648,1,2,B_uniform,0.76163805,0.03874427,6
bn_2649,1,2,B_uniform,0.63876975,0.10382122,6
bn_2650,1,2,B_uniform,0.6307725,0.11047971,10
bn_2651,1,2,B_uniform,0.6970309,0.08037639,7
bn_2652,0,2,B_uniform,0.74159825,0.06875342,7
bn_2653,1,2,B_uniform,0.6827074,0.07958001,7
bn_2654,0,2,B_uniform,0.6977668,0.06374776,8
bn_2655,1,2,B_uniform,0.63150656,0.05530262,7
bn_2656,1,2,B_uniform,0.69501746,0.07148582,8
bn_2657,1,2,B_uniform,0.6702414,0.0481627,8
bn_2658,0,2,B_uniform,0.7498329,0.11327475,7
bn_2659,1,2,B_uniform,0.7538125,0.043325126,8
bn_2660,1,2,B_uniform,0.6762365,0.05546552,8
bn_2662,0,2,B_uniform,0.7058509,0.0783602,6
bn_2663,1,2,B_uniform,0.7456185,0.07250661,11
bn_2664,1,2,B_uniform,0.6117901,0.10962689,8
bn_2665,1,2,B_uniform,0.6857798,0.053310513,14
bn_2666,0,2,B_uniform,0.63481194,0.0021150112,9
bn_2667,1,2,B_uniform,0.63978523,0.05682075,7
bn_2668,0,2,B_uniform,0.73029274,0.02701497,10
bn_2669,0,2,B_uniform,0.7688236,0.06058806,7
bn_2670,1,2,B_uniform,0.65767884,0.07509321,10
bn_2671,1,2,B_uniform,0.5989882,0.050221622,8
bn_2672,0,2,B_uniform,0.67964685,0.06592363,8
bn_2673,0,2,B_uniform,0.7782981,0.06581706,8
bn_2674,0,2,B_uniform,0.6959619,0.0029906034,10
bn_2675,1,2,B_uniform,0.68848914,0.09382212,9
bn_2676,1,2,B_uniform,0.61993355,0.09462291,9
bn_2677,0,2,B_uniform,0.7253761,0.06967503,8
bn_2678,0,2,B_uniform,0.67636573,0.038608015,8
bn_2679,1,2,B_uniform,0.6721512,0.06702632,5
bn_2680,1,2,B_uniform,0.5842816,0.06335086,8
bn_2681,1,2,B_uniform,0.6646738,0.022940159,5
bn_2682,0,2,B_uniform,0.7268463,0.10136461,7
bn_2683,0,2,B_uniform,0.76284593,0.08071607,5
bn_2684,1,2,B_uniform,0.6429459,0.0474748,7
bn_2685,1,2,B_uniform,0.5655576,0.09265429,7
bn_2686,1,2,B_uniform,0.69166446,0.07182187,8
bn_2687,1,2,B_uniform,0.62332326,0.07738185,6
bn_2688,0,2,B_uniform,0.6756405,0.060376465,11
bn_2689,0,2,B_uniform,0.7156296,0.09297496,7
bn_2691,1,2,B_uniform,0.7156586,0.071834445,10
bn_2692,0,2,B_uniform,0.75800323,0.037923217,11
bn_2693,1,2,B_uniform,0.6306174,0.06593025,8
bn_2694,0,2,B_uniform,0.675643,0.018164039,9
bn_2695,1,2,B_uniform,0.61782,0.0058392882,11
bn_2696,0,2,B_uniform,0.67443955,0.023051977,9
bn_2697,1,2,B_uniform,0.67968553,0.10015726,9
bn_2698,0,2,B_uniform,0.7672465,0.026150048,11
bn_2699,1,2,B_uniform,0.6372625,0.058226645,8
bn_2700,0,2,B_uniform,0.6935628,0.0368914,8
bn_2701,1,2,B_uniform,0.70235413,0.08265209,10
bn_2702,0,2,B_uniform,0.6994382,0.036797762,8
bn_2703,0,2,B_uniform,0.7152571,0.079331994,9
bn_2704,1,2,B_uniform,0.6757105,0.040266156,7
bn_2705,1,2,B_uniform,0.6267322,0.09187275,7
bn_2706,1,2,B_uniform,0.6551065,0.10712582,6
bn_2707,1,2,B_uniform,0.6745616,0.06636119,10
bn_2708,0,2,B_uniform,0.8518681,0.0605011,9
bn_2709,0,2,B_uniform,0.6726198,0.053599477,8
bn_2711,1,2,B_uniform,0.5997059,0.079117954,9
bn_2712,0,2,B_uniform,0.6715787,0.04716724,11
bn_2713,1,2,B_uniform,0.665104,0.07601458,6
bn_2714,1,2,B_uniform,0.6659427,0.07035309,8
bn_2715,1,2,B_uniform,0.6575651,0.06626207,8
bn_2716,1,2,B_uniform,0.66771847,0.07099903,7
bn_2717,0,2,B_uniform,0.8720262,0.03373164,6
bn_2718,1,2,B_uniform,0.61759436,0.067649186,11
bn_2719,1,2,B_uniform,0.5809298,0.046573162,8
bn_2720,0,2,B_uniform,0.6880126,0.052597284,9
bn_2721,0,2,B_uniform,0.7785328,0.022260904,8
bn_2722,0,2,B_uniform,0.7565733,0.011167169,8
bn_2724,1,2,B_uniform,0.7221334,0.08629787,9
bn_2725,1,2,B_uniform,0.66144764,0.043682575,9
bn_2726,1,2,B_uniform,0.6855409,0.03419614,10
bn_2727,1,2,B_uniform,0.6545832,0.07376385,9
bn_2728,0,2,B_uniform,0.80076575,0.042600274,8
bn_2729,1,2,B_uniform,0.68903446,0.08738363,8
bn_2730,0,2,B_uniform,0.7240751,0.017741561,10
bn_2731,1,2,B_uniform,0.5996537,0.06871009,5
bn_2732,0,2,B_uniform,0.74859506,0.018577874,7
bn_2733,0,2,B_uniform,0.6717869,0.120764494,5
bn_2734,0,2,B_uniform,0.7743132,0.018467367,7
bn_2735,1,2,B_uniform,0.6656801,0.060641527,9
bn_2736,1,2,B_uniform,0.6806032,0.09270364,9
bn_2737,0,2,B_uniform,0.7142286,0.050628304,7
bn_2738,0,2,B_uniform,0.7328214,0.004662156,10
bn_2739,1,2,B_uniform,0.6084091,0.07546276,11
bn_2740,0,2,B_uniform,0.6617172,0.07775098,7
bn_2741,1,2,B_uniform,0.6890318,0.08162874,8
bn_2742,1,2,B_uniform,0.6589216,0.06873226,7
bn_2743,1,2,B_uniform,0.6349265,0.04902053,6
bn_2744,1,2,B_uniform,0.6538312,0.09205693,10
bn_2745,1,2,B_uniform,0.64686185,0.0696612,6
bn_2746,1,2,B_uniform,0.67599076,0.05288428,9
bn_2747,0,2,B_uniform,0.6584151,0.06823915,8
bn_2748,1,2,B_uniform,0.6703855,0.08170903,6
bn_2749,1,2,B_uniform,0.62236774,0.09656501,5
bn_2750,0,2,B_uniform,0.7573736,0.047023952,10
bn_2751,1,2,B_uniform,0.67612475,0.111525655,8
bn_2752,0,2,B_uniform,0.8470644,0.023796141,9
bn_2753,1,2,B_uniform,0.6511527,0.09275097,5
bn_2754,1,2,B_uniform,0.7309758,0.08980304,9
bn_2755,1,2,B_uniform,0.64915854,0.06386906,8
bn_2756,0,2,B_uniform,0.7242817,0.023609579,9
bn_2757,1,2,B_uniform,0.6075784,0.06904614,9
bn_2758,1,2,B_uniform,0.64484155,0.003189385,9
bn_2759,1,2,B_uniform,0.6510161,0.08105886,7
bn_2760,0,2,B_uniform,0.7625452,0.06072539,7
bn_2761,1,2,B_uniform,0.6425212,0.11753994,4
bn_2762,1,2,B_uniform,0.70037663,0.072194815,10
bn_2763,0,2,B_uniform,0.7280063,0.058796942,6
bn_2764,1,2,B_uniform,0.7138724,0.054656386,10
bn_2765,1,2,B_uniform,0.62669635,0.025536358,8
bn_2766,0,2,B_uniform,0.6933565,0.08568394,6
bn_2767,1,2,B_uniform,0.7881398,0.017144263,9
bn_2768,1,2,B_uniform,0.67687994,0.09893745,6
bn_2769,1,2,B_uniform,0.65565574,0.071480095,9
bn_2770,1,2,B_uniform,0.7077989,0.086799085,8
bn_2771,1,2,B_uniform,0.6454609,0.09073746,11
bn_2772,1,2,B_uniform,0.6617573,0.09530884,4
bn_2774,1,2,B_uniform,0.6227227,0.056610465,9
bn_2776,1,2,B_uniform,0.6964233,0.080162466,7
bn_2777,1,2,B_uniform,0.64545304,0.023869812,10
bn_2778,0,2,B_uniform,0.7728783,0.012415111,7
bn_2779,0,2,B_uniform,0.7782493,0.07611972,8
bn_2780,0,2,B_uniform,0.730296,0.066682935,6
bn_2781,1,2,B_uniform,0.689527,0.1071915,6
bn_2782,1,2,B_uniform,0.64314765,0.102594435,7
bn_2784,0,2,B_uniform,0.7067077,0.06662673,8
bn_2785,0,2,B_uniform,0.64322615,0.09213269,8
bn_2786,0,2,B_uniform,0.7824423,0.03875518,8
bn_2787,0,2,B_uniform,0.84313893,0.0367921,6
bn_2788,1,2,B_uniform,0.65739787,0.05703664,8
bn_2789,1,2,B_uniform,0.6179198,0.089075506,8
bn_2790,1,2,B_uniform,0.6723671,0.08808482,9
bn_2791,1,2,B_uniform,0.8340828,0.026840031,6
bn_2792,1,2,B_uniform,0.66078115,0.11643988,4
bn_2793,1,2,B_uniform,0.6659961,0.06904155,5
bn_2794,0,2,B_uniform,0.83284074,0.0816614,7
bn_2795,0,2,B_uniform,0.8396659,0.051568985,8
bn_2796,1,2,B_uniform,0.6508365,0.034632564,4
bn_2797,0,2,B_uniform,0.7380922,0.025820255,9
bn_2798,1,2,B_uniform,0.7658904,0.11408204,9
bn_2799,0,2,B_uniform,0.8877793,0.07941848,5
bn_2800,1,2,B_uniform,0.6447819,0.09007615,8
bn_2801,1,2,B_uniform,0.6964196,0.06241584,7
bn_2803,0,2,B_uniform,0.7483831,0.08121437,6
bn_2804,1,2,B_uniform,0.7304475,0.059440494,16
bn_2805,1,2,B_uniform,0.68426585,0.053005934,8
bn_2806,0,2,B_uniform,0.6405916,0.07388079,13
bn_2807,1,2,B_uniform,0.6599609,0.07270229,6
bn_2808,1,2,B_uniform,0.6236351,0.059626818,9
bn_2809,0,2,B_uniform,0.6913688,0.082615316,5
bn_2810,1,2,B_uniform,0.62479407,0.062043965,11
bn_2811,0,2,B_uniform,0.7643984,0.045240045,9
bn_2812,0,2,B_uniform,0.77317506,0.058174193,12
bn_2813,1,2,B_uniform,0.70855063,0.1003862,8
bn_2814,1,2,B_uniform,0.61979836,0.08324599,12
bn_2815,1,2,B_uniform,0.73981315,0.019729972,6
bn_2816,1,2,B_uniform,0.732025,0.05306542,9
bn_2817,1,2,B_uniform,0.61682624,0.07786697,9
bn_2818,1,2,B_uniform,0.6725993,0.066880524,9
bn_2819,1,2,B_uniform,0.7698514,0.0024532676,6
bn_2820,1,2,B_uniform,0.6026553,0.07226831,7
bn_2821,1,2,B_uniform,0.63210595,0.06751287,8
bn_2822,1,2,B_uniform,0.65214986,0.043430686,9
bn_2823,0,2,B_uniform,0.71700805,0.041034102,8
bn_2824,1,2,B_uniform,0.6410267,0.04899192,11
bn_2825,1,2,B_uniform,0.5985467,0.06781644,8
bn_2826,1,2,B_uniform,0.6378367,0.06996679,8
bn_2827,0,2,B_uniform,0.819023,0.019741476,7
bn_2829,0,2,B_uniform,0.7348484,0.046198726,7
bn_2830,0,2,B_uniform,0.8609031,0.054082572,8
bn_2831,1,2,B_uniform,0.69380814,0.10647291,7
bn_2832,1,2,B_uniform,0.61947614,0.08372831,9
bn_2833,1,2,B_uniform,0.69394004,0.074881315,9
bn_2834,1,2,B_uniform,0.650319,0.053444028,8
bn_2835,0,2,B_uniform,0.6898515,0.0426777,8
bn_2836,1,2,B_uniform,0.6025505,0.05073887,8
bn_2837,1,2,B_uniform,0.66740173,0.10863435,4
bn_2838,1,2,B_uniform,0.61860704,0.03901583,7
bn_2839,0,2,B_uniform,0.6659341,0.09830767,6
bn_2840,1,2,B_uniform,0.61779964,0.03436643,8
bn_2841,1,2,B_uniform,0.6191295,0.09030652,8
bn_2842,1,2,B_uniform,0.6100472,0.09720814,7
bn_2843,0,2,B_uniform,0.80877966,0.029966831,9
bn_2844,1,2,B_uniform,0.6821195,0.09056729,9
bn_2845,1,2,B_uniform,0.646212,0.06383753,9
bn_2846,1,2,B_uniform,0.67754334,0.022755802,11
bn_2847,1,2,B_uniform,0.6795351,0.07242036,5
bn_2848,1,2,B_uniform,0.6834251,0.08572465,8
bn_2849,1,2,B_uniform,0.6443638,0.06085992,8
bn_2850,1,2,B_uniform,0.61701024,0.07574445,9
bn_2851,0,2,B_uniform,0.7521323,0.043461204,6
bn_2852,1,2,B_uniform,0.70877403,0.056006372,11
bn_2853,0,2,B_uniform,0.7946283,0.038493156,8
bn_2854,1,2,B_uniform,0.64551276,0.066655636,9
bn_2855,0,2,B_uniform,0.7819836,0.038009167,7
bn_2856,1,2,B_uniform,0.6828991,0.118439615,3
bn_2857,1,2,B_uniform,0.6525517,0.074156165,4
bn_2858,1,2,B_uniform,0.67072123,0.02836883,9
bn_2859,0,2,B_uniform,0.74111855,0.084882855,4
bn_2860,1,2,B_uniform,0.62298906,0.1006735,9
bn_2861,1,2,B_uniform,0.82567716,0.008290589,7
bn_2862,1,2,B_uniform,0.7096646,0.05442953,9
bn_2863,1,2,B_uniform,0.63466656,0.12872452,6
bn_2864,1,2,B_uniform,0.7133097,0.12916052,6
bn_2865,1,2,B_uniform,0.6128796,0.06484592,6
bn_2866,1,2,B_uniform,0.73520267,0.06315929,16
bn_2867,0,2,B_uniform,0.64368176,0.041285574,8
bn_2868,1,2,B_uniform,0.6558935,0.06000775,10
bn_2869,1,2,B_uniform,0.5748957,0.13118589,8
bn_2870,1,2,B_uniform,0.68150234,0.09196645,6
bn_2871,1,2,B_uniform,0.72971773,0.09318423,8
bn_2873,1,2,B_uniform,0.6721021,0.05530268,6
bn_2874,1,2,B_uniform,0.6193645,0.06672305,9
bn_2875,0,2,B_uniform,0.8102384,0.034436762,6
bn_2876,1,2,B_uniform,0.63131535,0.10260582,9
bn_2877,0,2,B_uniform,0.67015594,0.061440945,8
bn_2878,1,2,B_uniform,0.6765018,0.08523464,11
bn_2879,0,2,B_uniform,0.7874203,0.03708756,7
bn_2880,1,2,B_uniform,0.66287374,0.078754604,7
bn_2881,1,2,B_uniform,0.6903901,0.04237652,6
bn_2882,0,2,B_uniform,0.63989747,0.014490604,23
bn_2883,0,2,B_uniform,0.8525025,0.010371089,4
bn_2884,0,2,B_uniform,0.7460049,0.029213548,19
bn_2885,1,2,B_uniform,0.7553357,0.07154316,4
bn_2886,0,2,B_uniform,0.7190172,0.016240716,18
bn_2887,1,2,B_uniform,0.6739315,0.05717486,8
bn_2888,1,2,B_uniform,0.66640675,0.043531,20
bn_2889,1,2,B_uniform,0.6869472,0.06447762,7
bn_2890,0,2,B_uniform,0.6880223,0.033305526,21
bn_2891,0,2,B_uniform,0.73775584,0.030848205,6
bn_2892,1,2,B_uniform,0.78842926,0.055363238,14
bn_2893,0,2,B_uniform,0.8071367,0.04337609,6
bn_2894,1,2,B_uniform,0.70581394,0.00996995,18
bn_2895,1,2,B_uniform,0.64392585,0.024608493,6
bn_2896,1,2,B_uniform,0.6601185,0.023236454,16
bn_2897,1,2,B_uniform,0.68568057,0.1121639,6
bn_2898,0,2,B_uniform,0.7256259,0.064374685,16
bn_2899,0,2,B_uniform,0.73986334,0.007873893,5
bn_2900,1,2,B_uniform,0.60595113,0.031249046,7
bn_2901,1,2,B_uniform,0.7316453,0.06776357,4
bn_2902,1,2,B_uniform,0.700163,0.023252249,9
bn_2903,1,2,B_uniform,0.81773734,0.009574115,6
bn_2904,1,2,B_uniform,0.6614249,0.03889799,10
bn_2905,1,2,B_uniform,0.612002,0.089158,5
bn_2906,1,2,B_uniform,0.59934485,0.07995093,10
bn_2907,0,2,B_uniform,0.7298548,0.03736174,9
bn_2908,1,2,B_uniform,0.6725723,0.064593375,11
bn_2909,0,2,B_uniform,0.7131689,0.07628679,6
bn_2910,1,2,B_uniform,0.64824903,0.08719444,9
bn_2912,1,2,B_uniform,0.6485773,0.07864654,8
bn_2913,0,2,B_uniform,0.79400647,0.008054614,7
bn_2914,1,2,B_uniform,0.69321173,0.1091643,12
bn_2915,1,2,B_uniform,0.7404239,0.06328493,5
bn_2916,1,2,B_uniform,0.59602684,0.06300789,10
bn_2917,0,2,B_uniform,0.82036644,0.032960773,5
bn_2918,1,2,B_uniform,0.66879284,0.05478376,6
bn_2919,1,2,B_uniform,0.6907181,0.03752029,6
bn_2920,1,2,B_uniform,0.7072345,0.07885879,14
bn_2921,0,2,B_uniform,0.7140619,0.057034135,5
bn_2922,1,2,B_uniform,0.7638212,0.09017378,12
bn_2923,1,2,B_uniform,0.7176151,0.07847905,12
bn_2924,1,2,B_uniform,0.68351144,0.036894083,9
bn_2925,1,2,B_uniform,0.61883944,0.05733347,9
bn_2926,1,2,B_uniform,0.6227316,0.06001705,10
bn_2927,0,2,B_uniform,0.6908711,0.078566134,7
bn_2928,0,2,B_uniform,0.69395757,0.05859381,9
bn_2929,1,2,B_uniform,0.72556514,0.073982835,5
bn_2930,1,2,B_uniform,0.69349706,0.052218616,9
bn_2931,1,2,B_uniform,0.6126316,0.12309432,5
bn_2932,1,2,B_uniform,0.7322765,0.0767467,14
bn_2933,0,2,B_uniform,0.7561834,0.050531268,4
bn_2934,1,2,B_uniform,0.67378676,0.088677526,12
bn_2935,0,2,B_uniform,0.67902195,0.1059764,6
bn_2936,1,2,B_uniform,0.6989915,0.09535712,11
bn_2937,1,2,B_uniform,0.7276082,0.10369539,6
bn_2938,1,2,B_uniform,0.6152579,0.09253657,10
bn_2939,1,2,B_uniform,0.6573986,0.088609576,5
bn_2940,0,2,B_uniform,0.6534178,0.071754396,9
bn_2941,1,2,B_uniform,0.6118585,0.068752944,7
bn_2942,1,2,B_uniform,0.7470442,0.0761531,16
bn_2943,0,2,B_uniform,0.7625439,0.040502906,5
bn_2944,0,2,B_uniform,0.6656698,0.053515673,10
bn_2945,1,2,B_uniform,0.639819,0.043135703,9
bn_2946,1,2,B_uniform,0.5587502,0.09926736,10
bn_2948,1,2,B_uniform,0.7016488,0.04502827,9
bn_2949,1,2,B_uniform,0.7471066,0.07568991,4
bn_2950,1,2,B_uniform,0.67833954,0.07113576,13
bn_2951,0,2,B_uniform,0.78873616,0.045834363,5
bn_2952,1,2,B_uniform,0.70312166,0.083640814,3
bn_2953,1,2,B_uniform,0.75965273,0.077671826,7
bn_2954,1,2,B_uniform,0.6565154,0.06891507,13
bn_2955,1,2,B_uniform,0.81197894,0.0061201453,8
bn_2956,1,2,B_uniform,0.63351595,0.05166298,11
bn_2957,1,2,B_uniform,0.6569219,0.07642943,8
bn_2958,1,2,B_uniform,0.6718614,0.07442975,6
bn_2959,0,2,B_uniform,0.654294,0.06634611,8
bn_2960,1,2,B_uniform,0.64677614,0.06587869,16
bn_2961,1,2,B_uniform,0.6706535,0.08978993,10
bn_2962,1,2,B_uniform,0.7160019,0.07347423,3
bn_2963,1,2,B_uniform,0.6611584,0.0828222,14
bn_2964,1,2,B_uniform,0.6822535,0.04309076,9
bn_2966,1,2,B_uniform,0.70278656,0.071374774,5
bn_2967,1,2,B_uniform,0.62381625,0.07428712,16
bn_2968,1,2,B_uniform,0.65108156,0.079496264,7
bn_2969,1,2,B_uniform,0.69927126,0.042927325,20
bn_2970,0,2,B_uniform,0.8136898,0.049118698,7
bn_2971,0,2,B_uniform,0.656325,0.014841378,12
bn_2973,1,2,B_uniform,0.72570485,0.10424727,3
bn_2974,1,2,B_uniform,0.69403046,0.068481505,4
bn_2975,1,2,B_uniform,0.7148508,0.114085674,13
bn_2976,1,2,B_uniform,0.7057551,0.07445252,7
bn_2977,1,2,B_uniform,0.7079504,0.05759114,11
bn_2978,1,2,B_uniform,0.73701257,0.073557615,11
bn_2979,1,2,B_uniform,0.6569502,0.066434026,4
bn_2980,1,2,B_uniform,0.6557964,0.03261578,8
bn_2981,1,2,B_uniform,0.58449674,0.060103476,6
bn_2982,0,2,B_uniform,0.6859873,0.019076645,6
bn_2983,1,2,B_uniform,0.65523916,0.07483381,5
bn_2984,1,2,B_uniform,0.69561666,0.09595317,6
bn_2985,1,2,B_uniform,0.6984571,0.06865555,9
bn_2986,0,2,B_uniform,0.65424836,0.051455438,6
bn_2987,1,2,B_uniform,0.62800425,0.076802194,5
bn_2988,1,2,B_uniform,0.71178454,0.1289593,4
bn_2989,1,2,B_uniform,0.6569477,0.10848707,6
bn_2990,1,2,B_uniform,0.60617805,0.060438037,8
bn_2991,1,2,B_uniform,0.65675783,0.07793957,9
bn_2992,1,2,B_uniform,0.6521022,0.075033724,5
bn_2993,1,2,B_uniform,0.67267257,0.09980786,6
bn_2994,1,2,B_uniform,0.6743001,0.066809,8
bn_2995,1,2,B_uniform,0.5906838,0.09990442,8
bn_2996,1,2,B_uniform,0.7047252,0.09014505,9
bn_2997,1,2,B_uniform,0.67943704,0.0718689,12
bn_2998,1,2,B_uniform,0.65632427,0.08180004,6
bn_2999,0,2,B_uniform,0.71798134,0.008287191,36
bn_3000,1,1,B_uniform,0.87664336,0.056346953,19
bn_3001,1,1,B_uniform,0.8130167,0.07866037,7
bn_3002,1,1,B_uniform,0.82211125,0.030425668,14
bn_3003,0,1,B_uniform,0.87308776,0.013970792,17
bn_3004,1,1,B_uniform,0.8017746,0.077893674,24
bn_3005,1,1,B_uniform,0.81792825,0.07849401,18
bn_3006,1,1,B_uniform,0.7789549,0.077943265,13
bn_3007,1,1,B_uniform,0.8952138,0.019714236,8
bn_3008,1,1,B_uniform,0.874615,0.0426383,18
bn_3009,1,1,B_uniform,0.9096552,0.050596595,25
bn_3010,1,1,B_uniform,0.96416056,0.018909752,21
bn_3011,0,1,B_uniform,0.9564465,0.011973262,11
bn_3012,1,1,B_uniform,0.8541823,0.07568872,10
bn_3013,1,1,B_uniform,0.8787523,0.021310866,20
bn_3014,0,1,B_uniform,0.90423834,0.053357184,8
bn_3015,1,1,B_uniform,0.91640186,0.030282736,19
bn_3016,1,1,B_uniform,0.8601778,0.07152617,8
bn_3017,1,1,B_uniform,0.8179807,0.083286226,10
bn_3018,1,1,B_uniform,0.8506666,0.08868587,13
bn_3019,1,1,B_uniform,0.90371,0.046872914,8
bn_3020,1,1,B_uniform,0.913886,0.0034379363,17
bn_3022,1,1,B_uniform,0.8571238,0.07237375,12
bn_3023,1,1,B_uniform,0.88664323,0.017548084,18
bn_3024,1,1,B_uniform,0.8908547,0.025336862,13
bn_3025,1,1,B_uniform,0.90508634,0.028972924,22
bn_3027,1,1,B_uniform,0.7412226,0.0663535,9
bn_3028,1,1,B_uniform,0.9318642,0.04086691,8
bn_3029,1,1,B_uniform,0.8685332,0.013080478,6
bn_3030,1,1,B_uniform,0.7134777,0.056241453,22
bn_3031,0,1,B_uniform,0.87751883,0.026860356,15
bn_3032,1,1,B_uniform,0.92392194,0.027108312,12
bn_3033,1,1,B_uniform,0.802525,0.043893337,16
bn_3034,0,1,B_uniform,0.9129203,0.041119993,13
bn_3035,1,1,B_uniform,0.7392676,0.1247313,14
bn_3036,0,1,B_uniform,1.0604913,0.0053184032,12
bn_3037,0,1,B_uniform,0.94396144,0.032165825,14
bn_3038,1,1,B_uniform,0.8239149,0.06336832,16
bn_3039,1,1,B_uniform,0.73903555,0.08936733,11
bn_3040,1,1,B_uniform,0.7219837,0.03043896,11
bn_3041,1,1,B_uniform,0.91039103,0.029827833,15
bn_3042,1,1,B_uniform,0.7075202,0.067977846,11
bn_3043,0,1,B_uniform,0.7959149,0.030629277,11
bn_3044,0,1,B_uniform,0.9804735,0.04660976,14
bn_3045,0,1,B_uniform,0.76235574,0.07112861,12
bn_3046,1,1,B_uniform,0.8189993,0.035003185,9
bn_3047,1,1,B_uniform,0.8025078,0.005993247,11
bn_3048,1,1,B_uniform,0.9021159,0.07064915,11
bn_3049,0,1,B_uniform,0.7251826,0.060844123,14
bn_3050,1,1,B_uniform,0.79528964,0.02684027,11
bn_3051,0,1,B_uniform,0.8997631,0.079471886,12
bn_3052,0,1,B_uniform,0.9635112,0.025093496,10
bn_3053,0,1,B_uniform,0.80942285,0.025741398,10
bn_3054,1,1,B_uniform,0.8377838,0.048700333,11
bn_3055,0,1,B_uniform,0.74224144,0.04283738,11
bn_3056,1,1,B_uniform,0.81773466,0.026283503,11
bn_3057,1,1,B_uniform,0.7771327,0.047257483,9
bn_3058,0,1,B_uniform,0.8148438,0.027132034,9
bn_3059,1,1,B_uniform,0.7849212,0.08689618,13
bn_3060,0,1,B_uniform,0.8159703,0.020342946,8
bn_3061,0,1,B_uniform,0.90043676,0.07383597,9
bn_3062,1,1,B_uniform,0.67387265,0.07527506,7
bn_3063,1,1,B_uniform,0.719409,0.0799225,10
bn_3064,0,1,B_uniform,1.0221103,0.063553095,7
bn_3065,0,1,B_uniform,0.7798011,0.014301181,9
bn_3066,0,1,B_uniform,0.85656935,0.0042048693,10
bn_3067,0,1,B_uniform,0.8762947,0.024905384,9
bn_3068,0,1,B_uniform,0.72377366,0.035976887,9
bn_3069,1,1,B_uniform,0.7923305,0.121040225,8
bn_3070,0,1,B_uniform,0.74186426,0.04232323,8
bn_3071,0,1,B_uniform,1.0118327,0.036318064,5
bn_3072,1,1,B_uniform,0.6963344,0.08839011,6
bn_3073,0,1,B_uniform,0.70073336,0.06810385,5
bn_3074,0,1,B_uniform,0.813666,0.059453964,7
bn_3075,0,1,B_uniform,0.7961501,0.012613893,9
bn_3076,0,1,B_uniform,0.72982013,0.06978917,3
bn_3077,1,1,B_uniform,0.6837567,0.09099072,5
bn_3078,0,1,B_uniform,0.7330801,0.075622916,26
bn_3079,0,1,B_uniform,0.9466065,0.024886727,6
bn_3080,1,1,B_uniform,0.64718366,0.100560546,9
bn_3081,0,1,B_uniform,0.9531685,0.04677528,4
bn_3082,1,1,B_uniform,0.7781463,0.00720191,29
bn_3083,1,1,B_uniform,0.69023883,0.02173233,18
bn_3084,1,1,B_uniform,0.7390629,0.023165762,16
bn_3085,0,1,B_uniform,0.70440304,0.048795044,12
bn_3086,1,1,B_uniform,0.67235404,0.08197683,13
bn_3087,0,1,B_uniform,0.80343735,0.02567488,12
bn_3088,1,1,B_uniform,0.7484935,0.10370457,7
bn_3089,0,1,B_uniform,0.69965583,0.016679287,34
bn_3090,0,1,B_uniform,0.7520856,0.060287774,12
bn_3091,0,1,B_uniform,0.7740362,0.08304,12
bn_3093,0,1,B_uniform,0.73432744,0.057490706,4
bn_3094,1,1,B_uniform,0.76212806,0.029114425,10
bn_3095,1,1,B_uniform,0.70093846,0.0509578,12
bn_3096,0,1,B_uniform,0.8013744,0.08733702,5
bn_3097,0,1,B_uniform,0.75462705,0.0038082004,17
bn_3098,1,1,B_uniform,0.8125378,0.084973335,14
bn_3099,1,1,B_uniform,0.71491647,0.040403247,13
bn_3100,1,1,B_uniform,0.8401948,0.07579577,9
bn_3101,0,1,B_uniform,0.66978514,0.09737271,13
bn_3102,0,1,B_uniform,0.8190397,0.044748068,11
bn_3103,1,1,B_uniform,0.644066,0.04500425,10
bn_3104,0,1,B_uniform,0.6560811,0.0684284,6
bn_3105,0,1,B_uniform,0.74876523,0.046415806,15
bn_3106,1,1,B_uniform,0.7884794,0.04527068,15
bn_3107,1,1,B_uniform,0.75671726,0.044425547,15
bn_3108,0,1,B_uniform,0.7623191,0.009362221,12
bn_3109,1,1,B_uniform,0.7358928,0.0608142,12
bn_3110,0,1,B_uniform,0.7337215,0.05908525,14
bn_3111,0,1,B_uniform,0.8329331,0.06242919,14
bn_3112,1,1,B_uniform,0.86676127,0.0076745152,5
bn_3113,1,1,B_uniform,0.76413286,0.050037622,13
bn_3114,1,1,B_uniform,0.752343,0.020593703,13
bn_3115,0,1,B_uniform,0.7417658,0.07151699,16
bn_3116,1,1,B_uniform,0.7444245,0.039450824,6
bn_3117,0,1,B_uniform,0.739775,0.118528664,14
bn_3118,1,1,B_uniform,0.65424985,0.1113109,11
bn_3119,1,1,B_uniform,0.6594432,0.053306043,12
bn_3120,0,1,B_uniform,0.8340843,0.03591913,5
bn_3121,1,1,B_uniform,0.66915214,0.057599664,12
bn_3122,1,1,B_uniform,0.78653795,0.0025358796,12
bn_3123,1,1,B_uniform,0.7108905,0.059708834,12
bn_3124,0,1,B_uniform,0.6964985,0.060084343,5
bn_3125,0,1,B_uniform,0.7703995,0.018113911,13
bn_3126,0,1,B_uniform,0.74422544,0.055641472,12
bn_3127,1,1,B_uniform,0.60662365,0.094869375,10
bn_3128,1,1,B_uniform,0.83449274,0.023992121,6
bn_3129,0,1,B_uniform,0.7772521,0.06625545,14
bn_3130,1,1,B_uniform,0.6548635,0.05359763,10
bn_3131,0,1,B_uniform,0.72943264,0.0027297735,15
bn_3132,0,1,B_uniform,0.76522267,0.023656487,6
bn_3133,0,1,B_uniform,0.8435282,0.04789102,13
bn_3134,1,1,B_uniform,0.87881285,0.08389145,16
bn_3135,0,1,B_uniform,0.8761132,0.022003949,13
bn_3136,1,1,B_uniform,0.67258173,0.07791895,5
bn_3137,1,1,B_uniform,0.6410602,0.05453092,14
bn_3138,0,1,B_uniform,0.83594304,0.049853623,13
bn_3139,0,1,B_uniform,0.72813827,0.09358317,14
bn_3140,0,1,B_uniform,0.87509006,0.02052039,6
bn_3141,0,1,B_uniform,0.7132756,0.032149494,8
bn_3142,1,1,B_uniform,0.6660501,0.07638025,13
bn_3143,0,1,B_uniform,0.91832924,0.05098313,5
bn_3144,0,1,B_uniform,0.7356999,0.08817035,15
bn_3145,0,1,B_uniform,0.9141065,0.0773378,4
bn_3146,1,1,B_uniform,0.79395306,0.010039806,12
bn_3148,1,1,B_uniform,0.6633318,0.07671881,12
bn_3149,0,1,B_uniform,0.74933,0.04244882,4
bn_3150,0,1,B_uniform,0.8409141,0.041070163,12
bn_3151,0,1,B_uniform,0.8793643,0.080548406,6
bn_3152,1,1,B_uniform,0.7322034,0.061225414,12
bn_3153,1,1,B_uniform,0.7592881,0.07357162,5
bn_3154,1,1,B_uniform,0.7992523,0.09075558,13
bn_3156,0,1,B_uniform,0.6743441,0.09715444,11
bn_3157,0,1,B_uniform,0.83470595,0.022725582,4
bn_3158,1,1,B_uniform,0.64702946,0.08414298,15
bn_3159,0,1,B_uniform,0.8511393,0.060112655,3
bn_3160,0,1,B_uniform,0.9053637,0.04687649,14
bn_3161,0,1,B_uniform,0.8189898,0.035136282,4
bn_3162,1,1,B_uniform,0.7802096,0.074683845,16
bn_3163,0,1,B_uniform,0.8368371,0.03650409,4
bn_3164,0,1,B_uniform,0.69405055,0.078790605,14
bn_3165,1,1,B_uniform,0.68507797,0.1317004,6
bn_3166,1,1,B_uniform,0.69279003,0.05770248,11
bn_3167,0,1,B_uniform,0.7416457,0.06840062,4
bn_3168,0,1,B_uniform,0.72604513,0.05787033,14
bn_3169,1,1,B_uniform,0.7758366,0.08295804,4
bn_3170,1,1,B_uniform,0.7057766,0.049438477,12
bn_3171,0,1,B_uniform,0.6988784,0.058885634,4
bn_3172,1,1,B_uniform,0.8625677,0.045799673,13
bn_3173,0,1,B_uniform,0.96231174,0.009506643,5
bn_3174,0,1,B_uniform,0.73437124,0.041275144,12
bn_3175,0,1,B_uniform,0.8898795,0.031370044,6
bn_3176,1,1,B_uniform,0.7896833,0.023079515,13
bn_3178,0,1,B_uniform,0.80115384,0.07885796,13
bn_3180,1,1,B_uniform,0.7010865,0.07055408,12
bn_3181,0,1,B_uniform,0.6977643,0.08632809,4
bn_3182,0,1,B_uniform,0.7277669,0.06544268,9
bn_3183,0,1,B_uniform,0.8449903,0.04477161,11
bn_3184,1,1,B_uniform,0.6545799,0.07183349,13
bn_3185,1,1,B_uniform,0.74773264,0.07651788,5
bn_3186,1,1,B_uniform,0.6743428,0.073277414,14
bn_3187,1,1,B_uniform,0.6626584,0.08037871,4
bn_3188,0,1,B_uniform,0.73930585,0.045396566,16
bn_3189,0,1,B_uniform,0.8553134,0.024560869,4
bn_3190,1,1,B_uniform,0.6913455,0.055315852,10
bn_3191,0,1,B_uniform,0.84006155,0.031200528,5
bn_3192,1,1,B_uniform,0.86716676,0.031146765,15
bn_3193,0,1,B_uniform,0.7423381,0.017439365,41
bn_3194,0,1,B_uniform,0.7388273,0.007133484,40
bn_3195,1,1,B_uniform,0.69383323,0.09790003,6
bn_3196,0,1,B_uniform,0.6967544,0.040014923,33
bn_3197,0,1,B_uniform,0.69827116,0.04041928,4
bn_3198,1,1,B_uniform,0.773209,0.010324061,31
bn_3199,1,1,B_uniform,0.7940456,0.10145855,4
bn_3200,1,1,B_uniform,0.80677634,0.0013944507,34
bn_3201,0,1,B_uniform,0.84762585,0.026254237,4
bn_3202,0,1,B_uniform,0.6759493,0.0053993464,12
bn_3203,0,1,B_uniform,0.72674805,0.0787037,10
bn_3204,0,1,B_uniform,0.8212041,0.051611125,9
bn_3205,0,1,B_uniform,0.8090982,0.013414025,4
bn_3206,0,1,B_uniform,0.71210575,0.08740735,10
bn_3207,0,1,B_uniform,1.0313791,0.016309261,4
bn_3208,1,1,B_uniform,0.79811513,0.028806329,9
bn_3209,0,1,B_uniform,1.0293204,0.063786626,5
bn_3210,0,1,B_uniform,0.7467241,0.09655458,7
bn_3211,1,1,B_uniform,0.6395917,0.105100155,4
bn_3212,1,1,B_uniform,0.69488025,0.037602425,9
bn_3213,1,1,B_uniform,0.8073057,0.09213871,4
bn_3214,0,1,B_uniform,0.8083015,0.048430324,7
bn_3215,0,1,B_uniform,0.7231801,0.04637152,4
bn_3216,0,1,B_uniform,0.7396893,0.05447364,8
bn_3217,0,1,B_uniform,0.8143584,0.050253212,5
bn_3218,1,1,B_uniform,0.73441434,0.035251558,10
bn_3219,1,1,B_uniform,0.65950197,0.09656507,4
bn_3220,1,1,B_uniform,0.647814,0.08612472,9
bn_3221,0,1,B_uniform,0.87798405,0.04164189,7
bn_3222,0,1,B_uniform,0.6795672,0.06079346,10
bn_3223,1,1,B_uniform,0.7190509,0.011170268,9
bn_3224,1,1,B_uniform,0.79468375,0.059862614,8
bn_3225,1,1,B_uniform,0.72445774,0.012190402,7
bn_3226,0,1,B_uniform,0.72934896,0.0656814,6
bn_3227,0,1,B_uniform,0.730834,0.105389714,6
bn_3228,0,1,B_uniform,0.9064677,0.040742338,4
bn_3229,1,1,B_uniform,0.6919257,0.028335571,9
bn_3230,0,1,B_uniform,0.8421348,0.022550285,6
bn_3231,0,1,B_uniform,0.7235052,0.083176136,9
bn_3232,1,1,B_uniform,0.61944026,0.07759535,7
bn_3233,1,1,B_uniform,0.79769623,0.03974545,9
bn_3234,0,1,B_uniform,0.85969996,0.021315753,8
bn_3235,0,1,B_uniform,0.7346071,0.057368457,8
bn_3236,1,1,B_uniform,0.71201456,0.092826426,11
bn_3237,0,1,B_uniform,0.7641801,0.05066973,8
bn_3238,0,1,B_uniform,0.83990467,0.055000424,8
bn_3239,1,1,B_uniform,0.71046895,0.08091766,10
bn_3240,1,1,B_uniform,0.7162967,0.085669816,7
bn_3241,1,1,B_uniform,0.66210544,0.005227685,11
bn_3242,0,1,B_uniform,0.6946117,0.08914822,5
bn_3243,0,1,B_uniform,0.8654743,0.030189991,7
bn_3244,0,1,B_uniform,0.7560843,0.071226776,9
bn_3245,1,1,B_uniform,0.69270027,0.061423182,10
bn_3246,0,1,B_uniform,0.77100074,0.03140688,5
bn_3247,0,1,B_uniform,0.81562704,0.10391092,9
bn_3248,1,1,B_uniform,0.8084831,0.05239749,8
bn_3250,1,1,B_uniform,0.7195968,0.06992614,6
bn_3251,0,1,B_uniform,0.7664005,0.054879308,8
bn_3252,1,1,B_uniform,0.77775705,0.08088726,9
bn_3253,1,1,B_uniform,0.7131461,0.027830064,7
bn_3254,1,1,B_uniform,0.7035569,0.08570117,6
bn_3255,0,1,B_uniform,0.8954372,0.03928393,7
bn_3256,1,1,B_uniform,0.760379,0.060430348,5
bn_3257,0,1,B_uniform,0.7513377,0.09571648,7
bn_3258,0,1,B_uniform,0.7699409,0.113361776,6
bn_3259,1,1,B_uniform,0.7349816,0.046135187,6
bn_3260,0,1,B_uniform,0.7579292,0.013575792,7
bn_3261,0,1,B_uniform,0.8176449,0.08876723,5
bn_3262,1,1,B_uniform,0.68876916,0.11898291,7
bn_3263,0,1,B_uniform,0.7699223,0.046418607,8
bn_3264,0,1,B_uniform,0.72220784,0.039521575,9
bn_3265,0,1,B_uniform,0.71881235,0.071151316,8
bn_3266,1,1,B_uniform,0.84310824,0.06009847,8
bn_3267,0,1,B_uniform,0.7411817,0.1066218,6
bn_3268,0,1,B_uniform,0.8101607,0.023811936,5
bn_3269,1,1,B_uniform,0.7030995,0.046149254,9
bn_3270,0,1,B_uniform,0.65192,0.053492546,7
bn_3271,0,1,B_uniform,0.7495013,0.07320106,6
bn_3272,0,1,B_uniform,0.82180786,0.058007658,6
bn_3273,0,1,B_uniform,0.8519349,0.040708184,8
bn_3274,1,1,B_uniform,0.72908914,0.05832845,10
bn_3275,0,1,B_uniform,0.7693913,0.05615616,8
bn_3276,0,1,B_uniform,0.7455347,0.04913318,4
bn_3277,0,1,B_uniform,0.7978496,0.0019034743,9
bn_3278,1,1,B_uniform,0.7372158,0.103990436,7
bn_3279,1,1,B_uniform,0.74306816,0.042389035,9
bn_3280,0,1,B_uniform,0.8960105,0.013154209,6
bn_3281,0,1,B_uniform,0.6997974,0.063708246,6
bn_3282,0,1,B_uniform,0.92512214,0.03555703,6
bn_3283,0,1,B_uniform,0.7159586,0.109930694,7
bn_3284,0,1,B_uniform,0.6488124,0.057881773,5
bn_3285,1,1,B_uniform,0.67406875,0.050064623,6
bn_3286,1,1,B_uniform,0.66781354,0.096764505,6
bn_3287,0,1,B_uniform,0.74491894,0.06265122,6
bn_3288,0,1,B_uniform,0.9981601,0.049176335,5
bn_3289,0,1,B_uniform,0.8352513,0.038074374,9
bn_3290,0,1,B_uniform,0.8121163,0.041047454,6
bn_3291,1,1,B_uniform,0.65185857,0.034289837,7
bn_3292,1,1,B_uniform,0.7871107,0.020871878,3
bn_3293,0,1,B_uniform,0.7783302,0.08313197,5
bn_3294,1,1,B_uniform,0.7316204,0.090845704,3
bn_3295,0,1,B_uniform,0.7644125,0.018983066,7
bn_3296,1,1,B_uniform,0.8269202,0.017864287,5
bn_3297,1,1,B_uniform,0.6864639,0.037261665,7
bn_3298,1,1,B_uniform,0.73886156,0.06795609,7
bn_3299,1,1,B_uniform,0.77509856,0.052565515,6
bn_3300,0,1,B_uniform,0.7327087,0.059885204,4
bn_3301,0,1,B_uniform,0.66294837,0.06407851,8
bn_3302,1,1,B_uniform,0.827005,0.01603198,5
bn_3303,1,1,B_uniform,0.67148644,0.05648607,7
bn_3304,0,1,B_uniform,0.7268489,0.056138933,5
bn_3305,0,1,B_uniform,0.7169697,0.101477265,8
bn_3306,0,1,B_uniform,0.7013084,0.04862845,8
bn_3307,0,1,B_uniform,0.86459893,0.02766037,6
bn_3308,1,1,B_uniform,0.72625077,0.065510035,10
bn_3309,0,1,B_uniform,0.90546614,0.0558573,9
bn_3310,1,1,B_uniform,0.8340599,0.10060769,5
bn_3311,1,1,B_uniform,0.75194067,0.041808367,9
bn_3312,1,1,B_uniform,0.848256,0.019951165,9
bn_3313,0,1,B_uniform,0.76356655,0.049509704,8
bn_3314,0,1,B_uniform,0.8960004,0.009500742,4
bn_3315,0,1,B_uniform,0.72281325,0.055513322,5
bn_3316,1,1,B_uniform,0.6832231,0.06868589,5
bn_3317,1,1,B_uniform,0.70410275,0.051540673,6
bn_3318,1,1,B_uniform,0.8552517,0.015392542,5
bn_3319,1,1,B_uniform,0.8463903,0.01728481,7
bn_3320,0,1,B_uniform,0.7837056,0.10072029,5
bn_3321,0,1,B_uniform,0.8088994,0.06694955,5
bn_3322,1,1,B_uniform,0.73190707,0.06486839,6
bn_3323,0,1,B_uniform,0.82703716,0.062232733,5
bn_3324,0,1,B_uniform,0.9429173,0.07145041,6
bn_3325,1,1,B_uniform,0.6728908,0.07661468,6
bn_3327,1,1,B_uniform,0.7270331,0.083704114,7
bn_3329,1,1,B_uniform,0.76906973,0.09983027,5
bn_3330,1,1,B_uniform,0.77925265,0.09808272,21
bn_3331,0,1,B_uniform,0.8257729,0.03204131,5
bn_3332,1,1,B_uniform,0.783726,0.021057606,14
bn_3333,0,1,B_uniform,0.7293376,0.06895095,7
bn_3334,0,1,B_uniform,0.6903338,0.082041204,16
bn_3335,1,1,B_uniform,0.6864596,0.054338515,4
bn_3336,1,1,B_uniform,0.7347039,0.026028395,15
bn_3337,0,1,B_uniform,0.73566455,0.05848229,6
bn_3338,1,1,B_uniform,0.7853917,0.05292976,16
bn_3339,1,1,B_uniform,0.7434241,0.04199028,5
bn_3340,1,1,B_uniform,0.73541486,0.04735273,15
bn_3341,0,1,B_uniform,0.73537654,0.055199802,5
bn_3342,0,1,B_uniform,0.71796536,0.03567922,14
bn_3343,0,1,B_uniform,0.90025216,0.037716866,4
bn_3344,0,1,B_uniform,0.75902295,0.024403334,15
bn_3345,1,1,B_uniform,0.7071898,0.05668968,6
bn_3346,1,1,B_uniform,0.74790806,0.004988909,13
bn_3347,0,1,B_uniform,0.7751661,0.069889426,8
bn_3348,0,1,B_uniform,0.69882,0.096508384,16
bn_3349,1,1,B_uniform,0.6838061,0.11115289,6
bn_3350,1,1,B_uniform,0.7289446,0.029150128,15
bn_3351,0,1,B_uniform,0.70509976,0.071141005,6
bn_3352,1,1,B_uniform,0.7180156,0.019180179,14
bn_3353,1,1,B_uniform,0.6925016,0.118500054,6
bn_3354,0,1,B_uniform,0.7850521,0.040490687,12
bn_3355,0,1,B_uniform,0.81550634,0.042349756,6
bn_3356,1,1,B_uniform,0.61940336,0.06253475,13
bn_3357,1,1,B_uniform,0.7240312,0.09148866,7
bn_3358,1,1,B_uniform,0.7280697,0.051151812,19
bn_3360,1,1,B_uniform,0.8466002,0.009289801,15
bn_3361,0,1,B_uniform,0.7293374,0.034510612,7
bn_3362,1,1,B_uniform,0.76477987,0.0006315708,15
bn_3363,0,1,B_uniform,0.82636386,0.04455787,6
bn_3364,1,1,B_uniform,0.80682313,0.0608626,17
bn_3365,0,1,B_uniform,0.7871149,0.020137846,4
bn_3366,0,1,B_uniform,0.7282813,0.089303076,15
bn_3367,1,1,B_uniform,0.6391126,0.10044056,8
bn_3368,1,1,B_uniform,0.7384471,0.021532297,16
bn_3369,1,1,B_uniform,0.802865,0.06738496,4
bn_3370,1,1,B_uniform,0.7432946,0.06813753,19
bn_3371,0,1,B_uniform,0.8065571,0.025154948,5
bn_3372,0,1,B_uniform,0.74740416,0.06594372,15
bn_3373,1,1,B_uniform,0.9219894,0.01692605,7
bn_3374,0,1,B_uniform,0.73407245,0.07727206,17
bn_3375,0,1,B_uniform,0.724269,0.06777185,5
bn_3376,1,1,B_uniform,0.80142164,0.02153331,16
bn_3377,1,1,B_uniform,0.7296487,0.07850593,8
bn_3378,1,1,B_uniform,0.6301875,0.102957904,15
bn_3379,0,1,B_uniform,0.8592416,0.039086938,4
bn_3380,0,1,B_uniform,0.77370834,0.012971461,22
bn_3381,0,1,B_uniform,0.7298738,0.041627645,3
bn_3382,1,1,B_uniform,0.6831598,0.07322943,24
bn_3383,1,1,B_uniform,0.7032143,0.08771676,5
bn_3384,0,1,B_uniform,0.70642006,0.07301384,17
bn_3385,0,1,B_uniform,0.7825988,0.043507338,4
bn_3386,1,1,B_uniform,0.7063454,0.052556336,21
bn_3387,1,1,B_uniform,0.70667225,0.09753853,4
bn_3388,1,1,B_uniform,0.7548739,0.013024867,16
bn_3389,1,1,B_uniform,0.68088645,0.025999844,6
bn_3390,1,1,B_uniform,0.84220594,0.02804643,23
bn_3391,0,1,B_uniform,0.76882905,0.04218912,5
bn_3392,0,1,B_uniform,0.7588607,0.008984327,19
bn_3393,1,1,B_uniform,0.6973468,0.07358688,5
bn_3394,1,1,B_uniform,0.78980386,0.018073857,19
bn_3395,0,1,B_uniform,0.75611424,0.07160109,4
bn_3396,0,1,B_uniform,0.7281985,0.03626895,19
bn_3397,0,1,B_uniform,0.87106305,0.02537322,3
bn_3398,0,1,B_uniform,0.7888321,0.04614234,16
bn_3399,0,1,B_uniform,0.8270042,0.03631276,5
bn_3400,0,1,B_uniform,0.76889676,0.018828511,18
bn_3401,1,1,B_uniform,0.71475196,0.09673691,5
bn_3402,0,1,B_uniform,0.72077894,0.06921613,24
bn_3403,1,1,B_uniform,0.7094033,0.06367636,6
bn_3404,0,1,B_uniform,0.742629,0.003913045,29
bn_3405,1,1,B_uniform,0.69012153,0.104598045,5
bn_3406,0,1,B_uniform,0.7411341,0.10421014,24
bn_3407,0,1,B_uniform,0.70652634,0.06810689,6
bn_3408,1,1,B_uniform,0.8125787,0.048169553,22
bn_3409,0,1,B_uniform,0.73502153,0.085425675,6
bn_3410,1,1,B_uniform,0.7474216,0.008934557,26
bn_3411,1,1,B_uniform,0.6837767,0.009050965,7
bn_3412,0,1,B_uniform,0.77020603,0.04091358,21
bn_3413,0,1,B_uniform,0.74287397,0.07769948,5
bn_3414,0,1,B_uniform,0.80582815,0.06428069,24
bn_3415,1,1,B_uniform,0.654164,0.11065167,5
bn_3416,1,1,B_uniform,0.81138027,0.058339596,23
bn_3417,1,1,B_uniform,0.7838182,0.07798326,3
bn_3418,1,1,B_uniform,0.7688051,0.03912109,23
bn_3419,1,1,B_uniform,0.6566696,0.053004444,9
bn_3420,1,1,B_uniform,0.6658961,0.020630121,15
bn_3421,0,1,B_uniform,0.7614547,0.062416196,8
bn_3422,0,1,B_uniform,0.7743268,0.04294437,10
bn_3423,1,1,B_uniform,0.76897955,0.04430318,4
bn_3424,1,1,B_uniform,0.7254496,0.034127176,10
bn_3425,0,1,B_uniform,0.8674625,0.0072372556,5
bn_3426,0,1,B_uniform,0.6738812,0.00199759,7
bn_3427,0,1,B_uniform,0.6909789,0.10269815,5
bn_3428,0,1,B_uniform,0.7491354,0.05356419,12
bn_3429,0,1,B_uniform,0.7181794,0.059833765,5
bn_3430,1,1,B_uniform,0.7469754,0.051746786,9
bn_3431,1,1,B_uniform,0.6778002,0.098716915,4
bn_3432,1,1,B_uniform,0.7048445,0.013895452,9
bn_3433,0,1,B_uniform,0.6978487,0.09143084,4
bn_3434,1,1,B_uniform,0.69935024,0.050608933,10
bn_3435,0,1,B_uniform,0.960892,0.06789857,4
bn_3436,1,1,B_uniform,0.61509705,0.08339429,10
bn_3438,0,1,B_uniform,0.76414543,0.048406124,12
bn_3439,0,1,B_uniform,0.71025234,0.07345128,4
bn_3440,0,1,B_uniform,0.70996165,0.0021039248,11
bn_3441,0,1,B_uniform,0.9127156,0.06905383,3
bn_3442,1,1,B_uniform,0.74938375,0.03390926,9
bn_3443,0,1,B_uniform,0.705292,0.04457295,5
bn_3444,0,1,B_uniform,0.7506732,0.0660519,12
bn_3445,1,1,B_uniform,0.68163776,0.04201305,4
bn_3446,1,1,B_uniform,0.7340223,0.06980562,9
bn_3447,1,1,B_uniform,0.62756336,0.102303624,3
bn_3448,1,1,B_uniform,0.8230654,0.014785647,12
bn_3449,0,1,B_uniform,0.7013648,0.087242365,5
bn_3450,0,1,B_uniform,0.6797166,0.068116605,8
bn_3451,1,1,B_uniform,0.69845116,0.08383417,4
bn_3452,0,1,B_uniform,0.7441053,0.0030320287,7
bn_3454,1,1,B_uniform,0.7769062,0.017603576,8
bn_3455,0,1,B_uniform,0.7861135,0.05363083,5
bn_3456,0,1,B_uniform,0.78061014,0.06487131,11
bn_3457,1,1,B_uniform,0.6504503,0.10414314,6
bn_3458,1,1,B_uniform,0.7560426,0.056515157,6
bn_3459,1,1,B_uniform,0.6881465,0.06798786,8
bn_3460,0,1,B_uniform,0.70286655,0.0820663,5
bn_3461,1,1,B_uniform,0.7163836,0.008747995,7
bn_3462,0,1,B_uniform,0.8042156,0.08953345,5
bn_3463,0,1,B_uniform,0.73072743,0.09093243,11
bn_3464,0,1,B_uniform,0.6702954,0.004485905,6
bn_3465,0,1,B_uniform,0.7852151,0.0053779483,8
bn_3466,0,1,B_uniform,0.7497518,0.09216666,5
bn_3467,1,1,B_uniform,0.66981936,0.08016318,7
bn_3468,0,1,B_uniform,0.7155748,0.059488356,5
bn_3469,1,1,B_uniform,0.7277759,0.07026255,7
bn_3470,1,1,B_uniform,0.65680814,0.094641864,6
bn_3471,0,1,B_uniform,0.73943585,0.061445653,9
bn_3472,0,1,B_uniform,0.81279296,0.05969864,5
bn_3473,1,1,B_uniform,0.7116018,0.03597653,8
bn_3474,1,1,B_uniform,0.6520109,0.09319377,4
bn_3475,0,1,B_uniform,0.7012796,0.05148405,8
bn_3476,0,1,B_uniform,0.7523756,0.07995808,5
bn_3477,1,1,B_uniform,0.66903263,0.061938286,8
bn_3478,1,1,B_uniform,0.7011041,0.06508076,5
bn_3479,0,1,B_uniform,0.74211353,0.048638403,9
bn_3480,1,1,B_uniform,0.7020224,0.08986384,6
bn_3481,1,1,B_uniform,0.71729046,0.028762937,11
bn_3482,1,1,B_uniform,0.713133,0.034816682,5
bn_3483,0,1,B_uniform,0.73929375,0.06975156,9
bn_3485,0,1,B_uniform,0.85290265,0.009464443,7
bn_3486,1,1,B_uniform,0.7323455,0.054859936,5
bn_3487,1,1,B_uniform,0.7085607,0.061203897,8
bn_3488,0,1,B_uniform,0.75749236,0.04206723,5
bn_3489,1,1,B_uniform,0.7698986,0.031430602,8
bn_3490,1,1,B_uniform,0.68762904,0.09916437,3
bn_3491,1,1,B_uniform,0.7350701,0.054653823,8
bn_3492,0,1,B_uniform,0.6827293,0.07036638,4
bn_3493,0,1,B_uniform,0.6621085,0.07647669,7
bn_3494,1,1,B_uniform,0.7289565,0.10768205,4
bn_3495,0,1,B_uniform,0.7313883,0.087706804,8
bn_3496,0,1,B_uniform,0.73101574,0.049111724,7
bn_3497,1,1,B_uniform,0.7075167,0.06238711,10
bn_3498,0,1,B_uniform,0.72926974,0.06938237,6
bn_3499,0,1,B_uniform,0.7333851,0.057967067,7
bn_3500,1,1,B_uniform,0.6326961,0.06474918,5
bn_3501,1,1,B_uniform,0.69410676,0.010242522,11
bn_3502,0,1,B_uniform,1.0647981,0.036322236,4
bn_3503,0,1,B_uniform,0.7860447,0.094964504,6
bn_3504,1,1,B_uniform,0.64558226,0.06091404,5
bn_3505,1,1,B_uniform,0.68189716,0.089203775,10
bn_3506,0,1,B_uniform,0.6996949,0.083232164,4
bn_3507,0,1,B_uniform,0.69250524,0.07491785,10
bn_3508,1,1,B_uniform,0.72257066,0.04540497,5
bn_3509,1,1,B_uniform,0.7725729,0.016838968,8
bn_3510,1,1,B_uniform,0.79665,0.09641093,4
bn_3511,0,1,B_uniform,0.7623599,0.0044764876,8
bn_3512,0,1,B_uniform,0.69769007,0.059789836,6
bn_3513,1,1,B_uniform,0.70072687,0.10231632,9
bn_3514,1,1,B_uniform,0.6788569,0.05471313,4
bn_3515,0,1,B_uniform,0.7159517,0.07182288,7
bn_3516,0,1,B_uniform,0.71294796,0.09132433,4
bn_3517,1,1,B_uniform,0.7632939,0.07471675,7
bn_3518,1,1,B_uniform,0.6825453,0.015643656,6
bn_3519,1,1,B_uniform,0.72088665,0.07857263,13
bn_3520,0,1,B_uniform,0.8550714,0.08177483,4
bn_3521,1,1,B_uniform,0.7955771,0.021997452,19
bn_3522,1,1,B_uniform,0.7475745,0.0773924,5
bn_3523,1,1,B_uniform,0.7359119,0.0641979,14
bn_3524,0,1,B_uniform,0.77262783,0.078841686,4
bn_3525,0,1,B_uniform,0.7411539,0.04294783,14
bn_3526,1,1,B_uniform,0.6652867,0.07242197,4
bn_3527,1,1,B_uniform,0.7181674,0.04185778,17
bn_3529,1,1,B_uniform,0.7931976,0.036535382,11
bn_3530,0,1,B_uniform,0.72580445,0.06235546,5
bn_3531,1,1,B_uniform,0.74427015,0.047199786,14
bn_3532,0,1,B_uniform,0.73157436,0.05120808,4
bn_3533,0,1,B_uniform,0.7175459,0.07166791,12
bn_3534,1,1,B_uniform,0.6240263,0.0913353,4
bn_3535,1,1,B_uniform,0.7063687,0.050991416,10
bn_3536,0,1,B_uniform,0.6805129,0.09531629,4
bn_3537,1,1,B_uniform,0.8512148,0.0035292506,12
bn_3538,1,1,B_uniform,0.70026755,0.0729143,5
bn_3539,0,1,B_uniform,0.75820327,0.07723206,11
bn_3540,0,1,B_uniform,0.7423694,0.037039876,6
bn_3541,0,1,B_uniform,0.7321948,0.039120317,11
bn_3542,1,1,B_uniform,0.6223743,0.094958365,4
bn_3543,0,1,B_uniform,0.7824594,0.024125636,11
bn_3544,0,1,B_uniform,0.86308736,0.04322934,5
bn_3545,1,1,B_uniform,0.7685372,0.008548498,12
bn_3546,0,1,B_uniform,0.7374234,0.054827213,6
bn_3547,1,1,B_uniform,0.70131254,0.06310135,12
bn_3548,1,1,B_uniform,0.70866793,0.062990665,4
bn_3549,1,1,B_uniform,0.84022427,0.065238476,11
bn_3550,1,1,B_uniform,0.68006563,0.04117918,4
bn_3551,0,1,B_uniform,0.7400021,0.032780766,21
bn_3552,1,1,B_uniform,0.7480515,0.08629465,5
bn_3553,0,1,B_uniform,0.76692647,0.034864485,23
bn_3554,0,1,B_uniform,0.7482501,0.09308475,3
bn_3555,1,1,B_uniform,0.7371681,0.013577223,26
bn_3556,0,1,B_uniform,0.7020627,0.06815559,6
bn_3557,1,1,B_uniform,0.7625329,0.05769527,13
bn_3559,0,1,B_uniform,0.700834,0.055159688,12
bn_3561,1,1,B_uniform,0.7280126,0.012960434,9
bn_3563,1,1,B_uniform,0.71165735,0.0018190145,12
bn_3565,1,1,B_uniform,0.72814786,0.0050542355,11
bn_3567,1,1,B_uniform,0.7490986,0.015051246,10
bn_3569,1,1,B_uniform,0.7522941,0.047078967,9
bn_3571,0,1,B_uniform,0.68302304,0.07914311,8
bn_3572,0,1,B_uniform,0.85520345,0.06353885,5
bn_3573,1,1,B_uniform,0.75750244,0.05505222,12
bn_3574,0,1,B_uniform,0.7497768,0.053257048,6
bn_3575,1,1,B_uniform,0.7493902,0.015609264,9
bn_3576,1,1,B_uniform,0.6646561,0.044082105,7
bn_3577,0,1,B_uniform,0.67312175,0.063816965,10
bn_3579,0,1,B_uniform,0.6756982,0.027160287,13
bn_3580,1,1,B_uniform,0.6505043,0.09327906,4
bn_3581,0,1,B_uniform,0.7487154,0.045652032,14
bn_3582,0,1,B_uniform,0.9277357,0.049817026,3
bn_3583,1,1,B_uniform,0.7279366,0.036593854,15
bn_3585,1,1,B_uniform,0.6854916,0.027109385,13
bn_3587,0,1,B_uniform,0.79603523,0.08638817,10
bn_3588,1,1,B_uniform,0.73323333,0.059235454,3
bn_3589,1,1,B_uniform,0.7292176,0.045188606,14
bn_3590,1,1,B_uniform,0.65553623,0.06150925,6
bn_3591,0,1,B_uniform,0.7332055,0.040391028,18
bn_3593,0,1,B_uniform,0.7123421,0.04256183,18
bn_3594,1,1,B_uniform,0.80558455,0.10287619,4
bn_3595,1,1,B_uniform,0.86113304,0.023048997,43
bn_3597,1,1,B_uniform,0.71371436,0.09629089,10
bn_3599,0,1,B_uniform,0.7529159,0.032055616,31
bn_3600,0,1,B_uniform,0.707149,0.06769818,4
bn_3601,1,1,B_uniform,0.7794079,0.01896143,35
bn_3602,1,1,B_uniform,0.6501201,0.046513498,5
bn_3603,1,1,B_uniform,0.7471466,0.025332987,36
bn_3605,0,1,B_uniform,0.70702356,0.0040212274,35
bn_3607,0,1,B_uniform,0.7535926,0.09869325,8
bn_3608,1,1,B_uniform,0.80378723,0.07170349,4
bn_3610,0,1,B_uniform,0.72818404,0.10379583,3
bn_3612,1,1,B_uniform,0.7574911,0.097854555,4
bn_3613,0,1,B_uniform,0.8454491,0.048074305,8
bn_3615,0,1,B_uniform,0.75776297,0.11510992,7
bn_3616,1,1,B_uniform,0.7161357,0.0665679,9
bn_3617,1,1,B_uniform,0.67885387,0.0006136894,5
bn_3618,1,1,B_uniform,0.72879255,0.003758788,31
bn_3619,0,1,B_uniform,0.77046967,0.07050979,3
bn_3620,1,1,B_uniform,0.72473216,0.0073165894,31
bn_3621,1,1,B_uniform,0.7197945,0.07235408,4
bn_3622,0,1,B_uniform,0.7609575,0.048624694,35
bn_3623,0,1,B_uniform,0.6700644,0.10898721,5
bn_3624,1,1,B_uniform,0.61668247,0.007943153,10
bn_3625,1,1,B_uniform,0.6967903,0.095081925,5
bn_3626,1,1,B_uniform,0.6744927,0.06712556,7
bn_3628,0,1,B_uniform,0.8223164,0.085627735,6
bn_3629,1,1,B_uniform,0.69222605,0.01376754,5
bn_3630,0,1,B_uniform,0.6967338,0.041593313,31
bn_3632,0,1,B_uniform,0.7332989,0.019432485,39
bn_3633,1,1,B_uniform,0.7563824,0.046933472,4
bn_3635,0,1,B_uniform,0.830036,0.01862222,5
bn_3637,0,1,B_uniform,0.7039323,0.09644145,5
bn_3640,1,1,B_uniform,0.7450842,0.04949373,5
bn_3641,0,1,B_uniform,0.76519936,0.0854764,6
bn_3642,1,1,B_uniform,0.64958024,0.07638413,5
bn_3644,0,1,B_uniform,0.8083421,0.09002584,3
bn_3645,1,1,B_uniform,0.7566211,0.034561574,6
bn_3647,1,1,B_uniform,0.68056333,0.007560551,6
bn_3649,0,1,B_uniform,0.69159466,0.08250159,6
bn_3650,0,1,B_uniform,0.6743042,0.07526791,6
bn_3654,0,1,B_uniform,0.7224703,0.07969046,5
bn_3655,1,1,B_uniform,0.68151146,0.037517488,7
bn_3659,0,1,B_uniform,0.781398,0.08676249,3
bn_3660,1,1,B_uniform,0.7972647,0.097830534,5
bn_3661,1,1,B_uniform,0.68376195,0.057704568,4
bn_3662,1,1,B_uniform,0.7741008,0.058802247,7
bn_3664,1,1,B_uniform,0.73690164,0.04760635,5
bn_3665,1,0,B_uniform,0.68903714,0.009685278,11
bn_3667,0,0,B_uniform,0.6786695,0.079811335,11
bn_3668,0,0,B_uniform,0.8566958,0.08393538,3
bn_3669,1,0,B_uniform,0.6726602,0.036778927,10
bn_3670,1,0,B_uniform,0.6836471,0.037796915,16
bn_3671,0,0,B_uniform,0.7304612,0.05037415,9
bn_3672,0,0,B_uniform,0.78805816,0.07842511,12
bn_3673,0,0,B_uniform,0.8071298,0.054361045,9
bn_3674,1,0,B_uniform,0.73330426,0.048847258,14
bn_3675,0,0,B_uniform,0.8016241,0.11168146,8
bn_3676,0,0,B_uniform,0.8701623,0.032313466,10
bn_3677,0,0,B_uniform,0.7964989,0.013137758,10
bn_3678,1,0,B_uniform,0.71366966,0.04149252,13
bn_3679,0,0,B_uniform,0.7145744,0.07096988,8
bn_3680,0,0,B_uniform,0.73406667,0.06546575,13
bn_3681,0,0,B_uniform,0.67488843,0.019536674,10
bn_3682,0,0,B_uniform,0.8818625,0.06803495,10
bn_3683,1,0,B_uniform,0.7156031,0.047449887,10
bn_3684,1,0,B_uniform,0.83089656,0.009237468,8
bn_3685,0,0,B_uniform,0.7202907,0.06510323,8
bn_3686,0,0,B_uniform,0.7749869,0.06007725,10
bn_3687,1,0,B_uniform,0.67289805,0.0710417,8
bn_3688,0,0,B_uniform,0.87385565,0.044033706,4
bn_3689,0,0,B_uniform,0.70514435,0.078157544,6
bn_3690,1,0,B_uniform,0.7172364,0.059500575,12
bn_3691,1,0,B_uniform,0.6840783,0.045963705,6
bn_3692,0,0,B_uniform,0.7477116,0.04963392,11
bn_3693,1,0,B_uniform,0.64190376,0.012389541,9
bn_3694,0,0,B_uniform,0.70320934,0.03415525,10
bn_3695,0,0,B_uniform,0.823187,0.077012956,6
bn_3696,0,0,B_uniform,0.72050667,0.058582306,10
bn_3697,1,0,B_uniform,0.6845359,0.06188345,9
bn_3698,1,0,B_uniform,0.661694,0.03750491,7
bn_3699,0,0,B_uniform,0.69041985,0.028876245,11
bn_3700,0,0,B_uniform,0.7438096,0.056799114,10
bn_3701,1,0,B_uniform,0.6762762,0.042969048,10
bn_3702,0,0,B_uniform,0.7995782,0.02568078,11
bn_3703,1,0,B_uniform,0.60949206,0.02440244,9
bn_3704,1,0,B_uniform,0.61258864,0.02951175,12
bn_3705,1,0,B_uniform,0.8293631,0.03521478,5
bn_3706,0,0,B_uniform,0.72697955,0.061032534,7
bn_3707,1,0,B_uniform,0.6537613,0.06867111,8
bn_3708,1,0,B_uniform,0.7097197,0.053132832,8
bn_3709,0,0,B_uniform,0.82696974,0.013341904,3
bn_3710,0,0,B_uniform,0.7481356,0.085499525,6
bn_3711,0,0,B_uniform,0.71496046,0.060319185,8
bn_3712,0,0,B_uniform,0.81390965,0.019097507,6
bn_3713,0,0,B_uniform,0.781062,0.04503125,11
bn_3714,0,0,B_uniform,0.76989615,0.09734148,6
bn_3716,1,0,B_uniform,0.7823418,0.05165726,9
bn_3717,1,0,B_uniform,0.7350163,0.06849748,13
bn_3718,0,0,B_uniform,0.729738,0.09528428,5
bn_3719,0,0,B_uniform,0.7711962,0.033655822,13
bn_3720,0,0,B_uniform,0.65824467,0.07591772,8
bn_3721,0,0,B_uniform,0.7730204,0.06450075,6
bn_3722,1,0,B_uniform,0.7015034,0.051036537,7
bn_3723,0,0,B_uniform,0.7087086,0.048316658,10
bn_3724,1,0,B_uniform,0.7223149,0.048656285,11
bn_3725,1,0,B_uniform,0.73931843,0.033868194,13
bn_3727,0,0,B_uniform,0.81671953,0.053693295,9
bn_3728,1,0,B_uniform,0.7199627,0.046723306,7
bn_3729,0,0,B_uniform,0.7543659,0.09603089,10
bn_3730,0,0,B_uniform,0.8883135,0.065099,8
bn_3731,1,0,B_uniform,0.7701903,0.06855667,11
bn_3732,0,0,B_uniform,0.785056,0.034942687,5
bn_3733,0,0,B_uniform,0.7597393,0.01644671,8
bn_3734,0,0,B_uniform,0.6858822,0.074655116,5
bn_3735,0,0,B_uniform,0.7537343,0.067793846,11
bn_3736,1,0,B_uniform,0.692015,0.04177165,8
bn_3737,0,0,B_uniform,0.7354427,0.07302058,9
bn_3738,0,0,B_uniform,0.7687949,0.04470074,7
bn_3739,0,0,B_uniform,0.7717493,0.04582441,8
bn_3740,0,0,B_uniform,0.70046103,0.091086686,6
bn_3741,1,0,B_uniform,0.7037177,0.043661296,10
bn_3742,0,0,B_uniform,0.7143296,0.0011852384,8
bn_3743,1,0,B_uniform,0.767698,0.0076883435,6
bn_3744,0,0,B_uniform,0.73362035,0.072689,8
bn_3745,0,0,B_uniform,0.74145603,0.05014813,10
bn_3746,0,0,B_uniform,0.7494242,0.026589751,8
bn_3747,0,0,B_uniform,0.81244373,0.07345462,9
bn_3748,1,0,B_uniform,0.6901017,0.057609797,8
bn_3749,1,0,B_uniform,0.6250916,0.07733989,6
bn_3750,1,0,B_uniform,0.7647781,0.0074089766,8
bn_3751,1,0,B_uniform,0.6404679,0.015628576,11
bn_3752,1,0,B_uniform,0.71295506,0.08705652,5
bn_3753,0,0,B_uniform,0.83218855,0.059491754,7
bn_3754,1,0,B_uniform,0.74972785,0.0021744967,7
bn_3755,1,0,B_uniform,0.8379951,0.034514308,6
bn_3756,0,0,B_uniform,0.7399562,0.058859646,8
bn_3757,0,0,B_uniform,0.6894016,0.07891774,8
bn_3759,1,0,B_uniform,0.7720394,0.036210775,10
bn_3760,0,0,B_uniform,0.79293096,0.04352939,8
bn_3761,0,0,B_uniform,0.73448354,0.09351784,9
bn_3762,1,0,B_uniform,0.7247723,0.09226167,5
bn_3763,0,0,B_uniform,0.85245013,0.006094277,9
bn_3764,1,0,B_uniform,0.60842997,0.014993131,8
bn_3765,0,0,B_uniform,0.7595849,0.08489627,6
bn_3766,0,0,B_uniform,0.6803041,0.06798732,8
bn_3767,0,0,B_uniform,0.8154152,0.051790595,10
bn_3768,1,0,B_uniform,0.64471716,0.030433655,8
bn_3769,1,0,B_uniform,0.6664793,0.03563732,10
bn_3770,0,0,B_uniform,0.6810262,0.0065016747,8
bn_3771,0,0,B_uniform,0.82959306,0.047059298,9
bn_3772,0,0,B_uniform,0.757948,0.043489754,7
bn_3773,1,0,B_uniform,0.70000446,0.07029265,3
bn_3774,0,0,B_uniform,0.7753184,0.09367502,5
bn_3775,0,0,B_uniform,0.7818979,0.036600888,11
bn_3776,1,0,B_uniform,0.7384746,0.08610833,8
bn_3777,0,0,B_uniform,0.7875405,0.058374405,9
bn_3778,0,0,B_uniform,0.7062379,0.065814435,8
bn_3779,1,0,B_uniform,0.77646494,0.0794785,11
bn_3780,1,0,B_uniform,0.64264417,0.07661593,6
bn_3781,1,0,B_uniform,0.83177453,0.077071786,11
bn_3782,1,0,B_uniform,0.69338673,0.06776428,7
bn_3783,0,0,B_uniform,0.73875326,0.06935477,13
bn_3784,0,0,B_uniform,0.6874722,0.0675931,7
bn_3785,0,0,B_uniform,0.68416524,0.06699145,11
bn_3786,0,0,B_uniform,0.7718645,0.060507298,7
bn_3787,0,0,B_uniform,0.75480336,0.055071175,7
bn_3788,1,0,B_uniform,0.6956081,0.047845125,9
bn_3789,0,0,B_uniform,0.828037,0.060581684,7
bn_3790,1,0,B_uniform,0.66773415,0.06807083,6
bn_3791,1,0,B_uniform,0.8084898,0.07051909,10
bn_3792,1,0,B_uniform,0.70026845,0.0717389,5
bn_3793,0,0,B_uniform,0.8940265,0.05446881,10
bn_3794,1,0,B_uniform,0.6473859,0.032918453,8
bn_3795,0,0,B_uniform,0.6920949,0.066302896,5
bn_3796,0,0,B_uniform,0.84730077,0.08534104,5
bn_3797,0,0,B_uniform,0.8893185,0.00793916,9
bn_3798,1,0,B_uniform,0.70227414,0.08403373,7
bn_3799,0,0,B_uniform,0.7734803,0.059716165,5
bn_3800,0,0,B_uniform,0.6684195,0.08202666,7
bn_3801,1,0,B_uniform,0.6800267,0.040399015,6
bn_3802,1,0,B_uniform,0.68765515,0.02101332,8
bn_3803,0,0,B_uniform,0.8982559,0.008716464,13
bn_3804,1,0,B_uniform,0.6456305,0.049320757,8
bn_3805,0,0,B_uniform,0.8290235,0.057103097,10
bn_3806,0,0,B_uniform,0.68794346,0.062089264,7
bn_3807,1,0,B_uniform,0.61996734,0.09110397,6
bn_3808,1,0,B_uniform,0.6792573,0.039478958,7
bn_3809,0,0,B_uniform,0.7046048,0.059642136,10
bn_3810,1,0,B_uniform,0.7002349,0.07008916,7
bn_3811,0,0,B_uniform,0.77191794,0.10758668,7
bn_3812,0,0,B_uniform,0.70380807,0.07943851,6
bn_3813,0,0,B_uniform,0.8619428,0.0611223,6
bn_3814,1,0,B_uniform,0.65490156,0.08947754,6
bn_3815,1,0,B_uniform,0.7238227,0.09396392,8
bn_3816,0,0,B_uniform,0.7618682,0.07623297,7
bn_3817,0,0,B_uniform,0.81295514,0.066385746,9
bn_3818,0,0,B_uniform,0.70916426,0.04516834,7
bn_3819,0,0,B_uniform,0.9230308,0.029568315,9
bn_3820,1,0,B_uniform,0.6739528,0.025766432,6
bn_3821,0,0,B_uniform,0.739312,0.051410496,8
bn_3822,0,0,B_uniform,0.7065158,0.08013886,6
bn_3823,1,0,B_uniform,0.7176536,0.06523323,8
bn_3824,1,0,B_uniform,0.71248114,0.05413854,7
bn_3825,0,0,B_uniform,0.75009364,0.06307715,9
bn_3827,1,0,B_uniform,0.75292635,0.06673902,8
bn_3828,0,0,B_uniform,0.86228275,0.014721632,7
bn_3829,1,0,B_uniform,0.7861722,0.0027492642,6
bn_3830,1,0,B_uniform,0.6958476,0.015121222,4
bn_3831,1,0,B_uniform,0.6702509,0.06530142,9
bn_3832,0,0,B_uniform,0.76790845,0.08572751,5
bn_3833,0,0,B_uniform,0.7204446,0.073415756,5
bn_3835,0,0,B_uniform,0.89881134,0.076214135,5
bn_3836,0,0,B_uniform,0.72265095,0.061757922,7
bn_3837,0,0,B_uniform,0.68596876,0.06516266,8
bn_3838,1,0,B_uniform,0.7282988,0.058244348,10
bn_3839,0,0,B_uniform,0.78971416,0.06354123,3
bn_3840,1,0,B_uniform,0.7717822,0.030141711,10
bn_3841,1,0,B_uniform,0.6934673,0.025464118,6
bn_3842,0,0,B_uniform,0.70710456,0.05614692,8
bn_3843,0,0,B_uniform,0.6625923,0.10515082,9
bn_3844,1,0,B_uniform,0.6718678,0.03100431,6
bn_3845,1,0,B_uniform,0.66447717,0.08494383,7
bn_3846,0,0,B_uniform,0.71609896,0.05264938,8
bn_3847,0,0,B_uniform,0.73525655,0.099665105,4
bn_3848,1,0,B_uniform,0.69384843,0.06385982,4
bn_3849,1,0,B_uniform,0.7465107,0.065200984,6
bn_3850,0,0,B_uniform,0.75387603,0.108364165,5
bn_3851,0,0,B_uniform,0.7109094,0.06782049,7
bn_3852,1,0,B_uniform,0.6844554,0.0385499,6
bn_3853,1,0,B_uniform,0.6972822,0.081076264,8
bn_3854,0,0,B_uniform,0.7169463,0.07878685,4
bn_3855,0,0,B_uniform,0.7770674,0.040470243,6
bn_3856,1,0,B_uniform,0.69299674,0.07852918,6
bn_3858,0,0,B_uniform,0.8709326,0.043352783,5
bn_3859,1,0,B_uniform,0.70152384,0.08765608,5
bn_3861,0,0,B_uniform,0.79613376,0.05981779,5
bn_3862,1,0,B_uniform,0.6998078,0.060582936,12
bn_3863,1,0,B_uniform,0.7240873,0.03776014,12
bn_3864,1,0,B_uniform,0.75614405,0.053886294,5
bn_3865,0,0,B_uniform,0.7315355,0.08173722,6
bn_3866,1,0,B_uniform,0.69257915,0.08059299,9
bn_3868,0,0,B_uniform,0.7946235,0.056291997,12
bn_3869,1,0,B_uniform,0.67951983,0.06604475,9
bn_3870,1,0,B_uniform,0.7432508,0.058282137,6
bn_3871,0,0,B_uniform,0.8894436,0.033492446,7
bn_3872,0,0,B_uniform,0.8154377,0.080040514,5
bn_3873,0,0,B_uniform,0.74340963,0.10190123,5
bn_3874,0,0,B_uniform,0.76513976,0.059880614,4
bn_3875,1,0,B_uniform,0.73107153,0.058633566,6
bn_3876,0,0,B_uniform,0.8131714,0.019921005,5
bn_3877,0,0,B_uniform,0.69373524,0.072288096,6
bn_3878,1,0,B_uniform,0.7616863,0.054178357,7
bn_3879,1,0,B_uniform,0.6598156,0.029469013,8
bn_3880,0,0,B_uniform,0.7994016,0.10010201,5
bn_3881,1,0,B_uniform,0.7302417,0.044503033,8
bn_3882,0,0,B_uniform,0.73265827,0.06404686,5
bn_3884,1,0,B_uniform,0.7105961,0.0878557,9
bn_3885,1,0,B_uniform,0.70181906,0.06687963,7
bn_3886,0,0,B_uniform,0.818678,0.06886387,13
bn_3887,0,0,B_uniform,0.69082725,0.06184721,5
bn_3888,1,0,B_uniform,0.6801141,0.054307103,7
bn_3890,0,0,B_uniform,0.8003334,0.019670844,4
bn_3891,1,0,B_uniform,0.71344227,0.040141523,6
bn_3892,0,0,B_uniform,0.70349735,0.08617544,4
bn_3894,1,0,B_uniform,0.7165983,0.03696227,6
bn_3895,1,0,B_uniform,0.6805983,0.077118754,6
bn_3896,0,0,B_uniform,0.70508444,0.083805144,9
bn_3897,0,0,B_uniform,0.7091517,0.04609281,5
bn_3898,1,0,B_uniform,0.6918917,0.08714002,7
bn_3899,1,0,B_uniform,0.67394286,0.05977279,9
bn_3900,0,0,B_uniform,0.78749114,0.015215039,5
bn_3901,1,0,B_uniform,0.6580236,0.048489153,5
bn_3902,0,0,B_uniform,0.7245557,0.082003236,4
bn_3903,1,0,B_uniform,0.7770163,0.024313807,4
bn_3904,0,0,B_uniform,0.8105597,0.027325273,7
bn_3905,0,0,B_uniform,0.64806485,0.09876597,8
bn_3906,0,0,B_uniform,0.71842027,0.06513035,6
bn_3907,1,0,B_uniform,0.74874693,0.10046935,3
bn_3908,1,0,B_uniform,0.64935225,0.06918496,5
bn_3909,1,0,B_uniform,0.66374236,0.054083407,7
bn_3910,0,0,B_uniform,0.70637375,0.10749632,5
bn_3911,1,0,B_uniform,0.75285083,0.08085185,5
bn_3912,0,0,B_uniform,0.8584394,0.06732893,6
bn_3913,0,0,B_uniform,0.79322827,0.066102326,3
bn_3914,0,0,B_uniform,0.7852397,0.0025898814,10
bn_3915,1,0,B_uniform,0.71984637,0.040878356,4
bn_3916,1,0,B_uniform,0.7661688,0.061709106,4
bn_3917,1,0,B_uniform,0.68271816,0.03542638,7
bn_3918,0,0,B_uniform,0.7440787,0.09600514,8
bn_3920,0,0,B_uniform,0.7449304,0.03855431,7
bn_3921,1,0,B_uniform,0.70164543,0.076497495,5
bn_3922,0,0,B_uniform,0.73132294,0.065259814,5
bn_3923,1,0,B_uniform,0.68008304,0.08448583,7
bn_3924,0,0,B_uniform,0.75586694,0.05758226,7
bn_3925,0,0,B_uniform,0.7516463,0.082933664,4
bn_3926,1,0,B_uniform,0.7131492,0.07147336,11
bn_3927,1,0,B_uniform,0.6826447,0.06347859,4
bn_3928,0,0,B_uniform,0.82724524,0.02893871,9
bn_3929,0,0,B_uniform,0.76699543,0.06238532,4
bn_3930,0,0,B_uniform,0.78041023,0.051542222,6
bn_3931,0,0,B_uniform,0.771254,0.10427868,3
bn_3932,1,0,B_uniform,0.703162,0.078397155,8
bn_3933,1,0,B_uniform,0.7137352,0.049587846,7
bn_3934,0,0,B_uniform,1.0311965,0.08070958,3
bn_3935,1,0,B_uniform,0.74804777,0.067717195,6
bn_3936,1,0,B_uniform,0.73198044,0.082969844,9
bn_3937,0,0,B_uniform,0.85599625,0.080559194,3
bn_3938,0,0,B_uniform,0.69982976,0.06939399,7
bn_3940,0,0,B_uniform,0.884804,0.06304288,6
bn_3942,0,0,B_uniform,0.7149732,0.090441346,5
bn_3943,1,0,B_uniform,0.67275035,0.06937927,8
bn_3944,1,0,B_uniform,0.6554576,0.09910375,6
bn_3945,0,0,B_uniform,0.65324414,0.06719476,5
bn_3946,0,0,B_uniform,0.81042284,0.074154735,7
bn_3948,0,0,B_uniform,0.89944947,0.036328316,5
bn_3949,0,0,B_uniform,0.80215216,0.11608994,4
bn_3950,1,0,B_uniform,0.7193929,0.05944389,8
bn_3951,1,0,B_uniform,0.6629612,0.07967347,4
bn_3952,0,0,B_uniform,0.8981045,0.041937113,5
bn_3953,1,0,B_uniform,0.75102484,0.082819104,3
bn_3954,0,0,B_uniform,0.7300768,0.061225176,7
bn_3955,1,0,B_uniform,0.6564486,0.04906249,6
bn_3956,1,0,B_uniform,0.74478483,0.04634142,5
bn_3957,0,0,B_uniform,0.772814,0.024604559,4
bn_3958,0,0,B_uniform,0.7315556,0.06832218,10
bn_3959,1,0,B_uniform,0.65457654,0.04889542,6
bn_3960,0,0,B_uniform,0.7601212,0.036046088,8
bn_3961,0,0,B_uniform,0.7815584,0.08758807,4
bn_3962,1,0,B_uniform,0.6544599,0.047499537,14
bn_3963,1,0,B_uniform,0.6821506,0.083109796,4
bn_3964,0,0,B_uniform,0.670051,0.07767773,11
bn_3965,0,0,B_uniform,0.72963166,0.080204844,5
bn_3967,1,0,B_uniform,0.77613926,0.06966585,8
bn_3968,0,0,B_uniform,0.8038906,0.020421207,10
bn_3969,0,0,B_uniform,0.7668037,0.042876244,4
bn_3970,1,0,B_uniform,0.69738466,0.007477045,11
bn_3971,0,0,B_uniform,0.79061455,0.08103222,8
bn_3972,1,0,B_uniform,0.732566,0.046103418,9
bn_3973,1,0,B_uniform,0.6519835,0.0182994,7
bn_3974,1,0,B_uniform,0.6655383,0.06791878,4
bn_3975,0,0,B_uniform,0.6731492,0.08569354,9
bn_3976,0,0,B_uniform,0.71225923,0.090791285,8
bn_3977,1,0,B_uniform,0.709373,0.047645986,9
bn_3978,0,0,B_uniform,0.72098607,0.100572765,6
bn_3979,1,0,B_uniform,0.64670825,0.06608862,6
bn_3980,1,0,B_uniform,0.6855342,0.061787963,5
bn_3981,0,0,B_uniform,0.88782036,0.02909708,8
bn_3982,1,0,B_uniform,0.6647428,0.043346763,10
bn_3983,0,0,B_uniform,0.7685885,0.08221483,6
bn_3984,0,0,B_uniform,0.88869596,0.014811456,8
bn_3986,1,0,B_uniform,0.652706,0.02175498,13
bn_3987,0,0,B_uniform,0.743027,0.072532,5
bn_3988,1,0,B_uniform,0.7217221,0.04960835,18
bn_3989,1,0,B_uniform,0.6636889,0.03499514,7
bn_3990,0,0,B_uniform,0.7467602,0.05172074,13
bn_3991,0,0,B_uniform,0.7147485,0.10152054,10
bn_3992,0,0,B_uniform,0.7402747,0.07177514,7
bn_3993,0,0,B_uniform,0.761538,0.0827446,4
bn_3994,0,0,B_uniform,0.79988706,0.038615882,11
bn_3995,1,0,B_uniform,0.69959396,0.062041044,5
bn_3996,0,0,B_uniform,0.8580271,0.06938237,9
bn_3998,0,0,B_uniform,0.8813787,0.07088566,9
bn_3999,0,0,B_uniform,0.7810579,0.04996568,5
bn_4000,1,0,B_uniform,0.69565386,0.052945137,9
bn_4002,0,0,B_uniform,0.72830147,0.017058074,11
bn_4004,0,0,B_uniform,0.71458066,0.045209467,11
bn_4005,1,0,B_uniform,0.6720295,0.08338112,6
bn_4006,0,0,B_uniform,0.797437,0.052699625,9
bn_4008,0,0,B_uniform,0.75268924,0.06389004,9
bn_4010,1,0,B_uniform,0.6968177,0.09032261,8
bn_4012,1,0,B_uniform,0.7409087,0.052851558,7
bn_4013,0,0,B_uniform,0.8954156,0.09884578,3
bn_4014,0,0,B_uniform,0.8425317,0.042654157,7
bn_4015,0,0,B_uniform,0.7334425,0.089773,3
bn_4016,1,0,B_uniform,0.7251483,0.04054612,8
bn_4018,1,0,B_uniform,0.7836826,0.053290427,8
bn_4019,1,0,B_uniform,0.68297464,0.058321953,5
bn_4020,0,0,B_uniform,0.7311574,0.011015594,7
bn_4021,0,0,B_uniform,0.96441966,0.032246947,4
bn_4022,0,0,B_uniform,0.67784625,0.060141146,6
bn_4024,0,0,B_uniform,0.72719663,0.06784558,8
bn_4025,0,0,B_uniform,0.8659405,0.06963706,3
bn_4026,1,0,B_uniform,0.79570895,0.0024445057,6
bn_4027,0,0,B_uniform,0.767547,0.053450525,6
bn_4028,1,0,B_uniform,0.72909385,0.05376482,10
bn_4029,0,0,B_uniform,0.7924846,0.048342526,6
bn_4030,0,0,B_uniform,0.77888936,0.04652977,10
bn_4031,0,0,B_uniform,0.90089846,0.043949068,4
bn_4032,1,0,B_uniform,0.6865391,0.071373284,10
bn_4033,0,0,B_uniform,0.8296335,0.027635455,6
bn_4034,1,0,B_uniform,0.6916838,0.03915733,9
bn_4035,0,0,B_uniform,0.9277462,0.06537175,3
bn_4036,0,0,B_uniform,0.7939475,0.033979356,8
bn_4037,0,0,B_uniform,0.82442683,0.025314033,3
bn_4038,0,0,B_uniform,0.8867686,0.052161217,11
bn_4040,0,0,B_uniform,0.85382473,0.06913376,7
bn_4042,1,0,B_uniform,0.6946263,0.08465445,9
bn_4043,0,0,B_uniform,0.8371722,0.046435893,6
bn_4044,0,0,B_uniform,0.7622575,0.049132705,9
bn_4045,0,0,B_uniform,0.9367699,0.05561042,5
bn_4046,1,0,B_uniform,0.80766135,0.013039708,7
bn_4048,0,0,B_uniform,0.8362735,0.055955112,10
bn_4050,0,0,B_uniform,0.8101327,0.051347673,8
bn_4051,0,0,B_uniform,0.842309,0.024215162,6
bn_4052,0,0,B_uniform,0.8149684,0.077252805,11
bn_4053,0,0,B_uniform,0.89904046,0.06389552,3
bn_4054,0,0,B_uniform,0.74134845,0.06048286,6
bn_4055,0,0,B_uniform,0.73270905,0.049563587,4
bn_4056,1,0,B_uniform,0.7519127,0.022544563,11
bn_4057,1,0,B_uniform,0.87874925,0.0021097064,6
bn_4058,0,0,B_uniform,0.68441325,0.06839669,7
bn_4060,0,0,B_uniform,0.851813,0.030854285,8
bn_4061,0,0,B_uniform,0.83765423,0.025397062,3
bn_4062,1,0,B_uniform,0.7036955,0.047533214,7
bn_4064,0,0,B_uniform,0.95779854,0.038899004,7
bn_4065,0,0,B_uniform,0.7532705,0.04373461,5
bn_4066,0,0,B_uniform,0.8299081,0.04457867,8
bn_4067,0,0,B_uniform,0.8997318,0.016186535,3
bn_4068,1,0,B_uniform,0.6590086,0.090130866,8
bn_4069,0,0,B_uniform,0.773262,0.037232757,5
bn_4070,0,0,B_uniform,0.91921544,0.038722873,8
bn_4071,0,0,B_uniform,0.96209574,0.07275212,3
bn_4072,1,0,B_uniform,0.7140628,0.035214543,13
bn_4073,0,0,B_uniform,0.78004086,0.034769475,8
bn_4074,0,0,B_uniform,0.66655195,0.07942879,8
bn_4075,0,0,B_uniform,0.76713634,0.06623763,8
bn_4076,0,0,B_uniform,0.7890674,0.03850013,5
bn_4077,1,0,B_uniform,0.7882347,0.04968226,8
bn_4079,0,0,B_uniform,0.8624504,0.027231991,10
bn_4081,0,0,B_uniform,0.8338162,0.05554515,8
bn_4082,0,0,B_uniform,0.78034747,0.104736865,5
bn_4083,0,0,B_uniform,0.7183358,0.04567772,8
bn_4084,0,0,B_uniform,0.81047034,0.04919839,8
bn_4085,0,0,B_uniform,0.9179114,0.004070282,10
bn_4087,0,0,B_uniform,0.732827,0.022960603,12
bn_4088,1,0,B_uniform,0.68360883,0.040889084,11
bn_4089,0,0,B_uniform,0.87006176,0.06922799,11
bn_4091,0,0,B_uniform,0.78971225,0.09469837,6
bn_4093,1,0,B_uniform,0.7289935,0.105391026,11
bn_4095,0,0,B_uniform,0.9014432,0.029769123,12
bn_4097,0,0,B_uniform,0.70661545,0.08556557,8
bn_4099,0,0,B_uniform,0.72233206,0.056491196,6
bn_4100,1,0,B_uniform,0.6420571,0.04328257,6
bn_4103,0,0,B_uniform,0.87841797,0.03226435,9
bn_4104,0,0,B_uniform,0.79456836,0.014959633,5
bn_4105,0,0,B_uniform,0.87785,0.015530407,8
bn_4107,0,0,B_uniform,0.74567765,0.059987128,12
bn_4109,0,0,B_uniform,0.6761266,0.07821214,8
bn_4110,0,0,B_uniform,0.7535118,0.06434077,4
bn_4111,1,0,B_uniform,0.6940717,0.062562585,10
bn_4113,0,0,B_uniform,0.8718201,0.068775415,7
bn_4115,0,0,B_uniform,0.8203766,0.013725936,7
bn_4117,1,0,B_uniform,0.73427427,0.0045805573,9
bn_4118,0,0,B_uniform,0.78117317,0.02737087,4
bn_4119,0,0,B_uniform,0.8336203,0.06710744,8
bn_4121,0,0,B_uniform,0.75223064,0.058859527,7
bn_4123,0,0,B_uniform,0.8294387,0.020357966,6
bn_4125,0,0,B_uniform,0.78006375,0.0811702,10
bn_4127,1,0,B_uniform,0.7571896,0.018694878,9
bn_4129,0,0,B_uniform,0.725914,0.06523019,8
bn_4131,0,0,B_uniform,0.9039333,0.04787606,7
bn_4133,0,0,B_uniform,0.7428287,0.03358674,6
bn_4135,1,0,B_uniform,0.7503777,0.06191063,11
bn_4137,0,0,B_uniform,0.7286395,0.04761386,7
bn_4138,0,0,B_uniform,0.8498972,0.071012855,3
bn_4139,0,0,B_uniform,0.8418197,0.08021194,9
bn_4141,1,0,B_uniform,0.68035156,0.08201587,9
bn_4143,0,0,B_uniform,0.78274447,0.059120297,8
bn_4145,0,0,B_uniform,0.8237032,0.03626126,9
bn_4147,0,0,B_uniform,0.72546285,0.063779175,7
bn_4149,1,0,B_uniform,0.8066952,0.0387702,10
bn_4151,0,0,B_uniform,0.7646275,0.04023391,11
bn_4153,1,0,B_uniform,0.76146615,0.0873214,9
bn_4155,1,0,B_uniform,0.7549329,0.07445258,7
bn_4157,0,0,B_uniform,0.85424995,0.04213208,8
bn_4159,0,0,B_uniform,0.94742167,0.05502963,4
bn_4161,0,0,B_uniform,0.8864453,0.07331115,8
bn_4163,0,0,B_uniform,0.73256123,0.05654615,11
bn_4165,1,0,B_uniform,0.7416363,0.008083463,6
bn_4167,0,0,B_uniform,0.8668168,0.061133742,9
bn_4169,1,0,B_uniform,0.70762473,0.059806764,12
bn_4171,0,0,B_uniform,0.71477216,0.062918484,8
bn_4172,0,0,B_uniform,0.8075293,0.030225933,11
bn_4173,0,0,B_uniform,0.7087033,0.08834243,5
bn_4174,0,0,B_uniform,0.7534468,0.02784574,13
bn_4176,1,0,B_uniform,0.785141,0.057649255,5
bn_4177,1,0,B_uniform,0.6755827,0.08631092,5
bn_4178,1,0,B_uniform,0.79295033,0.02152425,12
bn_4180,0,0,B_uniform,0.88005024,0.06077403,10
bn_4182,1,0,B_uniform,0.71968406,0.025960088,10
bn_4184,0,0,B_uniform,0.7673593,0.038074195,15
bn_4186,1,0,B_uniform,0.6988075,0.001137197,12
bn_4187,0,0,B_uniform,0.79906964,0.027803361,12
bn_4188,0,0,B_uniform,0.8004502,0.0016440153,11
bn_4190,0,0,B_uniform,0.8017139,0.069319785,11
bn_4191,0,0,B_uniform,0.74344414,0.06714523,4
bn_4192,0,0,B_uniform,0.66688037,0.07552111,9
bn_4193,0,0,B_uniform,0.8403058,0.035911202,4
bn_4194,1,0,B_uniform,0.776525,0.04310572,9
bn_4196,0,0,B_uniform,0.8671138,0.07516116,9
bn_4198,0,0,B_uniform,0.82693464,0.032787442,13
bn_4199,0,0,B_uniform,0.72180825,0.058499455,5
bn_4200,0,0,B_uniform,0.9210807,0.0020241141,6
bn_4202,0,0,B_uniform,0.737584,0.022258759,11
bn_4204,0,0,B_uniform,0.78782296,0.088481665,11
bn_4206,1,0,B_uniform,0.7101973,0.034196913,14
bn_4208,1,0,B_uniform,0.80496883,0.026993811,9
bn_4210,0,0,B_uniform,0.74086684,0.05975628,12
bn_4212,0,0,B_uniform,0.7633159,0.066218376,13
bn_4214,1,0,B_uniform,0.7601771,0.031389832,10
bn_4216,0,0,B_uniform,0.7181817,0.09664166,12
bn_4218,0,0,B_uniform,0.79618275,0.023073375,11
bn_4220,0,0,B_uniform,0.7536341,0.04017228,11
bn_4222,1,0,B_uniform,0.7890552,0.007586658,10
bn_4224,0,0,B_uniform,0.71961445,0.09365934,9
bn_4226,0,0,B_uniform,0.7836365,0.06842196,14
bn_4228,1,0,B_uniform,0.66942734,0.04989779,11
bn_4230,0,0,B_uniform,0.8720576,0.039345205,10
bn_4232,0,0,B_uniform,0.81159043,0.051981628,8
bn_4234,0,0,B_uniform,0.85445565,0.0363757,12
bn_4236,1,0,B_uniform,0.8292929,0.013586819,12
bn_4238,1,0,B_uniform,0.6834098,0.023245811,11
bn_4240,1,0,B_uniform,0.7682075,0.01756382,11
bn_4242,0,0,B_uniform,0.70512724,0.05356711,10
bn_4244,0,0,B_uniform,0.88316673,0.019374132,10
bn_4246,0,0,B_uniform,0.7761997,0.06698781,10
bn_4248,1,0,B_uniform,0.76842976,0.041717887,12
bn_4250,1,0,B_uniform,0.73284876,0.008253813,9
bn_4252,1,0,B_uniform,0.7507227,0.039219618,10
bn_4254,0,0,B_uniform,0.8247693,0.011385322,8
bn_4256,1,0,B_uniform,0.82895124,0.017087102,7
bn_4258,0,0,B_uniform,0.6941433,0.089413226,6
bn_4260,0,0,B_uniform,0.7917006,0.07810807,10
bn_4262,1,0,B_uniform,0.6694631,0.02038908,7
bn_4264,0,0,B_uniform,0.80390143,0.023531318,9
bn_4266,0,0,B_uniform,0.70805186,0.063406706,12
bn_4268,1,0,B_uniform,0.74142176,0.09121877,12
bn_4270,1,0,B_uniform,0.7956014,0.06049806,10
bn_4271,1,0,B_uniform,0.6621239,0.057094455,7
bn_4272,1,0,B_uniform,0.6813047,0.023764074,23
bn_4273,0,0,B_uniform,0.6758351,0.070907116,5
bn_4274,1,0,B_uniform,0.6926341,0.014453292,18
bn_4275,0,0,B_uniform,0.9351338,0.053132474,5
bn_4276,0,0,B_uniform,0.8623935,0.035171747,19
bn_4277,0,0,B_uniform,0.89216304,0.08423036,5
bn_4278,1,0,B_uniform,0.70637095,0.0033507347,20
bn_4279,0,0,B_uniform,1.0703182,0.01588595,3
bn_4280,0,0,B_uniform,0.7381101,0.01978749,19
bn_4281,0,0,B_uniform,0.90588343,0.01792115,4
bn_4282,1,0,B_uniform,0.74947673,0.031356692,14
bn_4283,0,0,B_uniform,0.7514456,0.08441156,12
bn_4284,0,0,B_uniform,0.8247122,0.04783511,9
bn_4285,0,0,B_uniform,0.7842288,0.033034325,4
bn_4286,1,0,B_uniform,0.7493684,0.05388069,12
bn_4287,0,0,B_uniform,0.7755797,0.061706126,4
bn_4288,1,0,B_uniform,0.74643266,0.032849193,9
bn_4290,0,0,B_uniform,0.80033726,0.02330625,12
bn_4291,1,0,B_uniform,0.68960357,0.09035754,6
bn_4292,0,0,B_uniform,0.7767953,0.015895665,11
bn_4293,0,0,B_uniform,0.7247202,0.0777179,3
bn_4294,0,0,B_uniform,0.8898919,0.038339257,14
bn_4295,0,0,B_uniform,0.6966623,0.07333946,7
bn_4296,0,0,B_uniform,0.9271388,0.09155679,11
bn_4297,0,0,B_uniform,0.75897396,0.029070258,6
bn_4298,0,0,B_uniform,0.806436,0.026685536,13
bn_4299,0,0,B_uniform,0.90663826,0.0019603372,5
bn_4300,0,0,B_uniform,0.75115484,0.07977176,13
bn_4302,0,0,B_uniform,0.9113313,0.005820334,12
bn_4303,0,0,B_uniform,1.088943,0.05018413,3
bn_4304,0,0,B_uniform,0.68282527,0.07419932,12
bn_4305,0,0,B_uniform,0.88341284,0.037916124,7
bn_4307,1,0,B_uniform,0.6552359,0.058190346,5
bn_4308,1,0,B_uniform,0.7779413,0.017848492,13
bn_4310,0,0,B_uniform,0.78433305,0.08269572,11
bn_4311,0,0,B_uniform,0.74573505,0.06468421,4
bn_4312,0,0,B_uniform,0.7909562,0.08077085,12
bn_4316,0,0,B_uniform,0.82905984,0.026458442,12
bn_4318,0,0,B_uniform,0.7503879,0.060752094,9
bn_4320,0,0,B_uniform,0.84784156,0.0760116,10
bn_4321,0,0,B_uniform,1.0425438,0.028155684,3
bn_4322,1,0,B_uniform,0.7195577,0.05880612,9
bn_4323,1,0,B_uniform,0.684042,0.06858575,3
bn_4324,1,0,B_uniform,0.6815879,0.071267486,6
bn_4326,0,0,B_uniform,0.6989698,0.07008654,6
bn_4328,0,0,B_uniform,0.7723845,0.08364135,3
bn_4329,0,0,B_uniform,0.85015464,0.034406066,5
bn_4330,1,0,B_uniform,0.7148279,0.06912255,3
bn_4331,1,2,B_uniform,0.6713544,0.07188606,14
bn_4332,1,2,B_uniform,0.75905627,0.004246056,19
bn_4333,0,2,B_uniform,0.6882204,0.06670648,10
bn_4334,0,2,B_uniform,0.7215602,0.045231164,14
bn_4335,0,2,B_uniform,0.6883063,0.03519851,8
bn_4336,1,2,B_uniform,0.6772841,0.019709885,18
bn_4337,1,2,B_uniform,0.6457407,0.061151028,15
bn_4338,0,2,B_uniform,0.68894583,0.0041701198,19
bn_4339,0,2,B_uniform,0.72240293,0.055708766,9
bn_4340,0,2,B_uniform,0.71159774,0.0063999295,39
bn_4341,1,2,B_uniform,0.69694,0.064567685,11
bn_4342,1,2,B_uniform,0.6895869,0.06485933,8
bn_4343,0,2,B_uniform,0.69548297,0.029099822,9
bn_4344,0,2,B_uniform,0.73153925,0.10561067,11
bn_4345,0,2,B_uniform,0.74764735,0.095987916,10
bn_4346,1,2,B_uniform,0.59396297,0.03601128,13
bn_4347,0,2,B_uniform,0.7780654,0.066429794,9
bn_4348,0,2,B_uniform,0.6894112,0.0546152,9
bn_4349,1,2,B_uniform,0.61076415,0.09050959,10
bn_4350,0,2,B_uniform,0.7018845,0.03680855,6
bn_4351,0,2,B_uniform,0.7162578,0.043276846,9
bn_4352,0,2,B_uniform,0.82088286,0.060475767,11
bn_4353,0,2,B_uniform,0.7588834,0.056586683,11
bn_4354,1,2,B_uniform,0.6755948,0.058325768,14
bn_4355,1,2,B_uniform,0.6192807,0.0795241,10
bn_4356,0,2,B_uniform,0.7339725,0.05648631,8
bn_4357,0,2,B_uniform,0.95619684,0.05537361,8
bn_4358,0,2,B_uniform,0.74940413,0.04403031,8
bn_4359,1,2,B_uniform,0.647652,0.08672333,13
bn_4360,1,2,B_uniform,0.7100605,0.041873574,7
bn_4361,0,2,B_uniform,0.6958555,0.07310158,10
bn_4362,0,2,B_uniform,0.6968648,0.05803156,10
bn_4363,0,2,B_uniform,0.6662758,0.07942438,7
bn_4364,1,2,B_uniform,0.7821422,0.024201453,10
bn_4365,1,2,B_uniform,0.7017317,0.07120186,8
bn_4366,0,2,B_uniform,0.6934212,0.011996627,47
bn_4367,0,2,B_uniform,0.7713651,0.012830734,10
bn_4368,0,2,B_uniform,0.6984172,0.0029146075,42
bn_4369,0,2,B_uniform,0.8320628,0.03526616,8
bn_4370,0,2,B_uniform,0.7314749,0.011422157,32
bn_4371,1,2,B_uniform,0.66764385,0.053938985,9
bn_4372,0,2,B_uniform,0.6827402,0.03481722,33
bn_4373,0,2,B_uniform,0.7700561,0.08021724,11
bn_4374,0,2,B_uniform,0.72901285,0.0012236238,28
bn_4375,1,2,B_uniform,0.67160845,0.026091337,10
bn_4376,0,2,B_uniform,0.6687081,0.044239998,26
bn_4377,0,2,B_uniform,0.77685475,0.0093820095,10
bn_4378,1,2,B_uniform,0.7345984,0.054053962,26
bn_4379,0,2,B_uniform,0.74287623,0.06268287,10
bn_4380,0,2,B_uniform,0.6370858,0.05280012,21
bn_4381,0,2,B_uniform,0.745108,0.0024399757,12
bn_4382,0,2,B_uniform,0.72492903,0.016210794,22
bn_4383,0,2,B_uniform,0.67629445,0.027961016,8
bn_4384,0,2,B_uniform,0.70126414,0.064269125,20
bn_4385,0,2,B_uniform,0.69632685,0.029290259,10
bn_4386,1,2,B_uniform,0.7379119,0.0059146285,20
bn_4387,1,2,B_uniform,0.73329264,0.06271821,9
bn_4388,0,2,B_uniform,0.72048557,0.011580825,19
bn_4389,0,2,B_uniform,0.77477473,0.065844774,10
bn_4390,0,2,B_uniform,0.71648127,0.01550132,18
bn_4391,1,2,B_uniform,0.6736247,0.045836627,8
bn_4392,0,2,B_uniform,0.71005595,0.02597028,17
bn_4393,0,2,B_uniform,0.7055942,0.07452178,9
bn_4394,0,2,B_uniform,0.76878077,0.01502651,19
bn_4395,0,2,B_uniform,0.8843354,0.0124310255,11
bn_4396,0,2,B_uniform,0.71272236,0.014760375,19
bn_4398,1,2,B_uniform,0.6473442,0.07833254,10
bn_4399,0,2,B_uniform,0.77606493,0.053165793,11
bn_4400,0,2,B_uniform,0.6723997,0.06631893,5
bn_4401,1,2,B_uniform,0.6193315,0.09306824,10
bn_4402,0,2,B_uniform,0.76146865,0.027300775,7
bn_4403,0,2,B_uniform,0.76120996,0.03742802,8
bn_4404,1,2,B_uniform,0.7016131,0.07269192,5
bn_4405,1,2,B_uniform,0.62668747,0.011955023,9
bn_4406,0,2,B_uniform,0.74639344,0.02894193,7
bn_4407,1,2,B_uniform,0.66038495,0.048283756,10
bn_4408,1,2,B_uniform,0.6328448,0.05784464,7
bn_4409,0,2,B_uniform,0.85846424,0.016126156,6
bn_4410,0,2,B_uniform,0.7154201,0.11055982,6
bn_4411,1,2,B_uniform,0.66869915,0.06892872,15
bn_4412,0,2,B_uniform,0.74537104,0.03922546,9
bn_4413,0,2,B_uniform,0.7430785,0.079051614,9
bn_4414,0,2,B_uniform,0.7154945,0.071517766,5
bn_4415,1,2,B_uniform,0.6404431,0.07328349,9
bn_4416,0,2,B_uniform,0.746084,0.045739293,7
bn_4417,1,2,B_uniform,0.6491979,0.06768447,10
bn_4418,0,2,B_uniform,0.74254835,0.080507696,7
bn_4419,0,2,B_uniform,0.687571,0.057235837,8
bn_4420,0,2,B_uniform,0.7384945,0.0250538,7
bn_4421,1,2,B_uniform,0.65808064,0.07125938,10
bn_4422,1,2,B_uniform,0.6740651,0.04120773,7
bn_4423,0,2,B_uniform,0.77078426,0.058641553,7
bn_4424,0,2,B_uniform,0.8732848,0.022686064,6
bn_4425,0,2,B_uniform,0.89178145,0.03965968,10
bn_4426,0,2,B_uniform,0.7534726,0.12248695,5
bn_4427,1,2,B_uniform,0.6144334,0.060121655,8
bn_4428,0,2,B_uniform,0.7312079,0.047759295,8
bn_4429,1,2,B_uniform,0.7169224,0.059613228,12
bn_4430,0,2,B_uniform,0.67592716,0.06978899,11
bn_4431,0,2,B_uniform,0.7523665,0.043642938,6
bn_4432,1,2,B_uniform,0.67745346,0.066295624,10
bn_4433,0,2,B_uniform,0.7006679,0.032555103,9
bn_4434,0,2,B_uniform,0.7505828,0.014781117,12
bn_4435,1,2,B_uniform,0.65099704,0.07090926,8
bn_4436,1,2,B_uniform,0.6233149,0.06218797,9
bn_4437,0,2,B_uniform,0.74801695,0.0765571,6
bn_4438,0,2,B_uniform,0.8264617,0.044232428,10
bn_4439,0,2,B_uniform,0.63679206,0.062034726,7
bn_4440,0,2,B_uniform,0.77521217,0.07144898,7
bn_4441,1,2,B_uniform,0.63050133,0.09287101,8
bn_4442,0,2,B_uniform,0.8587479,0.004219413,7
bn_4443,0,2,B_uniform,0.66744566,0.0647496,9
bn_4444,0,2,B_uniform,0.652031,0.071211755,6
bn_4445,0,2,B_uniform,0.68985003,0.01758802,9
bn_4446,1,2,B_uniform,0.67079926,0.06296426,8
bn_4447,0,2,B_uniform,0.756169,0.08324087,10
bn_4448,0,2,B_uniform,0.6989035,0.11479628,6
bn_4449,0,2,B_uniform,0.72791743,0.048716605,10
bn_4450,1,2,B_uniform,0.73419976,0.035690963,8
bn_4451,1,2,B_uniform,0.71406114,0.030864656,9
bn_4452,0,2,B_uniform,0.7352943,0.057785988,9
bn_4453,1,2,B_uniform,0.6709229,0.07523167,9
bn_4454,0,2,B_uniform,0.6552702,0.07428014,7
bn_4455,0,2,B_uniform,0.72083205,0.008378983,17
bn_4456,0,2,B_uniform,0.7014378,0.10975021,5
bn_4457,0,2,B_uniform,0.7404027,0.077537835,13
bn_4458,0,2,B_uniform,0.8278237,0.023808718,8
bn_4459,1,2,B_uniform,0.71054024,0.031338513,10
bn_4460,0,2,B_uniform,0.727436,0.045423627,9
bn_4461,0,2,B_uniform,0.71568507,0.07773268,10
bn_4462,0,2,B_uniform,0.8110737,0.030529201,9
bn_4464,1,2,B_uniform,0.6207606,0.07731348,7
bn_4465,0,2,B_uniform,0.7325904,0.04592204,10
bn_4467,0,2,B_uniform,0.7124073,0.051340938,9
bn_4468,0,2,B_uniform,0.7786673,0.048213482,7
bn_4469,0,2,B_uniform,0.6979298,0.04235059,11
bn_4470,0,2,B_uniform,0.6816582,0.06616491,10
bn_4471,1,2,B_uniform,0.69018406,0.05420351,9
bn_4472,1,2,B_uniform,0.78529966,0.0038329363,7
bn_4473,0,2,B_uniform,0.6990243,0.04186964,9
bn_4474,0,2,B_uniform,0.7364484,0.07273179,8
bn_4475,1,2,B_uniform,0.72347695,0.06866521,9
bn_4476,1,2,B_uniform,0.6873443,0.07415664,9
bn_4478,0,2,B_uniform,0.7170514,0.09522581,6
bn_4479,1,2,B_uniform,0.69907445,0.07612127,10
bn_4480,1,2,B_uniform,0.7113647,0.064852,10
bn_4481,0,2,B_uniform,0.7881712,0.065372884,8
bn_4482,0,2,B_uniform,0.78765064,0.038186193,9
bn_4483,1,2,B_uniform,0.7152892,0.0402928,9
bn_4484,0,2,B_uniform,0.74826515,0.060326815,6
bn_4485,0,2,B_uniform,0.7628573,0.07314372,14
bn_4486,1,2,B_uniform,0.69148844,0.090589345,7
bn_4487,1,2,B_uniform,0.69807607,0.050909817,12
bn_4488,0,2,B_uniform,0.77482086,0.030675292,9
bn_4489,0,2,B_uniform,0.7922666,0.048068404,9
bn_4490,0,2,B_uniform,0.8121507,0.013920844,5
bn_4491,1,2,B_uniform,0.7512563,0.020647883,9
bn_4492,0,2,B_uniform,0.82024926,0.03232652,7
bn_4494,0,2,B_uniform,0.796175,0.026848376,6
bn_4495,1,2,B_uniform,0.68070704,0.048636854,8
bn_4496,0,2,B_uniform,0.72472006,0.057602823,6
bn_4497,0,2,B_uniform,0.6918101,0.0042955875,14
bn_4498,0,2,B_uniform,0.76661795,0.04962474,5
bn_4499,0,2,B_uniform,0.6228701,0.016381145,23
bn_4500,1,2,B_uniform,0.73043424,0.09837335,9
bn_4501,0,2,B_uniform,0.71543527,0.007569492,18
bn_4502,0,2,B_uniform,0.7632091,0.052141607,9
bn_4503,0,2,B_uniform,0.7190455,0.039642572,14
bn_4504,0,2,B_uniform,0.7324956,0.04694289,7
bn_4505,1,2,B_uniform,0.70845515,0.046172142,17
bn_4506,0,2,B_uniform,0.9126503,0.05063641,5
bn_4507,0,2,B_uniform,0.7031101,0.065678954,17
bn_4508,0,2,B_uniform,0.74892825,0.014070213,7
bn_4509,0,2,B_uniform,0.7295804,0.038496494,15
bn_4510,1,2,B_uniform,0.66832393,0.06699109,6
bn_4511,1,2,B_uniform,0.69236547,0.010070384,84
bn_4512,0,2,B_uniform,0.70349747,0.044474423,7
bn_4513,0,2,B_uniform,0.68468434,0.014321148,80
bn_4514,1,2,B_uniform,0.70651585,0.022986114,6
bn_4515,0,2,B_uniform,0.65638494,0.010858953,74
bn_4516,0,2,B_uniform,0.86721003,0.07281649,6
bn_4517,0,2,B_uniform,0.70583516,0.033014953,74
bn_4518,0,2,B_uniform,0.73976296,0.040928066,9
bn_4519,1,2,B_uniform,0.7113996,0.004225731,71
bn_4520,1,2,B_uniform,0.68794864,0.06692767,8
bn_4521,0,2,B_uniform,0.68842494,0.0116068125,20
bn_4522,0,2,B_uniform,0.7834221,0.07086116,4
bn_4523,1,2,B_uniform,0.7061996,0.047290146,15
bn_4524,1,2,B_uniform,0.6748249,0.048632145,8
bn_4525,0,2,B_uniform,0.7026384,0.11046684,14
bn_4526,0,2,B_uniform,0.88687503,0.083957195,4
bn_4527,1,2,B_uniform,0.7584047,0.009154439,11
bn_4528,1,2,B_uniform,0.7319289,0.06343514,7
bn_4529,0,2,B_uniform,0.7262224,0.070046306,12
bn_4530,1,2,B_uniform,0.71172464,0.07950139,10
bn_4531,0,2,B_uniform,0.70831895,0.11177665,10
bn_4532,1,2,B_uniform,0.65128356,0.075821996,5
bn_4533,1,2,B_uniform,0.6849797,0.052719116,11
bn_4534,0,2,B_uniform,0.8931429,0.00272125,9
bn_4535,0,2,B_uniform,0.7216636,0.0441947,10
bn_4536,1,2,B_uniform,0.6802909,0.055402398,7
bn_4537,0,2,B_uniform,0.71977913,0.060792983,7
bn_4538,0,2,B_uniform,0.7632808,0.08034456,5
bn_4539,1,2,B_uniform,0.66786706,0.05492294,8
bn_4540,0,2,B_uniform,0.7355368,0.07134694,9
bn_4541,0,2,B_uniform,0.75177217,0.047397375,5
bn_4542,0,2,B_uniform,0.81368333,0.014964998,7
bn_4543,0,2,B_uniform,0.6988696,0.06313801,5
bn_4544,0,2,B_uniform,0.6658672,0.06805575,5
bn_4545,0,2,B_uniform,0.66715235,0.0386765,8
bn_4546,1,2,B_uniform,0.65119636,0.041276515,6
bn_4547,1,2,B_uniform,0.63908696,0.07429904,9
bn_4548,0,2,B_uniform,0.7125616,0.045181274,6
bn_4549,0,2,B_uniform,0.8394334,0.09099734,6
bn_4550,0,2,B_uniform,0.7965004,0.043442845,6
bn_4551,1,2,B_uniform,0.6688212,0.083173454,8
bn_4552,0,2,B_uniform,0.7523832,0.08887994,5
bn_4553,0,2,B_uniform,0.8476132,0.02231878,6
bn_4554,1,2,B_uniform,0.7048391,0.08471626,6
bn_4555,0,2,B_uniform,0.7812529,0.046574593,4
bn_4556,0,2,B_uniform,0.9232032,0.029178202,5
bn_4557,0,2,B_uniform,0.76059806,0.038522482,7
bn_4558,0,2,B_uniform,0.9534537,0.00309515,7
bn_4559,1,2,B_uniform,0.64068234,0.068855286,7
bn_4560,0,2,B_uniform,0.87642,0.07220137,6
bn_4561,0,2,B_uniform,0.80135834,0.07694107,6
bn_4562,0,2,B_uniform,0.79910207,0.07375771,6
bn_4563,1,2,B_uniform,0.696189,0.035454094,8
bn_4564,1,2,B_uniform,0.75766855,0.028702915,6
bn_4565,0,2,B_uniform,0.804499,0.04367268,6
bn_4566,1,2,B_uniform,0.69194996,0.08558977,8
bn_4567,0,2,B_uniform,0.75639516,0.06222403,5
bn_4568,0,2,B_uniform,0.7564376,0.052253127,7
bn_4569,1,2,B_uniform,0.6306679,0.05156541,6
bn_4570,0,2,B_uniform,0.9131361,0.050498664,5
bn_4571,1,2,B_uniform,0.71439004,0.080265164,5
bn_4572,1,2,B_uniform,0.77182335,0.09281647,7
bn_4573,0,2,B_uniform,0.7105952,0.055309772,7
bn_4574,0,2,B_uniform,0.7964838,0.024830818,9
bn_4575,0,2,B_uniform,0.73939776,0.024859548,8
bn_4576,0,2,B_uniform,0.7358907,0.07209849,7
bn_4577,0,2,B_uniform,0.7571163,0.03138435,7
bn_4578,0,2,B_uniform,0.7060383,0.02363348,8
bn_4579,0,2,B_uniform,0.7418493,0.009836912,8
bn_4580,0,2,B_uniform,0.80835074,0.022818506,6
bn_4581,1,2,B_uniform,0.6910113,0.07400328,7
bn_4582,1,2,B_uniform,0.734492,0.09459388,6
bn_4583,0,2,B_uniform,0.76918983,0.06117606,6
bn_4584,0,2,B_uniform,0.8168475,0.048579514,6
bn_4585,0,2,B_uniform,0.8074106,0.09319031,8
bn_4586,1,2,B_uniform,0.7675497,0.016368926,7
bn_4587,1,2,B_uniform,0.67737436,0.053548336,11
bn_4588,1,2,B_uniform,0.66152984,0.08024031,8
bn_4589,0,2,B_uniform,0.76400805,0.07186633,12
bn_4590,0,2,B_uniform,0.77400076,0.093040645,3
bn_4591,1,2,B_uniform,0.70187396,0.017790556,9
bn_4592,1,2,B_uniform,0.63991535,0.06103617,9
bn_4593,0,2,B_uniform,0.6810508,0.0622769,9
bn_4594,0,2,B_uniform,0.699197,0.0833413,6
bn_4595,1,2,B_uniform,0.61438966,0.02487272,8
bn_4596,0,2,B_uniform,1.0024087,0.03926575,5
bn_4597,1,2,B_uniform,0.6559352,0.020041108,10
bn_4598,1,2,B_uniform,0.79121083,0.010708272,6
bn_4599,1,2,B_uniform,0.6498223,0.051815152,11
bn_4600,1,2,B_uniform,0.66012686,0.06794149,5
bn_4601,1,2,B_uniform,0.6620165,0.027926087,12
bn_4602,0,2,B_uniform,0.6745819,0.08707607,6
bn_4603,0,2,B_uniform,0.71558833,0.008606434,16
bn_4604,0,2,B_uniform,0.9492002,0.056919634,3
bn_4605,1,2,B_uniform,0.6456301,0.0040383935,7
bn_4606,0,2,B_uniform,0.79184985,0.041421533,6
bn_4607,0,2,B_uniform,0.7470566,0.09531522,13
bn_4608,1,2,B_uniform,0.69943994,0.06471133,6
bn_4609,1,2,B_uniform,0.7240025,0.008978188,15
bn_4610,0,2,B_uniform,0.80806476,0.0018985271,6
bn_4611,1,2,B_uniform,0.70818573,0.06723642,11
bn_4612,0,2,B_uniform,0.7228705,0.07152736,5
bn_4613,1,2,B_uniform,0.6459472,0.04169351,8
bn_4614,0,2,B_uniform,0.6487673,0.07683051,6
bn_4615,0,2,B_uniform,0.6747903,0.061188936,11
bn_4616,0,2,B_uniform,0.8647924,0.021995485,6
bn_4617,1,2,B_uniform,0.6824527,0.02278912,9
bn_4618,1,2,B_uniform,0.62574667,0.04053688,6
bn_4619,0,2,B_uniform,0.79354507,0.10668659,10
bn_4620,0,2,B_uniform,0.778098,0.05422944,7
bn_4621,0,2,B_uniform,0.8499638,0.06888461,8
bn_4622,0,2,B_uniform,0.77871126,0.07219881,6
bn_4623,1,2,B_uniform,0.69761217,0.015632987,8
bn_4624,1,2,B_uniform,0.65786153,0.08529681,4
bn_4625,0,2,B_uniform,0.6996047,0.07433051,8
bn_4626,0,2,B_uniform,0.87573075,0.01004225,8
bn_4627,0,2,B_uniform,0.8348856,0.07165986,7
bn_4628,1,2,B_uniform,0.7079446,0.07625884,7
bn_4629,1,2,B_uniform,0.66206473,0.056156337,11
bn_4630,0,2,B_uniform,0.7182716,0.085642934,8
bn_4631,0,2,B_uniform,0.7061758,0.03362459,11
bn_4632,1,2,B_uniform,0.6587332,0.004320979,13
bn_4633,0,2,B_uniform,0.6859728,0.08053881,10
bn_4634,0,2,B_uniform,0.7816191,0.077744246,9
bn_4635,0,2,B_uniform,0.7214612,0.064391136,16
bn_4636,0,2,B_uniform,0.69742334,0.01793015,12
bn_4637,0,2,B_uniform,0.81854445,0.022642493,13
bn_4638,0,2,B_uniform,0.73581976,0.07785952,15
bn_4639,1,2,B_uniform,0.67005414,0.079159796,10
bn_4640,1,2,B_uniform,0.7222555,0.045392632,7
bn_4641,0,2,B_uniform,0.86369854,0.024132311,8
bn_4642,0,2,B_uniform,0.6820997,0.08430642,8
bn_4643,0,2,B_uniform,0.8788417,0.059570193,7
bn_4644,0,2,B_uniform,0.72709113,0.011685669,13
bn_4645,0,2,B_uniform,0.6935166,0.08364272,9
bn_4646,0,2,B_uniform,0.776162,0.080384135,10
bn_4647,0,2,B_uniform,0.7525439,0.05299455,9
bn_4648,1,2,B_uniform,0.70154643,0.06241423,7
bn_4649,0,2,B_uniform,0.7169697,0.06616849,8
bn_4650,0,2,B_uniform,0.73012394,0.021576524,9
bn_4651,0,2,B_uniform,0.72481006,0.08210355,8
bn_4652,1,2,B_uniform,0.6996113,0.009214759,10
bn_4653,0,2,B_uniform,0.769085,0.05330652,9
bn_4654,0,2,B_uniform,0.7120564,0.056004107,10
bn_4655,0,2,B_uniform,0.836702,0.027688146,9
bn_4656,0,2,B_uniform,0.8091476,0.049426496,7
bn_4657,0,2,B_uniform,0.7821524,0.06335598,8
bn_4658,0,2,B_uniform,0.7379104,0.04926294,8
bn_4659,0,2,B_uniform,0.6817722,0.083954096,10
bn_4661,0,2,B_uniform,0.7428189,0.057651937,10
bn_4662,0,2,B_uniform,0.7697181,0.0071787834,10
bn_4663,1,2,B_uniform,0.6353799,0.11239594,7
bn_4664,0,2,B_uniform,0.69648105,0.07193005,6
bn_4665,0,2,B_uniform,1.0035824,0.033768177,8
bn_4667,0,2,B_uniform,0.82040036,0.076409936,7
bn_4668,0,2,B_uniform,0.68411845,0.07634115,17
bn_4669,0,2,B_uniform,0.81973386,0.045545578,7
bn_4670,0,2,B_uniform,0.72207963,0.013530672,14
bn_4671,0,2,B_uniform,0.73367417,0.06877875,8
bn_4672,0,2,B_uniform,0.7208475,0.017832637,16
bn_4673,1,2,B_uniform,0.6475121,0.06292844,9
bn_4674,0,2,B_uniform,0.6712165,0.0373559,16
bn_4675,1,2,B_uniform,0.76638466,0.017751157,10
bn_4676,0,2,B_uniform,0.64242744,0.11052644,13
bn_4677,0,2,B_uniform,0.729385,0.09242356,8
bn_4678,1,2,B_uniform,0.6953885,0.02283436,14
bn_4679,0,2,B_uniform,0.7359017,0.049758017,6
bn_4680,0,2,B_uniform,0.7450433,0.030243397,15
bn_4681,0,2,B_uniform,0.8545449,0.01701951,7
bn_4682,0,2,B_uniform,0.74268925,0.047543883,17
bn_4683,0,2,B_uniform,0.6962021,0.07642692,5
bn_4684,1,2,B_uniform,0.6691283,0.013377726,16
bn_4685,1,2,B_uniform,0.8021801,0.006167412,8
bn_4686,0,2,B_uniform,0.7505948,0.06401026,13
bn_4687,0,2,B_uniform,0.7725007,0.046264112,6
bn_4688,0,2,B_uniform,0.74346983,0.08329135,11
bn_4689,0,2,B_uniform,0.67552936,0.08897978,13
bn_4690,1,2,B_uniform,0.6505031,0.04806465,11
bn_4691,1,2,B_uniform,0.7240646,0.073002696,8
bn_4692,0,2,B_uniform,0.7278777,0.07640386,17
bn_4693,0,2,B_uniform,0.86990494,0.045427263,9
bn_4694,1,2,B_uniform,0.67132086,0.030715406,19
bn_4695,0,2,B_uniform,0.71141136,0.03725654,6
bn_4696,0,2,B_uniform,0.7193439,0.023673058,22
bn_4697,1,2,B_uniform,0.6266284,0.064703405,5
bn_4698,0,2,B_uniform,0.6947742,0.113984466,17
bn_4699,0,2,B_uniform,0.70956784,0.08537418,6
bn_4700,0,2,B_uniform,0.771612,0.0953635,17
bn_4701,0,2,B_uniform,0.72938776,0.08931452,5
bn_4702,0,2,B_uniform,0.6894431,0.02519983,19
bn_4703,1,2,B_uniform,0.66596013,0.07891822,8
bn_4704,0,2,B_uniform,0.68729305,0.008377194,23
bn_4705,0,2,B_uniform,0.8433131,0.042949438,6
bn_4706,0,2,B_uniform,0.67491347,0.13173926,19
bn_4707,0,2,B_uniform,0.78430945,0.04617268,8
bn_4708,0,2,B_uniform,0.6798784,0.022013843,16
bn_4709,0,2,B_uniform,0.82392186,0.10233331,4
bn_4710,0,2,B_uniform,0.6510826,0.06999147,23
bn_4711,1,2,B_uniform,0.66246754,0.07009053,9
bn_4712,0,2,B_uniform,0.79415363,0.077664375,8
bn_4713,0,2,B_uniform,0.7337868,0.06592679,6
bn_4714,1,2,B_uniform,0.6461373,0.069720864,9
bn_4715,0,2,B_uniform,0.66688395,0.08615965,9
bn_4716,0,2,B_uniform,0.84384763,0.04912561,8
bn_4717,0,2,B_uniform,0.80070114,0.027436256,7
bn_4718,0,2,B_uniform,0.66639656,0.033043683,30
bn_4719,1,2,B_uniform,0.6759812,0.045875967,7
bn_4720,0,2,B_uniform,0.66221404,0.0870046,7
bn_4721,1,2,B_uniform,0.82540685,0.023543715,11
bn_4722,0,2,B_uniform,0.760938,0.036152422,5
bn_4723,0,2,B_uniform,0.8292044,0.023724854,11
bn_4724,0,2,B_uniform,0.8066245,0.07009411,5
bn_4725,0,2,B_uniform,0.6917109,0.057565153,8
bn_4726,0,2,B_uniform,0.7871848,0.033807993,6
bn_4727,1,2,B_uniform,0.7801253,0.09010857,10
bn_4728,0,2,B_uniform,0.6545157,0.017064989,29
bn_4729,0,2,B_uniform,0.63911855,0.075769365,8
bn_4730,0,2,B_uniform,0.647731,0.09117448,17
bn_4731,0,2,B_uniform,0.6397356,0.08080864,7
bn_4732,0,2,B_uniform,0.7889716,0.029152393,16
bn_4733,0,2,B_uniform,0.77925366,0.06476426,8
bn_4734,1,2,B_uniform,0.70175314,0.0005425811,14
bn_4735,1,2,B_uniform,0.6538249,0.019410193,10
bn_4736,0,2,B_uniform,0.7433998,0.04634118,12
bn_4737,0,2,B_uniform,0.78911746,0.023934424,7
bn_4738,1,2,B_uniform,0.6622914,0.04361987,18
bn_4739,0,2,B_uniform,0.7950865,0.06989747,6
bn_4740,0,2,B_uniform,0.663849,0.07801974,11
bn_4741,0,2,B_uniform,0.7415658,0.0811525,4
bn_4742,0,2,B_uniform,0.7964293,0.060348272,10
bn_4744,0,2,B_uniform,0.78424746,0.08480072,15
bn_4745,1,2,B_uniform,0.6716229,0.063739955,8
bn_4746,1,2,B_uniform,0.722773,0.021412015,15
bn_4747,1,2,B_uniform,0.71581316,0.08234757,6
bn_4748,1,2,B_uniform,0.6923218,0.008674026,12
bn_4750,0,2,B_uniform,0.7158956,0.061769307,12
bn_4751,0,2,B_uniform,0.9276926,0.0638994,4
bn_4752,0,2,B_uniform,0.84525985,0.04703158,9
bn_4753,0,2,B_uniform,0.6207945,0.07671249,5
bn_4754,1,2,B_uniform,0.70470864,0.0117381215,12
bn_4755,0,2,B_uniform,0.7070765,0.056311727,6
bn_4756,0,2,B_uniform,0.6711194,0.07027441,12
bn_4758,0,2,B_uniform,0.7607758,0.021796346,8
bn_4759,0,2,B_uniform,0.8628184,0.06110573,7
bn_4760,0,2,B_uniform,0.7427833,0.06478906,9
bn_4761,0,2,B_uniform,0.7547381,0.01904589,9
bn_4762,0,2,B_uniform,0.7163182,0.079891026,11
bn_4763,1,2,B_uniform,0.68931746,0.0957728,8
bn_4764,0,2,B_uniform,0.6945644,0.073711514,9
bn_4765,1,2,B_uniform,0.6736438,0.038757086,8
bn_4766,0,2,B_uniform,0.676682,0.056266963,10
bn_4767,0,2,B_uniform,0.66728824,0.053170025,9
bn_4768,1,2,B_uniform,0.6701087,0.07601875,11
bn_4769,0,2,B_uniform,0.6416124,0.08256674,8
bn_4770,0,2,B_uniform,0.79861444,0.093450904,10
bn_4771,0,2,B_uniform,0.81221676,0.013469636,6
bn_4772,1,2,B_uniform,0.63840264,0.055115223,11
bn_4774,0,2,B_uniform,0.80603546,0.073592484,7
bn_4775,0,2,B_uniform,0.702137,0.08236444,8
bn_4776,1,2,B_uniform,0.78266776,0.04922396,12
bn_4777,0,2,B_uniform,0.7371499,0.040728927,7
bn_4778,0,2,B_uniform,0.6510519,0.09029895,8
bn_4780,0,2,B_uniform,0.6641948,0.11336321,7
bn_4781,0,2,B_uniform,0.7535009,0.10454148,4
bn_4782,1,2,B_uniform,0.67228174,0.021394193,12
bn_4783,0,2,B_uniform,0.71248215,0.05974573,5
bn_4784,1,2,B_uniform,0.7070805,0.004208863,12
bn_4785,0,2,B_uniform,0.87236315,0.047219217,6
bn_4786,1,2,B_uniform,0.68600196,0.058262944,14
bn_4787,0,2,B_uniform,0.71091557,0.049346566,6
bn_4788,0,2,B_uniform,0.77303725,0.09729761,8
bn_4790,1,2,B_uniform,0.6711271,0.05317712,10
bn_4791,0,2,B_uniform,0.7434909,0.06949657,6
bn_4793,0,2,B_uniform,0.7677321,0.07235259,7
bn_4796,0,2,B_uniform,0.71473527,0.07308787,9
bn_4797,1,2,B_uniform,0.66782916,0.014809847,5
bn_4798,1,2,B_uniform,0.66349447,0.019429624,10
bn_4799,1,2,B_uniform,0.7243383,0.093494296,6
bn_4800,1,2,B_uniform,0.67757887,0.044702172,12
bn_4802,1,2,B_uniform,0.67486024,0.027972937,10
bn_4804,0,2,B_uniform,0.85248286,0.06130284,9
bn_4806,0,2,B_uniform,0.72463363,0.10623634,8
bn_4807,0,2,B_uniform,0.8667,0.07885271,7
bn_4808,1,2,B_uniform,0.6694117,0.010761857,11
bn_4809,0,2,B_uniform,0.732745,0.06405026,7
bn_4810,1,2,B_uniform,0.65489745,0.05060917,10
bn_4811,0,2,B_uniform,0.62251216,0.064769626,6
bn_4812,0,2,B_uniform,0.84322107,0.0808332,8
bn_4814,0,2,B_uniform,0.7558098,0.0624485,9
bn_4815,1,2,B_uniform,0.70607346,0.06782037,6
bn_4816,1,2,B_uniform,0.6666414,0.039742112,9
bn_4819,1,2,B_uniform,0.69061106,0.010105789,12
bn_4820,1,2,B_uniform,0.7647357,0.059474647,8
bn_4821,0,2,B_uniform,0.6669217,0.055419087,10
bn_4822,1,2,B_uniform,0.68093747,0.04420185,8
bn_4824,1,2,B_uniform,0.7426196,0.087718606,10
bn_4826,1,2,B_uniform,0.6725713,0.08040458,9
bn_4827,1,2,B_uniform,0.64966595,0.012684822,16
bn_4828,0,2,B_uniform,0.7735789,0.07321191,11
bn_4829,1,2,B_uniform,0.68600416,0.065117896,12
bn_4831,0,2,B_uniform,0.67601126,0.094016016,8
bn_4832,0,2,B_uniform,0.73295385,0.071792066,8
bn_4833,0,2,B_uniform,0.67791224,0.08235538,10
bn_4834,0,2,B_uniform,0.7428296,0.062235653,7
bn_4835,0,2,B_uniform,0.7519395,0.045498252,11
bn_4836,1,2,B_uniform,0.6646949,0.0033801198,12
bn_4837,1,2,B_uniform,0.68161374,0.07709801,9
bn_4839,0,2,B_uniform,0.66181344,0.09292132,8
bn_4841,0,2,B_uniform,0.7757103,0.06639856,9
bn_4843,0,2,B_uniform,0.76457393,0.057415485,9
bn_4844,1,2,B_uniform,0.69106483,0.06704569,8
bn_4845,1,2,B_uniform,0.6461269,0.025382698,8
bn_4846,1,2,B_uniform,0.67735857,0.05783075,11
bn_4847,0,2,B_uniform,0.6513522,0.09569138,6
bn_4848,0,2,B_uniform,0.68548983,0.075639844,10
bn_4849,0,2,B_uniform,0.69198716,0.056957364,9
bn_4850,0,2,B_uniform,0.7327191,0.015442908,9
bn_4851,0,2,B_uniform,0.9098963,0.027641296,5
bn_4852,1,2,B_uniform,0.718886,0.038294792,9
bn_4853,1,2,B_uniform,0.7054567,0.012633026,9
bn_4854,0,2,B_uniform,0.8322294,0.019129753,6
bn_4856,0,2,B_uniform,0.68305665,0.0997054,8
bn_4858,1,2,B_uniform,0.68017566,0.008508503,9
bn_4859,0,2,B_uniform,0.76519495,0.062306523,8
bn_4860,0,2,B_uniform,0.71994805,0.10283035,6
bn_4862,0,2,B_uniform,0.7320378,0.04609096,11
bn_4863,0,2,B_uniform,0.72681934,0.063845456,7
bn_4864,0,2,B_uniform,0.7037927,0.039758265,7
bn_4865,0,2,B_uniform,0.66731364,0.012756705,11
bn_4866,1,2,B_uniform,0.7400041,0.010731101,14
bn_4867,1,2,B_uniform,0.72071797,0.0841763,6
bn_4868,0,2,B_uniform,0.7605763,0.13141638,4
bn_4870,1,2,B_uniform,0.67616194,0.029218972,14
bn_4872,0,2,B_uniform,0.6390285,0.09290069,11
bn_4873,1,2,B_uniform,0.7975255,0.013194084,8
bn_4874,1,2,B_uniform,0.7222136,0.018862605,10
bn_4875,1,2,B_uniform,0.83208185,0.069535315,6
bn_4876,0,2,B_uniform,0.6606791,0.111397564,8
bn_4878,1,2,B_uniform,0.66710895,0.060884595,12
bn_4879,0,2,B_uniform,0.69168824,0.1060372,4
bn_4880,0,2,B_uniform,0.68369,0.0160442,16
bn_4882,0,2,B_uniform,0.8052174,0.07033086,7
bn_4883,0,2,B_uniform,0.83022815,0.007304609,3
bn_4884,0,2,B_uniform,0.81840473,0.076337874,7
bn_4885,1,2,B_uniform,0.6779996,0.06296229,9
bn_4886,0,2,B_uniform,0.7724949,0.06616074,6
bn_4888,0,2,B_uniform,0.6804257,0.113295496,7
bn_4889,1,2,B_uniform,0.6693544,0.0530411,6
bn_4892,1,2,B_uniform,0.667538,0.074318826,8
bn_4893,0,2,B_uniform,0.79221183,0.0848192,7
bn_4894,0,2,B_uniform,0.66336596,0.08838868,11
bn_4895,0,2,B_uniform,0.7137227,0.06508762,16
bn_4896,0,2,B_uniform,0.78961647,0.03798467,11
bn_4897,0,2,B_uniform,0.76469195,0.049166918,11
bn_4898,1,2,B_uniform,0.71314675,0.061987936,12
bn_4899,0,2,B_uniform,0.8118831,0.032886088,9
bn_4900,1,2,B_uniform,0.6718639,0.033225954,13
bn_4901,0,2,B_uniform,0.9195231,0.053749323,5
bn_4902,0,2,B_uniform,0.85187286,0.0650875,7
bn_4903,0,2,B_uniform,0.8773819,0.071647584,7
bn_4904,0,2,B_uniform,0.6770826,0.08227348,7
bn_4905,0,2,B_uniform,0.79104155,0.096244216,6
bn_4906,0,2,B_uniform,0.757676,0.067742884,7
bn_4907,0,2,B_uniform,0.71900934,0.0514735,8
bn_4908,0,2,B_uniform,0.74439496,0.026140034,12
bn_4909,1,2,B_uniform,0.66884965,0.05637753,7
bn_4910,0,2,B_uniform,0.7593539,0.044709563,9
bn_4912,0,2,B_uniform,0.68860674,0.054306746,9
bn_4913,0,2,B_uniform,0.74461234,0.07758248,4
bn_4914,1,2,B_uniform,0.7268443,0.025887132,10
bn_4916,0,2,B_uniform,0.7093787,0.059144497,8
bn_4918,0,2,B_uniform,0.67248636,0.10994983,12
bn_4919,0,2,B_uniform,0.87070584,0.044798613,6
bn_4921,0,2,B_uniform,0.8030801,0.025713742,5
bn_4922,0,2,B_uniform,0.8156216,0.070589066,7
bn_4923,1,2,B_uniform,0.7115707,0.0812245,5
bn_4924,0,2,B_uniform,0.6991489,0.0642674,10
bn_4926,1,2,B_uniform,0.67001873,0.034941792,9
bn_4928,0,2,B_uniform,0.67476285,0.06592667,12
bn_4930,0,2,B_uniform,0.66281587,0.06402004,11
bn_4931,0,2,B_uniform,0.6314928,0.071590304,11
bn_4933,1,2,B_uniform,0.69399935,0.037219524,11
bn_4934,0,2,B_uniform,0.7967666,0.07975525,11
bn_4935,1,2,B_uniform,0.6891552,0.018796027,11
bn_4936,1,2,B_uniform,0.6142904,0.063444674,8
bn_4937,0,2,B_uniform,0.76208735,0.05316347,11
bn_4938,0,2,B_uniform,0.6916069,0.084546864,10
bn_4939,0,2,B_uniform,0.77094954,0.047314465,12
bn_4941,1,2,B_uniform,0.7165733,0.03134483,13
bn_4942,0,2,B_uniform,0.74309283,0.06573111,7
bn_4944,1,2,B_uniform,0.684714,0.005581975,10
bn_4945,0,2,B_uniform,0.6946909,0.08523625,11
bn_4947,1,2,B_uniform,0.7082173,0.004829943,15
bn_4948,0,2,B_uniform,0.7048899,0.05723816,6
bn_4949,0,2,B_uniform,0.82630676,0.010825515,11
bn_4950,0,2,B_uniform,0.858235,0.03806013,5
bn_4951,0,2,B_uniform,0.68693227,0.0329991,14
bn_4952,1,2,B_uniform,0.69596267,0.02595973,8
bn_4953,0,2,B_uniform,0.78790706,0.08830565,11
bn_4955,1,2,B_uniform,0.6963879,0.029104054,13
bn_4957,0,2,B_uniform,0.63863546,0.032658517,15
bn_4959,0,2,B_uniform,0.6725785,0.08133793,10
bn_4962,0,2,B_uniform,0.6650657,0.085529804,6
bn_4963,0,2,B_uniform,0.70713377,0.09443921,13
bn_4965,0,2,B_uniform,0.76483905,0.019970477,9
bn_4966,1,2,B_uniform,0.78589875,0.09205502,3
bn_4967,0,2,B_uniform,0.6923535,0.0680626,14
bn_4971,0,2,B_uniform,0.805407,0.06037277,8
bn_4972,1,2,B_uniform,0.7711266,0.024293482,5
bn_4973,0,2,B_uniform,0.6877502,0.06983757,12
bn_4975,0,2,B_uniform,0.69891655,0.11892724,9
bn_4976,0,2,B_uniform,0.8053139,0.08210635,4
bn_4979,0,2,B_uniform,0.77011245,0.07488507,12
bn_4981,0,2,B_uniform,0.72891074,0.08719134,12
bn_4983,0,2,B_uniform,0.73126966,0.088861704,14
bn_4985,0,2,B_uniform,0.68494946,0.020095766,18
bn_4987,0,2,B_uniform,0.7211944,0.05021423,15
bn_4988,1,2,B_uniform,0.78024316,0.08719146,3
bn_4989,1,2,B_uniform,0.6747557,0.033765137,17
bn_4991,0,2,B_uniform,0.68735915,0.027356744,18
bn_4993,0,2,B_uniform,0.6579474,0.030043721,20
bn_4994,0,2,B_uniform,0.744868,0.06395018,6
bn_4995,0,2,B_uniform,0.67995775,0.03506273,25
bn_4997,1,2,B_uniform,0.6779739,0.01645279,10
bn_4998,0,2,B_uniform,0.683833,0.05270815,10
bn_4999,1,2,B_uniform,0.6833755,0.047584772,37
