review_id,n_words,n_chars,mean_word_len,n_danda,has_danda,n_comma,has_comma_run,n_exclaim,n_question,punct_per_token,has_latin,has_digit,first_person,cluster_k2
bn_0000,20,106,4.35,1,1,4,0,0,0,0.25,0,1,1,0
bn_0001,16,84,4.3125,0,0,0,0,0,0,0.0,0,0,1,0
bn_0002,28,162,4.821428571428571,3,1,0,0,0,0,0.10714285714285714,0,0,0,0
bn_0003,16,79,4.0,3,1,0,0,0,0,0.1875,0,1,0,0
bn_0004,13,79,5.153846153846154,2,1,0,0,0,0,0.15384615384615385,0,0,0,0
bn_0005,4,25,5.5,1,1,0,0,0,0,0.25,0,0,0,0
bn_0006,40,208,4.225,1,1,0,0,0,0,0.025,0,0,1,0
bn_0007,12,64,4.416666666666667,0,0,0,0,0,0,0.0,0,0,0,0
bn_0008,16,91,4.75,3,1,0,0,0,0,0.1875,0,0,0,0
bn_0009,11,48,3.4545454545454546,1,1,1,0,0,0,0.18181818181818182,0,0,0,0
bn_0010,23,112,3.9130434782608696,2,1,0,0,0,0,0.08695652173913043,1,0,0,0
bn_0011,14,97,6.0,7,1,0,0,0,0,0.5,0,1,1,0
bn_0012,7,39,4.714285714285714,0,0,0,0,0,0,0.0,0,0,0,0
bn_0013,13,67,4.230769230769231,0,0,0,0,0,0,0.0,0,0,0,0
bn_0014,7,40,4.857142857142857,0,0,0,0,0,0,0.0,0,0,0,0
bn_0015,6,33,4.666666666666667,0,0,0,0,0,0,0.0,0,0,0,0
bn_0016,7,49,6.142857142857143,0,0,0,0,0,0,0.0,0,0,0,0
bn_0017,9,57,5.444444444444445,1,1,0,0,0,0,0.1111111111111111,0,0,0,0
bn_0018,19,91,3.8421052631578947,0,0,0,0,0,0,0.0,0,0,1,0
bn_0019,4,26,5.75,0,0,0,0,0,0,0.0,0,0,0,0
bn_0020,10,49,4.0,0,0,0,0,0,0,0.0,0,0,0,0
bn_0021,9,52,4.888888888888889,0,0,0,0,0,0,0.0,0,0,0,0
bn_0022,29,134,3.6551724137931036,0,0,0,0,0,0,0.0,0,0,0,0
bn_0023,6,37,5.333333333333333,0,0,0,0,0,0,0.0,0,0,0,0
bn_0024,9,51,4.777777777777778,2,1,0,0,0,0,0.2222222222222222,0,0,0,0
bn_0025,11,56,4.181818181818182,0,0,0,0,0,0,0.0,0,0,1,0
bn_0026,10,57,4.8,0,0,0,0,0,0,0.0,0,0,0,0
bn_0027,9,60,5.777777777777778,0,0,0,0,0,0,0.0,0,0,0,0
bn_0028,19,99,4.2631578947368425,0,0,0,0,0,0,0.0,0,0,1,0
bn_0029,34,175,4.176470588235294,0,0,0,0,0,0,0.0,0,0,1,0
bn_0030,16,87,4.5,1,1,0,0,0,0,0.0625,0,0,0,0
bn_0031,19,94,4.0,3,1,0,0,0,0,0.15789473684210525,0,0,1,0
bn_0032,10,65,5.6,1,1,0,0,0,0,0.1,0,0,0,1
bn_0033,5,44,8.0,1,1,0,0,0,0,0.2,0,0,0,0
bn_0034,14,91,5.571428571428571,2,1,0,0,0,0,0.14285714285714285,0,0,0,0
bn_0035,19,93,3.9473684210526314,0,0,0,0,0,0,0.0,0,0,1,0
bn_0036,24,133,4.583333333333333,3,1,0,0,0,0,0.125,0,0,0,0
bn_0037,8,51,5.5,0,0,0,0,0,0,0.0,0,0,0,0
bn_0038,29,150,4.206896551724138,4,1,0,0,0,0,0.13793103448275862,0,0,1,0
bn_0039,26,136,4.269230769230769,5,1,0,0,0,0,0.19230769230769232,0,0,0,0
bn_0040,17,92,4.470588235294118,0,0,0,0,0,0,0.0,0,0,0,0
bn_0041,14,86,5.214285714285714,1,1,0,0,0,0,0.07142857142857142,0,0,0,0
bn_0042,11,57,4.2727272727272725,0,0,1,0,0,0,0.09090909090909091,0,0,0,0
bn_0043,18,86,3.8333333333333335,0,0,0,0,0,0,0.0,0,0,1,0
bn_0044,39,194,4.0,0,0,0,0,0,0,0.0,0,0,1,0
bn_0045,10,55,4.6,2,1,0,0,0,0,0.2,0,0,0,0
bn_0046,14,70,4.071428571428571,0,0,0,0,0,0,0.0,0,0,0,0
bn_0047,25,133,4.36,2,1,2,1,0,0,0.16,0,0,1,0
bn_0048,32,164,4.15625,0,0,0,0,0,0,0.0,0,0,0,0
bn_0049,18,91,4.111111111111111,0,0,0,0,0,0,0.0,0,0,1,0
bn_0050,8,48,5.125,0,0,0,0,0,0,0.0,0,0,0,0
bn_0051,24,136,4.708333333333333,0,0,1,0,0,0,0.041666666666666664,0,0,0,0
bn_0052,25,132,4.32,0,0,4,0,0,0,0.16,0,0,0,0
bn_0053,14,76,4.5,1,1,0,0,0,0,0.07142857142857142,0,0,0,0
bn_0054,43,237,4.534883720930233,0,0,0,0,0,0,0.0,0,0,1,0
bn_0055,15,84,4.666666666666667,3,1,2,0,0,0,0.3333333333333333,0,0,0,0
bn_0056,9,46,4.222222222222222,0,0,0,0,0,0,0.0,0,0,0,0
bn_0058,9,40,3.5555555555555554,0,0,0,0,0,0,0.0,0,0,1,0
bn_0059,19,99,4.2631578947368425,0,0,0,0,0,0,0.0,0,0,0,0
bn_0060,13,72,4.615384615384615,2,1,0,0,0,0,0.15384615384615385,0,0,0,0
bn_0061,11,64,4.909090909090909,2,1,0,0,0,0,0.18181818181818182,0,0,1,0
bn_0062,29,154,4.344827586206897,2,1,0,0,0,0,0.06896551724137931,0,0,0,0
bn_0063,6,28,3.8333333333333335,0,0,0,0,0,0,0.0,0,0,0,0
bn_0064,17,81,3.823529411764706,0,0,0,0,0,0,0.0,0,0,0,1
bn_0065,28,160,4.75,2,1,0,0,0,0,0.07142857142857142,0,0,0,0
bn_0066,3,15,4.333333333333333,0,0,0,0,0,0,0.0,0,0,0,1
bn_0067,10,51,4.2,0,0,0,0,0,0,0.0,0,0,1,0
bn_0068,17,76,3.5294117647058822,0,0,0,0,0,0,0.0,0,0,0,0
bn_0069,12,84,6.083333333333333,2,1,1,0,0,0,0.25,0,0,0,0
bn_0070,9,49,4.555555555555555,1,1,0,0,0,0,0.1111111111111111,0,0,0,0
bn_0071,13,60,3.6923076923076925,0,0,0,0,0,0,0.0,0,0,0,0
bn_0072,20,118,4.95,2,1,0,0,0,0,0.1,0,0,0,0
bn_0073,25,126,4.08,0,0,1,0,0,0,0.04,0,0,0,0
bn_0074,10,52,4.3,0,0,0,0,0,0,0.0,0,0,0,0
bn_0075,26,120,3.6538461538461537,2,1,2,0,0,0,0.15384615384615385,0,0,1,0
bn_0076,15,88,4.933333333333334,0,0,1,0,0,0,0.06666666666666667,0,0,0,0
bn_0077,10,72,6.3,1,1,0,0,0,0,0.1,0,0,0,0
bn_0078,15,107,6.2,0,0,0,0,0,0,0.0,0,0,1,0
bn_0079,19,100,4.315789473684211,1,1,0,0,0,0,0.05263157894736842,0,0,0,0
bn_0080,13,56,3.3846153846153846,0,0,0,0,0,0,0.0,0,0,0,0
bn_0081,31,152,3.935483870967742,0,0,0,0,0,0,0.0,0,0,0,0
bn_0082,9,51,4.777777777777778,0,0,0,0,0,0,0.0,0,0,0,0
bn_0083,13,76,4.923076923076923,1,1,0,0,0,0,0.07692307692307693,0,0,0,0
bn_0084,28,139,4.0,0,0,1,0,0,0,0.03571428571428571,0,0,1,0
bn_0085,6,45,6.666666666666667,1,1,0,0,0,0,0.16666666666666666,0,0,0,0
bn_0086,16,89,4.625,0,0,1,0,0,0,0.0625,0,0,0,0
bn_0087,10,59,5.0,0,0,2,0,0,0,0.2,0,0,0,1
bn_0088,16,93,4.875,0,0,0,0,0,0,0.0,0,0,0,0
bn_0089,10,61,5.2,0,0,0,0,0,0,0.0,0,0,0,0
bn_0090,11,60,4.545454545454546,0,0,0,0,0,0,0.0,0,0,0,0
bn_0091,26,141,4.461538461538462,1,1,0,0,0,0,0.038461538461538464,0,0,0,0
bn_0092,27,131,3.888888888888889,0,0,5,1,0,0,0.18518518518518517,0,0,0,0
bn_0093,4,31,7.0,0,0,0,0,0,0,0.0,0,0,0,0
bn_0094,14,64,3.642857142857143,0,0,0,0,0,0,0.0,0,0,0,0
bn_0095,16,83,4.25,1,1,1,0,0,0,0.125,0,0,0,0
bn_0096,12,57,3.8333333333333335,0,0,0,0,0,0,0.0,0,0,0,0
bn_0097,17,124,6.352941176470588,2,1,0,0,0,0,0.11764705882352941,0,0,1,0
bn_0098,24,120,4.041666666666667,0,0,0,0,0,0,0.0,0,0,0,0
bn_0099,7,39,4.714285714285714,0,0,3,1,0,0,0.42857142857142855,0,0,0,0
bn_0100,11,59,4.454545454545454,1,1,1,0,0,0,0.18181818181818182,0,0,0,0
bn_0101,10,53,4.4,1,1,1,0,0,0,0.2,0,0,0,0
bn_0102,10,55,4.6,1,1,1,0,0,0,0.2,0,0,0,0
bn_0103,19,104,4.526315789473684,0,0,0,0,0,0,0.0,0,0,0,0
bn_0104,9,55,5.222222222222222,0,0,0,0,0,0,0.0,0,0,0,0
bn_0105,20,102,4.15,3,1,0,0,0,0,0.15,0,0,1,0
bn_0106,15,81,4.466666666666667,0,0,0,0,0,0,0.0,0,0,1,0
bn_0107,4,16,3.25,0,0,0,0,0,0,0.0,0,0,0,0
bn_0108,7,28,3.142857142857143,0,0,0,0,0,0,0.0,0,0,0,0
bn_0109,16,84,4.3125,0,0,2,1,0,0,0.125,0,0,1,0
bn_0110,8,38,3.875,0,0,0,0,0,0,0.0,0,0,0,0
bn_0111,6,60,9.166666666666666,0,0,5,0,0,0,0.8333333333333334,0,0,0,0
bn_0112,8,51,5.5,1,1,1,0,0,0,0.25,0,0,0,0
bn_0113,30,201,5.733333333333333,2,1,4,0,0,0,0.2,0,0,0,0
bn_0114,17,81,3.823529411764706,0,0,0,0,0,0,0.0,0,0,0,0
bn_0115,5,23,3.8,0,0,0,0,0,0,0.0,0,0,1,0
bn_0116,20,108,4.45,1,1,0,0,0,0,0.05,0,0,1,0
bn_0117,28,152,4.464285714285714,1,1,5,0,0,0,0.21428571428571427,0,0,1,0
bn_0118,11,51,3.727272727272727,0,0,0,0,0,0,0.0,0,0,0,1
bn_0119,27,143,4.333333333333333,3,1,0,0,0,0,0.1111111111111111,0,0,1,0
bn_0120,12,64,4.416666666666667,0,0,0,0,0,0,0.0,0,0,0,0
bn_0121,22,116,4.318181818181818,0,0,0,0,0,0,0.0,0,0,0,0
bn_0122,7,41,5.0,0,0,0,0,0,0,0.0,0,0,0,0
bn_0123,12,54,3.5833333333333335,0,0,0,0,0,0,0.0,0,0,0,1
bn_0124,8,42,4.375,0,0,0,0,0,0,0.0,0,0,0,0
bn_0125,14,75,4.428571428571429,1,1,0,0,0,0,0.07142857142857142,0,0,0,0
bn_0126,11,62,4.7272727272727275,3,1,0,0,0,0,0.2727272727272727,0,0,0,0
bn_0127,31,212,5.870967741935484,3,1,5,0,0,0,0.25806451612903225,0,0,0,0
bn_0128,12,56,3.75,0,0,0,0,0,0,0.0,0,0,0,0
bn_0129,16,101,5.375,0,0,0,0,0,0,0.0,0,0,0,0
bn_0130,34,192,4.676470588235294,1,1,0,0,0,0,0.08823529411764706,0,0,0,0
bn_0131,13,94,6.3076923076923075,0,0,3,1,0,0,0.23076923076923078,0,0,0,0
bn_0132,15,77,4.2,1,1,1,0,0,0,0.13333333333333333,0,0,0,0
bn_0133,17,101,5.0,0,0,1,0,0,0,0.058823529411764705,0,0,0,1
bn_0134,13,73,4.6923076923076925,1,1,0,0,0,0,0.07692307692307693,0,0,0,0
bn_0135,21,107,4.142857142857143,0,0,0,0,0,0,0.0,0,0,0,1
bn_0136,33,186,4.666666666666667,0,0,0,0,0,0,0.0,0,0,1,0
bn_0137,10,48,3.9,0,0,0,0,0,0,0.0,0,0,1,0
bn_0138,28,150,4.392857142857143,0,0,0,0,0,0,0.0,0,0,0,0
bn_0139,34,209,5.176470588235294,0,0,0,0,0,0,0.0,0,0,0,0
bn_0140,21,118,4.666666666666667,2,1,0,0,0,0,0.09523809523809523,0,0,0,0
bn_0141,11,60,4.545454545454546,0,0,0,0,0,0,0.0,0,0,0,1
bn_0142,6,51,7.666666666666667,0,0,0,0,0,0,0.0,0,0,0,0
bn_0143,14,66,3.7857142857142856,0,0,0,0,0,0,0.0,0,0,0,1
bn_0144,17,112,5.647058823529412,1,1,0,0,0,0,0.058823529411764705,0,0,0,0
bn_0145,16,72,3.5625,0,0,0,0,0,0,0.0,0,0,0,0
bn_0146,22,124,4.681818181818182,2,1,2,0,0,0,0.18181818181818182,0,0,0,0
bn_0147,6,39,5.666666666666667,0,0,0,0,0,0,0.0,0,0,0,0
bn_0148,10,51,4.2,1,1,0,0,0,0,0.1,0,0,0,0
bn_0149,13,66,4.153846153846154,0,0,0,0,0,0,0.0,0,0,0,0
bn_0151,4,26,5.75,1,1,0,0,0,0,0.25,0,0,0,0
bn_0152,10,54,4.5,0,0,0,0,0,0,0.0,0,0,0,0
bn_0153,12,66,4.583333333333333,0,0,0,0,0,0,0.0,0,0,0,0
bn_0154,7,32,3.7142857142857144,0,0,0,0,0,0,0.0,0,0,0,0
bn_0155,3,21,6.333333333333333,1,1,0,0,0,0,0.3333333333333333,0,0,0,0
bn_0156,11,60,4.545454545454546,3,1,0,0,0,0,0.2727272727272727,0,0,0,0
bn_0157,10,50,4.1,0,0,0,0,0,0,0.0,0,0,0,0
bn_0158,10,52,4.3,1,1,0,0,0,0,0.1,0,0,1,0
bn_0159,5,24,4.0,0,0,0,0,0,0,0.0,0,0,0,0
bn_0160,9,34,2.888888888888889,0,0,0,0,0,0,0.0,0,0,1,0
bn_0161,11,71,5.545454545454546,0,0,0,0,0,0,0.0,0,0,0,0
bn_0162,24,122,4.125,0,0,0,0,0,0,0.0,0,0,0,0
bn_0163,10,61,5.2,0,0,3,0,0,0,0.3,0,0,0,0
bn_0164,26,140,4.423076923076923,2,1,2,0,0,0,0.15384615384615385,0,0,0,0
bn_0165,3,16,4.666666666666667,0,0,0,0,0,0,0.0,0,0,0,1
bn_0166,13,68,4.3076923076923075,1,1,1,0,0,0,0.38461538461538464,0,0,0,0
bn_0167,26,151,4.846153846153846,0,0,4,0,0,0,0.15384615384615385,0,0,0,0
bn_0168,17,91,4.411764705882353,0,0,0,0,0,0,0.0,0,0,1,0
bn_0169,4,26,5.75,0,0,0,0,0,0,0.0,0,0,0,0
bn_0170,3,25,7.666666666666667,0,0,1,0,0,0,0.3333333333333333,0,0,0,0
bn_0171,10,49,4.0,0,0,0,0,0,0,0.0,0,0,0,0
bn_0172,11,58,4.363636363636363,0,0,0,0,0,0,0.0,0,0,0,0
bn_0173,13,71,4.538461538461538,1,1,0,0,0,0,0.07692307692307693,0,0,1,0
bn_0176,23,105,3.608695652173913,0,0,0,0,0,0,0.0,0,0,0,0
bn_0179,13,96,6.461538461538462,2,1,0,0,0,0,0.15384615384615385,0,0,0,0
bn_0181,13,67,4.230769230769231,0,0,0,0,0,0,0.0,0,0,0,0
bn_0183,9,49,4.555555555555555,0,0,0,0,0,0,0.0,0,0,0,0
bn_0184,5,33,5.8,0,0,0,0,0,0,0.0,0,0,0,0
bn_0186,23,121,4.304347826086956,3,1,0,0,0,0,0.13043478260869565,0,0,0,0
bn_0187,27,136,4.074074074074074,3,1,0,0,0,0,0.1111111111111111,0,0,0,0
bn_0188,5,43,7.8,1,1,2,0,0,0,0.6,0,0,0,0
bn_0189,16,77,3.875,0,0,0,0,0,0,0.0,0,0,1,0
bn_0190,11,46,3.272727272727273,0,0,0,0,0,0,0.0,0,0,1,0
bn_0191,13,68,4.3076923076923075,0,0,0,0,0,0,0.0,0,0,1,0
bn_0192,5,30,5.2,0,0,0,0,0,0,0.0,0,0,0,0
bn_0193,12,71,5.0,0,0,1,0,0,0,0.08333333333333333,0,0,1,0
bn_0194,30,156,4.233333333333333,3,1,0,0,0,0,0.1,0,0,0,0
bn_0195,10,49,4.0,0,0,0,0,0,0,0.0,0,0,0,1
bn_0196,4,22,4.75,0,0,0,0,0,0,0.0,0,0,0,1
bn_0197,11,65,5.0,1,1,0,0,0,0,0.09090909090909091,0,0,0,0
bn_0198,25,139,4.6,3,1,0,0,0,0,0.12,0,0,0,0
bn_0199,6,32,4.5,1,1,0,0,0,0,0.16666666666666666,0,0,0,1
bn_0200,10,62,5.3,2,1,0,0,0,0,0.2,0,0,0,0
bn_0201,9,50,4.666666666666667,0,0,0,0,0,0,0.0,0,0,0,0
bn_0202,12,88,6.416666666666667,2,1,0,0,0,0,0.16666666666666666,0,0,0,1
bn_0203,16,80,4.0625,0,0,0,0,0,0,0.0,0,0,0,1
bn_0204,7,36,4.285714285714286,0,0,0,0,0,0,0.0,0,0,0,1
bn_0205,8,39,4.0,0,0,0,0,0,0,0.0,0,0,0,0
bn_0206,11,59,4.454545454545454,1,1,0,0,0,0,0.09090909090909091,0,0,0,0
bn_0207,4,27,6.0,0,0,0,0,0,0,0.0,0,0,0,1
bn_0208,13,71,4.538461538461538,0,0,0,0,0,0,0.0,0,0,0,1
bn_0209,25,155,5.24,0,0,2,0,2,0,0.16,0,0,0,0
bn_0210,5,27,4.6,0,0,0,0,0,0,0.0,0,0,0,1
bn_0211,8,41,4.25,0,0,0,0,0,0,0.0,0,0,0,0
bn_0212,10,57,4.8,0,0,2,0,0,0,0.2,0,0,0,0
bn_0213,3,19,5.666666666666667,0,0,0,0,0,0,0.0,0,0,0,0
bn_0214,7,45,5.571428571428571,0,0,0,0,0,0,0.0,0,0,0,0
bn_0215,7,39,4.714285714285714,1,1,0,0,0,0,0.14285714285714285,0,0,0,1
bn_0217,14,77,4.571428571428571,0,0,0,0,0,0,0.0,0,0,0,1
bn_0218,4,22,4.75,0,0,0,0,0,0,0.0,0,0,0,0
bn_0219,8,51,5.5,0,0,0,0,0,0,0.0,0,0,0,0
bn_0220,7,38,4.571428571428571,0,0,0,0,0,0,0.0,0,0,0,1
bn_0221,13,73,4.6923076923076925,0,0,0,0,0,0,0.0,0,0,1,0
bn_0222,5,31,5.4,1,1,0,0,0,0,0.2,0,0,0,0
bn_0223,8,38,3.875,0,0,0,0,0,0,0.0,0,0,0,0
bn_0224,8,45,4.75,0,0,0,0,0,0,0.0,0,0,0,0
bn_0225,8,49,5.25,0,0,0,0,0,0,0.0,0,0,0,0
bn_0226,4,25,5.5,0,0,0,0,0,0,0.0,0,0,0,1
bn_0227,3,18,5.333333333333333,0,0,0,0,0,0,0.0,0,0,0,1
bn_0228,6,35,5.0,0,0,0,0,0,0,0.0,0,0,0,0
bn_0229,3,15,4.333333333333333,0,0,0,0,0,0,0.0,0,0,0,0
bn_0230,6,37,5.333333333333333,1,1,0,0,0,0,0.16666666666666666,0,0,0,0
bn_0231,6,32,4.5,0,0,0,0,0,0,0.0,0,0,0,1
bn_0232,8,49,5.25,0,0,0,0,0,0,0.0,0,0,0,0
bn_0233,12,70,4.916666666666667,2,1,0,0,0,0,0.16666666666666666,0,0,0,1
bn_0234,6,39,5.666666666666667,2,1,0,0,0,0,0.3333333333333333,0,0,0,0
bn_0235,8,36,3.625,0,0,0,0,0,0,0.0,0,0,0,0
bn_0236,6,26,3.5,0,0,0,0,0,0,0.0,0,0,0,1
bn_0237,8,49,5.25,0,0,0,0,0,0,0.0,0,0,0,1
bn_0238,14,70,4.071428571428571,1,1,0,0,0,0,0.07142857142857142,0,0,0,0
bn_0239,5,35,6.2,1,1,1,0,0,0,0.4,0,0,0,0
bn_0240,10,56,4.7,0,0,0,0,0,0,0.0,0,0,0,1
bn_0241,14,70,4.071428571428571,0,0,0,0,0,0,0.0,0,0,0,0
bn_0242,11,51,3.727272727272727,0,0,0,0,0,0,0.0,0,0,0,0
bn_0243,8,41,4.25,0,0,0,0,0,0,0.0,0,0,0,0
bn_0244,21,132,5.333333333333333,1,1,4,0,0,0,0.23809523809523808,0,0,0,0
bn_0245,5,28,4.8,0,0,0,0,0,0,0.0,0,0,0,1
bn_0246,4,19,4.0,0,0,0,0,0,0,0.0,0,0,0,0
bn_0247,7,38,4.571428571428571,0,0,0,0,0,0,0.0,0,0,0,0
bn_0248,9,44,4.0,0,0,1,0,0,0,0.1111111111111111,0,0,0,0
bn_0249,16,94,4.9375,1,1,2,0,0,0,0.1875,0,0,0,0
bn_0250,30,165,4.533333333333333,0,0,2,0,0,0,0.06666666666666667,0,0,0,0
bn_0251,7,48,6.0,2,1,0,0,0,0,0.2857142857142857,0,0,0,1
bn_0252,4,22,4.75,0,0,0,0,0,0,0.0,0,0,0,1
bn_0253,5,27,4.6,0,0,0,0,0,0,0.0,0,0,0,1
bn_0254,20,94,3.75,0,0,0,0,0,0,0.0,0,0,0,0
bn_0255,10,49,4.0,0,0,0,0,0,0,0.0,0,0,1,0
bn_0256,13,70,4.461538461538462,0,0,0,0,0,0,0.0,0,0,0,0
bn_0257,3,17,5.0,0,0,0,0,0,0,0.0,0,0,0,0
bn_0258,22,125,4.7272727272727275,2,1,0,0,0,0,0.09090909090909091,0,0,0,0
bn_0259,6,31,4.333333333333333,0,0,0,0,0,0,0.0,0,0,1,0
bn_0260,22,127,4.818181818181818,4,1,1,0,0,0,0.22727272727272727,0,0,0,0
bn_0261,4,26,5.75,0,0,0,0,0,0,0.0,0,0,0,0
bn_0262,14,74,4.357142857142857,0,0,0,0,0,0,0.0,0,0,0,0
bn_0263,8,47,5.0,0,0,0,0,0,0,0.0,0,0,0,1
bn_0264,4,21,4.5,0,0,0,0,0,0,0.0,0,0,0,1
bn_0265,12,61,4.166666666666667,0,0,2,1,0,0,0.16666666666666666,0,0,0,0
bn_0266,4,27,6.0,0,0,0,0,0,0,0.0,0,0,0,1
bn_0267,3,17,5.0,0,0,0,0,0,0,0.0,0,0,0,0
bn_0268,19,106,4.631578947368421,0,0,0,0,0,0,0.0,0,0,0,1
bn_0269,10,57,4.8,0,0,0,0,0,0,0.0,0,0,0,1
bn_0270,23,118,4.173913043478261,0,0,0,0,0,0,0.0,0,0,1,0
bn_0271,15,75,4.066666666666666,0,0,0,0,0,0,0.0,0,0,1,0
bn_0272,17,92,4.470588235294118,0,0,0,0,0,0,0.0,0,0,0,1
bn_0273,22,133,5.090909090909091,4,1,0,0,0,0,0.18181818181818182,0,0,0,0
bn_0274,8,44,4.625,0,0,0,0,0,0,0.0,0,0,0,0
bn_0275,10,53,4.4,0,0,0,0,0,0,0.0,0,0,0,0
bn_0276,11,49,3.5454545454545454,0,0,0,0,0,0,0.0,0,0,0,0
bn_0277,12,62,4.25,2,1,0,0,0,0,0.16666666666666666,0,0,1,1
bn_0278,20,125,5.3,1,1,0,0,0,0,0.05,0,0,0,1
bn_0279,4,24,5.25,0,0,0,0,0,0,0.0,0,0,0,0
bn_0280,13,80,5.230769230769231,2,1,0,0,0,0,0.15384615384615385,0,0,0,0
bn_0281,25,118,3.76,1,1,0,0,0,0,0.04,0,0,1,0
bn_0282,7,37,4.428571428571429,0,0,0,0,0,0,0.0,0,0,0,1
bn_0283,10,49,4.0,0,0,0,0,0,0,0.0,0,0,0,0
bn_0284,22,122,4.590909090909091,0,0,0,0,0,0,0.0,0,0,0,0
bn_0285,12,57,3.8333333333333335,0,0,0,0,0,0,0.0,0,0,0,0
bn_0286,12,81,5.833333333333333,0,0,2,0,0,0,0.16666666666666666,0,0,0,0
bn_0287,8,39,4.0,1,1,0,0,0,0,0.125,0,0,0,0
bn_0288,10,51,4.2,0,0,0,0,0,0,0.0,0,0,1,0
bn_0289,12,63,4.333333333333333,0,0,0,0,0,0,0.0,0,0,0,0
bn_0290,3,16,4.666666666666667,0,0,0,0,0,0,0.0,0,0,0,0
bn_0292,4,21,4.5,0,0,0,0,0,0,0.0,0,0,0,0
bn_0293,9,52,4.888888888888889,0,0,0,0,0,0,0.0,0,0,0,0
bn_0295,7,39,4.714285714285714,0,0,0,0,0,0,0.0,0,0,0,1
bn_0296,3,15,4.333333333333333,0,0,0,0,0,0,0.0,0,0,0,0
bn_0298,27,150,4.592592592592593,4,1,0,0,0,0,0.14814814814814814,0,0,1,0
bn_0299,8,48,5.125,1,1,0,0,0,0,0.125,0,0,0,0
bn_0300,5,35,6.2,0,0,0,0,0,0,0.0,0,0,0,0
bn_0301,26,138,4.346153846153846,0,0,1,0,0,0,0.038461538461538464,0,0,1,0
bn_0302,10,52,4.3,2,1,0,0,0,0,0.2,0,0,0,0
bn_0303,21,137,5.571428571428571,3,1,0,0,0,0,0.14285714285714285,0,0,0,0
bn_0304,38,240,5.342105263157895,0,0,0,0,0,0,0.0,0,0,0,1
bn_0305,8,46,4.875,1,1,0,0,0,0,0.125,0,0,1,0
bn_0306,8,40,4.125,0,0,0,0,0,0,0.0,0,0,0,1
bn_0307,18,118,5.611111111111111,1,1,1,0,0,0,0.1111111111111111,0,0,0,0
bn_0308,9,53,5.0,1,1,0,0,0,0,0.1111111111111111,0,0,0,1
bn_0309,30,160,4.366666666666666,3,1,0,0,0,0,0.1,0,0,1,0
bn_0310,14,94,5.785714285714286,2,1,0,0,0,0,0.14285714285714285,0,0,0,0
bn_0311,30,163,4.466666666666667,2,1,0,0,0,0,0.06666666666666667,0,0,0,0
bn_0312,20,112,4.65,0,0,0,0,0,0,0.0,0,0,0,0
bn_0313,18,93,4.222222222222222,0,0,0,0,0,0,0.0,0,0,0,1
bn_0314,12,62,4.25,0,0,0,0,0,0,0.0,0,0,1,0
bn_0315,11,59,4.454545454545454,0,0,2,0,0,0,0.18181818181818182,0,0,0,0
bn_0316,7,50,6.285714285714286,1,1,1,0,0,0,0.2857142857142857,0,0,0,0
bn_0317,25,156,5.28,0,0,0,0,0,0,0.0,0,0,0,0
bn_0318,12,79,5.666666666666667,2,1,0,0,0,0,0.16666666666666666,0,0,0,0
bn_0319,7,51,6.428571428571429,1,1,0,0,0,0,0.14285714285714285,0,0,0,1
bn_0320,26,145,4.615384615384615,2,1,0,0,0,0,0.07692307692307693,0,0,1,0
bn_0321,9,56,5.333333333333333,1,1,0,0,0,0,0.1111111111111111,0,0,0,1
bn_0322,6,32,4.5,0,0,0,0,1,0,0.16666666666666666,0,0,0,1
bn_0323,17,96,4.705882352941177,0,0,0,0,0,0,0.0,0,0,1,0
bn_0324,8,40,4.125,0,0,0,0,0,0,0.0,0,0,0,0
bn_0325,10,62,5.3,0,0,2,0,0,0,0.2,0,0,0,0
bn_0326,12,58,3.9166666666666665,0,0,1,0,0,0,0.08333333333333333,0,0,1,0
bn_0327,7,37,4.428571428571429,0,0,0,0,0,0,0.0,0,0,0,0
bn_0328,17,96,4.705882352941177,0,0,0,0,0,0,0.0,0,0,0,0
bn_0329,17,102,5.0588235294117645,2,1,2,0,0,0,0.23529411764705882,0,0,0,1
bn_0330,6,42,6.166666666666667,2,1,0,0,0,0,0.3333333333333333,0,0,1,1
bn_0331,12,77,5.5,1,1,0,0,0,0,0.08333333333333333,0,0,0,0
bn_0332,6,30,4.166666666666667,0,0,0,0,0,0,0.0,0,0,0,0
bn_0333,15,102,5.866666666666666,1,1,0,0,0,0,0.06666666666666667,0,0,1,0
bn_0334,6,38,5.5,0,0,0,0,0,0,0.0,0,0,0,0
bn_0335,4,18,3.75,0,0,0,0,0,0,0.0,0,0,0,1
bn_0336,22,123,4.636363636363637,0,0,0,0,0,0,0.0,0,0,0,0
bn_0337,7,31,3.5714285714285716,0,0,0,0,0,0,0.0,0,0,0,0
bn_0338,12,60,4.083333333333333,0,0,0,0,0,0,0.0,0,0,0,0
bn_0339,3,18,5.333333333333333,0,0,0,0,0,0,0.0,0,0,0,0
bn_0340,19,108,4.7368421052631575,2,1,0,0,0,0,0.10526315789473684,0,0,0,0
bn_0341,4,25,5.5,0,0,0,0,0,0,0.0,0,0,0,0
bn_0342,9,52,4.888888888888889,0,0,0,0,0,0,0.0,0,0,1,0
bn_0343,6,35,5.0,2,1,0,0,0,0,0.3333333333333333,0,0,0,0
bn_0344,4,26,5.75,0,0,0,0,0,0,0.0,0,0,0,0
bn_0345,8,55,6.0,1,1,0,0,0,0,0.125,0,0,0,0
bn_0346,11,52,3.8181818181818183,1,1,1,0,0,0,0.18181818181818182,0,0,0,1
bn_0347,23,153,5.695652173913044,0,0,2,0,0,1,0.13043478260869565,0,0,0,1
bn_0348,25,129,4.2,2,1,0,0,0,0,0.08,0,0,0,0
bn_0349,14,73,4.285714285714286,0,0,0,0,0,0,0.0,0,0,0,0
bn_0350,11,60,4.545454545454546,0,0,0,0,0,0,0.0,0,0,1,0
bn_0351,5,27,4.6,1,1,0,0,0,0,0.2,0,0,1,0
bn_0352,10,55,4.6,0,0,0,0,0,0,0.0,0,0,0,0
bn_0353,9,58,5.555555555555555,0,0,2,0,0,0,0.2222222222222222,0,0,1,0
bn_0354,35,233,5.685714285714286,5,1,0,0,0,0,0.14285714285714285,0,0,1,0
bn_0355,21,128,5.142857142857143,2,1,0,0,0,0,0.09523809523809523,0,0,0,0
bn_0356,3,29,9.0,0,0,2,0,0,0,0.6666666666666666,0,0,0,0
bn_0357,11,63,4.818181818181818,0,0,0,0,0,0,0.0,0,0,0,0
bn_0358,8,50,5.375,0,0,0,0,0,0,0.0,0,0,0,1
bn_0359,19,106,4.631578947368421,2,1,0,0,0,0,0.10526315789473684,0,0,0,1
bn_0360,12,56,3.75,0,0,0,0,0,0,0.0,0,0,1,1
bn_0361,7,58,7.428571428571429,0,0,0,0,0,0,0.0,0,0,0,1
bn_0362,12,66,4.583333333333333,0,0,0,0,0,0,0.0,0,0,0,1
bn_0363,5,30,5.2,0,0,0,0,0,0,0.0,0,0,0,0
bn_0364,23,138,5.043478260869565,0,0,1,0,0,0,0.043478260869565216,0,0,1,0
bn_0365,8,47,5.0,0,0,0,0,0,0,0.0,0,0,0,1
bn_0366,4,21,4.5,0,0,0,0,0,0,0.0,0,0,0,0
bn_0367,12,57,3.8333333333333335,0,0,0,0,0,0,0.0,0,0,0,0
bn_0368,3,19,5.666666666666667,0,0,0,0,0,0,0.0,0,0,0,0
bn_0369,10,49,4.0,0,0,0,0,0,0,0.0,0,0,1,0
bn_0370,7,40,4.857142857142857,2,1,0,0,0,0,0.2857142857142857,0,0,1,0
bn_0371,14,101,6.285714285714286,0,0,0,0,0,0,0.0,0,0,0,1
bn_0372,8,50,5.375,0,0,0,0,0,0,0.0,0,0,0,0
bn_0373,17,89,4.294117647058823,2,1,0,0,0,0,0.11764705882352941,0,0,1,0
bn_0374,12,57,3.8333333333333335,0,0,0,0,0,0,0.0,0,0,0,0
bn_0375,16,91,4.75,1,1,0,0,0,0,0.0625,0,0,0,0
bn_0376,10,55,4.6,1,1,0,0,0,0,0.1,0,0,0,0
bn_0377,6,34,4.833333333333333,0,0,0,0,0,0,0.0,0,0,0,0
bn_0378,6,37,5.333333333333333,0,0,0,0,0,0,0.0,0,0,0,1
bn_0379,18,99,4.555555555555555,0,0,0,0,0,0,0.0,0,0,0,1
bn_0380,6,25,3.3333333333333335,0,0,0,0,0,0,0.0,0,0,0,1
bn_0381,5,32,5.6,0,0,0,0,0,0,0.0,0,0,0,1
bn_0382,18,106,4.944444444444445,0,0,0,0,0,0,0.0,0,0,1,0
bn_0383,12,68,4.75,0,0,0,0,0,0,0.0,0,0,0,0
bn_0384,12,57,3.8333333333333335,2,1,0,0,0,0,0.16666666666666666,0,0,0,0
bn_0387,12,75,5.333333333333333,0,0,0,0,0,0,0.0,0,0,1,0
bn_0389,7,43,5.285714285714286,1,1,0,0,0,0,0.14285714285714285,0,0,0,0
bn_0390,7,43,5.285714285714286,0,0,0,0,0,0,0.0,0,0,1,1
bn_0391,10,61,5.2,0,0,0,0,0,0,0.0,0,0,0,0
bn_0392,20,122,5.15,0,0,0,0,0,0,0.0,0,0,1,0
bn_0393,17,105,5.235294117647059,4,1,0,0,0,0,0.23529411764705882,0,0,0,0
bn_0394,11,53,3.909090909090909,0,0,0,0,0,0,0.0,0,0,0,0
bn_0395,24,140,4.875,3,1,0,0,0,0,0.125,0,0,0,0
bn_0396,6,34,4.833333333333333,0,0,0,0,0,0,0.0,0,0,1,0
bn_0397,22,123,4.636363636363637,0,0,0,0,0,0,0.09090909090909091,0,0,1,0
bn_0398,5,23,3.8,0,0,0,0,0,0,0.0,0,0,0,1
bn_0399,17,87,4.176470588235294,0,0,0,0,0,0,0.0,0,0,1,0
bn_0401,9,42,3.7777777777777777,0,0,0,0,0,0,0.0,0,0,0,0
bn_0402,7,32,3.7142857142857144,0,0,0,0,0,0,0.0,0,0,0,0
bn_0403,6,27,3.6666666666666665,0,0,0,0,0,0,0.0,0,0,0,0
bn_0404,9,38,3.3333333333333335,0,0,0,0,0,0,0.0,0,0,0,0
bn_0405,9,50,4.666666666666667,0,0,0,0,0,0,0.0,0,0,0,0
bn_0406,25,156,5.28,1,1,2,0,0,0,0.12,0,0,1,0
bn_0407,4,21,4.5,0,0,0,0,0,0,0.0,0,0,0,0
bn_0408,5,27,4.6,1,1,0,0,0,0,0.2,0,0,0,0
bn_0409,15,77,4.2,2,1,0,0,0,0,0.13333333333333333,0,0,0,0
bn_0410,35,203,4.828571428571428,0,0,0,0,0,0,0.0,0,0,0,0
bn_0411,8,37,3.75,0,0,0,0,0,0,0.0,0,0,0,0
bn_0412,11,63,4.818181818181818,2,1,0,0,0,0,0.18181818181818182,0,0,0,0
bn_0413,25,150,5.04,2,1,1,0,0,0,0.12,0,0,0,0
bn_0414,8,43,4.5,1,1,1,0,0,0,0.25,0,0,0,0
bn_0415,21,118,4.666666666666667,2,1,1,0,0,0,0.14285714285714285,0,0,1,0
bn_0416,3,22,6.666666666666667,1,1,0,0,0,0,0.3333333333333333,0,0,0,0
bn_0417,24,127,4.333333333333333,0,0,0,0,0,0,0.0,0,0,0,0
bn_0418,12,84,6.083333333333333,0,0,0,0,0,0,0.0,0,0,0,1
bn_0419,19,120,5.368421052631579,1,1,0,0,0,0,0.05263157894736842,0,0,1,0
bn_0420,13,68,4.3076923076923075,2,1,0,0,0,0,0.15384615384615385,0,0,0,0
bn_0421,6,41,6.0,0,0,0,0,0,0,0.0,0,0,0,1
bn_0422,9,51,4.777777777777778,0,0,0,0,0,0,0.0,0,0,0,0
bn_0423,13,61,3.769230769230769,0,0,0,0,0,0,0.0,0,0,0,0
bn_0424,10,60,5.1,1,1,0,0,0,0,0.1,0,0,0,0
bn_0425,13,73,4.6923076923076925,0,0,0,0,0,0,0.0,0,0,0,0
bn_0426,18,122,5.833333333333333,1,1,0,0,0,0,0.05555555555555555,0,0,0,0
bn_0427,21,109,4.238095238095238,2,1,1,0,0,0,0.14285714285714285,0,0,0,0
bn_0428,23,116,4.086956521739131,1,1,1,0,0,0,0.08695652173913043,0,0,0,0
bn_0429,15,82,4.533333333333333,2,1,1,0,0,0,0.2,0,0,0,0
bn_0430,20,118,4.95,1,1,0,0,0,0,0.05,0,0,0,0
bn_0431,6,40,5.833333333333333,0,0,0,0,0,0,0.0,0,0,0,0
bn_0432,13,74,4.769230769230769,0,0,2,0,0,0,0.15384615384615385,0,0,0,0
bn_0433,24,147,5.166666666666667,2,1,2,0,0,0,0.16666666666666666,0,0,0,1
bn_0434,8,44,4.625,1,1,0,0,0,0,0.125,0,0,0,0
bn_0435,7,47,5.857142857142857,0,0,0,0,0,0,0.0,0,0,0,0
bn_0436,15,83,4.6,0,0,0,0,0,0,0.0,0,0,1,0
bn_0437,5,26,4.4,1,1,0,0,0,0,0.2,0,0,1,0
bn_0438,17,90,4.352941176470588,0,0,0,0,0,0,0.0,0,0,0,0
bn_0439,10,49,4.0,0,0,0,0,0,0,0.0,0,0,1,0
bn_0440,22,118,4.409090909090909,0,0,0,0,0,0,0.0,0,0,0,0
bn_0441,6,34,4.833333333333333,0,0,0,0,0,0,0.0,0,0,0,0
bn_0442,11,51,3.727272727272727,0,0,0,0,0,0,0.0,0,0,0,0
bn_0443,6,39,5.666666666666667,0,0,0,0,0,0,0.0,0,0,0,0
bn_0444,16,92,4.8125,2,1,0,0,0,0,0.125,0,0,0,0
bn_0445,16,83,4.25,0,0,0,0,3,0,0.1875,0,0,0,0
bn_0446,16,94,4.9375,1,1,0,0,0,0,0.0625,0,0,0,0
bn_0447,8,39,4.0,0,0,0,0,0,0,0.0,0,0,0,0
bn_0448,7,49,6.142857142857143,2,1,0,0,0,0,0.2857142857142857,0,0,0,0
bn_0449,36,189,4.277777777777778,1,1,1,0,0,0,0.05555555555555555,0,0,1,0
bn_0450,11,64,4.909090909090909,1,1,0,0,0,0,0.09090909090909091,0,0,0,0
bn_0451,34,186,4.5,3,1,0,0,0,0,0.08823529411764706,0,1,0,0
bn_0452,16,89,4.625,0,0,0,0,0,0,0.0,0,0,0,0
bn_0453,26,145,4.615384615384615,3,1,0,0,0,0,0.11538461538461539,0,0,0,0
bn_0454,10,54,4.5,0,0,0,0,0,0,0.0,0,0,1,0
bn_0455,20,121,5.1,2,1,0,0,0,0,0.1,0,0,0,0
bn_0456,23,151,5.608695652173913,0,0,0,0,0,0,0.0,0,0,0,0
bn_0457,52,308,4.9423076923076925,0,0,0,0,0,0,0.0,0,0,1,0
bn_0458,18,93,4.222222222222222,1,1,0,0,0,0,0.05555555555555555,0,0,1,0
bn_0459,13,71,4.538461538461538,0,0,0,0,0,0,0.0,0,0,0,0
bn_0460,5,26,4.4,0,0,0,0,0,0,0.0,0,0,0,0
bn_0461,7,46,5.714285714285714,1,1,0,0,0,0,0.14285714285714285,0,0,0,0
bn_0462,20,106,4.35,1,1,0,0,0,0,0.05,0,0,1,0
bn_0463,6,32,4.5,0,0,0,0,0,0,0.0,0,0,0,0
bn_0464,10,48,3.9,0,0,0,0,0,0,0.0,0,0,1,0
bn_0465,10,53,4.4,1,1,0,0,0,0,0.1,0,0,1,0
bn_0466,9,50,4.666666666666667,0,0,2,0,0,0,0.2222222222222222,0,0,0,1
bn_0467,15,80,4.4,0,0,1,0,0,0,0.06666666666666667,0,0,0,0
bn_0468,14,81,4.857142857142857,0,0,3,0,0,0,0.21428571428571427,0,0,0,1
bn_0469,21,102,3.9047619047619047,0,0,2,0,0,0,0.09523809523809523,0,0,1,0
bn_0470,10,61,5.2,2,1,0,0,0,0,0.2,0,0,0,0
bn_0471,8,56,6.125,1,1,0,0,0,0,0.125,0,0,1,0
bn_0472,12,78,5.583333333333333,3,1,0,0,0,0,0.25,0,0,0,0
bn_0473,26,147,4.6923076923076925,2,1,0,0,0,0,0.07692307692307693,0,0,1,0
bn_0474,9,63,6.111111111111111,0,0,2,1,0,0,0.2222222222222222,0,0,0,0
bn_0475,7,42,5.142857142857143,0,0,0,0,0,0,0.0,0,0,1,0
bn_0476,17,100,4.9411764705882355,1,1,0,0,0,0,0.058823529411764705,0,0,0,0
bn_0477,14,79,4.714285714285714,0,0,0,0,0,0,0.0,0,0,0,0
bn_0478,10,53,4.4,1,1,0,0,0,0,0.1,0,0,0,0
bn_0479,11,58,4.363636363636363,0,0,3,1,0,0,0.2727272727272727,0,0,0,0
bn_0480,5,31,5.4,0,0,0,0,0,0,0.0,0,0,0,0
bn_0481,29,153,4.310344827586207,0,0,1,0,0,0,0.034482758620689655,0,0,0,0
bn_0482,8,62,6.875,1,1,0,0,0,0,0.125,0,0,0,1
bn_0483,29,169,4.862068965517241,2,1,1,0,0,0,0.20689655172413793,0,0,1,0
bn_0484,23,122,4.3478260869565215,2,1,0,0,0,0,0.08695652173913043,0,0,0,0
bn_0485,7,41,5.0,0,0,0,0,1,0,0.14285714285714285,0,0,0,0
bn_0486,15,88,4.933333333333334,0,0,2,0,0,0,0.13333333333333333,0,0,0,0
bn_0487,24,130,4.458333333333333,3,1,0,0,0,0,0.125,0,0,1,0
bn_0488,28,174,5.25,1,1,5,1,0,0,0.21428571428571427,0,0,1,0
bn_0489,12,60,4.083333333333333,0,0,0,0,0,0,0.0,0,0,1,0
bn_0490,14,94,5.785714285714286,0,0,5,1,0,0,0.35714285714285715,0,0,0,0
bn_0491,15,97,5.533333333333333,2,1,0,0,0,0,0.13333333333333333,0,0,1,0
bn_0492,8,42,4.375,0,0,0,0,0,0,0.0,0,0,1,0
bn_0493,8,41,4.25,0,0,0,0,0,0,0.0,0,0,0,0
bn_0494,10,54,4.5,0,0,0,0,0,0,0.0,0,0,0,0
bn_0495,6,46,6.833333333333333,0,0,4,1,0,0,0.6666666666666666,0,0,0,0
bn_0496,11,61,4.636363636363637,1,1,2,1,0,0,0.2727272727272727,0,0,0,0
bn_0497,15,105,6.066666666666666,0,0,9,1,0,0,0.6,0,0,0,0
bn_0498,22,168,6.681818181818182,1,1,24,1,2,0,1.2272727272727273,0,0,1,0
bn_0499,8,38,3.875,1,1,0,0,0,0,0.125,0,0,0,1
bn_0500,24,115,3.8333333333333335,0,0,0,0,0,0,0.0,0,0,0,1
bn_0501,18,110,5.166666666666667,0,0,0,0,0,0,0.0,0,0,0,0
bn_0502,17,87,4.176470588235294,0,0,0,0,0,0,0.0,0,0,0,1
bn_0503,4,28,6.25,1,1,0,0,0,0,0.25,0,0,0,0
bn_0504,5,21,3.4,0,0,0,0,0,0,0.0,0,0,1,1
bn_0505,6,29,4.0,1,1,0,0,0,0,0.16666666666666666,0,0,0,1
bn_0506,6,29,4.0,1,1,0,0,0,0,0.16666666666666666,0,0,0,1
bn_0507,29,156,4.413793103448276,0,0,0,0,0,0,0.0,0,0,0,0
bn_0508,12,71,5.0,0,0,1,0,0,0,0.08333333333333333,0,0,0,1
bn_0509,8,45,4.75,0,0,1,0,0,0,0.125,0,0,0,1
bn_0510,6,38,5.5,1,1,1,0,0,0,0.3333333333333333,0,0,0,1
bn_0511,25,130,4.24,0,0,0,0,0,0,0.0,0,0,0,0
bn_0512,3,16,4.666666666666667,0,0,0,0,0,0,0.0,0,0,0,0
bn_0513,3,15,4.333333333333333,0,0,0,0,0,0,0.0,0,0,0,1
bn_0514,9,56,5.333333333333333,0,0,0,0,0,0,0.0,0,0,0,0
bn_0515,10,50,4.1,0,0,0,0,0,0,0.0,0,0,1,0
bn_0516,7,40,4.857142857142857,0,0,0,0,0,0,0.0,0,0,0,0
bn_0517,7,38,4.571428571428571,0,0,0,0,0,0,0.0,0,0,0,0
bn_0518,34,213,5.294117647058823,0,0,19,1,0,0,0.5588235294117647,0,0,0,0
bn_0519,3,15,4.333333333333333,0,0,0,0,0,0,0.0,0,0,0,1
bn_0520,5,26,4.4,0,0,0,0,0,0,0.0,0,0,0,1
bn_0521,16,92,4.8125,0,0,1,0,0,0,0.0625,0,0,0,1
bn_0522,9,45,4.111111111111111,0,0,0,0,1,0,0.1111111111111111,0,0,0,0
bn_0523,10,62,5.3,1,1,0,0,0,0,0.1,0,0,0,1
bn_0524,20,123,5.2,0,0,0,0,0,0,0.0,0,0,1,0
bn_0525,6,32,4.5,0,0,0,0,0,0,0.0,0,0,0,1
bn_0526,8,45,4.75,0,0,0,0,0,0,0.0,0,0,0,0
bn_0527,3,20,6.0,0,0,0,0,0,0,0.0,0,0,0,1
bn_0528,30,177,4.933333333333334,0,0,0,0,0,0,0.0,0,0,0,0
bn_0529,14,83,5.0,0,0,0,0,0,0,0.0,0,0,0,0
bn_0530,6,35,5.0,0,0,0,0,0,0,0.0,0,0,0,0
bn_0531,3,20,6.0,0,0,0,0,0,0,0.0,0,0,0,1
bn_0533,4,19,4.0,0,0,0,0,0,0,0.0,0,0,0,1
bn_0534,3,15,4.333333333333333,0,0,0,0,0,0,0.0,0,0,0,1
bn_0535,9,44,4.0,0,0,0,0,0,0,0.0,0,0,0,0
bn_0536,6,22,2.8333333333333335,0,0,0,0,0,0,0.0,0,0,0,1
bn_0537,6,26,3.5,1,1,0,0,1,0,0.3333333333333333,0,0,0,1
bn_0538,7,31,3.5714285714285716,0,0,0,0,0,0,0.0,0,0,0,1
bn_0539,4,22,4.75,3,1,0,0,0,0,0.75,0,0,0,1
bn_0540,8,39,4.0,0,0,0,0,0,1,0.125,0,0,0,0
bn_0542,7,38,4.571428571428571,0,0,0,0,0,0,0.0,0,0,0,1
bn_0543,5,20,3.2,1,1,0,0,0,0,0.2,0,0,0,1
bn_0544,5,23,3.8,0,0,0,0,0,0,0.0,0,0,0,1
bn_0545,7,35,4.142857142857143,0,0,0,0,2,0,0.2857142857142857,0,0,0,1
bn_0546,7,35,4.142857142857143,0,0,0,0,0,0,0.0,0,0,1,0
bn_0547,7,36,4.285714285714286,0,0,0,0,0,0,0.0,0,0,1,1
bn_0548,7,39,4.714285714285714,3,1,0,0,0,0,0.42857142857142855,0,0,0,0
bn_0549,9,45,4.111111111111111,0,0,0,0,0,0,0.0,0,0,0,0
bn_0550,6,30,4.166666666666667,1,1,0,0,0,0,0.16666666666666666,0,0,0,0
bn_0551,4,23,5.0,0,0,0,0,0,0,0.0,0,0,0,0
bn_0552,4,15,3.0,1,1,0,0,0,0,0.25,0,0,0,1
bn_0553,9,45,4.111111111111111,0,0,1,0,0,0,0.1111111111111111,0,0,0,1
bn_0554,6,33,4.666666666666667,0,0,0,0,0,0,0.0,0,0,0,0
bn_0555,13,60,3.6923076923076925,1,1,0,0,0,0,0.07692307692307693,0,0,0,1
bn_0556,6,25,3.3333333333333335,0,0,0,0,0,0,0.0,0,0,0,1
bn_0557,6,30,4.166666666666667,1,1,0,0,0,0,0.16666666666666666,0,0,0,1
bn_0558,5,22,3.6,1,1,0,0,0,0,0.2,0,0,0,1
bn_0559,5,29,5.0,0,0,0,0,0,1,0.2,0,0,0,1
bn_0560,3,15,4.333333333333333,0,0,0,0,0,0,0.0,0,0,0,1
bn_0561,8,46,4.875,1,1,0,0,0,0,0.125,0,0,1,1
bn_0562,11,52,3.8181818181818183,0,0,0,0,0,0,0.0,0,0,0,0
bn_0563,9,38,3.3333333333333335,0,0,0,0,0,0,0.0,0,0,0,0
bn_0564,7,41,5.0,1,1,0,0,0,0,0.14285714285714285,0,0,0,0
bn_0565,9,38,3.3333333333333335,2,1,0,0,0,0,0.2222222222222222,0,0,0,1
bn_0566,5,27,4.6,1,1,0,0,0,0,0.2,0,0,0,1
bn_0567,3,15,4.333333333333333,1,1,0,0,0,0,0.3333333333333333,0,0,0,1
bn_0568,6,31,4.333333333333333,1,1,0,0,0,0,0.16666666666666666,0,0,0,0
bn_0569,7,37,4.428571428571429,1,1,0,0,0,0,0.14285714285714285,0,0,0,0
bn_0570,7,44,5.428571428571429,2,1,0,0,0,0,0.2857142857142857,0,0,0,0
bn_0571,8,56,6.125,2,1,0,0,0,0,0.25,0,0,0,0
bn_0572,5,22,3.6,0,0,0,0,0,0,0.0,0,0,1,1
bn_0573,15,73,3.933333333333333,0,0,0,0,0,0,0.0,0,0,1,1
bn_0574,22,123,4.636363636363637,2,1,0,0,0,0,0.09090909090909091,0,0,0,1
bn_0576,7,44,5.428571428571429,1,1,0,0,0,1,0.2857142857142857,0,0,0,0
bn_0577,14,77,4.571428571428571,2,1,0,0,0,0,0.14285714285714285,0,0,1,0
bn_0578,8,36,3.625,1,1,0,0,0,0,0.125,0,0,0,0
bn_0579,9,49,4.555555555555555,2,1,0,0,0,0,0.2222222222222222,0,0,0,1
bn_0580,8,43,4.5,1,1,0,0,0,0,0.125,0,0,1,1
bn_0581,8,43,4.5,1,1,0,0,0,0,0.125,0,0,0,0
bn_0582,9,47,4.333333333333333,2,1,0,0,0,0,0.2222222222222222,0,0,0,1
bn_0583,10,48,3.9,1,1,0,0,0,0,0.1,0,0,1,0
bn_0584,7,40,4.857142857142857,2,1,0,0,0,0,0.2857142857142857,0,0,0,1
bn_0585,16,78,3.9375,1,1,0,0,0,0,0.0625,0,0,0,0
bn_0586,3,25,7.666666666666667,1,1,0,0,0,0,0.3333333333333333,0,0,0,0
bn_0587,3,18,5.333333333333333,1,1,0,0,0,0,0.3333333333333333,0,0,0,0
bn_0588,5,23,3.8,1,1,0,0,0,0,0.2,0,0,0,1
bn_0589,13,66,4.153846153846154,0,0,0,0,0,0,0.0,0,0,0,1
bn_0590,6,40,5.833333333333333,1,1,0,0,0,0,0.16666666666666666,0,0,0,1
bn_0591,6,30,4.166666666666667,0,0,0,0,0,0,0.0,0,0,0,1
bn_0592,6,28,3.8333333333333335,0,0,0,0,0,0,0.0,0,0,0,1
bn_0593,8,44,4.625,0,0,0,0,0,0,0.0,0,0,0,0
bn_0594,4,19,4.0,1,1,0,0,0,0,0.25,0,0,0,1
bn_0595,4,20,4.25,0,0,0,0,1,0,0.25,0,0,0,0
bn_0596,3,14,4.0,0,0,0,0,0,0,0.0,0,0,0,1
bn_0597,8,37,3.75,0,0,0,0,1,0,0.125,0,0,0,1
bn_0598,9,45,4.111111111111111,0,0,0,0,0,0,0.0,0,0,0,0
bn_0599,4,21,4.5,0,0,0,0,0,0,0.0,0,0,0,1
bn_0600,10,56,4.7,0,0,0,0,0,0,0.0,0,0,1,1
bn_0601,8,41,4.25,0,0,0,0,0,0,0.0,0,0,0,1
bn_0602,6,30,4.166666666666667,1,1,0,0,0,0,0.16666666666666666,0,0,0,0
bn_0603,8,37,3.75,1,1,0,0,0,0,0.125,0,0,0,0
bn_0604,5,18,2.8,0,0,0,0,0,0,0.0,0,0,0,1
bn_0605,6,31,4.333333333333333,0,0,0,0,0,0,0.0,0,0,0,1
bn_0606,7,43,5.285714285714286,0,0,0,0,0,0,0.0,0,0,0,1
bn_0607,4,19,4.0,0,0,0,0,0,0,0.0,0,0,0,1
bn_0608,9,52,4.888888888888889,1,1,0,0,0,0,0.1111111111111111,0,0,0,0
bn_0610,6,30,4.166666666666667,0,0,0,0,1,0,0.16666666666666666,0,0,0,1
bn_0611,3,16,4.666666666666667,0,0,0,0,0,0,0.0,0,0,0,0
bn_0612,10,47,3.8,0,0,0,0,0,0,0.0,0,0,0,1
bn_0613,3,18,5.333333333333333,0,0,0,0,0,0,0.0,0,0,0,1
bn_0614,6,33,4.666666666666667,0,0,0,0,0,0,0.0,0,0,0,0
bn_0615,8,34,3.375,1,1,0,0,0,0,0.125,0,0,0,1
bn_0616,3,13,3.6666666666666665,0,0,0,0,0,0,0.0,0,0,0,1
bn_0617,6,28,3.8333333333333335,0,0,0,0,0,0,0.0,0,0,1,1
bn_0618,6,29,4.0,0,0,0,0,0,0,0.0,0,0,0,0
bn_0619,6,27,3.6666666666666665,0,0,0,0,0,0,0.0,0,0,1,0
bn_0621,6,30,4.166666666666667,0,0,0,0,0,0,0.0,0,0,0,0
bn_0622,8,44,4.625,0,0,0,0,0,0,0.0,0,0,0,0
bn_0623,3,20,6.0,1,1,0,0,0,0,0.3333333333333333,0,0,0,1
bn_0624,3,9,2.3333333333333335,0,0,0,0,0,0,0.0,0,0,0,1
bn_0625,8,42,4.375,0,0,0,0,0,1,0.125,0,0,0,1
bn_0626,5,26,4.4,0,0,0,0,0,0,0.0,0,0,0,1
bn_0627,7,34,4.0,1,1,0,0,0,0,0.14285714285714285,0,0,0,1
bn_0628,7,36,4.285714285714286,2,1,0,0,0,0,0.2857142857142857,0,0,0,1
bn_0629,4,19,4.0,0,0,0,0,0,0,0.0,0,0,0,1
bn_0631,4,19,4.0,0,0,0,0,0,0,0.0,0,0,0,1
bn_0633,6,29,4.0,0,0,0,0,0,0,0.0,0,0,1,1
bn_0634,9,46,4.222222222222222,0,0,0,0,0,0,0.0,0,0,0,1
bn_0635,8,36,3.625,0,0,0,0,0,0,0.0,0,0,0,0
bn_0636,5,34,6.0,1,1,0,0,0,0,0.2,0,0,0,1
bn_0637,5,23,3.8,1,1,0,0,0,0,0.2,0,0,0,1
bn_0638,4,25,5.5,0,0,0,0,0,0,0.0,0,0,0,1
bn_0639,7,38,4.571428571428571,0,0,0,0,0,0,0.0,0,0,0,1
bn_0640,5,25,4.2,0,0,0,0,0,0,0.0,0,0,0,1
bn_0641,8,43,4.5,2,1,0,0,0,0,0.25,0,0,0,0
bn_0642,7,29,3.2857142857142856,0,0,0,0,0,0,0.0,0,0,0,1
bn_0643,5,32,5.6,0,0,0,0,0,0,0.0,0,0,0,1
bn_0644,8,44,4.625,0,0,0,0,0,0,0.0,0,0,0,1
bn_0645,4,23,5.0,0,0,0,0,0,0,0.0,0,0,0,0
bn_0646,4,26,5.75,0,0,0,0,0,0,0.0,0,0,0,1
bn_0648,7,37,4.428571428571429,0,0,0,0,0,0,0.0,0,0,0,1
bn_0649,6,34,4.833333333333333,0,0,0,0,0,0,0.0,0,0,0,1
bn_0650,4,23,5.0,0,0,0,0,0,1,0.25,0,0,0,0
bn_0651,8,38,3.875,1,1,0,0,0,0,0.125,0,0,0,1
bn_0652,9,58,5.555555555555555,0,0,0,0,0,0,0.1111111111111111,0,0,0,1
bn_0653,17,93,4.529411764705882,0,0,5,1,0,0,0.29411764705882354,0,0,1,1
bn_0654,11,66,5.090909090909091,0,0,0,0,0,0,0.0,0,0,0,0
bn_0655,4,18,3.75,0,0,0,0,1,0,0.25,0,0,0,1
bn_0657,17,89,4.294117647058823,2,1,0,0,0,1,0.17647058823529413,0,0,0,1
bn_0658,8,53,5.75,1,1,0,0,0,0,0.125,0,0,0,1
bn_0659,20,112,4.65,3,1,3,1,0,0,0.3,0,0,0,0
bn_0660,10,44,3.5,1,1,0,0,0,2,0.3,0,0,0,1
bn_0661,5,26,4.4,1,1,0,0,0,0,0.2,0,0,0,0
bn_0663,6,26,3.5,0,0,0,0,0,0,0.0,0,0,0,0
bn_0664,3,19,5.666666666666667,2,1,0,0,0,0,0.6666666666666666,0,0,0,0
bn_0665,7,34,4.0,1,1,0,0,0,0,0.14285714285714285,0,0,0,1
bn_0666,9,43,3.888888888888889,0,0,0,0,0,0,0.0,0,0,0,0
bn_0667,15,88,4.933333333333334,1,1,0,0,0,0,0.06666666666666667,0,0,0,1
bn_0668,19,80,3.263157894736842,1,1,0,0,0,0,0.05263157894736842,0,0,0,1
bn_0669,17,105,5.235294117647059,1,1,1,0,0,0,0.11764705882352941,0,0,0,1
bn_0670,3,14,4.0,0,0,0,0,0,0,0.0,0,0,0,0
bn_0671,10,47,3.8,0,0,0,0,0,0,0.0,0,0,0,1
bn_0672,6,36,5.166666666666667,0,0,0,0,0,0,0.0,0,0,0,1
bn_0673,14,93,5.714285714285714,0,0,1,0,0,0,0.07142857142857142,0,0,0,1
bn_0674,19,99,4.2631578947368425,0,0,0,0,0,0,0.0,0,0,0,0
bn_0675,8,48,5.125,1,1,0,0,0,0,0.125,0,0,0,1
bn_0676,3,13,3.6666666666666665,0,0,0,0,0,0,0.0,0,0,0,1
bn_0677,24,151,5.333333333333333,2,1,1,0,0,0,0.125,0,0,0,1
bn_0678,6,33,4.666666666666667,2,1,0,0,0,0,0.3333333333333333,0,0,0,0
bn_0679,3,15,4.333333333333333,1,1,0,0,0,0,0.3333333333333333,0,0,0,0
bn_0680,5,35,6.2,0,0,0,0,0,0,1.6,0,0,0,0
bn_0681,15,78,4.266666666666667,1,1,1,0,1,0,0.2,0,0,0,0
bn_0682,16,100,5.3125,2,1,0,0,0,0,0.125,0,0,0,1
bn_0683,11,56,4.181818181818182,0,0,0,0,0,0,0.0,0,0,0,0
bn_0684,3,17,5.0,0,0,0,0,0,0,0.0,0,0,0,1
bn_0685,24,114,3.7916666666666665,2,1,1,0,0,0,0.125,0,0,0,1
bn_0686,19,96,4.105263157894737,2,1,0,0,0,0,0.10526315789473684,0,0,0,0
bn_0687,4,26,5.75,0,0,0,0,0,0,0.0,0,0,0,1
bn_0688,4,20,4.25,0,0,0,0,0,0,0.0,0,0,0,0
bn_0689,6,29,4.0,0,0,0,0,0,0,0.0,0,0,0,0
bn_0690,8,43,4.5,0,0,0,0,0,0,0.0,0,0,0,0
bn_0691,11,60,4.545454545454546,0,0,0,0,0,0,0.0,0,0,0,0
bn_0692,7,40,4.857142857142857,0,0,0,0,0,0,0.0,0,0,1,1
bn_0693,17,100,4.9411764705882355,1,1,0,0,0,0,0.058823529411764705,0,0,0,1
bn_0694,23,133,4.826086956521739,0,0,0,0,0,0,0.0,0,0,1,0
bn_0695,8,47,5.0,0,0,1,0,0,0,0.125,0,0,0,0
bn_0696,9,52,4.888888888888889,1,1,0,0,0,0,0.1111111111111111,0,0,0,1
bn_0697,4,20,4.25,0,0,0,0,0,1,0.25,0,0,0,0
bn_0698,5,27,4.6,1,1,0,0,0,0,0.2,0,0,0,0
bn_0699,5,23,3.8,0,0,0,0,0,0,0.0,0,0,0,1
bn_0700,6,28,3.8333333333333335,1,1,0,0,0,0,0.16666666666666666,0,0,0,1
bn_0701,11,53,3.909090909090909,1,1,0,0,0,0,0.09090909090909091,0,0,1,0
bn_0702,7,36,4.285714285714286,0,0,0,0,0,0,0.0,0,0,0,1
bn_0703,12,65,4.5,1,1,0,0,0,0,0.08333333333333333,0,0,0,1
bn_0704,11,60,4.545454545454546,0,0,0,0,0,0,0.0,0,0,0,1
bn_0705,9,67,6.555555555555555,1,1,0,0,0,0,0.1111111111111111,0,0,0,0
bn_0706,5,27,4.6,0,0,0,0,0,0,0.0,0,0,0,1
bn_0707,7,33,3.857142857142857,1,1,0,0,0,0,0.14285714285714285,0,0,0,1
bn_0708,9,44,4.0,0,0,0,0,0,0,0.0,0,0,0,0
bn_0709,3,17,5.0,0,0,0,0,0,0,0.0,0,0,0,1
bn_0710,6,30,4.166666666666667,0,0,0,0,0,0,0.0,0,0,1,0
bn_0711,13,88,5.846153846153846,1,1,3,0,0,0,0.3076923076923077,0,0,0,0
bn_0712,7,40,4.857142857142857,0,0,0,0,0,0,0.0,0,0,1,0
bn_0713,4,19,4.0,0,0,0,0,0,0,0.0,0,0,0,1
bn_0714,17,100,4.9411764705882355,1,1,0,0,0,0,0.058823529411764705,0,0,0,0
bn_0715,8,40,4.125,0,0,0,0,0,0,0.0,0,0,0,0
bn_0716,11,65,5.0,0,0,1,0,0,0,0.09090909090909091,0,0,0,0
bn_0717,8,38,3.875,0,0,0,0,0,0,0.0,0,0,0,1
bn_0718,9,49,4.555555555555555,1,1,0,0,0,0,0.1111111111111111,0,0,1,1
bn_0719,4,19,4.0,1,1,0,0,0,0,0.25,0,0,0,0
bn_0720,10,69,6.0,0,0,0,0,0,0,0.0,0,0,0,1
bn_0721,8,42,4.375,0,0,1,0,0,0,0.125,0,0,0,1
bn_0722,4,29,6.5,0,0,0,0,0,0,0.0,0,0,0,1
bn_0723,10,58,4.9,1,1,0,0,0,0,0.1,0,0,0,1
bn_0724,9,45,4.111111111111111,0,0,0,0,0,0,0.0,0,0,0,1
bn_0725,12,60,4.083333333333333,1,1,0,0,0,0,0.08333333333333333,0,0,1,1
bn_0726,9,41,3.6666666666666665,0,0,0,0,0,0,0.0,0,0,0,1
bn_0727,9,39,3.4444444444444446,0,0,0,0,0,0,0.0,0,0,0,0
bn_0728,8,40,4.125,0,0,0,0,0,0,0.0,0,0,1,1
bn_0729,7,35,4.142857142857143,0,0,0,0,0,0,0.0,0,0,1,1
bn_0730,9,47,4.333333333333333,0,0,1,0,0,0,0.1111111111111111,0,0,0,0
bn_0731,5,29,5.0,0,0,0,0,0,0,0.0,0,0,0,1
bn_0732,7,33,3.857142857142857,0,0,0,0,0,0,0.0,0,0,0,1
bn_0733,3,14,4.0,1,1,0,0,0,0,0.3333333333333333,0,0,0,1
bn_0734,7,31,3.5714285714285716,0,0,0,0,0,0,0.0,0,0,0,1
bn_0735,4,23,5.0,1,1,0,0,0,0,0.25,0,0,0,0
bn_0736,6,36,5.166666666666667,1,1,0,0,0,0,0.16666666666666666,0,0,1,1
bn_0737,4,21,4.5,0,0,0,0,0,0,0.0,0,0,0,1
bn_0738,12,68,4.75,1,1,0,0,0,0,0.08333333333333333,0,0,0,0
bn_0739,7,52,6.571428571428571,1,1,2,0,0,0,0.42857142857142855,0,0,0,1
bn_0740,3,9,2.3333333333333335,0,0,0,0,0,0,0.0,0,0,0,0
bn_0741,5,27,4.6,0,0,0,0,0,0,0.0,0,0,0,1
bn_0742,5,26,4.4,0,0,0,0,0,0,0.0,0,0,0,1
bn_0743,7,25,2.7142857142857144,0,0,0,0,0,0,0.0,0,0,0,1
bn_0744,14,99,6.142857142857143,2,1,6,1,0,0,0.5714285714285714,0,0,0,0
bn_0745,10,50,4.1,0,0,0,0,0,0,0.0,0,0,0,0
bn_0746,6,31,4.333333333333333,0,0,2,0,0,0,0.3333333333333333,0,0,0,0
bn_0747,7,29,3.2857142857142856,0,0,0,0,0,0,0.0,0,0,0,0
bn_0748,19,101,4.368421052631579,0,0,0,0,0,0,0.0,0,0,1,1
bn_0749,9,42,3.7777777777777777,1,1,1,0,0,0,0.2222222222222222,0,0,0,0
bn_0750,15,78,4.266666666666667,0,0,0,0,0,0,0.0,0,0,0,0
bn_0751,12,65,4.5,1,1,0,0,0,0,0.08333333333333333,0,0,0,1
bn_0752,8,48,5.125,0,0,0,0,0,0,0.0,0,0,0,0
bn_0753,9,40,3.5555555555555554,0,0,0,0,0,0,0.0,0,0,0,0
bn_0754,4,22,4.75,0,0,0,0,0,0,0.0,0,0,0,1
bn_0755,7,34,4.0,1,1,0,0,0,0,0.14285714285714285,0,0,0,1
bn_0756,5,26,4.4,0,0,0,0,0,0,0.0,0,0,0,1
bn_0757,15,80,4.4,1,1,0,0,0,0,0.06666666666666667,0,0,0,0
bn_0758,6,27,3.6666666666666665,0,0,0,0,0,0,0.0,0,0,0,1
bn_0759,4,20,4.25,0,0,0,0,0,0,0.0,0,0,0,0
bn_0760,5,22,3.6,0,0,0,0,0,0,0.0,0,0,0,1
bn_0761,5,24,4.0,0,0,0,0,0,0,0.0,0,0,0,1
bn_0762,4,20,4.25,0,0,0,0,0,0,0.0,0,0,0,1
bn_0763,5,20,3.2,0,0,0,0,0,0,0.0,0,0,0,0
bn_0764,9,47,4.333333333333333,0,0,0,0,0,0,0.0,0,0,0,1
bn_0765,10,48,3.9,0,0,0,0,0,0,0.0,0,0,0,1
bn_0766,7,32,3.7142857142857144,0,0,0,0,0,0,0.0,0,0,0,0
bn_0767,23,125,4.478260869565218,0,0,0,0,0,0,0.0,0,0,0,1
bn_0768,7,32,3.7142857142857144,1,1,0,0,0,0,0.14285714285714285,0,0,0,1
bn_0769,11,60,4.545454545454546,0,0,1,0,0,0,0.09090909090909091,0,0,0,1
bn_0770,22,100,3.590909090909091,0,0,0,0,0,0,0.0,0,0,0,0
bn_0771,4,18,3.75,0,0,0,0,0,0,0.0,0,0,0,0
bn_0772,11,72,5.636363636363637,0,0,0,0,0,0,0.0,0,0,0,0
bn_0773,13,67,4.230769230769231,0,0,1,0,0,0,0.07692307692307693,0,0,0,0
bn_0774,6,38,5.5,0,0,0,0,0,0,0.0,0,0,0,1
bn_0775,4,25,5.5,1,1,0,0,0,0,0.25,0,0,0,1
bn_0776,4,17,3.5,0,0,0,0,0,0,0.0,0,0,0,1
bn_0777,14,64,3.642857142857143,0,0,0,0,0,0,0.0,0,0,0,0
bn_0778,7,32,3.7142857142857144,0,0,0,0,0,0,0.0,0,0,0,1
bn_0779,6,34,4.833333333333333,0,0,0,0,0,0,0.0,0,0,0,1
bn_0780,6,32,4.5,1,1,0,0,0,0,0.16666666666666666,0,0,0,1
bn_0781,8,50,5.375,1,1,0,0,0,0,0.125,0,0,0,0
bn_0782,8,34,3.375,0,0,0,0,0,0,0.0,0,0,0,0
bn_0783,12,64,4.416666666666667,0,0,0,0,0,0,0.0,0,0,0,1
bn_0784,8,38,3.875,0,0,0,0,0,0,0.0,0,0,1,0
bn_0785,9,43,3.888888888888889,0,0,0,0,0,0,0.0,0,0,0,0
bn_0786,9,57,5.444444444444445,0,0,0,0,0,0,0.0,0,0,0,1
bn_0787,12,63,4.333333333333333,0,0,0,0,0,0,0.0,0,0,0,1
bn_0788,9,51,4.777777777777778,0,0,0,0,0,0,0.0,0,0,0,0
bn_0789,15,78,4.266666666666667,0,0,0,0,0,0,0.0,0,0,0,1
bn_0790,11,55,4.090909090909091,1,1,0,0,0,0,0.09090909090909091,0,0,0,0
bn_0791,6,38,5.5,0,0,0,0,0,0,0.0,0,0,0,0
bn_0792,8,40,4.125,0,0,0,0,0,0,0.0,0,0,0,1
bn_0793,23,115,4.043478260869565,0,0,0,0,0,0,0.0,0,0,1,0
bn_0794,26,145,4.615384615384615,0,0,3,0,0,0,0.11538461538461539,0,0,0,1
bn_0795,15,78,4.266666666666667,0,0,1,0,0,0,0.06666666666666667,0,0,1,0
bn_0796,14,71,4.142857142857143,0,0,0,0,0,0,0.0,0,0,0,0
bn_0797,18,95,4.333333333333333,1,1,0,0,0,0,0.05555555555555555,0,0,0,1
bn_0798,6,24,3.1666666666666665,0,0,0,0,0,0,0.0,0,0,0,0
bn_0799,7,34,4.0,0,0,0,0,0,0,0.0,0,0,0,1
bn_0800,16,74,3.6875,0,0,0,0,0,0,0.0,0,0,0,1
bn_0802,20,106,4.35,1,1,0,0,0,0,0.05,0,0,0,0
bn_0803,5,25,4.2,1,1,0,0,0,0,0.2,0,0,0,1
bn_0804,12,51,3.3333333333333335,1,1,0,0,0,0,0.08333333333333333,0,0,0,1
bn_0805,9,43,3.888888888888889,0,0,0,0,0,0,0.0,0,0,0,1
bn_0806,19,91,3.8421052631578947,0,0,0,0,0,0,0.0,0,0,0,1
bn_0807,3,14,4.0,1,1,0,0,0,0,0.3333333333333333,0,0,0,1
bn_0808,7,38,4.571428571428571,0,0,0,0,0,0,0.0,0,0,0,1
bn_0809,5,18,2.8,0,0,0,0,0,0,0.0,0,0,0,1
bn_0810,4,24,5.25,0,0,0,0,0,0,0.0,0,0,0,1
bn_0811,5,22,3.6,0,0,0,0,0,0,0.0,0,0,0,1
bn_0812,13,65,4.076923076923077,1,1,0,0,0,0,0.07692307692307693,0,0,0,0
bn_0813,18,93,4.222222222222222,0,0,0,0,0,0,0.0,0,0,0,0
bn_0814,17,93,4.529411764705882,1,1,0,0,0,0,0.058823529411764705,0,0,0,0
bn_0815,16,73,3.625,1,1,0,0,0,0,0.0625,0,0,0,0
bn_0816,23,112,3.9130434782608696,2,1,0,0,0,0,0.08695652173913043,0,0,0,0
bn_0817,17,88,4.235294117647059,1,1,0,0,0,0,0.058823529411764705,0,0,0,0
bn_0818,11,56,4.181818181818182,0,0,0,0,0,0,0.0,0,0,0,1
bn_0819,15,68,3.6,0,0,0,0,0,0,0.0,0,0,0,1
bn_0820,29,160,4.551724137931035,1,1,0,0,0,0,0.034482758620689655,0,0,0,1
bn_0821,12,67,4.666666666666667,0,0,0,0,0,0,0.0,0,0,0,1
bn_0822,22,108,3.9545454545454546,0,0,0,0,0,0,0.0,0,0,0,0
bn_0823,17,79,3.7058823529411766,0,0,0,0,0,0,0.0,0,0,0,0
bn_0824,16,93,4.875,0,0,0,0,1,1,0.5625,0,0,0,0
bn_0826,7,37,4.428571428571429,0,0,0,0,0,0,0.0,0,0,0,0
bn_0827,7,30,3.4285714285714284,0,0,0,0,0,0,0.0,0,0,0,1
bn_0828,23,144,5.304347826086956,4,1,1,0,0,0,0.21739130434782608,0,0,0,1
bn_0829,10,62,5.3,0,0,1,0,0,0,0.1,0,0,0,1
bn_0830,7,28,3.142857142857143,0,0,0,0,0,0,0.0,0,0,0,1
bn_0831,3,17,5.0,0,0,1,0,0,0,0.3333333333333333,0,0,0,0
bn_0832,6,31,4.333333333333333,0,0,0,0,0,0,0.0,0,0,0,0
bn_0833,6,34,4.833333333333333,0,0,0,0,2,0,0.3333333333333333,0,0,0,0
bn_0834,4,20,4.25,0,0,0,0,0,0,0.0,0,0,0,1
bn_0835,7,34,4.0,0,0,0,0,0,0,0.0,0,0,0,1
bn_0836,4,19,4.0,1,1,0,0,0,0,0.25,0,0,0,1
bn_0837,16,80,4.0625,0,0,0,0,0,0,0.0,0,0,0,0
bn_0838,6,26,3.5,0,0,1,0,0,0,0.16666666666666666,0,0,0,1
bn_0839,13,53,3.1538461538461537,0,0,0,0,0,0,0.0,0,0,0,1
bn_0840,7,44,5.428571428571429,0,0,0,0,0,0,0.0,0,0,0,0
bn_0841,16,93,4.875,0,0,0,0,0,0,0.0,0,0,0,0
bn_0842,23,100,3.391304347826087,0,0,0,0,0,0,0.0,0,0,0,0
bn_0843,16,83,4.25,0,0,0,0,0,0,0.0,0,0,0,1
bn_0844,15,81,4.466666666666667,0,0,0,0,0,0,0.0,0,0,1,1
bn_0845,4,19,4.0,0,0,0,0,0,0,0.0,0,0,0,0
bn_0846,11,57,4.2727272727272725,0,0,0,0,0,0,0.0,0,0,0,0
bn_0847,11,73,5.7272727272727275,0,0,0,0,0,0,0.0,0,0,0,0
bn_0848,5,27,4.6,0,0,0,0,0,0,0.0,0,0,0,1
bn_0850,29,158,4.482758620689655,0,0,0,0,0,0,0.0,0,0,1,1
bn_0851,14,74,4.357142857142857,0,0,0,0,0,0,0.0,0,0,0,0
bn_0852,3,17,5.0,0,0,0,0,0,0,0.0,0,0,0,0
bn_0853,8,42,4.375,1,1,0,0,0,0,0.125,0,0,0,1
bn_0854,3,22,6.666666666666667,0,0,0,0,0,0,0.0,0,0,0,1
bn_0855,5,26,4.4,0,0,0,0,0,0,0.0,0,0,0,1
bn_0856,10,47,3.8,0,0,0,0,0,0,0.0,0,0,1,0
bn_0857,26,145,4.615384615384615,2,1,0,0,0,0,0.07692307692307693,0,0,0,0
bn_0858,5,20,3.2,0,0,0,0,0,0,0.0,0,0,0,1
bn_0859,18,93,4.222222222222222,0,0,0,0,0,0,0.0,0,0,0,0
bn_0860,3,19,5.666666666666667,0,0,0,0,0,0,0.0,0,0,0,0
bn_0861,10,60,5.1,0,0,0,0,0,0,0.0,0,0,0,0
bn_0862,13,81,5.3076923076923075,0,0,1,0,4,0,0.38461538461538464,0,0,0,1
bn_0863,5,24,4.0,0,0,0,0,0,0,0.0,0,0,0,0
bn_0864,15,80,4.4,1,1,0,0,0,0,0.06666666666666667,0,0,0,1
bn_0865,6,38,5.5,1,1,0,0,0,0,0.16666666666666666,0,0,0,1
bn_0866,3,16,4.666666666666667,1,1,0,0,0,0,0.3333333333333333,0,0,0,1
bn_0867,6,36,5.166666666666667,0,0,1,0,0,0,0.16666666666666666,0,0,0,1
bn_0868,14,89,5.428571428571429,1,1,0,0,0,0,0.07142857142857142,0,0,0,1
bn_0869,7,40,4.857142857142857,0,0,0,0,0,0,0.0,0,0,0,0
bn_0870,3,15,4.333333333333333,0,0,0,0,0,0,0.0,0,0,0,1
bn_0871,10,63,5.4,0,0,0,0,0,1,0.1,0,0,0,0
bn_0872,10,44,3.5,0,0,0,0,0,0,0.0,0,0,0,0
bn_0873,6,32,4.5,0,0,0,0,0,0,0.0,0,0,0,0
bn_0874,3,17,5.0,0,0,0,0,0,0,0.0,0,0,0,1
bn_0875,8,48,5.125,0,0,1,0,0,0,0.125,0,0,1,1
bn_0876,38,241,5.368421052631579,2,1,2,0,0,0,0.10526315789473684,0,0,0,0
bn_0878,16,83,4.25,2,1,2,0,0,0,0.25,0,0,0,1
bn_0879,10,52,4.3,1,1,0,0,0,0,0.1,0,0,0,1
bn_0880,36,219,5.111111111111111,3,1,1,0,0,0,0.1111111111111111,0,0,0,1
bn_0881,8,34,3.375,1,1,0,0,0,0,0.125,0,0,0,0
bn_0882,6,37,5.333333333333333,0,0,0,0,0,0,0.0,0,0,0,0
bn_0883,4,18,3.75,0,0,0,0,0,0,0.0,0,0,0,0
bn_0884,4,33,7.5,0,0,0,0,0,0,0.0,0,0,0,0
bn_0885,5,29,5.0,0,0,0,0,0,0,0.0,0,0,0,1
bn_0887,16,72,3.5625,0,0,1,0,0,0,0.0625,0,0,0,1
bn_0888,19,92,3.8947368421052633,0,0,0,0,0,0,0.0,0,0,0,0
bn_0889,18,93,4.222222222222222,1,1,0,0,0,0,0.05555555555555555,0,0,0,1
bn_0890,10,54,4.5,1,1,0,0,2,0,0.3,0,0,0,1
bn_0891,13,70,4.461538461538462,1,1,0,0,0,0,0.07692307692307693,0,0,0,1
bn_0892,7,35,4.142857142857143,0,0,0,0,0,0,0.0,0,0,0,1
bn_0893,21,121,4.809523809523809,1,1,0,0,0,0,0.047619047619047616,0,0,1,1
bn_0894,10,58,4.9,1,1,0,0,0,0,0.1,0,0,0,1
bn_0896,10,64,5.5,0,0,1,0,0,0,0.3,0,0,0,1
bn_0898,6,36,5.166666666666667,0,0,0,0,0,0,0.0,0,0,0,1
bn_0899,5,24,4.0,0,0,0,0,0,0,0.0,0,0,0,1
bn_0900,7,29,3.2857142857142856,0,0,0,0,0,0,0.0,0,0,0,1
bn_0901,9,45,4.111111111111111,0,0,0,0,0,0,0.0,0,0,0,0
bn_0902,5,25,4.2,0,0,0,0,0,0,0.0,0,0,0,1
bn_0903,17,94,4.588235294117647,0,0,0,0,0,0,0.0,0,0,0,1
bn_0904,4,19,4.0,0,0,0,0,0,0,0.0,0,0,1,1
bn_0905,25,175,6.04,0,0,3,0,1,3,0.36,0,0,0,0
bn_0907,3,22,6.666666666666667,0,0,0,0,0,0,0.0,0,0,0,0
bn_0908,4,16,3.25,0,0,0,0,0,0,0.0,0,0,0,0
bn_0909,3,15,4.333333333333333,0,0,0,0,0,0,0.0,0,0,0,1
bn_0911,8,47,5.0,1,1,0,0,0,0,0.125,0,0,0,1
bn_0912,27,137,4.111111111111111,3,1,0,0,0,0,0.1111111111111111,0,0,0,0
bn_0913,6,31,4.333333333333333,0,0,0,0,0,0,0.0,0,0,0,1
bn_0914,3,23,7.0,0,0,0,0,0,0,0.3333333333333333,0,0,0,1
bn_0915,5,30,5.2,0,0,0,0,0,0,0.0,0,0,0,1
bn_0916,5,20,3.2,1,1,0,0,0,0,0.2,0,0,0,0
bn_0917,10,61,5.2,1,1,3,0,0,0,0.4,0,0,0,0
bn_0918,3,16,4.666666666666667,0,0,0,0,1,2,1.0,0,0,0,0
bn_0919,5,31,5.4,0,0,1,0,0,0,0.2,0,0,0,1
bn_0920,6,31,4.333333333333333,0,0,0,0,0,0,0.0,0,0,1,1
bn_0921,20,164,7.25,13,1,0,0,0,0,0.65,0,0,0,0
bn_0922,3,19,5.666666666666667,0,0,0,0,0,0,0.0,0,0,0,1
bn_0923,5,25,4.2,0,0,0,0,0,0,0.0,0,0,0,1
bn_0924,3,23,7.0,0,0,0,0,0,0,0.0,0,0,0,1
bn_0925,4,28,6.25,0,0,0,0,0,0,0.0,0,0,0,1
bn_0926,13,50,2.923076923076923,1,1,1,0,0,0,0.15384615384615385,0,0,0,1
bn_0927,7,31,3.5714285714285716,0,0,0,0,0,0,0.0,0,0,1,0
bn_0928,8,41,4.25,0,0,0,0,0,0,0.0,0,0,1,0
bn_0929,7,40,4.857142857142857,0,0,1,0,0,0,0.14285714285714285,0,0,0,0
bn_0930,25,151,5.08,3,1,1,0,0,0,0.16,0,0,0,1
bn_0931,26,155,5.0,2,1,2,0,0,0,0.15384615384615385,0,0,1,0
bn_0932,14,93,5.714285714285714,2,1,0,0,0,0,0.14285714285714285,0,0,0,0
bn_0933,3,16,4.666666666666667,0,0,0,0,0,0,0.0,0,0,0,1
bn_0934,8,44,4.625,0,0,0,0,0,0,0.0,0,0,0,1
bn_0935,10,57,4.8,0,0,1,0,0,0,0.1,0,0,0,1
bn_0936,19,103,4.473684210526316,2,1,0,0,0,1,0.15789473684210525,0,0,0,1
bn_0937,7,34,4.0,1,1,0,0,0,0,0.14285714285714285,0,0,0,1
bn_0938,16,85,4.375,3,1,0,0,0,0,0.1875,0,0,0,0
bn_0939,18,123,5.888888888888889,5,1,0,0,0,0,0.2777777777777778,0,0,0,1
bn_0940,3,14,4.0,0,0,0,0,0,0,0.0,0,0,0,1
bn_0941,15,68,3.6,2,1,0,0,0,0,0.13333333333333333,0,0,0,0
bn_0942,3,17,5.0,0,0,0,0,0,0,0.0,0,0,0,1
bn_0943,14,72,4.214285714285714,4,1,0,0,0,0,0.2857142857142857,0,0,0,1
bn_0944,4,19,4.0,0,0,0,0,1,0,0.25,0,0,0,1
bn_0945,7,47,5.857142857142857,0,0,1,0,0,0,0.14285714285714285,0,0,0,1
bn_0946,8,36,3.625,0,0,1,0,0,0,0.125,0,0,0,0
bn_0947,7,51,6.428571428571429,1,1,1,0,0,0,0.2857142857142857,0,0,0,0
bn_0948,7,35,4.142857142857143,0,0,0,0,0,0,0.0,0,0,0,1
bn_0949,5,25,4.2,0,0,0,0,1,0,0.2,0,0,0,0
bn_0950,17,91,4.411764705882353,1,1,0,0,0,0,0.058823529411764705,0,0,0,1
bn_0951,12,56,3.75,0,0,1,0,0,0,0.08333333333333333,0,0,0,1
bn_0952,14,68,3.9285714285714284,0,0,0,0,0,0,0.0,0,0,0,1
bn_0953,10,46,3.7,1,1,0,0,3,0,0.4,0,0,0,0
bn_0954,8,43,4.5,0,0,0,0,0,0,0.0,0,0,0,0
bn_0955,12,71,5.0,0,0,4,1,0,0,0.3333333333333333,0,0,1,1
bn_0956,6,32,4.5,1,1,0,0,0,0,0.16666666666666666,0,1,0,1
bn_0957,12,64,4.416666666666667,0,0,0,0,0,0,0.0,0,0,0,1
bn_0958,5,27,4.6,0,0,0,0,0,0,0.0,0,0,0,0
bn_0959,18,91,4.111111111111111,2,1,0,0,0,0,0.1111111111111111,0,0,1,0
bn_0960,8,36,3.625,0,0,0,0,0,0,0.0,0,0,0,1
bn_0961,11,57,4.2727272727272725,1,1,0,0,0,0,0.09090909090909091,0,0,0,1
bn_0962,5,31,5.4,1,1,0,0,0,0,0.2,0,0,0,1
bn_0963,4,21,4.5,0,0,0,0,0,0,0.0,0,0,0,1
bn_0964,8,52,5.625,2,1,0,0,0,0,0.25,0,0,0,1
bn_0965,3,22,6.666666666666667,0,0,0,0,0,0,0.0,0,0,0,0
bn_0966,6,30,4.166666666666667,1,1,0,0,0,0,0.16666666666666666,0,0,1,1
bn_0967,7,37,4.428571428571429,1,1,0,0,0,0,0.14285714285714285,0,0,0,1
bn_0968,4,21,4.5,0,0,0,0,0,0,0.0,0,0,0,0
bn_0969,9,59,5.666666666666667,1,1,0,0,0,0,0.1111111111111111,0,0,0,1
bn_0970,3,14,4.0,0,0,0,0,0,0,0.0,0,0,0,1
bn_0971,7,32,3.7142857142857144,0,0,0,0,0,0,0.0,0,0,0,1
bn_0972,7,34,4.0,1,1,0,0,0,0,0.14285714285714285,0,0,0,1
bn_0973,4,24,5.25,0,0,0,0,0,0,0.0,0,0,0,1
bn_0974,3,18,5.333333333333333,0,0,0,0,0,0,0.0,0,0,0,1
bn_0975,4,18,3.75,1,1,0,0,0,0,0.25,0,0,0,1
bn_0976,5,26,4.4,0,0,0,0,0,0,0.0,0,0,0,1
bn_0978,15,79,4.333333333333333,0,0,0,0,0,0,0.0,0,0,1,1
bn_0979,3,14,4.0,0,0,0,0,0,0,0.0,0,0,0,1
bn_0980,3,18,5.333333333333333,0,0,0,0,0,0,0.0,0,0,0,1
bn_0981,5,24,4.0,0,0,0,0,0,0,0.0,0,0,0,1
bn_0982,6,39,5.666666666666667,1,1,0,0,0,0,0.16666666666666666,0,0,0,1
bn_0983,6,37,5.333333333333333,0,0,0,0,0,0,0.0,0,0,0,1
bn_0984,5,22,3.6,0,0,0,0,0,0,0.0,0,0,0,1
bn_0985,10,52,4.3,1,1,0,0,0,0,0.1,0,0,1,0
bn_0986,4,18,3.75,0,0,0,0,0,0,0.0,0,0,0,1
bn_0987,5,27,4.6,0,0,0,0,0,0,0.0,0,0,0,0
bn_0988,6,30,4.166666666666667,0,0,0,0,0,0,0.0,0,0,0,0
bn_0990,3,15,4.333333333333333,0,0,0,0,0,0,0.0,0,0,1,1
bn_0991,9,49,4.555555555555555,0,0,1,0,0,0,0.1111111111111111,0,0,0,1
bn_0992,3,15,4.333333333333333,0,0,0,0,0,0,0.0,0,0,0,1
bn_0993,6,39,5.666666666666667,0,0,2,0,0,0,0.3333333333333333,0,0,0,0
bn_0994,10,44,3.5,0,0,0,0,0,0,0.0,0,0,0,0
bn_0995,11,58,4.363636363636363,1,1,0,0,0,0,0.09090909090909091,0,0,0,0
bn_0996,4,20,4.25,0,0,0,0,0,0,0.0,0,0,0,1
bn_0997,9,44,4.0,0,0,0,0,0,0,0.0,0,0,0,1
bn_0998,11,55,4.090909090909091,0,0,0,0,0,0,0.0,0,0,0,0
bn_0999,13,72,4.615384615384615,0,0,7,1,0,0,0.5384615384615384,0,0,1,0
bn_1000,7,42,5.142857142857143,0,0,0,0,0,0,0.0,0,0,0,0
bn_1001,40,245,5.15,3,1,3,0,2,0,0.2,0,0,0,0
bn_1002,9,45,4.111111111111111,0,0,0,0,0,0,0.0,0,0,0,0
bn_1003,8,42,4.375,0,0,0,0,0,0,0.0,0,0,0,0
bn_1004,27,156,4.814814814814815,3,1,0,0,0,0,0.1111111111111111,0,0,0,0
bn_1005,29,161,4.586206896551724,0,0,0,0,0,0,0.0,0,0,0,0
bn_1006,21,130,5.238095238095238,4,1,0,0,0,0,0.19047619047619047,0,0,0,0
bn_1007,53,342,5.471698113207547,7,1,1,0,0,0,0.1509433962264151,0,0,1,0
bn_1008,6,37,5.333333333333333,1,1,0,0,0,0,0.5,0,0,1,0
bn_1009,21,118,4.666666666666667,0,0,6,1,0,0,0.2857142857142857,0,0,0,0
bn_1011,8,53,5.75,0,0,3,1,0,0,0.375,0,0,0,0
bn_1012,16,89,4.625,2,1,0,0,0,0,0.125,0,0,1,0
bn_1013,9,46,4.222222222222222,0,0,0,0,0,0,0.0,0,0,0,1
bn_1015,6,34,4.833333333333333,0,0,0,0,0,0,0.0,0,0,0,0
bn_1016,4,21,4.5,0,0,0,0,0,0,0.0,0,0,0,0
bn_1017,21,117,4.619047619047619,1,1,2,1,0,0,0.14285714285714285,0,0,1,0
bn_1018,9,52,4.888888888888889,1,1,1,0,0,0,0.2222222222222222,0,0,0,1
bn_1020,10,69,6.0,2,1,0,0,0,0,0.2,0,0,0,0
bn_1021,13,81,5.3076923076923075,2,1,0,0,0,0,0.15384615384615385,0,0,0,0
bn_1022,12,64,4.416666666666667,0,0,0,0,0,0,0.0,0,0,0,0
bn_1023,25,155,5.24,2,1,1,0,0,0,0.12,0,0,0,0
bn_1024,7,39,4.714285714285714,1,1,0,0,0,0,0.14285714285714285,0,0,0,0
bn_1025,19,117,5.2105263157894735,3,1,0,0,0,0,0.15789473684210525,0,0,0,0
bn_1026,4,19,4.0,1,1,0,0,0,0,0.25,0,0,0,0
bn_1027,12,57,3.8333333333333335,0,0,0,0,0,0,0.0,0,0,0,0
bn_1028,14,70,4.071428571428571,1,1,0,0,0,0,0.07142857142857142,0,0,1,0
bn_1029,21,111,4.333333333333333,2,1,0,0,0,0,0.09523809523809523,0,0,0,0
bn_1030,21,120,4.761904761904762,0,0,2,0,0,0,0.09523809523809523,0,0,0,0
bn_1031,27,143,4.333333333333333,2,1,2,0,0,0,0.14814814814814814,0,0,0,0
bn_1032,13,71,4.538461538461538,0,0,0,0,0,0,0.0,0,0,0,0
bn_1033,13,79,5.153846153846154,1,1,0,0,0,0,0.07692307692307693,0,0,1,0
bn_1034,5,42,7.6,0,0,3,1,0,0,0.6,0,0,1,0
bn_1035,8,40,4.125,1,1,0,0,0,0,0.125,0,0,0,0
bn_1036,9,51,4.777777777777778,1,1,0,0,0,0,0.1111111111111111,0,0,0,1
bn_1037,7,36,4.285714285714286,0,0,0,0,0,0,0.0,0,0,0,0
bn_1039,15,78,4.266666666666667,0,0,0,0,0,0,0.0,0,0,0,0
bn_1040,7,48,6.0,2,1,0,0,0,0,0.2857142857142857,0,0,1,1
bn_1041,13,68,4.3076923076923075,2,1,0,0,0,0,0.15384615384615385,0,0,0,0
bn_1042,12,70,4.916666666666667,3,1,0,0,0,0,0.5,0,0,0,0
bn_1043,9,73,7.222222222222222,3,1,1,0,0,0,0.4444444444444444,0,0,0,1
bn_1044,17,105,5.235294117647059,3,1,2,0,0,0,0.29411764705882354,0,0,0,0
bn_1045,27,192,6.148148148148148,2,1,1,0,0,0,0.1111111111111111,0,0,0,0
bn_1046,11,57,4.2727272727272725,2,1,0,0,0,0,0.18181818181818182,0,0,0,1
bn_1047,14,85,5.142857142857143,3,1,0,0,0,0,0.2857142857142857,0,0,0,0
bn_1048,14,90,5.5,2,1,0,0,0,0,0.14285714285714285,0,0,0,0
bn_1049,5,25,4.2,0,0,0,0,0,0,0.0,0,0,0,0
bn_1050,12,67,4.666666666666667,1,1,0,0,0,0,0.08333333333333333,0,0,0,0
bn_1051,10,62,5.3,1,1,0,0,0,0,0.2,0,0,0,0
bn_1052,8,41,4.25,0,0,0,0,1,0,0.125,0,0,0,0
bn_1053,3,11,3.0,0,0,0,0,0,0,0.0,0,0,0,1
bn_1054,9,49,4.555555555555555,0,0,2,1,0,0,0.2222222222222222,0,0,0,1
bn_1055,4,21,4.5,0,0,0,0,0,0,0.0,0,0,0,0
bn_1056,4,23,5.0,0,0,0,0,0,0,0.0,0,0,0,0
bn_1057,6,41,6.0,1,1,0,0,0,0,0.16666666666666666,0,0,0,1
bn_1058,15,67,3.533333333333333,1,1,0,0,0,0,0.2,0,0,0,0
bn_1059,11,72,5.636363636363637,1,1,0,0,0,0,0.09090909090909091,0,0,1,0
bn_1060,12,60,4.083333333333333,0,0,0,0,0,0,0.0,0,0,1,0
bn_1061,9,55,5.222222222222222,0,0,0,0,0,0,0.0,0,0,0,1
bn_1062,10,48,3.9,1,1,1,0,0,0,0.2,0,0,1,0
bn_1063,9,55,5.222222222222222,0,0,1,0,0,0,0.1111111111111111,0,0,0,0
bn_1064,15,84,4.666666666666667,2,1,0,0,0,0,0.13333333333333333,0,0,0,0
bn_1065,5,28,4.8,0,0,0,0,0,0,0.0,0,0,0,0
bn_1066,8,53,5.75,0,0,0,0,0,0,0.0,0,0,0,0
bn_1067,9,53,5.0,1,1,0,0,0,0,0.1111111111111111,0,0,0,1
bn_1068,15,83,4.6,2,1,0,0,0,0,0.13333333333333333,0,0,0,0
bn_1069,12,72,5.083333333333333,1,1,0,0,1,0,0.16666666666666666,0,0,0,1
bn_1070,6,38,5.5,0,0,0,0,0,0,0.0,0,0,0,0
bn_1071,7,46,5.714285714285714,0,0,0,0,0,0,0.0,0,0,0,0
bn_1072,7,48,6.0,2,1,0,0,0,0,0.2857142857142857,0,0,0,0
bn_1073,17,120,6.117647058823529,1,1,0,0,0,0,0.058823529411764705,0,0,0,1
bn_1074,17,91,4.411764705882353,1,1,0,0,0,0,0.058823529411764705,0,0,0,0
bn_1075,8,43,4.5,1,1,0,0,0,0,0.125,0,0,0,1
bn_1076,22,132,5.045454545454546,3,1,0,0,0,0,0.13636363636363635,0,0,0,0
bn_1077,22,105,3.8181818181818183,0,0,0,0,0,0,0.0,0,0,0,0
bn_1078,16,99,5.25,1,1,0,0,0,0,0.0625,0,0,0,0
bn_1079,8,51,5.5,3,1,0,0,0,0,0.375,0,0,0,0
bn_1080,23,148,5.478260869565218,2,1,0,0,0,0,0.08695652173913043,0,0,0,0
bn_1081,8,43,4.5,0,0,0,0,0,0,0.0,0,0,1,0
bn_1082,31,177,4.741935483870968,5,1,1,0,0,0,0.1935483870967742,0,0,0,0
bn_1083,4,20,4.25,0,0,0,0,0,0,0.0,0,0,1,1
bn_1084,8,48,5.125,1,1,0,0,0,0,0.125,0,0,1,0
bn_1085,13,77,5.0,2,1,1,0,2,0,0.38461538461538464,0,0,0,1
bn_1086,11,74,5.818181818181818,1,1,0,0,2,0,0.36363636363636365,0,0,0,0
bn_1087,11,77,6.090909090909091,2,1,1,0,1,0,0.45454545454545453,0,0,0,0
bn_1088,30,188,5.3,4,1,0,0,0,0,0.13333333333333333,0,0,0,0
bn_1089,6,37,5.333333333333333,1,1,2,0,0,0,0.5,0,0,0,0
bn_1090,21,132,5.333333333333333,1,1,2,0,0,0,0.14285714285714285,0,0,0,1
bn_1091,13,83,5.461538461538462,0,0,0,0,3,0,0.23076923076923078,0,0,0,0
bn_1092,21,102,3.9047619047619047,2,1,1,0,0,0,0.14285714285714285,0,0,1,0
bn_1093,13,71,4.538461538461538,3,1,0,0,0,0,0.23076923076923078,0,0,0,1
bn_1094,15,67,3.533333333333333,2,1,0,0,0,0,0.13333333333333333,0,0,0,0
bn_1095,6,37,5.333333333333333,1,1,0,0,0,0,0.16666666666666666,0,0,0,0
bn_1096,5,27,4.6,0,0,0,0,0,0,0.0,0,0,0,0
bn_1097,8,45,4.75,0,0,0,0,0,0,0.0,0,0,0,0
bn_1098,3,15,4.333333333333333,0,0,0,0,0,0,0.0,0,0,0,1
bn_1099,5,27,4.6,0,0,0,0,0,0,0.0,0,0,0,1
bn_1100,22,149,5.818181818181818,1,1,1,0,0,0,0.18181818181818182,0,0,0,1
bn_1101,25,120,3.84,0,0,0,0,0,0,0.0,0,0,0,0
bn_1102,21,119,4.714285714285714,4,1,0,0,0,0,0.19047619047619047,0,0,1,0
bn_1103,22,131,5.0,0,0,5,0,0,0,0.22727272727272727,0,0,1,0
bn_1104,4,37,8.5,1,1,0,0,0,0,0.25,0,0,0,0
bn_1105,25,114,3.6,1,1,0,0,0,0,0.04,0,0,0,0
bn_1106,34,209,5.176470588235294,5,1,2,1,0,0,0.20588235294117646,0,0,1,0
bn_1107,15,101,5.8,4,1,0,0,0,0,0.26666666666666666,0,0,1,0
bn_1108,23,145,5.3478260869565215,1,1,5,1,0,0,0.2608695652173913,0,0,1,1
bn_1109,8,56,6.125,1,1,0,0,0,0,0.125,0,0,0,1
bn_1110,16,123,6.75,1,1,0,0,2,0,0.1875,0,0,1,0
bn_1111,30,187,5.266666666666667,0,0,5,1,2,0,0.23333333333333334,0,0,0,0
bn_1112,9,60,5.777777777777778,0,0,0,0,0,0,0.0,0,0,0,0
bn_1113,11,89,7.181818181818182,2,1,0,0,0,0,0.18181818181818182,0,0,0,1
bn_1114,8,43,4.5,0,0,0,0,0,0,0.0,0,0,0,0
bn_1115,12,75,5.333333333333333,1,1,0,0,0,0,0.08333333333333333,0,0,0,0
bn_1116,5,37,6.6,1,1,0,0,0,0,0.2,0,0,0,0
bn_1117,22,128,4.863636363636363,0,0,0,0,0,0,0.0,0,0,0,0
bn_1118,8,46,4.875,0,0,0,0,0,0,0.0,0,0,0,0
bn_1119,11,57,4.2727272727272725,1,1,0,0,0,0,0.09090909090909091,0,0,0,1
bn_1120,13,82,5.384615384615385,0,0,2,0,1,1,0.38461538461538464,0,0,0,0
bn_1121,18,98,4.5,0,0,0,0,0,0,0.0,0,0,0,0
bn_1122,30,153,4.133333333333334,2,1,1,0,5,0,0.26666666666666666,0,0,0,0
bn_1123,24,121,4.083333333333333,2,1,0,0,0,2,0.16666666666666666,0,0,0,0
bn_1124,12,79,5.666666666666667,3,1,1,0,0,0,0.3333333333333333,0,0,0,0
bn_1125,19,114,5.052631578947368,0,0,0,0,0,0,0.0,0,0,0,0
bn_1126,20,112,4.65,2,1,1,0,0,0,0.15,0,0,0,0
bn_1127,23,170,6.434782608695652,4,1,0,0,0,0,0.30434782608695654,0,0,1,0
bn_1128,18,118,5.611111111111111,6,1,0,0,0,0,0.3333333333333333,0,0,0,0
bn_1129,44,250,4.704545454545454,6,1,1,0,0,0,0.1590909090909091,0,0,0,1
bn_1130,15,82,4.533333333333333,0,0,0,0,0,0,0.4666666666666667,0,0,0,0
bn_1131,18,110,5.166666666666667,2,1,0,0,0,0,0.1111111111111111,0,0,0,0
bn_1132,11,58,4.363636363636363,2,1,0,0,0,0,0.18181818181818182,0,0,0,0
bn_1133,28,156,4.607142857142857,3,1,0,0,0,1,0.35714285714285715,0,0,0,0
bn_1134,49,313,5.408163265306122,7,1,5,0,0,0,0.24489795918367346,0,0,0,0
bn_1135,22,115,4.2727272727272725,0,0,1,0,0,0,0.045454545454545456,0,0,0,0
bn_1136,12,77,5.5,0,0,0,0,6,0,0.5,0,0,0,0
bn_1137,8,42,4.375,1,1,0,0,0,1,0.25,0,0,1,1
bn_1138,5,25,4.2,1,1,0,0,0,0,0.2,0,0,0,1
bn_1140,60,359,5.0,5,1,0,0,0,0,0.11666666666666667,0,0,1,0
bn_1141,11,81,6.454545454545454,0,0,0,0,0,0,0.2727272727272727,0,0,0,0
bn_1142,22,126,4.7727272727272725,4,1,0,0,0,0,0.18181818181818182,0,0,0,0
bn_1143,21,131,5.285714285714286,2,1,0,0,0,0,0.09523809523809523,0,0,0,1
bn_1144,17,93,4.529411764705882,2,1,0,0,0,0,0.11764705882352941,0,0,0,0
bn_1145,29,153,4.310344827586207,4,1,0,0,0,0,0.3103448275862069,0,0,0,1
bn_1146,16,99,5.25,4,1,0,0,0,0,0.25,0,0,0,0
bn_1147,9,61,5.888888888888889,0,0,4,1,0,0,0.4444444444444444,0,0,0,0
bn_1148,14,76,4.5,2,1,0,0,0,0,0.14285714285714285,0,0,1,0
bn_1149,32,166,4.21875,1,1,0,0,0,0,0.0625,0,0,1,0
bn_1150,17,92,4.470588235294118,3,1,0,0,0,0,0.17647058823529413,0,0,0,0
bn_1151,7,37,4.428571428571429,0,0,1,0,0,0,0.14285714285714285,0,0,0,0
bn_1152,19,101,4.368421052631579,2,1,0,0,0,0,0.10526315789473684,0,0,0,0
bn_1153,5,30,5.2,1,1,0,0,0,0,0.2,0,0,0,0
bn_1154,4,21,4.5,1,1,0,0,0,0,0.25,0,0,0,0
bn_1155,3,29,9.0,0,0,2,0,0,0,0.6666666666666666,0,0,0,1
bn_1156,9,42,3.7777777777777777,1,1,1,0,0,0,0.2222222222222222,0,0,0,0
bn_1157,13,108,7.384615384615385,3,1,0,0,0,0,0.23076923076923078,0,0,0,1
bn_1158,18,117,5.555555555555555,3,1,0,0,0,0,0.16666666666666666,0,0,0,0
bn_1159,18,98,4.5,2,1,0,0,0,0,0.1111111111111111,0,0,0,0
bn_1160,14,74,4.357142857142857,1,1,1,0,0,0,0.14285714285714285,0,0,0,1
bn_1161,10,63,5.4,1,1,1,0,0,0,0.2,0,0,0,0
bn_1162,16,100,5.3125,0,0,0,0,0,0,0.0,0,0,0,0
bn_1163,7,29,3.2857142857142856,0,0,0,0,0,0,0.0,0,0,0,0
bn_1164,8,38,3.875,1,1,0,0,0,0,0.125,0,0,0,0
bn_1165,28,176,5.321428571428571,3,1,3,0,0,0,0.21428571428571427,0,0,0,0
bn_1166,7,39,4.714285714285714,2,1,0,0,0,0,0.2857142857142857,0,0,0,0
bn_1167,26,159,5.153846153846154,3,1,0,0,0,0,0.11538461538461539,0,0,0,0
bn_1168,4,27,6.0,1,1,0,0,0,0,0.25,0,0,0,0
bn_1169,11,65,5.0,3,1,0,0,0,0,0.2727272727272727,0,0,0,0
bn_1170,12,68,4.75,1,1,1,0,0,0,0.16666666666666666,0,0,0,1
bn_1171,17,96,4.705882352941177,2,1,0,0,0,0,0.11764705882352941,0,0,0,0
bn_1172,20,112,4.65,0,0,4,1,0,0,0.2,0,0,0,0
bn_1173,20,116,4.85,2,1,0,0,1,0,0.15,0,0,0,0
bn_1174,24,136,4.708333333333333,2,1,4,1,0,0,0.25,0,0,1,0
bn_1175,7,48,6.0,0,0,0,0,0,0,0.0,0,0,0,1
bn_1176,12,78,5.583333333333333,1,1,0,0,0,0,0.08333333333333333,0,0,0,0
bn_1177,8,68,7.625,4,1,4,1,0,0,1.0,0,0,0,0
bn_1178,20,122,5.15,1,1,2,0,0,0,0.15,0,0,0,0
bn_1179,29,165,4.724137931034483,3,1,1,0,0,0,0.13793103448275862,0,0,0,0
bn_1180,7,48,6.0,0,0,0,0,0,0,0.0,0,0,0,0
bn_1181,18,98,4.5,0,0,0,0,0,0,0.0,0,0,1,0
bn_1182,16,82,4.1875,2,1,0,0,0,0,0.125,0,0,0,0
bn_1183,7,42,5.142857142857143,0,0,2,0,0,0,0.2857142857142857,0,0,0,0
bn_1184,18,103,4.777777777777778,1,1,1,0,0,0,0.1111111111111111,0,0,0,0
bn_1185,7,52,6.571428571428571,2,1,0,0,0,0,0.2857142857142857,0,0,0,1
bn_1186,6,48,7.166666666666667,2,1,0,0,0,0,0.3333333333333333,0,0,0,0
bn_1187,49,277,4.673469387755102,6,1,0,0,0,0,0.12244897959183673,0,0,0,0
bn_1188,10,56,4.7,0,0,1,0,0,0,0.1,0,0,0,0
bn_1190,16,109,5.875,2,1,0,0,0,0,0.125,0,0,1,0
bn_1191,3,16,4.666666666666667,0,0,0,0,0,0,0.0,0,0,0,0
bn_1192,22,125,4.7272727272727275,0,0,0,0,0,0,0.09090909090909091,0,0,1,1
bn_1193,14,82,4.928571428571429,0,0,0,0,0,0,0.0,0,0,0,1
bn_1194,12,78,5.583333333333333,1,1,1,0,0,0,0.16666666666666666,0,0,0,1
bn_1195,10,66,5.7,2,1,1,0,0,0,0.3,0,0,0,0
bn_1196,28,165,4.928571428571429,0,0,3,0,0,0,0.10714285714285714,0,0,0,1
bn_1197,13,68,4.3076923076923075,2,1,0,0,0,0,0.15384615384615385,0,0,0,0
bn_1198,8,39,4.0,0,0,0,0,0,0,0.0,0,0,0,0
bn_1199,16,98,5.1875,2,1,2,0,0,0,0.25,0,0,0,0
bn_1200,9,43,3.888888888888889,0,0,0,0,0,0,0.0,0,0,0,0
bn_1201,9,58,5.555555555555555,1,1,0,0,0,0,0.1111111111111111,0,0,0,0
bn_1202,21,137,5.571428571428571,3,1,0,0,0,0,0.14285714285714285,0,0,0,0
bn_1203,16,93,4.875,2,1,1,0,0,0,0.1875,0,0,1,0
bn_1204,6,29,4.0,1,1,0,0,0,0,0.16666666666666666,0,0,0,0
bn_1205,8,37,3.75,0,0,0,0,0,0,0.0,0,0,1,1
bn_1206,8,61,6.75,0,0,1,0,0,0,0.375,0,0,0,0
bn_1207,9,56,5.333333333333333,1,1,1,0,0,0,0.2222222222222222,0,0,0,0
bn_1208,4,22,4.75,1,1,0,0,0,0,0.25,0,0,0,0
bn_1209,19,143,6.578947368421052,0,0,2,1,0,0,0.5789473684210527,0,0,0,1
bn_1210,4,23,5.0,0,0,0,0,0,0,0.0,0,0,0,0
bn_1211,8,52,5.625,0,0,0,0,0,0,0.5,0,0,0,0
bn_1212,18,98,4.5,0,0,0,0,0,0,0.0,0,0,0,0
bn_1213,3,22,6.666666666666667,1,1,0,0,0,0,0.3333333333333333,0,0,0,0
bn_1214,8,57,6.25,0,0,0,0,0,0,0.0,0,0,0,0
bn_1215,28,152,4.464285714285714,3,1,0,0,0,0,0.14285714285714285,0,0,0,0
bn_1216,10,60,5.1,0,0,0,0,0,0,0.0,0,0,0,0
bn_1217,20,122,5.15,0,0,2,0,0,0,0.3,0,0,0,0
bn_1218,69,411,4.971014492753623,7,1,7,0,0,0,0.2318840579710145,0,0,1,0
bn_1219,36,216,5.027777777777778,3,1,0,0,1,0,0.16666666666666666,0,0,1,0
bn_1220,14,81,4.857142857142857,0,0,8,1,0,0,0.5714285714285714,0,0,0,0
bn_1221,11,62,4.7272727272727275,0,0,0,0,0,0,0.0,0,0,0,1
bn_1222,13,91,6.076923076923077,0,0,0,0,0,0,0.0,0,0,1,0
bn_1223,11,61,4.636363636363637,2,1,1,0,0,0,0.2727272727272727,0,0,0,0
bn_1224,13,77,5.0,3,1,1,0,0,0,0.3076923076923077,0,0,0,1
bn_1225,28,158,4.678571428571429,3,1,4,0,0,0,0.25,0,0,0,0
bn_1226,15,91,5.133333333333334,0,0,0,0,0,0,0.0,0,0,0,0
bn_1227,10,59,5.0,2,1,0,0,0,0,0.2,0,0,0,0
bn_1228,22,123,4.636363636363637,2,1,2,0,0,0,0.18181818181818182,0,0,1,0
bn_1229,18,86,3.8333333333333335,0,0,0,0,0,0,0.0,0,0,0,0
bn_1232,6,26,3.5,0,0,0,0,0,0,0.0,0,0,0,1
bn_1233,6,27,3.6666666666666665,0,0,0,0,0,0,0.0,0,0,0,1
bn_1234,5,26,4.4,0,0,0,0,0,0,0.0,0,0,0,1
bn_1235,4,20,4.25,0,0,0,0,0,0,0.0,0,0,0,1
bn_1236,4,24,5.25,0,0,0,0,1,0,0.25,0,0,0,1
bn_1237,3,16,4.666666666666667,0,0,0,0,0,0,0.0,0,0,0,0
bn_1238,3,16,4.666666666666667,0,0,0,0,0,0,0.0,0,0,0,1
bn_1239,5,28,4.8,1,1,0,0,0,0,0.2,0,0,0,1
bn_1241,4,19,4.0,0,0,0,0,0,0,0.0,0,0,0,1
bn_1242,3,15,4.333333333333333,0,0,0,0,0,0,0.0,0,0,0,1
bn_1243,4,18,3.75,0,0,0,0,0,0,0.0,0,0,0,1
bn_1244,6,24,3.1666666666666665,0,0,0,0,0,0,0.0,0,0,0,1
bn_1246,4,17,3.5,0,0,0,0,0,0,0.0,0,0,0,1
bn_1249,4,23,5.0,0,0,0,0,0,0,0.0,0,0,0,1
bn_1251,5,30,5.2,0,0,0,0,0,0,0.0,0,0,0,0
bn_1252,5,23,3.8,0,0,0,0,0,0,0.0,0,0,0,1
bn_1253,6,35,5.0,0,0,0,0,0,0,0.0,0,0,0,0
bn_1254,4,25,5.5,0,0,0,0,0,0,0.0,0,0,0,1
bn_1255,8,53,5.75,1,1,0,0,0,0,0.125,0,0,0,0
bn_1256,16,107,5.75,3,1,0,0,0,0,0.1875,0,0,0,0
bn_1257,25,136,4.48,2,1,0,0,0,0,0.08,0,0,0,0
bn_1258,24,142,4.958333333333333,2,1,0,0,0,0,0.08333333333333333,0,0,0,0
bn_1259,5,27,4.6,0,0,0,0,0,0,0.0,0,0,0,1
bn_1260,15,91,5.133333333333334,0,0,1,0,0,0,0.06666666666666667,0,0,0,0
bn_1261,7,50,6.285714285714286,0,0,0,0,0,0,0.0,0,0,0,1
bn_1262,21,109,4.238095238095238,0,0,4,0,0,0,0.19047619047619047,0,0,1,0
bn_1263,11,49,3.5454545454545454,0,0,0,0,0,0,0.0,0,0,0,0
bn_1264,9,48,4.444444444444445,0,0,0,0,0,0,0.0,0,0,0,0
bn_1265,8,41,4.25,0,0,0,0,0,0,0.0,0,0,0,0
bn_1266,9,56,5.333333333333333,2,1,0,0,0,0,0.2222222222222222,0,0,0,0
bn_1267,6,29,4.0,0,0,0,0,0,0,0.0,0,0,0,1
bn_1268,16,85,4.375,0,0,0,0,0,0,0.0,0,0,1,0
bn_1269,7,36,4.285714285714286,1,1,0,0,0,0,0.14285714285714285,0,0,1,0
bn_1270,11,47,3.3636363636363638,0,0,0,0,0,0,0.0,0,0,1,0
bn_1271,4,22,4.75,1,1,0,0,0,0,0.25,0,0,0,0
bn_1272,11,86,6.909090909090909,0,0,1,0,0,0,0.09090909090909091,0,0,0,1
bn_1273,16,89,4.625,0,0,1,0,0,0,0.1875,0,0,0,0
bn_1274,12,54,3.5833333333333335,0,0,0,0,0,0,0.0,0,0,0,0
bn_1275,9,53,5.0,1,1,0,0,0,0,0.1111111111111111,0,0,0,0
bn_1276,9,56,5.333333333333333,0,0,1,0,0,0,0.1111111111111111,0,0,0,0
bn_1277,15,102,5.866666666666666,1,1,4,1,0,0,0.3333333333333333,0,0,0,1
bn_1278,23,150,5.565217391304348,0,0,0,0,0,0,0.0,0,0,0,0
bn_1279,10,53,4.4,1,1,0,0,0,0,0.1,0,0,0,0
bn_1280,12,67,4.666666666666667,1,1,1,0,0,0,0.16666666666666666,0,0,1,0
bn_1281,15,84,4.666666666666667,0,0,0,0,0,0,0.0,0,0,0,0
bn_1282,18,101,4.666666666666667,2,1,0,0,0,0,0.1111111111111111,0,0,0,0
bn_1283,17,96,4.705882352941177,3,1,0,0,0,0,0.17647058823529413,0,0,0,0
bn_1284,20,107,4.4,0,0,0,0,0,0,0.0,0,0,0,0
bn_1285,7,39,4.714285714285714,0,0,0,0,0,0,0.0,0,0,0,0
bn_1286,10,64,5.5,2,1,0,0,0,0,0.2,0,0,0,0
bn_1287,21,132,5.333333333333333,0,0,0,0,0,0,0.0,0,0,0,0
bn_1288,19,109,4.7894736842105265,0,0,0,0,0,0,0.0,0,0,0,0
bn_1289,10,63,5.4,1,1,0,0,0,0,0.4,0,0,0,0
bn_1290,5,33,5.8,2,1,0,0,0,0,0.4,0,0,0,0
bn_1291,10,58,4.9,2,1,0,0,0,0,0.2,0,0,0,0
bn_1292,24,123,4.166666666666667,1,1,0,0,0,0,0.041666666666666664,0,0,1,0
bn_1293,14,80,4.785714285714286,1,1,1,0,0,0,0.14285714285714285,0,0,0,0
bn_1294,16,103,5.5,0,0,0,0,0,0,0.375,0,0,0,0
bn_1295,9,47,4.333333333333333,0,0,0,0,0,0,0.0,0,0,0,0
bn_1296,5,29,5.0,0,0,0,0,0,0,0.0,0,0,0,0
bn_1297,27,168,5.2592592592592595,1,1,1,0,0,0,0.07407407407407407,0,0,1,0
bn_1298,4,21,4.5,0,0,0,0,0,0,0.0,0,0,1,0
bn_1301,4,19,4.0,0,0,0,0,0,0,0.0,0,0,0,0
bn_1303,9,57,5.444444444444445,0,0,0,0,2,0,0.2222222222222222,0,0,0,0
bn_1304,8,42,4.375,0,0,0,0,0,0,0.0,0,0,0,0
bn_1305,21,134,5.428571428571429,0,0,13,1,0,0,0.6190476190476191,0,0,0,0
bn_1306,8,48,5.125,1,1,1,0,0,0,0.25,0,0,0,0
bn_1307,3,17,5.0,0,0,0,0,0,0,0.0,0,0,0,0
bn_1308,5,22,3.6,0,0,0,0,0,0,0.0,0,0,1,1
bn_1309,5,26,4.4,0,0,0,0,0,0,0.0,0,0,0,0
bn_1310,4,23,5.0,0,0,0,0,0,0,0.0,0,0,0,1
bn_1311,3,19,5.666666666666667,0,0,0,0,0,0,0.0,0,0,0,1
bn_1312,7,35,4.142857142857143,0,0,0,0,0,0,0.0,0,0,1,0
bn_1313,13,80,5.230769230769231,1,1,1,0,0,0,0.15384615384615385,0,0,0,0
bn_1314,5,20,3.2,0,0,0,0,0,0,0.0,0,0,0,1
bn_1315,6,35,5.0,1,1,0,0,0,0,0.16666666666666666,0,0,0,1
bn_1316,21,132,5.333333333333333,3,1,0,0,0,0,0.14285714285714285,0,0,0,0
bn_1317,13,76,4.923076923076923,0,0,0,0,0,0,0.0,0,0,0,0
bn_1318,4,21,4.5,0,0,0,0,0,0,0.0,0,0,0,1
bn_1319,6,30,4.166666666666667,0,0,0,0,0,0,0.0,0,0,0,0
bn_1321,3,16,4.666666666666667,0,0,0,0,0,0,0.0,0,0,0,1
bn_1322,5,28,4.8,0,0,0,0,0,0,0.0,0,0,0,1
bn_1323,5,23,3.8,0,0,0,0,0,0,0.0,0,0,1,1
bn_1324,3,19,5.666666666666667,0,0,0,0,0,0,0.0,0,0,0,0
bn_1325,14,67,3.857142857142857,0,0,0,0,0,0,0.0,0,0,0,0
bn_1326,14,83,5.0,0,0,0,0,0,0,0.14285714285714285,0,0,0,0
bn_1327,17,75,3.4705882352941178,1,1,2,1,0,0,0.17647058823529413,0,0,0,0
bn_1328,16,102,5.4375,0,0,0,0,0,0,0.0,0,0,0,1
bn_1329,5,28,4.8,0,0,0,0,0,0,0.0,0,0,0,0
bn_1330,5,28,4.8,0,0,0,0,0,0,0.0,0,0,0,0
bn_1331,5,30,5.2,0,0,0,0,0,0,0.0,0,0,0,1
bn_1332,5,29,5.0,0,0,0,0,0,0,0.0,0,0,0,0
bn_1333,4,24,5.25,0,0,0,0,0,0,0.0,0,0,0,1
bn_1334,4,19,4.0,0,0,0,0,0,0,0.0,0,0,0,1
bn_1335,9,51,4.777777777777778,1,1,0,0,0,0,0.1111111111111111,0,0,0,0
bn_1336,30,199,5.666666666666667,2,1,1,0,0,0,0.2,0,0,0,0
bn_1337,4,20,4.25,0,0,0,0,0,0,0.0,0,0,0,0
bn_1338,6,32,4.5,0,0,1,0,0,0,0.16666666666666666,0,0,0,0
bn_1339,9,64,6.222222222222222,2,1,0,0,0,0,0.2222222222222222,0,0,0,0
bn_1340,11,62,4.7272727272727275,1,1,0,0,0,0,0.09090909090909091,0,0,0,1
bn_1341,24,126,4.291666666666667,2,1,1,0,0,0,0.125,0,0,0,0
bn_1342,6,40,5.833333333333333,0,0,3,1,0,0,0.5,0,0,0,1
bn_1343,28,159,4.714285714285714,0,0,0,0,0,0,0.0,0,0,0,0
bn_1344,24,134,4.625,4,1,0,0,0,0,0.16666666666666666,0,0,0,0
bn_1345,14,67,3.857142857142857,0,0,0,0,0,0,0.0,0,0,0,0
bn_1346,3,13,3.6666666666666665,0,0,0,0,0,0,0.0,0,0,0,0
bn_1347,11,74,5.818181818181818,0,0,3,1,0,0,0.2727272727272727,0,0,0,0
bn_1348,28,178,5.392857142857143,3,1,0,0,0,0,0.17857142857142858,0,0,0,0
bn_1349,36,193,4.388888888888889,3,1,1,0,0,0,0.1111111111111111,0,0,1,0
bn_1350,28,163,4.857142857142857,3,1,0,0,0,0,0.10714285714285714,0,0,0,0
bn_1351,8,46,4.875,0,0,0,0,0,0,0.0,0,0,0,1
bn_1352,3,20,6.0,0,0,0,0,0,0,0.0,0,0,0,0
bn_1353,8,50,5.375,0,0,3,1,0,0,0.375,0,0,0,0
bn_1356,9,56,5.333333333333333,2,1,2,1,0,0,0.4444444444444444,0,0,0,0
bn_1357,13,58,3.5384615384615383,2,1,0,0,0,0,0.15384615384615385,0,0,0,0
bn_1358,7,42,5.142857142857143,0,0,3,1,0,0,0.42857142857142855,0,0,0,0
bn_1359,8,47,5.0,1,1,1,0,0,0,0.25,0,0,0,0
bn_1360,28,171,5.142857142857143,3,1,0,0,0,0,0.10714285714285714,0,0,1,0
bn_1361,13,69,4.384615384615385,1,1,0,0,0,0,0.07692307692307693,0,0,1,0
bn_1362,19,96,4.105263157894737,3,1,0,0,0,0,0.15789473684210525,0,0,0,0
bn_1363,21,119,4.714285714285714,1,1,0,0,0,0,0.047619047619047616,0,0,0,0
bn_1364,21,108,4.190476190476191,0,0,2,0,0,0,0.09523809523809523,0,0,0,0
bn_1365,6,39,5.666666666666667,0,0,0,0,0,0,0.0,0,0,0,0
bn_1366,13,76,4.923076923076923,2,1,0,0,0,0,0.15384615384615385,0,0,0,0
bn_1367,23,137,5.0,4,1,0,0,0,0,0.17391304347826086,0,0,0,1
bn_1368,23,122,4.3478260869565215,0,0,4,1,0,0,0.30434782608695654,0,0,0,0
bn_1369,9,63,6.111111111111111,0,0,0,0,5,0,0.5555555555555556,0,0,0,0
bn_1370,39,258,5.641025641025641,7,1,0,0,0,0,0.1794871794871795,0,0,1,0
bn_1371,18,111,5.222222222222222,4,1,0,0,0,0,0.2222222222222222,0,0,0,0
bn_1372,18,113,5.333333333333333,3,1,0,0,0,0,0.16666666666666666,0,0,1,0
bn_1373,37,271,6.351351351351352,2,1,4,0,0,0,0.1891891891891892,0,0,0,0
bn_1374,13,77,5.0,1,1,1,0,0,0,0.15384615384615385,0,0,0,0
bn_1375,22,149,5.818181818181818,0,0,1,0,4,0,0.22727272727272727,0,0,0,0
bn_1376,32,174,4.46875,0,0,0,0,1,0,0.28125,0,0,0,0
bn_1377,12,58,3.9166666666666665,0,0,1,0,4,0,0.4166666666666667,0,0,1,1
bn_1378,5,38,6.8,2,1,0,0,0,0,0.4,0,0,0,1
bn_1379,7,50,6.285714285714286,0,0,0,0,0,0,0.0,0,0,0,1
bn_1380,42,255,5.095238095238095,5,1,1,0,1,0,0.19047619047619047,0,0,0,0
bn_1381,5,29,5.0,2,1,0,0,0,0,0.4,0,0,0,0
bn_1382,15,82,4.533333333333333,1,1,1,0,0,0,0.13333333333333333,0,0,0,1
bn_1383,9,65,6.333333333333333,1,1,0,0,0,0,0.1111111111111111,0,0,0,0
bn_1384,9,73,7.222222222222222,4,1,0,0,0,0,0.4444444444444444,0,0,0,1
bn_1385,12,63,4.333333333333333,0,0,0,0,0,0,1.0,0,0,0,1
bn_1386,7,39,4.714285714285714,1,1,1,0,0,0,0.2857142857142857,0,0,0,0
bn_1387,3,21,6.333333333333333,1,1,0,0,0,0,0.3333333333333333,0,0,0,0
bn_1388,13,66,4.153846153846154,2,1,0,0,0,0,0.15384615384615385,0,0,0,0
bn_1389,6,37,5.333333333333333,0,0,0,0,2,0,0.3333333333333333,0,0,0,0
bn_1390,4,22,4.75,2,1,0,0,0,0,0.5,0,0,0,1
bn_1391,21,121,4.809523809523809,2,1,0,0,0,0,0.09523809523809523,0,0,0,0
bn_1392,8,57,6.25,2,1,0,0,0,0,0.25,0,0,0,1
bn_1393,4,23,5.0,1,1,0,0,0,0,0.25,0,0,0,1
bn_1395,16,111,6.0,0,0,0,0,0,0,0.0,0,0,0,0
bn_1396,6,27,3.6666666666666665,0,0,0,0,0,0,0.0,0,0,0,0
bn_1398,23,160,6.0,3,1,0,0,0,0,0.13043478260869565,0,0,0,1
bn_1399,18,126,6.055555555555555,7,1,0,0,1,0,0.4444444444444444,0,0,0,1
bn_1400,4,31,7.0,1,1,0,0,0,0,0.25,0,0,0,0
bn_1401,11,71,5.545454545454546,1,1,0,0,0,0,0.09090909090909091,0,0,1,0
bn_1402,7,43,5.285714285714286,1,1,0,0,0,0,0.14285714285714285,0,0,0,0
bn_1403,25,146,4.88,1,1,2,0,0,0,0.12,0,0,0,0
bn_1404,13,69,4.384615384615385,2,1,0,0,0,0,0.15384615384615385,0,0,1,0
bn_1405,7,45,5.571428571428571,1,1,0,0,0,0,0.14285714285714285,0,0,0,1
bn_1406,18,118,5.611111111111111,0,0,0,0,0,0,0.0,0,0,1,0
bn_1407,5,34,6.0,0,0,1,0,0,0,0.8,0,0,0,0
bn_1408,11,78,6.181818181818182,0,0,10,1,0,0,0.9090909090909091,0,0,1,0
bn_1409,6,34,4.833333333333333,0,0,0,0,0,0,0.0,0,0,1,0
bn_1410,7,55,7.0,0,0,0,0,0,0,0.0,0,0,0,1
bn_1411,14,72,4.214285714285714,0,0,0,0,0,0,0.21428571428571427,0,0,1,0
bn_1412,24,158,5.625,2,1,0,0,0,0,0.08333333333333333,0,0,0,0
bn_1415,20,125,5.3,12,1,0,0,0,0,0.6,0,0,1,0
bn_1416,5,33,5.8,2,1,0,0,0,0,0.4,0,0,0,0
bn_1417,27,157,4.851851851851852,3,1,0,0,0,0,0.1111111111111111,0,0,0,0
bn_1419,13,83,5.461538461538462,0,0,0,0,0,0,0.6923076923076923,0,0,0,1
bn_1420,10,59,5.0,1,1,2,0,0,0,0.3,0,0,0,0
bn_1421,13,78,5.076923076923077,0,0,2,0,0,0,0.15384615384615385,0,0,0,1
bn_1422,5,34,6.0,1,1,0,0,0,0,0.2,0,0,0,0
bn_1423,54,301,4.592592592592593,3,1,0,0,0,0,0.07407407407407407,0,0,1,0
bn_1424,13,86,5.6923076923076925,2,1,1,0,0,0,0.23076923076923078,0,0,0,1
bn_1425,10,71,6.2,0,0,0,0,0,0,0.0,0,0,0,0
bn_1426,8,46,4.875,0,0,0,0,0,0,0.5,0,0,0,0
bn_1427,56,267,3.7857142857142856,4,1,8,0,0,0,0.21428571428571427,0,0,0,0
bn_1429,8,41,4.25,0,0,0,0,0,0,0.0,0,0,0,0
bn_1430,11,55,4.090909090909091,0,0,2,0,0,0,0.18181818181818182,0,0,0,0
bn_1431,40,247,5.2,3,1,0,0,0,0,0.075,0,0,1,0
bn_1432,24,153,5.416666666666667,0,0,15,1,0,0,0.625,0,0,0,1
bn_1433,7,41,5.0,0,0,1,0,0,0,0.14285714285714285,0,0,0,1
bn_1434,14,90,5.5,2,1,0,0,0,0,0.14285714285714285,0,0,0,0
bn_1435,23,147,5.434782608695652,0,0,0,0,2,0,0.4782608695652174,0,0,0,0
bn_1436,12,81,5.833333333333333,1,1,0,0,1,0,0.16666666666666666,0,0,0,0
bn_1437,12,69,4.833333333333333,0,0,3,1,0,0,0.25,0,0,0,0
bn_1438,8,44,4.625,2,1,0,0,0,0,0.25,0,0,0,1
bn_1439,8,49,5.25,1,1,2,0,0,0,0.375,0,0,0,0
bn_1440,5,26,4.4,2,1,0,0,0,0,0.4,0,0,0,0
bn_1441,33,169,4.151515151515151,3,1,0,0,0,0,0.09090909090909091,0,0,1,1
bn_1442,14,85,5.142857142857143,1,1,0,0,0,0,0.07142857142857142,0,0,0,0
bn_1443,13,84,5.538461538461538,0,0,0,0,0,0,0.46153846153846156,0,0,0,1
bn_1444,6,29,4.0,1,1,0,0,0,0,0.16666666666666666,0,0,0,0
bn_1445,13,67,4.230769230769231,0,0,1,0,0,0,0.38461538461538464,0,0,0,0
bn_1446,10,61,5.2,0,0,0,0,4,0,0.4,0,0,0,0
bn_1447,12,87,6.333333333333333,0,0,0,0,0,0,0.4166666666666667,0,0,0,1
bn_1448,10,47,3.8,1,1,0,0,0,0,0.1,0,0,0,0
bn_1449,15,108,6.266666666666667,3,1,1,0,0,0,0.26666666666666666,0,0,0,0
bn_1450,20,112,4.65,2,1,2,0,0,0,0.2,0,0,0,1
bn_1451,4,22,4.75,0,0,0,0,0,0,0.0,0,0,0,1
bn_1452,8,56,6.125,1,1,0,0,1,0,0.25,0,0,0,0
bn_1453,6,36,5.166666666666667,1,1,0,0,0,0,0.8333333333333334,0,0,0,1
bn_1455,15,94,5.333333333333333,2,1,0,0,0,0,0.13333333333333333,0,0,1,1
bn_1456,17,94,4.588235294117647,2,1,0,0,0,0,0.11764705882352941,0,0,0,1
bn_1457,8,46,4.875,2,1,0,0,0,0,0.25,0,0,0,0
bn_1458,7,36,4.285714285714286,0,0,0,0,0,0,0.0,0,0,1,0
bn_1459,6,30,4.166666666666667,0,0,0,0,0,0,0.0,0,0,0,1
bn_1460,10,49,4.0,0,0,0,0,0,0,0.0,0,0,1,0
bn_1461,28,173,5.214285714285714,3,1,2,0,0,0,0.17857142857142858,0,0,0,0
bn_1462,38,217,4.7368421052631575,6,1,0,0,0,0,0.15789473684210525,0,0,1,0
bn_1463,10,58,4.9,2,1,0,0,0,0,0.3,0,0,0,1
bn_1464,15,103,5.933333333333334,0,0,3,0,0,0,0.2,0,0,0,0
bn_1465,6,34,4.833333333333333,1,1,0,0,0,0,0.16666666666666666,0,0,1,0
bn_1466,17,104,5.176470588235294,1,1,2,0,0,0,0.17647058823529413,0,0,0,0
bn_1467,3,15,4.333333333333333,1,1,0,0,0,0,0.3333333333333333,0,0,0,0
bn_1468,15,84,4.666666666666667,3,1,0,0,0,0,0.2,0,0,0,0
bn_1469,19,113,5.0,2,1,0,0,0,0,0.10526315789473684,0,0,0,0
bn_1470,22,111,4.090909090909091,1,1,1,0,1,0,0.13636363636363635,0,0,0,0
bn_1471,8,45,4.75,1,1,0,0,0,0,0.125,0,0,0,1
bn_1472,8,53,5.75,0,0,0,0,1,0,0.125,0,0,0,0
bn_1473,21,115,4.523809523809524,0,0,0,0,0,0,0.0,0,0,0,0
bn_1474,4,36,8.25,0,0,0,0,0,0,0.75,0,0,0,1
bn_1475,15,82,4.533333333333333,4,1,1,0,0,0,0.3333333333333333,0,0,0,0
bn_1476,3,16,4.666666666666667,0,0,0,0,0,0,0.0,0,0,0,0
bn_1477,11,43,3.0,1,1,0,0,0,0,0.09090909090909091,0,0,0,0
bn_1478,27,152,4.666666666666667,1,1,5,1,0,0,0.2222222222222222,0,0,1,1
bn_1479,15,77,4.2,0,0,0,0,0,0,0.0,0,0,1,0
bn_1480,26,141,4.461538461538462,1,1,0,0,0,0,0.038461538461538464,0,0,0,1
bn_1484,22,142,5.5,11,1,0,0,0,0,0.5,0,0,0,0
bn_1485,20,123,5.2,1,1,1,0,0,0,0.2,0,0,0,0
bn_1486,14,100,6.214285714285714,0,0,0,0,0,0,0.6428571428571429,0,0,0,0
bn_1487,12,63,4.333333333333333,0,0,0,0,0,0,0.0,0,0,0,0
bn_1488,6,44,6.5,1,1,1,0,0,0,0.3333333333333333,0,0,0,1
bn_1489,8,50,5.375,1,1,0,0,0,0,1.375,0,0,0,0
bn_1490,5,34,6.0,4,1,0,0,0,0,0.8,0,0,0,1
bn_1491,28,170,5.107142857142857,3,1,2,0,0,0,0.17857142857142858,0,0,0,0
bn_1492,20,129,5.5,2,1,0,0,1,0,0.15,0,0,0,0
bn_1493,28,199,6.142857142857143,5,1,3,0,0,0,0.2857142857142857,0,0,0,1
bn_1494,11,68,5.2727272727272725,3,1,0,0,0,0,0.2727272727272727,0,0,0,0
bn_1495,13,87,5.769230769230769,1,1,3,0,0,0,0.3076923076923077,0,0,0,1
bn_1496,24,140,4.875,3,1,0,0,0,0,0.125,0,0,0,0
bn_1497,11,71,5.545454545454546,2,1,1,0,0,0,0.2727272727272727,0,0,0,0
bn_1498,6,62,9.5,1,1,2,0,0,0,0.6666666666666666,0,0,0,1
bn_1499,12,69,4.833333333333333,0,0,0,0,0,0,0.0,0,0,0,1
bn_1500,4,27,6.0,1,1,0,0,0,0,0.25,0,0,0,1
bn_1501,14,80,4.785714285714286,3,1,0,0,0,0,0.21428571428571427,0,0,0,1
bn_1502,11,75,5.909090909090909,2,1,1,0,0,1,0.36363636363636365,0,0,0,0
bn_1503,9,55,5.222222222222222,1,1,1,0,0,0,0.2222222222222222,0,0,0,1
bn_1504,9,46,4.222222222222222,0,0,2,1,0,0,0.2222222222222222,0,0,0,0
bn_1505,10,72,6.3,1,1,0,0,0,0,0.2,0,0,0,0
bn_1506,5,24,4.0,0,0,0,0,0,0,0.0,0,0,0,0
bn_1507,7,36,4.285714285714286,0,0,0,0,0,0,0.0,0,0,1,1
bn_1508,16,101,5.375,1,1,1,0,0,1,0.1875,0,0,0,1
bn_1509,16,84,4.3125,2,1,0,0,0,0,0.125,0,0,0,1
bn_1510,12,62,4.25,0,0,0,0,0,0,0.0,0,0,1,0
bn_1511,23,123,4.391304347826087,1,1,0,0,1,0,0.08695652173913043,0,0,0,1
bn_1512,11,54,4.0,1,1,0,0,0,0,0.09090909090909091,0,0,0,0
bn_1513,29,147,4.103448275862069,0,0,3,0,1,0,0.13793103448275862,0,0,1,1
bn_1514,10,65,5.6,1,1,0,0,0,0,0.1,0,0,0,0
bn_1515,5,17,2.6,1,1,0,0,0,0,0.2,0,0,0,1
bn_1516,17,107,5.352941176470588,0,0,0,0,0,0,0.35294117647058826,0,0,1,0
bn_1517,10,61,5.2,2,1,0,0,0,0,0.2,0,0,0,0
bn_1519,6,36,5.166666666666667,1,1,0,0,0,0,0.16666666666666666,0,0,0,1
bn_1520,13,90,6.0,2,1,0,0,0,0,0.15384615384615385,0,0,0,0
bn_1521,53,328,5.2075471698113205,4,1,1,0,0,0,0.09433962264150944,0,0,0,0
bn_1522,14,73,4.285714285714286,0,0,0,0,0,0,0.0,0,0,0,1
bn_1523,17,96,4.705882352941177,2,1,0,0,0,0,0.11764705882352941,0,0,0,0
bn_1524,13,82,5.384615384615385,5,1,0,0,0,0,0.38461538461538464,0,0,0,1
bn_1525,10,71,6.2,3,1,0,0,0,0,0.3,0,0,0,0
bn_1526,24,137,4.75,3,1,5,0,0,0,0.3333333333333333,0,0,0,0
bn_1527,6,35,5.0,1,1,0,0,0,0,0.16666666666666666,0,0,0,1
bn_1528,8,49,5.25,0,0,0,0,2,0,0.25,0,0,0,1
bn_1529,19,114,5.052631578947368,2,1,0,0,0,0,0.10526315789473684,0,0,0,1
bn_1530,14,74,4.357142857142857,1,1,0,0,0,0,0.07142857142857142,0,0,0,0
bn_1531,8,39,4.0,1,1,1,0,0,0,0.25,0,0,0,0
bn_1532,31,184,4.967741935483871,3,1,2,0,0,0,0.16129032258064516,0,0,0,1
bn_1533,12,80,5.75,0,0,2,0,1,1,0.3333333333333333,0,0,0,0
bn_1534,17,90,4.352941176470588,1,1,1,0,0,0,0.11764705882352941,0,0,0,1
bn_1535,28,151,4.428571428571429,3,1,0,0,0,0,0.10714285714285714,0,0,0,1
bn_1536,7,40,4.857142857142857,1,1,0,0,0,0,0.14285714285714285,0,0,0,1
bn_1538,24,127,4.333333333333333,1,1,1,0,0,0,0.08333333333333333,0,0,0,1
bn_1539,6,42,6.166666666666667,0,0,5,1,0,0,0.8333333333333334,0,0,0,1
bn_1540,37,200,4.4324324324324325,0,0,1,0,0,0,0.05405405405405406,0,0,1,1
bn_1541,21,114,4.476190476190476,0,0,2,0,0,0,0.09523809523809523,0,0,0,0
bn_1542,9,47,4.333333333333333,0,0,0,0,0,0,0.0,0,0,0,1
bn_1543,5,36,6.4,0,0,0,0,0,0,0.4,0,0,0,1
bn_1544,7,36,4.285714285714286,0,0,0,0,0,0,0.0,0,0,0,1
bn_1545,10,59,5.0,0,0,1,0,0,0,0.1,0,0,0,0
bn_1546,13,72,4.615384615384615,1,1,1,0,0,0,0.15384615384615385,0,0,0,0
bn_1547,15,91,5.133333333333334,2,1,0,0,0,0,0.13333333333333333,0,0,0,0
bn_1548,5,30,5.2,1,1,0,0,0,0,0.2,0,0,0,1
bn_1549,18,123,5.888888888888889,2,1,0,0,0,0,0.1111111111111111,0,0,1,0
bn_1550,19,117,5.2105263157894735,0,0,0,0,0,0,0.631578947368421,0,0,0,0
bn_1551,3,19,5.666666666666667,1,1,0,0,0,0,0.3333333333333333,0,0,0,1
bn_1552,8,40,4.125,1,1,0,0,0,0,0.125,0,0,1,0
bn_1553,3,18,5.333333333333333,0,0,0,0,1,0,0.3333333333333333,0,0,0,1
bn_1554,5,24,4.0,1,1,0,0,0,0,0.4,0,0,0,1
bn_1555,5,30,5.2,1,1,0,0,0,1,0.4,0,0,0,1
bn_1556,7,31,3.5714285714285716,0,0,0,0,0,0,0.0,0,0,1,1
bn_1557,5,19,3.0,0,0,0,0,0,0,0.0,0,0,0,1
bn_1558,5,23,3.8,0,0,0,0,0,0,0.0,0,0,0,1
bn_1559,5,25,4.2,0,0,0,0,0,0,0.0,0,0,0,1
bn_1560,9,38,3.3333333333333335,0,0,0,0,0,0,0.0,0,0,0,0
bn_1561,3,20,6.0,1,1,0,0,0,0,0.3333333333333333,0,0,0,0
bn_1562,9,49,4.555555555555555,1,1,0,0,0,0,0.1111111111111111,0,0,0,1
bn_1563,12,68,4.75,1,1,0,0,0,0,0.08333333333333333,0,0,0,0
bn_1564,5,20,3.2,0,0,0,0,0,0,0.0,0,0,0,1
bn_1565,11,57,4.2727272727272725,1,1,0,0,0,0,0.09090909090909091,0,0,0,1
bn_1566,25,137,4.52,3,1,0,0,0,0,0.12,0,0,0,0
bn_1568,11,58,4.363636363636363,1,1,0,0,1,0,0.18181818181818182,0,0,0,0
bn_1569,7,35,4.142857142857143,0,0,0,0,0,0,0.0,0,0,0,1
bn_1570,5,28,4.8,1,1,0,0,0,0,0.2,0,0,0,0
bn_1571,6,25,3.3333333333333335,0,0,0,0,0,0,0.0,0,0,0,1
bn_1572,3,16,4.666666666666667,0,0,0,0,0,0,0.0,0,0,0,0
bn_1575,3,14,4.0,0,0,0,0,0,0,0.0,0,0,0,1
bn_1576,8,45,4.75,0,0,0,0,0,0,0.0,0,0,1,1
bn_1578,6,27,3.6666666666666665,0,0,3,1,0,0,0.5,0,0,0,0
bn_1579,18,115,5.444444444444445,1,1,0,0,0,0,0.05555555555555555,0,0,1,1
bn_1580,12,60,4.083333333333333,0,0,0,0,0,0,0.0,0,0,0,0
bn_1581,5,25,4.2,0,0,0,0,0,0,0.0,0,0,0,1
bn_1582,13,70,4.461538461538462,2,1,0,0,0,0,0.15384615384615385,0,0,0,0
bn_1583,14,108,6.785714285714286,3,1,0,0,0,0,0.21428571428571427,0,0,0,1
bn_1585,3,24,7.333333333333333,0,0,0,0,0,0,0.0,0,0,0,0
bn_1586,4,20,4.25,0,0,0,0,0,0,0.0,0,0,0,1
bn_1587,5,24,4.0,1,1,0,0,0,0,0.2,0,0,0,0
bn_1588,25,147,4.92,3,1,0,0,0,0,0.12,0,0,0,1
bn_1589,10,47,3.8,0,0,0,0,0,1,0.1,0,0,0,0
bn_1590,6,34,4.833333333333333,2,1,0,0,0,0,0.3333333333333333,0,0,0,0
bn_1591,5,30,5.2,0,0,1,0,0,0,0.2,0,0,0,1
bn_1592,3,14,4.0,0,0,0,0,0,0,0.0,0,0,0,1
bn_1593,12,59,4.0,1,1,0,0,0,0,0.08333333333333333,0,0,0,0
bn_1594,6,28,3.8333333333333335,0,0,0,0,0,0,0.0,0,0,0,1
bn_1595,10,52,4.3,0,0,0,0,2,0,0.2,0,0,0,1
bn_1596,6,29,4.0,0,0,0,0,0,0,0.0,0,0,0,1
bn_1597,21,118,4.666666666666667,0,0,0,0,0,0,0.0,0,0,0,1
bn_1598,10,59,5.0,1,1,0,0,0,0,0.1,0,0,0,0
bn_1599,31,141,3.5806451612903225,0,0,0,0,0,0,0.0,0,0,0,0
bn_1600,10,60,5.1,0,0,0,0,0,0,0.0,0,0,0,1
bn_1601,5,27,4.6,1,1,0,0,0,0,0.2,0,0,0,0
bn_1602,5,24,4.0,0,0,0,0,0,0,0.0,0,0,0,1
bn_1603,3,14,4.0,0,0,0,0,0,0,0.0,0,0,0,1
bn_1604,8,40,4.125,0,0,0,0,0,0,0.0,0,0,1,1
bn_1605,7,33,3.857142857142857,0,0,0,0,0,0,0.0,0,0,0,1
bn_1606,3,16,4.666666666666667,0,0,0,0,0,0,0.0,0,0,0,1
bn_1607,4,20,4.25,0,0,0,0,0,0,0.0,0,0,0,0
bn_1608,3,15,4.333333333333333,0,0,0,0,0,0,0.0,0,0,0,1
bn_1609,6,25,3.3333333333333335,0,0,0,0,0,0,0.0,0,0,0,1
bn_1610,3,17,5.0,0,0,0,0,0,0,0.0,0,0,0,1
bn_1611,5,23,3.8,0,0,0,0,0,0,0.0,0,0,0,1
bn_1612,3,24,7.333333333333333,0,0,0,0,0,0,0.0,0,0,0,1
bn_1613,5,35,6.2,0,0,0,0,0,0,0.0,0,0,0,1
bn_1614,7,38,4.571428571428571,0,0,0,0,0,0,0.0,0,0,1,0
bn_1616,4,21,4.5,0,0,0,0,0,0,0.0,0,0,0,1
bn_1617,4,19,4.0,0,0,0,0,0,0,0.0,0,0,0,1
bn_1618,6,36,5.166666666666667,0,0,0,0,0,0,0.0,0,0,0,1
bn_1619,3,17,5.0,0,0,0,0,0,0,0.0,0,0,0,1
bn_1620,7,34,4.0,0,0,0,0,0,0,0.0,0,0,0,1
bn_1621,10,51,4.2,2,1,0,0,0,0,0.2,0,0,0,0
bn_1622,4,21,4.5,0,0,0,0,0,0,0.0,0,0,0,0
bn_1623,3,13,3.6666666666666665,0,0,0,0,0,0,0.0,0,0,0,1
bn_1624,8,41,4.25,1,1,0,0,0,0,0.125,0,0,1,0
bn_1625,7,36,4.285714285714286,0,0,0,0,0,0,0.0,0,0,1,1
bn_1626,3,20,6.0,0,0,0,0,0,0,0.0,0,0,0,1
bn_1627,5,23,3.8,0,0,0,0,0,0,0.0,0,0,0,1
bn_1629,7,29,3.2857142857142856,1,1,0,0,0,0,0.14285714285714285,0,0,0,0
bn_1630,9,49,4.555555555555555,0,0,0,0,0,0,0.0,0,0,0,0
bn_1631,3,13,3.6666666666666665,0,0,0,0,0,0,0.0,0,0,0,1
bn_1633,8,33,3.25,1,1,0,0,0,0,0.125,0,0,0,0
bn_1634,3,16,4.666666666666667,0,0,0,0,0,0,0.0,0,0,0,1
bn_1635,15,64,3.3333333333333335,2,1,0,0,0,0,0.13333333333333333,0,0,0,0
bn_1636,8,44,4.625,0,0,0,0,0,0,0.0,0,0,0,0
bn_1637,5,37,6.6,1,1,0,0,0,0,0.2,0,0,0,0
bn_1638,4,23,5.0,0,0,0,0,0,0,0.0,0,0,0,0
bn_1639,11,68,5.2727272727272725,1,1,1,0,0,0,0.18181818181818182,0,0,0,1
bn_1640,13,66,4.153846153846154,0,0,0,0,0,0,0.0,0,0,0,1
bn_1641,3,20,6.0,0,0,0,0,0,0,0.0,0,0,0,0
bn_1643,3,23,7.0,2,1,0,0,0,0,0.6666666666666666,0,0,0,1
bn_1644,7,31,3.5714285714285716,0,0,0,0,0,0,0.0,0,0,0,1
bn_1645,4,22,4.75,0,0,0,0,0,0,0.0,0,0,0,1
bn_1647,11,48,3.4545454545454546,0,0,0,0,0,1,0.09090909090909091,0,0,0,0
bn_1648,17,113,5.705882352941177,4,1,0,0,0,0,0.23529411764705882,0,0,0,0
bn_1649,17,102,5.0588235294117645,0,0,1,0,0,0,0.29411764705882354,0,0,0,0
bn_1650,16,90,4.6875,0,0,3,1,0,0,0.1875,0,0,0,1
bn_1651,6,31,4.333333333333333,0,0,0,0,0,0,0.0,0,0,0,0
bn_1652,3,18,5.333333333333333,0,0,0,0,0,0,0.0,0,0,0,1
bn_1653,13,93,6.230769230769231,2,1,0,0,0,0,0.15384615384615385,0,0,0,1
bn_1654,5,24,4.0,0,0,0,0,0,0,0.0,0,0,0,1
bn_1655,7,37,4.428571428571429,2,1,0,0,0,0,0.2857142857142857,0,0,0,0
bn_1656,9,48,4.444444444444445,1,1,0,0,0,0,0.1111111111111111,0,0,0,1
bn_1657,4,23,5.0,1,1,0,0,0,0,0.25,0,0,0,0
bn_1658,7,35,4.142857142857143,0,0,0,0,0,0,0.0,0,0,0,1
bn_1659,3,16,4.666666666666667,0,0,0,0,0,0,0.0,0,0,0,0
bn_1660,24,111,3.6666666666666665,0,0,0,0,0,0,0.0,0,0,0,1
bn_1661,16,103,5.5,0,0,0,0,0,0,0.0,0,0,0,1
bn_1662,17,88,4.235294117647059,0,0,0,0,0,0,0.0,0,0,1,0
bn_1663,8,50,5.375,2,1,0,0,0,0,0.25,0,0,0,1
bn_1664,4,23,5.0,1,1,0,0,0,0,0.25,0,0,0,1
bn_1665,8,45,4.75,0,0,1,0,0,0,0.125,0,0,0,1
bn_1666,7,38,4.571428571428571,1,1,0,0,0,0,0.14285714285714285,0,0,0,0
bn_1667,17,105,5.235294117647059,0,0,4,1,0,0,0.23529411764705882,0,0,0,1
bn_1668,13,82,5.384615384615385,2,1,0,0,0,0,0.15384615384615385,0,0,0,0
bn_1669,5,40,7.2,0,0,0,0,0,0,0.0,0,0,0,0
bn_1670,4,19,4.0,0,0,0,0,0,0,0.0,0,0,0,1
bn_1671,16,84,4.3125,0,0,0,0,0,0,0.0,0,0,0,1
bn_1672,9,43,3.888888888888889,1,1,0,0,0,0,0.1111111111111111,0,0,0,1
bn_1673,5,29,5.0,0,0,5,1,0,0,1.0,0,0,0,1
bn_1674,6,31,4.333333333333333,0,0,0,0,0,0,0.0,0,0,0,0
bn_1675,6,36,5.166666666666667,1,1,0,0,0,0,0.16666666666666666,0,0,0,0
bn_1676,6,36,5.166666666666667,0,0,0,0,1,0,0.16666666666666666,0,0,0,0
bn_1677,4,19,4.0,0,0,0,0,0,0,0.0,0,0,0,1
bn_1678,8,46,4.875,2,1,0,0,0,0,0.25,0,0,0,1
bn_1679,6,33,4.666666666666667,0,0,0,0,0,0,0.0,0,0,0,1
bn_1680,3,18,5.333333333333333,1,1,0,0,0,0,0.3333333333333333,0,0,0,1
bn_1681,6,38,5.5,0,0,0,0,0,0,0.0,0,0,0,1
bn_1682,8,49,5.25,1,1,0,0,0,0,0.125,0,0,0,0
bn_1683,5,28,4.8,1,1,0,0,0,0,0.2,0,0,0,1
bn_1684,6,42,6.166666666666667,0,0,0,0,0,0,0.0,0,0,0,1
bn_1685,17,78,3.6470588235294117,1,1,0,0,0,0,0.058823529411764705,0,0,0,0
bn_1686,4,27,6.0,0,0,0,0,0,0,0.0,0,0,0,1
bn_1687,7,47,5.857142857142857,1,1,0,0,0,0,0.14285714285714285,0,0,0,0
bn_1688,8,51,5.5,1,1,0,0,0,0,0.125,0,0,0,0
bn_1689,12,78,5.583333333333333,0,0,0,0,1,0,0.08333333333333333,0,0,0,1
bn_1690,11,74,5.818181818181818,1,1,1,0,0,0,0.18181818181818182,0,0,0,1
bn_1691,5,36,6.4,0,0,0,0,0,0,0.0,0,0,0,1
bn_1692,15,101,5.8,1,1,3,0,0,0,0.26666666666666666,0,0,0,1
bn_1693,15,95,5.4,2,1,2,0,0,0,0.26666666666666666,0,0,0,1
bn_1694,4,25,5.5,1,1,0,0,0,0,0.25,0,0,0,0
bn_1695,8,48,5.125,2,1,0,0,0,0,0.25,0,0,0,1
bn_1696,10,64,5.5,1,1,0,0,0,0,0.1,0,0,0,1
bn_1697,12,70,4.916666666666667,1,1,0,0,0,0,0.08333333333333333,0,0,0,1
bn_1698,15,86,4.8,2,1,1,0,0,0,0.2,0,0,0,0
bn_1699,10,74,6.5,1,1,0,0,0,0,0.1,0,0,0,1
bn_1700,10,61,5.2,1,1,0,0,0,0,0.1,0,0,0,1
bn_1701,10,56,4.7,2,1,0,0,0,0,0.2,0,0,0,0
bn_1702,6,35,5.0,1,1,0,0,0,0,0.16666666666666666,0,0,0,0
bn_1703,15,78,4.266666666666667,2,1,0,0,0,0,0.13333333333333333,0,0,0,0
bn_1704,23,137,5.0,0,0,2,0,0,0,0.08695652173913043,0,0,0,1
bn_1705,7,39,4.714285714285714,1,1,0,0,0,0,0.14285714285714285,0,0,0,0
bn_1706,6,28,3.8333333333333335,0,0,0,0,0,0,0.0,0,0,0,1
bn_1707,5,26,4.4,2,1,0,0,0,0,0.4,0,0,0,0
bn_1708,7,37,4.428571428571429,1,1,0,0,0,0,0.14285714285714285,0,0,1,1
bn_1709,3,23,7.0,0,0,1,0,0,0,0.3333333333333333,0,0,0,1
bn_1710,5,27,4.6,0,0,0,0,0,1,0.2,0,0,0,1
bn_1712,4,17,3.5,0,0,0,0,0,0,0.0,0,0,0,1
bn_1713,8,56,6.125,0,0,2,0,0,0,0.25,0,0,0,1
bn_1714,4,24,5.25,0,0,0,0,0,0,0.0,0,0,0,1
bn_1715,5,30,5.2,0,0,2,1,0,0,0.4,0,0,0,1
bn_1716,9,56,5.333333333333333,2,1,0,0,0,0,0.2222222222222222,0,0,0,1
bn_1717,8,40,4.125,0,0,0,0,0,0,0.0,0,0,0,1
bn_1718,7,38,4.571428571428571,0,0,0,0,0,0,0.0,0,0,0,0
bn_1719,25,141,4.68,4,1,0,0,0,0,0.16,0,0,1,1
bn_1720,23,127,4.565217391304348,0,0,0,0,0,0,0.08695652173913043,0,0,0,1
bn_1721,5,24,4.0,0,0,0,0,0,0,0.0,0,0,0,1
bn_1722,15,83,4.6,0,0,0,0,0,0,0.0,0,0,0,0
bn_1723,9,49,4.555555555555555,1,1,0,0,0,0,0.1111111111111111,0,0,0,1
bn_1724,7,38,4.571428571428571,1,1,0,0,0,0,0.14285714285714285,0,0,0,1
bn_1725,6,28,3.8333333333333335,1,1,0,0,0,0,0.16666666666666666,0,0,0,1
bn_1727,4,17,3.5,1,1,0,0,0,0,0.25,0,0,0,0
bn_1728,3,12,3.3333333333333335,0,0,0,0,0,0,0.0,0,0,0,1
bn_1729,8,30,2.875,0,0,0,0,0,0,0.0,0,0,0,0
bn_1730,3,13,3.6666666666666665,0,0,0,0,0,0,0.0,0,0,0,1
bn_1731,3,15,4.333333333333333,0,0,0,0,0,0,0.0,0,0,0,1
bn_1732,8,36,3.625,0,0,0,0,0,0,0.0,0,0,0,0
bn_1733,20,119,5.0,0,0,10,1,0,0,0.5,0,0,0,1
bn_1734,6,26,3.5,0,0,0,0,0,0,0.0,0,0,1,1
bn_1735,6,31,4.333333333333333,1,1,0,0,0,0,0.16666666666666666,0,0,0,0
bn_1736,9,46,4.222222222222222,0,0,0,0,0,1,0.1111111111111111,0,0,0,0
bn_1737,4,21,4.5,0,0,0,0,0,0,0.0,0,0,0,1
bn_1738,11,51,3.727272727272727,0,0,0,0,0,0,0.0,0,0,0,0
bn_1739,4,22,4.75,1,1,0,0,0,0,0.25,0,0,0,1
bn_1740,3,15,4.333333333333333,0,0,0,0,0,0,0.0,0,0,0,0
bn_1741,12,58,3.9166666666666665,1,1,0,0,0,0,0.08333333333333333,0,0,1,0
bn_1743,10,42,3.3,0,0,0,0,0,0,0.0,0,0,0,0
bn_1745,5,26,4.4,0,0,0,0,0,0,0.0,0,0,0,1
bn_1746,6,35,5.0,0,0,0,0,0,0,0.0,0,0,0,1
bn_1747,5,26,4.4,2,1,0,0,0,0,0.4,0,0,0,1
bn_1748,10,57,4.8,0,0,0,0,0,0,0.0,0,0,1,1
bn_1749,7,31,3.5714285714285716,0,0,0,0,0,0,0.0,0,0,0,0
bn_1750,8,46,4.875,0,0,0,0,0,0,0.0,0,0,0,0
bn_1752,22,112,4.136363636363637,0,0,0,0,0,0,0.0,0,0,0,0
bn_1753,4,25,5.5,0,0,0,0,0,0,0.0,0,0,0,1
bn_1754,6,26,3.5,0,0,0,0,0,0,0.0,0,0,0,1
bn_1756,9,50,4.666666666666667,1,1,0,0,0,0,0.1111111111111111,0,0,0,0
bn_1757,5,25,4.2,0,0,0,0,0,0,0.0,0,0,0,1
bn_1758,13,72,4.615384615384615,0,0,0,0,0,0,0.0,0,0,0,0
bn_1759,13,73,4.6923076923076925,0,0,0,0,0,0,0.07692307692307693,0,0,1,0
bn_1760,10,50,4.1,0,0,0,0,0,0,0.0,0,0,0,1
bn_1761,8,38,3.875,0,0,0,0,0,0,0.0,0,0,1,0
bn_1762,10,52,4.3,0,0,0,0,0,0,0.0,0,0,0,1
bn_1763,8,41,4.25,1,1,0,0,0,0,0.125,0,0,0,1
bn_1764,13,69,4.384615384615385,1,1,0,0,0,0,0.07692307692307693,0,0,0,1
bn_1765,15,83,4.6,0,0,4,1,0,0,0.26666666666666666,0,0,0,0
bn_1766,15,82,4.533333333333333,1,1,0,0,0,0,0.06666666666666667,0,0,1,0
bn_1767,17,99,4.882352941176471,4,1,1,0,1,0,0.35294117647058826,0,0,1,0
bn_1768,13,68,4.3076923076923075,0,0,0,0,0,0,0.0,0,0,0,1
bn_1769,4,21,4.5,0,0,0,0,0,0,0.0,0,0,0,1
bn_1770,9,50,4.666666666666667,0,0,0,0,0,0,0.0,0,0,0,1
bn_1771,7,46,5.714285714285714,1,1,0,0,0,0,0.14285714285714285,0,0,0,0
bn_1772,21,111,4.333333333333333,0,0,0,0,0,0,0.0,0,0,0,0
bn_1773,29,180,5.241379310344827,0,0,0,0,0,0,0.034482758620689655,0,0,1,0
bn_1774,36,187,4.222222222222222,0,0,4,1,0,0,0.1111111111111111,0,0,1,0
bn_1775,6,31,4.333333333333333,0,0,0,0,0,0,0.0,0,0,0,1
bn_1776,14,65,3.7142857142857144,0,0,0,0,0,0,0.0,0,0,1,0
bn_1777,6,32,4.5,0,0,0,0,0,0,0.0,0,0,1,1
bn_1778,17,85,4.0588235294117645,0,0,0,0,0,0,0.0,0,0,0,1
bn_1779,17,91,4.411764705882353,0,0,0,0,0,0,0.0,0,0,1,0
bn_1780,15,79,4.333333333333333,0,0,0,0,0,0,0.0,0,0,1,1
bn_1781,9,37,3.2222222222222223,0,0,0,0,0,0,0.0,0,0,1,1
bn_1782,18,100,4.611111111111111,1,1,0,0,0,0,0.05555555555555555,0,0,0,0
bn_1783,19,103,4.473684210526316,0,0,2,1,0,0,0.10526315789473684,0,0,1,0
bn_1784,17,83,3.9411764705882355,0,0,0,0,0,0,0.0,0,0,1,1
bn_1785,10,49,4.0,0,0,0,0,0,0,0.0,0,0,0,1
bn_1786,7,33,3.857142857142857,0,0,0,0,1,0,0.14285714285714285,0,0,0,1
bn_1787,7,44,5.428571428571429,0,0,0,0,0,0,0.0,0,0,0,0
bn_1788,13,58,3.5384615384615383,0,0,0,0,0,0,0.0,0,0,0,1
bn_1789,7,32,3.7142857142857144,0,0,0,0,0,0,0.0,0,0,1,1
bn_1790,10,58,4.9,0,0,0,0,0,0,0.1,0,0,0,1
bn_1791,8,40,4.125,0,0,0,0,0,0,0.0,0,0,0,1
bn_1792,3,19,5.666666666666667,0,0,0,0,0,0,0.0,0,0,0,1
bn_1793,9,47,4.333333333333333,0,0,0,0,0,0,0.0,0,0,1,0
bn_1794,17,95,4.647058823529412,2,1,0,0,0,0,0.11764705882352941,0,0,1,1
bn_1795,9,45,4.111111111111111,0,0,0,0,0,0,0.0,0,0,0,1
bn_1796,11,61,4.636363636363637,0,0,0,0,0,0,0.0,0,0,1,1
bn_1797,6,41,6.0,0,0,0,0,0,0,0.0,0,0,0,1
bn_1798,8,38,3.875,0,0,0,0,0,0,0.0,0,0,0,1
bn_1799,5,26,4.4,0,0,0,0,0,0,0.0,0,0,0,1
bn_1800,8,36,3.625,0,0,0,0,0,0,0.0,0,0,0,1
bn_1801,21,118,4.666666666666667,0,0,0,0,0,0,0.0,0,0,1,0
bn_1802,5,24,4.0,1,1,0,0,0,0,0.2,0,0,0,1
bn_1803,7,44,5.428571428571429,0,0,0,0,0,0,0.0,0,0,0,1
bn_1804,6,27,3.6666666666666665,0,0,0,0,0,0,0.0,0,0,0,1
bn_1805,5,26,4.4,0,0,0,0,0,0,0.0,0,0,0,1
bn_1806,4,24,5.25,0,0,0,0,0,0,0.0,0,0,0,1
bn_1807,13,83,5.461538461538462,0,0,0,0,0,1,0.07692307692307693,0,0,0,1
bn_1808,4,19,4.0,0,0,0,0,0,0,0.0,0,0,0,1
bn_1809,6,30,4.166666666666667,0,0,0,0,0,0,0.0,0,0,0,1
bn_1810,9,38,3.3333333333333335,0,0,0,0,0,0,0.0,0,0,0,1
bn_1811,11,57,4.2727272727272725,0,0,0,0,0,0,0.0,0,0,0,1
bn_1812,18,110,5.166666666666667,0,0,0,0,0,0,0.5555555555555556,0,0,0,1
bn_1813,16,90,4.6875,3,1,0,0,0,0,0.1875,0,0,0,1
bn_1814,8,49,5.25,0,0,0,0,0,0,0.0,0,0,0,1
bn_1815,6,24,3.1666666666666665,0,0,0,0,0,0,0.0,0,0,0,0
bn_1816,6,39,5.666666666666667,0,0,0,0,0,0,0.0,0,0,0,0
bn_1817,15,85,4.733333333333333,3,1,0,0,0,0,0.2,0,0,0,1
bn_1818,4,20,4.25,0,0,1,0,0,0,0.25,0,0,0,0
bn_1819,9,42,3.7777777777777777,1,1,0,0,0,0,0.1111111111111111,0,0,0,0
bn_1820,22,146,5.681818181818182,0,0,0,0,0,0,0.0,0,0,1,1
bn_1821,9,46,4.222222222222222,0,0,1,0,0,0,0.1111111111111111,0,0,0,0
bn_1822,15,73,3.933333333333333,2,1,0,0,0,0,0.13333333333333333,0,0,0,1
bn_1823,11,58,4.363636363636363,1,1,0,0,0,0,0.09090909090909091,0,0,0,0
bn_1824,8,47,5.0,0,0,0,0,0,0,0.0,0,0,0,1
bn_1825,8,40,4.125,1,1,0,0,0,0,0.125,0,0,1,0
bn_1826,6,29,4.0,1,1,0,0,0,0,0.16666666666666666,0,0,0,1
bn_1827,5,26,4.4,0,0,0,0,0,0,0.0,0,0,0,0
bn_1828,4,20,4.25,0,0,0,0,0,0,0.0,0,0,0,1
bn_1829,3,18,5.333333333333333,0,0,0,0,0,0,0.0,0,0,0,1
bn_1830,5,27,4.6,0,0,0,0,0,0,0.0,0,0,0,0
bn_1831,4,24,5.25,0,0,0,0,0,0,0.0,0,0,0,1
bn_1832,18,91,4.111111111111111,0,0,1,0,0,0,0.05555555555555555,0,0,0,1
bn_1833,6,25,3.3333333333333335,0,0,0,0,0,0,0.0,0,0,0,1
bn_1834,5,41,7.4,0,0,1,0,0,0,0.2,0,0,0,0
bn_1835,14,68,3.9285714285714284,3,1,0,0,0,0,0.21428571428571427,0,0,1,1
bn_1836,7,37,4.428571428571429,0,0,0,0,0,0,0.0,0,0,0,1
bn_1837,11,53,3.909090909090909,0,0,0,0,0,0,0.0,0,0,0,1
bn_1838,10,42,3.3,0,0,0,0,0,0,0.0,0,0,0,1
bn_1839,5,26,4.4,0,0,0,0,0,0,0.0,0,0,0,0
bn_1840,7,34,4.0,0,0,0,0,0,0,0.0,0,0,0,1
bn_1841,10,55,4.6,0,0,0,0,0,0,0.0,0,0,0,1
bn_1843,10,40,3.1,0,0,0,0,0,0,0.0,0,0,0,0
bn_1844,4,20,4.25,0,0,0,0,0,0,0.0,0,0,0,1
bn_1845,9,43,3.888888888888889,0,0,0,0,0,0,0.0,0,0,0,1
bn_1846,3,16,4.666666666666667,0,0,0,0,0,0,0.0,0,0,0,1
bn_1847,4,21,4.5,0,0,0,0,0,0,0.0,0,0,0,0
bn_1848,8,46,4.875,0,0,0,0,0,0,0.0,0,0,0,1
bn_1849,7,35,4.142857142857143,0,0,0,0,0,0,0.0,0,0,0,0
bn_1850,4,24,5.25,0,0,0,0,0,0,0.0,0,0,0,0
bn_1851,3,19,5.666666666666667,0,0,1,0,0,0,0.3333333333333333,0,0,0,1
bn_1852,5,22,3.6,0,0,0,0,0,0,0.0,0,0,0,1
bn_1853,19,93,3.9473684210526314,0,0,0,0,0,0,0.0,0,0,0,0
bn_1854,3,15,4.333333333333333,1,1,0,0,0,0,0.3333333333333333,0,0,0,1
bn_1855,4,21,4.5,0,0,0,0,0,0,0.0,0,0,0,1
bn_1856,8,42,4.375,1,1,0,0,0,0,0.125,0,0,0,0
bn_1857,3,17,5.0,0,0,0,0,0,0,0.0,0,0,0,1
bn_1858,5,24,4.0,0,0,0,0,0,0,0.0,0,0,0,1
bn_1859,13,59,3.6153846153846154,0,0,0,0,0,0,0.0,0,0,1,0
bn_1860,14,72,4.214285714285714,0,0,0,0,0,0,0.0,0,0,0,0
bn_1861,8,40,4.125,0,0,0,0,0,0,0.0,0,0,1,1
bn_1863,4,28,6.25,0,0,0,0,0,0,0.0,0,0,0,1
bn_1864,4,16,3.25,0,0,0,0,0,0,0.0,0,0,0,1
bn_1865,6,32,4.5,0,0,0,0,0,0,0.0,0,0,0,0
bn_1866,25,166,5.68,3,1,3,0,0,0,0.24,0,0,0,0
bn_1867,7,45,5.571428571428571,0,0,0,0,0,0,0.0,0,0,0,1
bn_1868,6,35,5.0,0,0,0,0,0,0,0.5,0,0,0,0
bn_1869,9,45,4.111111111111111,0,0,0,0,0,0,0.0,0,0,0,1
bn_1870,5,31,5.4,0,0,0,0,0,0,0.8,0,0,0,1
bn_1871,8,36,3.625,1,1,0,0,0,0,0.125,0,0,0,0
bn_1872,4,19,4.0,0,0,0,0,0,0,0.0,0,0,0,1
bn_1873,11,65,5.0,1,1,0,0,0,0,0.09090909090909091,0,0,1,0
bn_1874,5,25,4.2,0,0,0,0,0,0,0.4,0,0,0,1
bn_1875,3,14,4.0,0,0,0,0,0,1,0.3333333333333333,0,0,0,1
bn_1876,4,21,4.5,0,0,0,0,0,0,0.0,0,0,0,1
bn_1877,12,61,4.166666666666667,2,1,0,0,0,0,0.16666666666666666,0,0,0,0
bn_1878,4,25,5.5,0,0,0,0,0,0,0.0,0,0,0,0
bn_1879,11,54,4.0,0,0,0,0,0,0,0.0,0,0,0,0
bn_1880,12,55,3.6666666666666665,0,0,0,0,0,0,0.0,0,0,0,0
bn_1882,18,94,4.277777777777778,0,0,0,0,0,0,0.0,0,0,1,0
bn_1884,5,31,5.4,0,0,0,0,0,1,0.2,0,0,0,1
bn_1885,7,40,4.857142857142857,0,0,0,0,0,0,0.0,0,0,0,1
bn_1886,3,17,5.0,0,0,0,0,0,0,0.0,0,0,0,0
bn_1887,5,21,3.4,0,0,0,0,0,0,0.0,0,0,0,1
bn_1888,14,71,4.142857142857143,0,0,0,0,0,0,0.0,0,0,0,1
bn_1889,11,53,3.909090909090909,0,0,0,0,0,0,0.0,0,0,0,0
bn_1890,8,42,4.375,0,0,0,0,0,0,0.0,0,0,0,0
bn_1891,3,30,9.333333333333334,0,0,6,1,0,0,2.0,0,0,0,1
bn_1892,5,29,5.0,0,0,0,0,0,0,0.0,0,0,0,1
bn_1894,4,27,6.0,0,0,0,0,0,0,0.0,0,0,0,0
bn_1895,4,24,5.25,0,0,0,0,0,0,0.0,0,0,0,0
bn_1896,4,26,5.75,2,1,0,0,0,0,0.5,0,0,0,1
bn_1897,3,15,4.333333333333333,0,0,0,0,0,0,0.0,0,0,0,0
bn_1898,7,38,4.571428571428571,0,0,0,0,0,0,0.0,0,0,0,1
bn_1899,3,20,6.0,0,0,0,0,0,0,0.0,0,0,0,0
bn_1900,10,55,4.6,2,1,0,0,0,0,0.2,0,0,0,0
bn_1901,6,25,3.3333333333333335,0,0,0,0,0,0,0.0,0,0,0,0
bn_1904,7,34,4.0,0,0,0,0,0,0,0.0,0,0,0,0
bn_1906,6,36,5.166666666666667,2,1,0,0,0,0,0.3333333333333333,0,0,0,0
bn_1907,9,60,5.777777777777778,0,0,0,0,0,0,0.0,0,0,0,0
bn_1908,29,144,4.0,0,0,2,1,0,0,0.06896551724137931,0,0,0,0
bn_1909,11,57,4.2727272727272725,0,0,0,0,0,0,0.0,0,0,0,0
bn_1910,7,46,5.714285714285714,0,0,0,0,0,0,0.0,0,0,0,0
bn_1911,17,105,5.235294117647059,1,1,1,0,0,0,0.11764705882352941,0,0,0,1
bn_1912,7,44,5.428571428571429,2,1,0,0,0,0,0.2857142857142857,0,0,0,1
bn_1913,8,46,4.875,2,1,0,0,0,0,0.25,0,0,0,0
bn_1914,11,64,4.909090909090909,2,1,0,0,0,0,0.18181818181818182,0,0,0,1
bn_1915,7,43,5.285714285714286,0,0,0,0,0,0,0.0,0,0,0,1
bn_1916,3,18,5.333333333333333,0,0,0,0,0,0,0.0,0,0,0,1
bn_1917,10,51,4.2,0,0,0,0,0,0,0.0,0,0,0,0
bn_1918,9,47,4.333333333333333,0,0,0,0,0,0,0.0,0,0,0,0
bn_1919,8,49,5.25,1,1,0,0,0,0,0.125,0,0,0,1
bn_1920,4,18,3.75,0,0,0,0,1,0,0.25,0,0,0,1
bn_1921,11,58,4.363636363636363,1,1,0,0,0,0,0.09090909090909091,0,0,0,0
bn_1922,17,83,3.9411764705882355,1,1,0,0,0,0,0.058823529411764705,0,0,0,0
bn_1923,14,78,4.642857142857143,2,1,0,0,0,0,0.14285714285714285,0,0,0,0
bn_1924,5,25,4.2,0,0,0,0,0,0,0.0,0,0,0,1
bn_1925,10,43,3.4,0,0,0,0,1,0,0.1,0,0,0,0
bn_1926,5,22,3.6,0,0,0,0,0,0,0.0,0,0,0,1
bn_1928,10,53,4.4,0,0,0,0,0,0,0.0,0,0,0,0
bn_1929,4,18,3.75,0,0,0,0,0,0,0.0,0,0,0,1
bn_1930,29,192,5.655172413793103,0,0,13,1,0,0,0.4482758620689655,0,0,1,0
bn_1931,7,40,4.857142857142857,0,0,2,1,0,0,0.2857142857142857,0,0,0,0
bn_1932,9,53,5.0,1,1,0,0,0,0,0.1111111111111111,0,0,0,0
bn_1933,9,51,4.777777777777778,1,1,0,0,0,0,0.1111111111111111,0,0,0,0
bn_1934,12,65,4.5,2,1,0,0,0,0,0.16666666666666666,0,0,0,1
bn_1935,5,27,4.6,1,1,0,0,0,0,0.2,0,0,0,1
bn_1936,32,188,4.90625,2,1,1,0,0,1,0.125,0,0,0,0
bn_1937,4,21,4.5,0,0,0,0,0,0,0.0,0,0,0,0
bn_1938,7,23,2.4285714285714284,0,0,0,0,0,0,0.0,0,0,0,1
bn_1940,39,202,4.205128205128205,0,0,3,1,0,0,0.07692307692307693,0,0,0,0
bn_1941,11,60,4.545454545454546,1,1,0,0,0,0,0.09090909090909091,0,0,0,0
bn_1942,32,172,4.40625,0,0,0,0,0,0,0.0,0,0,0,1
bn_1943,5,26,4.4,0,0,0,0,0,0,0.0,0,0,0,1
bn_1944,7,35,4.142857142857143,0,0,0,0,0,0,0.0,0,0,0,0
bn_1945,15,72,3.8666666666666667,0,0,1,0,0,0,0.06666666666666667,0,0,0,1
bn_1946,3,24,7.333333333333333,1,1,0,0,0,0,0.3333333333333333,0,0,0,0
bn_1947,8,36,3.625,0,0,0,0,0,0,0.0,0,0,0,1
bn_1948,14,75,4.428571428571429,2,1,0,0,0,0,0.14285714285714285,0,0,0,0
bn_1951,3,13,3.6666666666666665,0,0,0,0,0,0,0.0,0,0,0,0
bn_1952,10,61,5.2,1,1,0,0,0,0,1.0,0,0,0,0
bn_1954,5,17,2.6,0,0,0,0,0,0,0.0,0,0,0,1
bn_1955,5,27,4.6,1,1,0,0,0,0,0.2,0,0,0,0
bn_1956,7,34,4.0,0,0,0,0,0,2,0.2857142857142857,0,0,0,1
bn_1957,7,33,3.857142857142857,0,0,0,0,0,0,0.0,0,0,0,0
bn_1958,9,41,3.6666666666666665,0,0,0,0,0,0,0.0,0,0,0,0
bn_1959,7,39,4.714285714285714,0,0,1,0,0,0,0.14285714285714285,0,0,0,1
bn_1960,4,23,5.0,0,0,0,0,0,0,0.0,0,0,0,0
bn_1961,6,31,4.333333333333333,0,0,0,0,0,0,0.0,0,0,0,1
bn_1962,10,52,4.3,0,0,0,0,0,0,0.0,0,0,0,1
bn_1963,7,30,3.4285714285714284,0,0,0,0,0,0,0.0,0,0,0,1
bn_1964,9,45,4.111111111111111,0,0,0,0,0,0,0.0,0,0,0,1
bn_1965,6,28,3.8333333333333335,0,0,0,0,0,0,0.0,0,0,0,0
bn_1966,8,43,4.5,0,0,0,0,0,0,0.375,0,0,0,1
bn_1967,4,19,4.0,0,0,3,1,0,1,1.0,0,0,0,0
bn_1968,10,61,5.2,1,1,0,0,0,0,0.1,0,0,0,0
bn_1969,5,24,4.0,0,0,0,0,1,0,0.2,0,0,0,0
bn_1970,6,31,4.333333333333333,0,0,0,0,0,0,0.0,0,0,0,1
bn_1971,8,47,5.0,0,0,2,0,0,0,0.25,0,0,0,1
bn_1972,11,54,4.0,0,0,0,0,0,1,0.09090909090909091,0,0,0,0
bn_1973,8,51,5.5,1,1,2,0,0,0,0.375,0,0,0,0
bn_1977,4,21,4.5,1,1,0,0,0,0,0.25,0,0,0,1
bn_1978,3,17,5.0,0,0,0,0,0,0,0.0,0,0,0,1
bn_1980,5,24,4.0,1,1,0,0,0,0,0.2,0,0,1,1
bn_1981,7,31,3.5714285714285716,0,0,0,0,0,0,0.0,0,0,1,0
bn_1982,5,23,3.8,0,0,0,0,0,0,0.0,0,0,0,0
bn_1983,4,18,3.75,0,0,0,0,0,0,0.0,0,0,0,1
bn_1984,5,21,3.4,0,0,0,0,0,0,0.0,0,0,0,1
bn_1985,7,28,3.142857142857143,0,0,0,0,0,0,0.0,0,0,0,1
bn_1986,3,16,4.666666666666667,0,0,0,0,0,0,0.0,0,0,0,0
bn_1987,4,34,7.75,0,0,0,0,0,0,0.0,0,0,0,1
bn_1988,6,31,4.333333333333333,0,0,0,0,0,0,0.0,0,0,0,1
bn_1989,5,28,4.8,0,0,0,0,0,0,0.0,0,0,0,1
bn_1990,6,33,4.666666666666667,1,1,0,0,0,0,0.16666666666666666,0,0,0,0
bn_1991,6,35,5.0,0,0,0,0,0,0,0.0,0,0,0,0
bn_1992,3,20,6.0,0,0,0,0,0,0,0.0,0,0,0,1
bn_1993,5,27,4.6,0,0,0,0,0,0,0.0,0,0,0,1
bn_1994,3,13,3.6666666666666665,0,0,0,0,0,0,0.0,0,0,0,1
bn_1995,7,29,3.2857142857142856,0,0,0,0,0,0,0.0,0,0,0,1
bn_1996,5,27,4.6,0,0,0,0,0,0,0.0,0,0,0,0
bn_1997,4,27,6.0,1,1,0,0,0,0,0.25,0,0,0,1
bn_1998,10,52,4.3,1,1,0,0,0,0,0.1,0,0,0,1
