review_id,n_words,n_chars,mean_word_len,n_danda,has_danda,n_comma,has_comma_run,n_exclaim,n_question,punct_per_token,has_latin,has_digit,first_person,cluster_k2
bn_1999,15,79,4.333333333333333,1,1,1,0,0,0,0.13333333333333333,0,0,0,1
bn_2000,13,73,4.6923076923076925,1,1,2,0,0,0,0.23076923076923078,0,0,0,1
bn_2001,9,62,6.0,1,1,1,0,0,0,0.2222222222222222,0,0,0,0
bn_2002,10,63,5.4,1,1,1,0,0,0,0.2,0,0,0,1
bn_2003,10,54,4.5,1,1,1,0,0,0,0.2,0,0,0,1
bn_2004,8,48,5.125,1,1,1,0,0,0,0.25,0,0,0,0
bn_2005,10,57,4.8,1,1,1,0,0,0,0.2,0,0,0,0
bn_2006,8,41,4.25,1,1,1,0,0,0,0.25,0,0,0,0
bn_2007,9,59,5.666666666666667,1,1,0,0,0,0,0.1111111111111111,0,0,0,0
bn_2008,9,49,4.555555555555555,1,1,1,0,0,0,0.2222222222222222,0,0,0,1
bn_2009,10,54,4.5,1,1,1,0,0,0,0.2,0,0,0,1
bn_2010,8,53,5.75,1,1,1,0,0,0,0.25,0,0,0,1
bn_2011,7,54,6.857142857142857,1,1,1,0,0,0,0.2857142857142857,0,0,0,1
bn_2012,10,65,5.6,1,1,1,0,0,0,0.2,0,0,0,1
bn_2013,10,59,5.0,1,1,1,0,0,0,0.2,0,0,0,1
bn_2014,8,56,6.125,1,1,1,0,0,0,0.25,0,0,0,0
bn_2015,7,43,5.285714285714286,1,1,1,0,0,0,0.2857142857142857,0,0,0,0
bn_2016,10,63,5.4,1,1,2,0,0,0,0.3,0,0,0,1
bn_2017,10,51,4.2,1,1,1,0,0,0,0.2,0,0,0,0
bn_2018,10,57,4.8,1,1,1,0,0,0,0.2,0,0,0,1
bn_2019,7,36,4.285714285714286,1,1,0,0,0,0,0.14285714285714285,0,0,0,0
bn_2020,12,61,4.166666666666667,1,1,1,0,0,0,0.16666666666666666,0,0,0,1
bn_2021,9,55,5.222222222222222,1,1,1,0,0,0,0.2222222222222222,0,0,0,0
bn_2022,8,42,4.375,1,1,0,0,0,0,0.125,0,0,0,1
bn_2023,7,42,5.142857142857143,1,1,1,0,0,0,0.2857142857142857,0,0,0,0
bn_2024,10,57,4.8,1,1,1,0,0,0,0.2,0,0,0,1
bn_2025,9,56,5.333333333333333,1,1,0,0,0,0,0.1111111111111111,0,0,0,1
bn_2026,9,58,5.555555555555555,1,1,1,0,0,0,0.2222222222222222,0,0,0,0
bn_2027,9,61,5.888888888888889,1,1,1,0,0,0,0.2222222222222222,0,0,0,0
bn_2028,7,64,8.285714285714286,1,1,1,0,0,0,0.2857142857142857,0,0,0,0
bn_2029,10,68,5.9,1,1,1,0,0,0,0.2,0,0,0,1
bn_2030,7,41,5.0,1,1,1,0,0,0,0.2857142857142857,0,0,0,1
bn_2031,9,51,4.777777777777778,1,1,1,0,0,0,0.2222222222222222,0,0,0,1
bn_2032,9,58,5.555555555555555,1,1,1,0,0,0,0.2222222222222222,0,0,0,0
bn_2033,7,43,5.285714285714286,1,1,1,0,0,0,0.2857142857142857,0,0,0,0
bn_2034,10,57,4.8,1,1,1,0,0,0,0.2,0,0,0,1
bn_2035,7,45,5.571428571428571,1,1,1,0,0,0,0.2857142857142857,0,0,0,0
bn_2036,8,50,5.375,1,1,1,0,0,0,0.375,0,0,0,1
bn_2037,7,48,6.0,1,1,1,0,0,0,0.2857142857142857,0,0,0,1
bn_2038,10,58,4.9,1,1,1,0,0,0,0.2,0,0,0,1
bn_2039,7,44,5.428571428571429,1,1,1,0,0,0,0.2857142857142857,0,0,0,0
bn_2040,8,55,6.0,1,1,1,0,0,0,0.25,0,0,0,0
bn_2041,7,38,4.571428571428571,1,1,1,0,0,0,0.2857142857142857,0,0,0,1
bn_2042,10,59,5.0,1,1,1,0,0,0,0.2,0,0,0,1
bn_2043,9,45,4.111111111111111,1,1,1,0,0,0,0.2222222222222222,0,0,0,1
bn_2044,7,56,7.142857142857143,1,1,1,0,0,0,0.2857142857142857,0,0,0,0
bn_2045,7,55,7.0,1,1,1,0,0,0,0.2857142857142857,0,0,0,1
bn_2046,10,60,5.1,1,1,1,0,0,0,0.2,0,0,0,0
bn_2047,7,45,5.571428571428571,1,1,1,0,0,0,0.2857142857142857,0,0,0,0
bn_2048,11,69,5.363636363636363,1,1,1,0,0,0,0.18181818181818182,0,0,0,1
bn_2049,6,50,7.5,1,1,1,0,0,0,0.3333333333333333,0,0,0,0
bn_2050,8,59,6.5,1,1,1,0,0,0,0.25,0,0,0,1
bn_2051,7,48,6.0,1,1,1,0,0,0,0.2857142857142857,0,0,0,0
bn_2052,5,33,5.8,1,1,0,0,0,0,0.4,0,0,0,1
bn_2053,6,37,5.333333333333333,1,1,0,0,0,0,0.16666666666666666,0,0,0,0
bn_2054,9,57,5.444444444444445,1,1,0,0,0,0,0.1111111111111111,0,0,0,1
bn_2055,6,38,5.5,1,1,0,0,0,0,0.16666666666666666,0,0,0,0
bn_2056,7,39,4.714285714285714,1,1,0,0,0,0,0.14285714285714285,0,0,0,1
bn_2057,8,51,5.5,1,1,1,0,0,0,0.25,0,0,0,0
bn_2058,9,54,5.111111111111111,1,1,1,0,0,0,0.2222222222222222,0,0,0,1
bn_2059,5,26,4.4,1,1,1,0,0,0,0.4,0,0,0,0
bn_2060,7,49,6.142857142857143,1,1,0,0,0,0,0.14285714285714285,0,0,0,0
bn_2061,7,51,6.428571428571429,1,1,1,0,0,0,0.2857142857142857,0,0,0,1
bn_2062,8,55,6.0,1,1,1,0,0,0,0.25,0,0,0,1
bn_2063,6,39,5.666666666666667,1,1,1,0,0,0,0.3333333333333333,0,0,0,0
bn_2064,8,43,4.5,1,1,1,0,0,0,0.25,0,0,0,1
bn_2065,5,34,6.0,1,1,0,0,0,0,0.2,0,0,0,0
bn_2066,8,42,4.375,1,1,1,0,0,0,0.25,0,0,0,1
bn_2067,8,43,4.5,1,1,1,0,0,0,0.25,0,0,0,0
bn_2068,6,39,5.666666666666667,1,1,0,0,0,0,0.16666666666666666,0,0,0,0
bn_2069,5,43,7.8,1,1,0,0,0,0,0.4,0,0,0,0
bn_2070,7,43,5.285714285714286,1,1,1,0,0,0,0.2857142857142857,0,0,0,0
bn_2071,7,44,5.428571428571429,1,1,0,0,0,0,0.14285714285714285,0,0,0,1
bn_2072,8,48,5.125,1,1,0,0,0,0,0.125,0,0,0,1
bn_2073,8,44,4.625,1,1,0,0,0,0,0.125,0,0,0,0
bn_2074,10,63,5.4,1,1,1,0,0,0,0.2,0,0,0,0
bn_2075,5,38,6.8,1,1,1,0,0,0,0.4,0,0,0,0
bn_2076,7,41,5.0,1,1,0,0,0,0,0.14285714285714285,0,0,0,1
bn_2077,6,40,5.833333333333333,1,1,0,0,0,0,0.16666666666666666,0,0,0,1
bn_2078,9,52,4.888888888888889,1,1,1,0,0,0,0.2222222222222222,0,0,0,1
bn_2079,9,50,4.666666666666667,1,1,1,0,0,0,0.2222222222222222,0,0,0,1
bn_2080,8,55,6.0,1,1,1,0,0,0,0.25,0,0,0,1
bn_2081,10,56,4.7,1,1,1,0,0,0,0.2,0,0,0,1
bn_2082,7,48,6.0,1,1,0,0,0,0,0.14285714285714285,0,0,0,1
bn_2083,10,51,4.2,1,1,1,0,0,0,0.2,0,0,0,1
bn_2084,7,39,4.714285714285714,1,1,0,0,0,0,0.14285714285714285,0,0,0,0
bn_2085,9,58,5.555555555555555,1,1,1,0,0,0,0.2222222222222222,0,0,0,1
bn_2086,8,51,5.5,1,1,1,0,0,0,0.25,0,0,0,1
bn_2087,8,56,6.125,1,1,1,0,0,0,0.25,0,0,0,1
bn_2088,6,28,3.8333333333333335,1,1,0,0,0,0,0.16666666666666666,0,0,0,0
bn_2089,8,52,5.625,1,1,1,0,0,0,0.25,0,0,0,1
bn_2090,6,39,5.666666666666667,1,1,1,0,0,0,0.3333333333333333,0,0,0,0
bn_2091,10,50,4.1,1,1,1,0,0,0,0.3,0,0,0,0
bn_2092,10,52,4.3,1,1,1,0,0,0,0.2,0,0,0,1
bn_2093,8,50,5.375,1,1,1,0,0,0,0.25,0,0,0,1
bn_2094,9,59,5.666666666666667,1,1,1,0,0,0,0.2222222222222222,0,0,0,1
bn_2095,8,52,5.625,1,1,1,0,0,0,0.25,0,0,0,1
bn_2096,8,52,5.625,1,1,1,0,0,0,0.25,0,0,0,1
bn_2097,7,37,4.428571428571429,1,1,1,0,0,0,0.2857142857142857,0,0,0,0
bn_2098,8,49,5.25,1,1,1,0,0,0,0.25,0,0,0,0
bn_2099,8,49,5.25,1,1,1,0,0,0,0.25,0,0,0,1
bn_2100,7,52,6.571428571428571,1,1,1,0,0,0,0.2857142857142857,0,0,0,1
bn_2101,8,46,4.875,1,1,1,0,0,0,0.25,0,0,0,0
bn_2102,11,64,4.909090909090909,1,1,1,0,0,0,0.18181818181818182,0,0,0,1
bn_2103,7,54,6.857142857142857,1,1,1,0,0,0,0.2857142857142857,0,0,0,1
bn_2104,9,53,5.0,1,1,1,0,0,0,0.2222222222222222,0,0,0,0
bn_2105,7,52,6.571428571428571,1,1,0,0,0,0,0.14285714285714285,0,0,0,0
bn_2106,6,41,6.0,1,1,1,0,0,0,0.3333333333333333,0,0,0,1
bn_2107,8,50,5.375,1,1,1,0,0,0,0.25,0,0,0,1
bn_2108,7,61,7.857142857142857,1,1,1,0,0,0,0.2857142857142857,0,0,0,0
bn_2109,7,44,5.428571428571429,1,1,0,0,0,0,0.14285714285714285,0,0,0,0
bn_2110,9,63,6.111111111111111,1,1,1,0,0,0,0.2222222222222222,0,0,0,1
bn_2111,5,39,7.0,1,1,0,0,0,0,0.4,0,0,0,0
bn_2112,8,53,5.75,1,1,0,0,0,0,0.125,0,0,0,1
bn_2113,7,44,5.428571428571429,1,1,1,0,0,0,0.2857142857142857,0,0,0,1
bn_2114,8,45,4.75,1,1,1,0,0,0,0.25,0,0,0,0
bn_2115,8,54,5.875,1,1,1,0,0,0,0.25,0,0,0,1
bn_2116,6,39,5.666666666666667,1,1,1,0,0,0,0.3333333333333333,0,0,0,1
bn_2117,6,38,5.5,1,1,0,0,0,0,0.16666666666666666,0,0,0,0
bn_2118,7,50,6.285714285714286,1,1,1,0,0,0,0.2857142857142857,0,0,0,1
bn_2119,7,39,4.714285714285714,1,1,1,0,0,0,0.2857142857142857,0,0,0,0
bn_2120,9,55,5.222222222222222,1,1,1,0,0,0,0.2222222222222222,0,0,0,1
bn_2121,7,45,5.571428571428571,1,1,1,0,0,0,0.2857142857142857,0,0,0,0
bn_2122,8,52,5.625,1,1,0,0,0,0,0.125,0,0,0,1
bn_2123,8,49,5.25,1,1,1,0,0,0,0.25,0,0,0,1
bn_2124,7,50,6.285714285714286,1,1,1,0,0,0,0.2857142857142857,0,0,0,0
bn_2125,11,62,4.7272727272727275,1,1,1,0,0,0,0.18181818181818182,0,0,0,1
bn_2126,5,35,6.2,1,1,0,0,0,0,0.2,0,0,0,0
bn_2127,8,41,4.25,1,1,0,0,0,0,0.125,0,0,0,0
bn_2128,7,50,6.285714285714286,1,1,1,0,0,0,0.2857142857142857,0,0,0,1
bn_2129,7,39,4.714285714285714,1,1,1,0,0,0,0.2857142857142857,0,0,0,0
bn_2130,7,42,5.142857142857143,1,1,0,0,0,0,0.14285714285714285,0,0,0,0
bn_2131,6,41,6.0,1,1,0,0,0,0,0.16666666666666666,0,0,0,1
bn_2132,8,43,4.5,1,1,1,0,0,0,0.25,0,0,0,0
bn_2133,8,53,5.75,1,1,1,0,0,0,0.25,0,0,0,1
bn_2134,8,53,5.75,1,1,1,0,0,0,0.25,0,0,0,0
bn_2135,9,58,5.555555555555555,1,1,1,0,0,0,0.2222222222222222,0,0,0,1
bn_2136,6,44,6.5,1,1,0,0,0,0,0.16666666666666666,0,0,0,1
bn_2137,6,40,5.833333333333333,1,1,1,0,0,0,0.3333333333333333,0,0,0,0
bn_2138,6,37,5.333333333333333,1,1,0,0,0,0,0.16666666666666666,0,0,0,0
bn_2139,5,42,7.6,1,1,1,0,0,0,0.4,0,0,0,0
bn_2140,7,53,6.714285714285714,1,1,0,0,0,0,0.14285714285714285,0,0,0,1
bn_2141,6,32,4.5,1,1,0,0,0,0,0.16666666666666666,0,0,0,1
bn_2142,5,32,5.6,1,1,1,0,0,0,0.4,0,0,0,0
bn_2143,6,42,6.166666666666667,1,1,1,0,0,0,0.3333333333333333,0,0,0,1
bn_2144,8,47,5.0,1,1,1,0,0,0,0.25,0,0,0,0
bn_2145,7,38,4.571428571428571,1,1,1,0,0,0,0.2857142857142857,0,0,0,0
bn_2146,5,33,5.8,1,1,0,0,0,0,0.2,0,0,0,1
bn_2147,8,43,4.5,1,1,1,0,0,0,0.25,0,0,0,1
bn_2148,6,39,5.666666666666667,1,1,0,0,0,0,0.16666666666666666,0,0,0,0
bn_2149,6,44,6.5,1,1,1,0,0,0,0.3333333333333333,0,0,0,1
bn_2150,8,51,5.5,1,1,0,0,0,0,0.125,0,0,0,0
bn_2151,8,44,4.625,1,1,1,0,0,0,0.25,0,0,0,1
bn_2152,8,46,4.875,1,1,1,0,0,0,0.25,0,0,0,0
bn_2153,6,53,8.0,1,1,1,0,0,0,0.3333333333333333,0,0,0,1
bn_2154,7,48,6.0,1,1,1,0,0,0,0.2857142857142857,0,0,0,1
bn_2155,9,40,3.5555555555555554,1,1,1,0,0,0,0.2222222222222222,0,0,0,0
bn_2156,6,41,6.0,1,1,1,0,0,0,0.3333333333333333,0,0,0,0
bn_2157,7,48,6.0,1,1,1,0,0,0,0.2857142857142857,0,0,0,1
bn_2158,5,32,5.6,1,1,0,0,0,0,0.2,0,0,0,1
bn_2159,7,44,5.428571428571429,1,1,1,0,0,0,0.2857142857142857,0,0,0,1
bn_2160,5,42,7.6,1,1,0,0,0,0,0.2,0,0,0,1
bn_2161,8,48,5.125,1,1,0,0,0,0,0.125,0,0,0,1
bn_2162,8,38,3.875,1,1,0,0,0,0,0.125,0,0,0,1
bn_2163,6,40,5.833333333333333,1,1,1,0,0,0,0.3333333333333333,0,0,0,1
bn_2164,8,45,4.75,1,1,0,0,0,0,0.125,0,0,0,0
bn_2165,7,38,4.571428571428571,1,1,1,0,0,0,0.2857142857142857,0,0,0,1
bn_2166,9,50,4.666666666666667,1,1,1,0,0,0,0.2222222222222222,0,0,0,1
bn_2167,6,35,5.0,1,1,1,0,0,0,0.3333333333333333,0,0,0,1
bn_2168,7,37,4.428571428571429,1,1,0,0,0,0,0.14285714285714285,0,0,0,0
bn_2169,8,42,4.375,1,1,1,0,0,0,0.25,0,0,0,1
bn_2170,10,62,5.3,1,1,1,0,0,0,0.2,0,0,0,1
bn_2171,9,55,5.222222222222222,1,1,1,0,0,0,0.2222222222222222,0,0,0,1
bn_2172,8,56,6.125,1,1,1,0,0,0,0.25,0,0,0,1
bn_2173,6,41,6.0,1,1,1,0,0,0,0.3333333333333333,0,0,0,0
bn_2174,9,54,5.111111111111111,1,1,1,0,0,0,0.2222222222222222,0,0,0,1
bn_2175,9,53,5.0,1,1,1,0,0,0,0.2222222222222222,0,0,0,0
bn_2176,7,51,6.428571428571429,1,1,1,0,0,0,0.2857142857142857,0,0,0,0
bn_2177,7,50,6.285714285714286,1,1,1,0,0,0,0.2857142857142857,0,0,0,1
bn_2178,7,41,5.0,1,1,0,0,0,0,0.14285714285714285,1,0,0,1
bn_2179,7,38,4.571428571428571,1,1,1,0,0,0,0.2857142857142857,0,0,0,0
bn_2180,8,42,4.375,1,1,1,0,0,0,0.25,0,0,0,1
bn_2181,6,42,6.166666666666667,1,1,1,0,0,0,0.3333333333333333,0,0,0,0
bn_2182,6,36,5.166666666666667,1,1,0,0,0,0,0.16666666666666666,0,0,0,0
bn_2183,6,43,6.333333333333333,1,1,0,0,0,0,0.16666666666666666,0,0,0,1
bn_2184,8,51,5.5,1,1,1,0,0,0,0.25,0,0,0,1
bn_2185,7,42,5.142857142857143,1,1,1,0,0,0,0.2857142857142857,0,0,0,0
bn_2186,7,38,4.571428571428571,1,1,1,0,0,0,0.2857142857142857,0,0,0,0
bn_2187,5,34,6.0,1,1,1,0,0,0,0.4,0,0,0,0
bn_2188,7,47,5.857142857142857,1,1,1,0,0,0,0.2857142857142857,0,0,0,1
bn_2189,6,39,5.666666666666667,1,1,1,0,0,0,0.3333333333333333,0,0,0,1
bn_2190,6,40,5.833333333333333,1,1,1,0,0,0,0.3333333333333333,0,0,0,1
bn_2191,8,46,4.875,1,1,0,0,0,0,0.125,0,0,0,1
bn_2192,7,45,5.571428571428571,1,1,1,0,0,0,0.2857142857142857,0,0,0,1
bn_2193,8,53,5.75,1,1,1,0,0,0,0.25,0,0,0,1
bn_2194,4,31,7.0,1,1,0,0,0,0,0.25,0,0,0,0
bn_2195,9,46,4.222222222222222,1,1,1,0,0,0,0.2222222222222222,0,0,0,1
bn_2196,5,34,6.0,1,1,0,0,0,0,0.2,0,0,0,0
bn_2197,9,48,4.444444444444445,1,1,1,0,0,0,0.2222222222222222,0,0,0,1
bn_2198,6,34,4.833333333333333,1,1,0,0,0,0,0.16666666666666666,0,0,0,0
bn_2199,5,36,6.4,1,1,0,0,0,0,0.2,0,0,0,1
bn_2200,4,29,6.5,1,1,0,0,0,0,0.25,0,0,0,0
bn_2201,10,51,4.2,1,1,1,0,0,0,0.2,0,0,0,1
bn_2202,6,47,7.0,1,1,1,0,0,0,0.3333333333333333,0,0,0,1
bn_2203,7,38,4.571428571428571,1,1,1,0,0,0,0.2857142857142857,0,0,0,1
bn_2204,7,49,6.142857142857143,1,1,1,0,0,0,0.2857142857142857,0,0,0,0
bn_2205,7,35,4.142857142857143,1,1,1,0,0,0,0.2857142857142857,0,0,0,1
bn_2206,7,37,4.428571428571429,1,1,0,0,0,0,0.14285714285714285,0,0,0,0
bn_2207,8,43,4.5,1,1,2,0,0,0,0.375,0,0,0,0
bn_2208,10,48,3.9,1,1,0,0,0,0,0.1,0,0,0,1
bn_2209,6,39,5.666666666666667,1,1,1,0,0,0,0.3333333333333333,0,0,0,0
bn_2210,8,53,5.75,1,1,1,0,0,0,0.25,0,0,0,0
bn_2211,5,36,6.4,1,1,1,0,0,0,0.4,0,0,0,0
bn_2212,6,42,6.166666666666667,1,1,1,0,0,0,0.3333333333333333,0,0,0,1
bn_2213,6,34,4.833333333333333,1,1,0,0,0,0,0.16666666666666666,0,0,0,0
bn_2214,4,36,8.25,1,1,0,0,0,0,0.25,0,0,0,1
bn_2215,8,51,5.5,1,1,1,0,0,0,0.25,0,0,0,1
bn_2216,9,58,5.555555555555555,1,1,1,0,0,0,0.2222222222222222,0,0,0,0
bn_2217,8,39,4.0,1,1,1,0,0,0,0.25,0,0,0,1
bn_2219,8,48,5.125,1,1,1,0,0,0,0.25,0,0,0,0
bn_2220,6,38,5.5,1,1,0,0,0,0,0.16666666666666666,0,0,0,0
bn_2221,7,40,4.857142857142857,1,1,1,0,0,0,0.2857142857142857,0,0,0,1
bn_2222,6,42,6.166666666666667,1,1,1,0,0,0,0.3333333333333333,0,0,0,1
bn_2223,9,57,5.444444444444445,1,1,1,0,0,0,0.2222222222222222,0,0,0,0
bn_2224,7,46,5.714285714285714,1,1,0,0,0,0,0.14285714285714285,0,0,0,1
bn_2225,7,45,5.571428571428571,1,1,0,0,0,0,0.14285714285714285,0,0,0,1
bn_2226,8,40,4.125,1,1,1,0,0,0,0.25,0,0,0,0
bn_2227,6,38,5.5,1,1,0,0,0,0,0.16666666666666666,0,0,0,0
bn_2228,7,43,5.285714285714286,1,1,1,0,0,0,0.2857142857142857,0,0,0,0
bn_2229,5,36,6.4,1,1,0,0,0,0,0.2,0,0,0,1
bn_2230,4,29,6.5,1,1,0,0,0,0,0.25,0,0,0,0
bn_2231,5,34,6.0,1,1,0,0,0,0,0.2,0,0,0,1
bn_2232,10,58,4.9,1,1,1,0,0,0,0.2,0,0,0,1
bn_2233,6,32,4.5,1,1,1,0,0,0,0.3333333333333333,0,0,0,0
bn_2234,9,55,5.222222222222222,1,1,1,0,0,0,0.2222222222222222,0,0,0,1
bn_2235,5,35,6.2,1,1,0,0,0,0,0.2,0,0,0,1
bn_2236,7,44,5.428571428571429,1,1,1,0,0,0,0.2857142857142857,0,0,0,1
bn_2238,9,50,4.666666666666667,1,1,1,0,0,0,0.2222222222222222,0,0,0,1
bn_2239,7,42,5.142857142857143,1,1,1,0,0,0,0.2857142857142857,0,0,0,1
bn_2240,9,48,4.444444444444445,1,1,1,0,0,0,0.2222222222222222,0,0,0,1
bn_2241,12,61,4.166666666666667,1,1,1,0,0,0,0.16666666666666666,0,0,0,1
bn_2242,8,47,5.0,1,1,1,0,0,0,0.25,0,0,0,1
bn_2243,8,48,5.125,1,1,1,0,0,0,0.25,0,0,0,0
bn_2244,7,40,4.857142857142857,1,1,0,0,0,0,0.14285714285714285,0,0,0,1
bn_2245,7,53,6.714285714285714,1,1,0,0,0,0,0.14285714285714285,0,0,0,1
bn_2246,9,53,5.0,1,1,1,0,0,0,0.2222222222222222,0,0,0,0
bn_2247,6,37,5.333333333333333,1,1,1,0,0,0,0.3333333333333333,0,0,0,0
bn_2248,8,41,4.25,1,1,1,0,0,0,0.25,0,0,0,0
bn_2249,7,49,6.142857142857143,1,1,1,0,0,0,0.2857142857142857,0,0,0,1
bn_2250,7,52,6.571428571428571,1,1,1,0,0,0,0.2857142857142857,0,0,0,1
bn_2251,6,37,5.333333333333333,1,1,0,0,0,0,0.16666666666666666,0,0,0,1
bn_2252,7,43,5.285714285714286,1,1,1,0,0,0,0.2857142857142857,0,0,0,0
bn_2253,7,41,5.0,1,1,1,0,0,0,0.2857142857142857,0,0,0,1
bn_2254,8,51,5.5,1,1,1,0,0,0,0.25,0,0,0,1
bn_2255,6,43,6.333333333333333,1,1,0,0,0,0,0.16666666666666666,0,0,0,1
bn_2257,5,26,4.4,1,1,0,0,0,0,0.2,0,0,0,0
bn_2258,6,39,5.666666666666667,1,1,0,0,0,0,0.16666666666666666,0,0,0,1
bn_2259,4,37,8.5,1,1,0,0,0,0,0.25,0,0,0,1
bn_2260,7,37,4.428571428571429,1,1,0,0,0,0,0.14285714285714285,0,0,0,1
bn_2261,9,53,5.0,1,1,1,0,0,0,0.2222222222222222,0,0,0,1
bn_2262,7,40,4.857142857142857,1,1,0,0,0,0,0.14285714285714285,0,0,0,0
bn_2263,7,47,5.857142857142857,1,1,1,0,0,0,0.2857142857142857,0,0,0,1
bn_2264,9,42,3.7777777777777777,1,1,0,0,0,0,0.1111111111111111,0,0,0,1
bn_2265,9,49,4.555555555555555,1,1,1,0,0,0,0.2222222222222222,0,0,0,1
bn_2266,6,31,4.333333333333333,1,1,0,0,0,0,0.16666666666666666,0,0,0,1
bn_2267,6,39,5.666666666666667,1,1,0,0,0,0,0.16666666666666666,0,0,0,1
bn_2268,7,42,5.142857142857143,1,1,1,0,0,0,0.2857142857142857,0,0,0,0
bn_2269,8,48,5.125,1,1,1,0,0,0,0.25,0,0,0,0
bn_2270,8,40,4.125,1,1,1,0,0,0,0.25,0,0,0,1
bn_2271,9,51,4.777777777777778,1,1,1,0,0,0,0.2222222222222222,0,0,0,1
bn_2272,7,45,5.571428571428571,1,1,1,0,0,0,0.2857142857142857,0,0,0,1
bn_2273,8,42,4.375,1,1,1,0,0,0,0.25,0,0,0,1
bn_2275,8,48,5.125,1,1,1,0,0,0,0.25,0,0,0,0
bn_2276,8,47,5.0,1,1,1,0,0,0,0.25,0,0,0,0
bn_2277,6,41,6.0,1,1,1,0,0,0,0.3333333333333333,0,0,0,1
bn_2278,7,46,5.714285714285714,1,1,0,0,0,0,0.14285714285714285,0,0,0,1
bn_2279,8,41,4.25,1,1,1,0,0,0,0.25,0,0,0,1
bn_2280,8,40,4.125,1,1,1,0,0,0,0.25,0,0,0,1
bn_2281,7,42,5.142857142857143,1,1,0,0,0,0,0.2857142857142857,0,0,0,1
bn_2282,4,25,5.5,1,1,0,0,0,0,0.25,0,0,0,0
bn_2283,4,33,7.5,1,1,0,0,0,0,0.25,0,0,0,0
bn_2284,9,44,4.0,1,1,1,0,0,0,0.2222222222222222,0,0,0,0
bn_2286,6,33,4.666666666666667,1,1,1,0,0,0,0.3333333333333333,0,0,0,0
bn_2287,8,47,5.0,1,1,0,0,0,0,0.125,0,0,0,1
bn_2288,8,41,4.25,1,1,0,0,0,0,0.125,0,0,0,1
bn_2289,5,32,5.6,1,1,1,0,0,0,0.4,0,0,0,0
bn_2290,6,43,6.333333333333333,1,1,1,0,0,0,0.3333333333333333,0,0,0,1
bn_2291,7,42,5.142857142857143,1,1,1,0,0,0,0.2857142857142857,0,0,0,1
bn_2292,7,48,6.0,1,1,1,0,0,0,0.2857142857142857,0,0,0,1
bn_2293,5,35,6.2,1,1,0,0,0,0,0.2,0,0,0,1
bn_2294,6,38,5.5,1,1,0,0,0,0,0.16666666666666666,0,0,0,1
bn_2296,6,39,5.666666666666667,1,1,0,0,0,0,0.16666666666666666,0,0,0,1
bn_2298,4,35,8.0,1,1,0,0,0,0,0.25,0,0,0,1
bn_2300,8,49,5.25,1,1,1,0,0,0,0.25,0,0,0,1
bn_2302,6,38,5.5,1,1,0,0,0,0,0.16666666666666666,0,0,0,1
bn_2304,6,35,5.0,1,1,0,0,0,0,0.16666666666666666,0,0,0,1
bn_2306,5,35,6.2,1,1,0,0,0,0,0.2,0,0,0,1
bn_2308,6,25,3.3333333333333335,1,1,0,0,0,0,0.16666666666666666,0,0,0,0
bn_2310,6,33,4.666666666666667,1,1,1,0,0,0,0.3333333333333333,0,0,0,0
bn_2311,6,30,4.166666666666667,1,1,1,0,0,0,0.3333333333333333,0,0,0,1
bn_2312,8,45,4.75,1,1,1,0,0,0,0.25,0,0,0,1
bn_2314,10,61,5.2,1,1,1,0,0,0,0.2,0,0,0,1
bn_2315,7,51,6.428571428571429,1,1,0,0,0,0,0.14285714285714285,0,0,0,1
bn_2316,11,61,4.636363636363637,1,1,1,0,0,0,0.18181818181818182,0,0,0,0
bn_2317,8,57,6.25,1,1,1,0,0,0,0.25,0,0,0,1
bn_2318,9,44,4.0,1,1,1,0,0,0,0.2222222222222222,0,0,0,0
bn_2319,7,40,4.857142857142857,1,1,1,0,0,0,0.2857142857142857,0,0,0,0
bn_2320,9,58,5.555555555555555,1,1,1,0,0,0,0.2222222222222222,0,0,0,1
bn_2321,8,44,4.625,1,1,1,0,0,0,0.25,0,0,0,1
bn_2322,8,54,5.875,1,1,0,0,0,0,0.125,0,0,0,0
bn_2323,6,35,5.0,1,1,0,0,0,0,0.16666666666666666,0,0,0,1
bn_2324,9,50,4.666666666666667,1,1,1,0,0,0,0.2222222222222222,0,0,0,1
bn_2325,10,60,5.1,1,1,1,0,0,0,0.2,0,0,0,1
bn_2326,8,44,4.625,1,1,0,0,0,0,0.125,0,0,0,1
bn_2327,7,42,5.142857142857143,1,1,1,0,0,0,0.2857142857142857,0,0,0,1
bn_2328,8,53,5.75,1,1,1,0,0,0,0.25,0,0,0,0
bn_2329,8,47,5.0,1,1,0,0,0,0,0.125,0,0,0,1
bn_2330,10,53,4.4,1,1,1,0,0,0,0.2,0,0,0,1
bn_2331,11,53,3.909090909090909,1,1,1,0,0,0,0.18181818181818182,0,0,0,1
bn_2332,9,42,3.7777777777777777,1,1,1,0,0,0,0.2222222222222222,0,0,0,0
bn_2333,6,40,5.833333333333333,1,1,1,0,0,0,0.3333333333333333,0,0,0,1
bn_2334,7,49,6.142857142857143,1,1,1,0,0,0,0.2857142857142857,0,0,0,1
bn_2335,10,46,3.7,1,1,1,0,0,0,0.2,0,0,0,1
bn_2336,9,55,5.222222222222222,1,1,1,0,0,0,0.2222222222222222,0,0,0,1
bn_2337,11,59,4.454545454545454,1,1,1,0,0,0,0.2727272727272727,0,0,0,1
bn_2338,7,34,4.0,1,1,0,0,0,0,0.14285714285714285,0,0,0,1
bn_2339,10,58,4.9,1,1,0,0,0,0,0.1,0,0,0,1
bn_2340,10,57,4.8,1,1,1,0,0,0,0.2,0,0,0,1
bn_2341,6,39,5.666666666666667,1,1,1,0,0,0,0.3333333333333333,0,0,0,1
bn_2342,8,45,4.75,1,1,1,0,0,0,0.25,0,0,0,1
bn_2343,10,59,5.0,1,1,0,0,0,0,0.1,0,0,0,1
bn_2344,8,49,5.25,1,1,1,0,0,0,0.25,0,0,0,1
bn_2345,7,51,6.428571428571429,1,1,0,0,0,0,0.14285714285714285,0,0,0,0
bn_2346,9,64,6.222222222222222,1,1,0,0,0,0,0.1111111111111111,0,0,0,1
bn_2347,7,51,6.428571428571429,1,1,0,0,0,0,0.14285714285714285,0,0,0,1
bn_2348,9,45,4.111111111111111,1,1,0,0,0,0,0.1111111111111111,0,0,0,1
bn_2349,6,32,4.5,1,1,0,0,0,0,0.16666666666666666,0,0,0,1
bn_2350,9,47,4.333333333333333,1,1,0,0,0,0,0.1111111111111111,0,0,0,1
bn_2351,7,38,4.571428571428571,1,1,1,0,0,0,0.2857142857142857,0,0,0,1
bn_2352,8,40,4.125,1,1,0,0,0,0,0.125,0,0,0,1
bn_2353,8,43,4.5,1,1,0,0,0,0,0.125,0,0,0,1
bn_2354,9,49,4.555555555555555,1,1,1,0,0,0,0.2222222222222222,0,0,0,1
bn_2355,8,47,5.0,1,1,0,0,0,0,0.125,0,0,0,1
bn_2356,7,45,5.571428571428571,1,1,0,0,0,0,0.14285714285714285,0,0,0,1
bn_2357,8,55,6.0,1,1,0,0,0,0,0.125,0,0,0,0
bn_2358,7,43,5.285714285714286,1,1,0,0,0,0,0.14285714285714285,0,0,0,0
bn_2359,6,38,5.5,1,1,0,0,0,0,0.16666666666666666,0,0,0,0
bn_2360,8,53,5.75,1,1,1,0,0,0,0.25,0,0,0,1
bn_2361,9,58,5.555555555555555,1,1,1,0,0,0,0.2222222222222222,0,0,0,1
bn_2362,9,56,5.333333333333333,1,1,1,0,0,0,0.2222222222222222,0,0,0,1
bn_2363,6,43,6.333333333333333,1,1,0,0,0,0,0.16666666666666666,0,0,0,1
bn_2364,8,48,5.125,1,1,0,0,0,0,0.125,0,0,0,1
bn_2365,7,39,4.714285714285714,1,1,0,0,0,0,0.14285714285714285,0,0,0,1
bn_2366,6,44,6.5,1,1,0,0,0,0,0.16666666666666666,0,0,0,1
bn_2367,7,41,5.0,1,1,1,0,0,0,0.2857142857142857,0,0,0,0
bn_2368,9,46,4.222222222222222,1,1,1,0,0,0,0.2222222222222222,0,0,0,0
bn_2369,12,67,4.666666666666667,1,1,1,0,0,0,0.16666666666666666,0,0,0,1
bn_2370,9,54,5.111111111111111,1,1,0,0,0,0,0.1111111111111111,0,0,0,1
bn_2371,9,64,6.222222222222222,1,1,0,0,0,0,0.1111111111111111,0,0,0,1
bn_2372,7,50,6.285714285714286,1,1,1,0,0,0,0.2857142857142857,0,0,0,1
bn_2373,9,51,4.777777777777778,1,1,1,0,0,0,0.2222222222222222,0,0,0,1
bn_2374,10,60,5.1,1,1,0,0,0,0,0.1,0,0,0,1
bn_2375,9,49,4.555555555555555,1,1,1,0,0,0,0.2222222222222222,0,0,0,0
bn_2376,10,68,5.9,1,1,1,0,0,0,0.2,0,0,0,1
bn_2377,10,54,4.5,1,1,0,0,0,0,0.1,0,0,0,1
bn_2378,8,49,5.25,1,1,1,0,0,0,0.25,0,0,0,1
bn_2379,8,41,4.25,1,1,0,0,0,0,0.125,0,0,0,1
bn_2380,10,60,5.1,1,1,1,0,0,0,0.2,0,0,0,1
bn_2381,12,66,4.583333333333333,1,1,1,0,0,0,0.16666666666666666,0,0,0,1
bn_2382,9,56,5.333333333333333,1,1,1,0,0,0,0.2222222222222222,0,0,0,1
bn_2383,9,59,5.666666666666667,1,1,1,0,0,0,0.2222222222222222,0,0,0,0
bn_2384,9,75,7.444444444444445,1,1,1,0,0,0,0.2222222222222222,0,0,0,1
bn_2385,7,44,5.428571428571429,1,1,1,0,0,0,0.2857142857142857,0,0,0,1
bn_2386,8,54,5.875,1,1,0,0,0,0,0.125,0,0,0,1
bn_2387,12,66,4.583333333333333,1,1,1,0,0,0,0.16666666666666666,0,0,0,1
bn_2388,11,64,4.909090909090909,1,1,0,0,0,0,0.09090909090909091,0,0,0,1
bn_2389,12,62,4.25,1,1,1,0,0,0,0.16666666666666666,0,0,0,0
bn_2390,9,58,5.555555555555555,1,1,1,0,0,0,0.2222222222222222,0,0,0,1
bn_2391,9,46,4.222222222222222,1,1,0,0,0,0,0.1111111111111111,0,0,0,1
bn_2392,9,50,4.666666666666667,1,1,1,0,0,0,0.2222222222222222,0,0,0,1
bn_2393,8,60,6.625,1,1,1,0,0,0,0.25,0,0,0,0
bn_2394,10,58,4.9,1,1,1,0,0,0,0.2,0,0,0,1
bn_2395,8,46,4.875,1,1,0,0,0,0,0.125,0,0,0,1
bn_2396,8,42,4.375,1,1,0,0,0,0,0.125,0,0,0,1
bn_2397,10,67,5.8,1,1,0,0,0,0,0.1,0,0,0,1
bn_2398,10,69,6.0,1,1,1,0,0,0,0.2,0,0,0,1
bn_2399,10,59,5.0,1,1,0,0,0,0,0.1,0,0,0,1
bn_2400,8,48,5.125,1,1,0,0,0,0,0.125,0,0,0,1
bn_2401,11,61,4.636363636363637,1,1,1,0,0,0,0.18181818181818182,0,0,0,1
bn_2402,8,53,5.75,1,1,1,0,0,0,0.25,0,0,0,1
bn_2403,6,45,6.666666666666667,1,1,1,0,0,0,0.3333333333333333,0,0,0,1
bn_2404,8,50,5.375,1,1,1,0,0,0,0.25,0,0,0,1
bn_2405,8,52,5.625,1,1,0,0,0,0,0.125,0,0,0,1
bn_2406,8,54,5.875,1,1,0,0,0,0,0.125,0,0,0,1
bn_2407,10,59,5.0,1,1,0,0,0,0,0.1,0,0,0,1
bn_2408,6,42,6.166666666666667,1,1,0,0,0,0,0.16666666666666666,0,0,0,1
bn_2409,9,58,5.555555555555555,1,1,0,0,0,0,0.1111111111111111,0,0,0,1
bn_2410,8,61,6.75,1,1,1,0,0,0,0.25,0,0,0,1
bn_2411,9,60,5.777777777777778,1,1,1,0,0,0,0.2222222222222222,0,0,0,1
bn_2412,9,53,5.0,1,1,1,0,0,0,0.2222222222222222,0,0,0,0
bn_2413,8,60,6.625,1,1,0,0,0,0,0.125,0,0,0,1
bn_2414,9,47,4.333333333333333,1,1,1,0,0,0,0.2222222222222222,0,0,0,0
bn_2415,11,61,4.636363636363637,1,1,1,0,0,0,0.18181818181818182,0,0,0,1
bn_2416,11,65,5.0,1,1,1,0,0,0,0.18181818181818182,0,0,0,1
bn_2417,9,64,6.222222222222222,1,1,1,0,0,0,0.2222222222222222,0,0,0,1
bn_2418,7,48,6.0,1,1,1,0,0,0,0.2857142857142857,0,0,0,0
bn_2419,10,56,4.7,1,1,1,0,0,0,0.2,0,0,0,1
bn_2420,5,34,6.0,1,1,0,0,0,0,0.2,0,0,0,1
bn_2421,12,84,6.083333333333333,1,1,1,0,0,0,0.16666666666666666,0,0,0,1
bn_2422,7,46,5.714285714285714,1,1,1,0,0,0,0.2857142857142857,0,0,0,1
bn_2423,11,62,4.7272727272727275,1,1,1,0,0,0,0.18181818181818182,0,0,0,1
bn_2424,12,62,4.25,1,1,1,0,0,0,0.16666666666666666,0,0,0,1
bn_2425,10,61,5.2,1,1,1,0,0,0,0.2,0,0,0,1
bn_2426,10,59,5.0,1,1,1,0,0,0,0.2,0,0,0,1
bn_2427,12,66,4.583333333333333,1,1,1,0,0,0,0.16666666666666666,0,0,0,1
bn_2428,6,43,6.333333333333333,1,1,0,0,0,0,0.16666666666666666,0,0,0,1
bn_2429,9,52,4.888888888888889,1,1,1,0,0,0,0.2222222222222222,0,0,0,1
bn_2430,7,39,4.714285714285714,1,1,0,0,0,0,0.14285714285714285,0,0,0,1
bn_2431,7,47,5.857142857142857,1,1,1,0,0,0,0.2857142857142857,0,0,0,1
bn_2432,7,52,6.571428571428571,1,1,1,0,0,0,0.2857142857142857,0,0,0,1
bn_2433,10,56,4.7,1,1,1,0,0,0,0.2,0,0,0,1
bn_2434,8,50,5.375,1,1,0,0,0,0,0.125,0,0,0,1
bn_2435,11,64,4.909090909090909,1,1,1,0,0,0,0.18181818181818182,0,0,0,1
bn_2436,7,40,4.857142857142857,1,1,0,0,0,0,0.14285714285714285,0,0,0,1
bn_2437,11,65,5.0,1,1,1,0,0,0,0.18181818181818182,0,0,0,1
bn_2438,9,61,5.888888888888889,1,1,1,0,0,0,0.2222222222222222,0,0,0,1
bn_2439,10,58,4.9,1,1,0,0,0,0,0.1,0,0,0,0
bn_2440,9,50,4.666666666666667,1,1,1,0,0,0,0.2222222222222222,0,0,0,1
bn_2441,7,47,5.857142857142857,1,1,1,0,0,0,0.2857142857142857,0,0,0,1
bn_2442,9,54,5.111111111111111,1,1,0,0,0,0,0.1111111111111111,0,0,0,1
bn_2443,12,69,4.833333333333333,1,1,1,0,0,0,0.16666666666666666,0,0,0,1
bn_2444,9,55,5.222222222222222,1,1,1,0,0,0,0.2222222222222222,0,0,0,1
bn_2445,8,49,5.25,1,1,1,0,0,0,0.25,0,0,0,1
bn_2446,5,37,6.6,1,1,0,0,0,0,0.2,0,0,0,1
bn_2447,7,51,6.428571428571429,1,1,0,0,0,0,0.14285714285714285,0,0,0,1
bn_2448,8,48,5.125,1,1,0,0,0,0,0.125,0,0,0,1
bn_2449,10,55,4.6,1,1,1,0,0,0,0.2,0,0,0,1
bn_2450,9,48,4.444444444444445,1,1,0,0,0,0,0.1111111111111111,0,0,0,1
bn_2451,8,45,4.75,1,1,1,0,0,0,0.25,0,0,0,1
bn_2452,8,50,5.375,1,1,0,0,0,0,0.125,0,0,0,1
bn_2453,7,50,6.285714285714286,1,1,0,0,0,0,0.14285714285714285,0,0,0,0
bn_2454,8,47,5.0,1,1,0,0,0,0,0.125,0,0,0,1
bn_2455,8,56,6.125,1,1,0,0,0,0,0.125,0,0,0,1
bn_2456,10,73,6.4,1,1,1,0,0,0,0.2,0,0,0,1
bn_2457,10,55,4.6,1,1,1,0,0,0,0.2,0,0,0,1
bn_2458,7,48,6.0,1,1,0,0,0,0,0.14285714285714285,0,0,0,1
bn_2459,9,47,4.333333333333333,1,1,1,0,0,0,0.2222222222222222,0,0,0,1
bn_2460,7,48,6.0,1,1,0,0,0,0,0.14285714285714285,0,0,0,1
bn_2461,5,30,5.2,1,1,0,0,0,0,0.4,0,0,0,1
bn_2462,10,62,5.3,1,1,1,0,0,0,0.2,0,0,0,1
bn_2463,8,50,5.375,1,1,1,0,0,0,0.25,0,0,0,1
bn_2464,7,40,4.857142857142857,1,1,1,0,0,0,0.2857142857142857,0,0,0,1
bn_2465,8,49,5.25,1,1,1,0,0,0,0.25,0,0,0,1
bn_2466,7,40,4.857142857142857,1,1,0,0,0,0,0.14285714285714285,0,0,0,1
bn_2467,10,51,4.2,1,1,1,0,0,0,0.2,0,0,0,1
bn_2468,6,46,6.833333333333333,1,1,0,0,0,0,0.16666666666666666,0,0,0,0
bn_2469,7,47,5.857142857142857,1,1,1,0,0,0,0.2857142857142857,0,0,0,0
bn_2470,9,53,5.0,1,1,0,0,0,0,0.1111111111111111,0,0,0,1
bn_2471,8,46,4.875,1,1,0,0,0,0,0.125,0,0,0,1
bn_2472,7,44,5.428571428571429,1,1,0,0,0,0,0.14285714285714285,0,0,0,1
bn_2473,11,60,4.545454545454546,1,1,1,0,0,0,0.18181818181818182,0,0,0,0
bn_2474,8,51,5.5,1,1,0,0,0,0,0.125,0,0,0,1
bn_2475,6,43,6.333333333333333,1,1,1,0,0,0,0.3333333333333333,0,0,0,0
bn_2476,10,54,4.5,1,1,1,0,0,0,0.2,0,0,0,1
bn_2477,7,47,5.857142857142857,1,1,1,0,0,0,0.2857142857142857,0,0,0,1
bn_2478,9,47,4.333333333333333,1,1,1,0,0,0,0.2222222222222222,0,0,0,0
bn_2479,8,43,4.5,1,1,1,0,0,0,0.25,0,0,0,0
bn_2480,6,40,5.833333333333333,1,1,1,0,0,0,0.3333333333333333,0,0,0,0
bn_2481,5,41,7.4,1,1,0,0,0,0,0.2,0,0,0,0
bn_2482,8,46,4.875,1,1,0,0,0,0,0.125,0,0,0,1
bn_2483,9,55,5.222222222222222,1,1,1,0,0,0,0.2222222222222222,0,0,0,1
bn_2484,9,44,4.0,1,1,1,0,0,0,0.2222222222222222,0,0,0,0
bn_2485,8,50,5.375,1,1,1,0,0,0,0.25,0,0,0,1
bn_2486,9,47,4.333333333333333,1,1,0,0,0,0,0.1111111111111111,0,0,0,1
bn_2487,9,58,5.555555555555555,1,1,0,0,0,0,0.1111111111111111,0,0,0,1
bn_2488,11,62,4.7272727272727275,1,1,1,0,0,0,0.18181818181818182,0,0,0,1
bn_2489,7,41,5.0,1,1,0,0,0,0,0.14285714285714285,0,0,0,1
bn_2490,7,51,6.428571428571429,1,1,0,0,0,0,0.14285714285714285,0,0,0,0
bn_2491,6,40,5.833333333333333,1,1,1,0,0,0,0.3333333333333333,0,0,0,0
bn_2492,8,50,5.375,1,1,1,0,0,0,0.25,0,0,0,1
bn_2493,9,50,4.666666666666667,1,1,1,0,0,0,0.2222222222222222,0,0,0,1
bn_2494,7,43,5.285714285714286,1,1,0,0,0,0,0.14285714285714285,0,0,0,0
bn_2495,9,59,5.666666666666667,1,1,1,0,0,0,0.2222222222222222,0,0,0,1
bn_2496,10,50,4.1,1,1,1,0,0,0,0.2,0,0,0,1
bn_2497,7,41,5.0,1,1,1,0,0,0,0.2857142857142857,0,0,0,0
bn_2498,10,57,4.8,1,1,1,0,0,0,0.2,0,0,0,1
bn_2499,10,59,5.0,1,1,1,0,0,0,0.2,0,0,0,1
bn_2500,9,49,4.555555555555555,1,1,1,0,0,0,0.2222222222222222,0,0,0,1
bn_2501,8,50,5.375,1,1,1,0,0,0,0.25,0,0,0,1
bn_2502,7,40,4.857142857142857,1,1,0,0,0,0,0.14285714285714285,0,0,0,0
bn_2503,5,35,6.2,1,1,0,0,0,0,0.2,0,0,0,0
bn_2504,7,48,6.0,1,1,1,0,0,0,0.2857142857142857,0,0,0,1
bn_2505,8,48,5.125,1,1,1,0,0,0,0.25,0,0,0,0
bn_2506,10,54,4.5,1,1,1,0,0,0,0.2,0,0,0,0
bn_2507,8,44,4.625,1,1,1,0,0,0,0.25,0,0,0,1
bn_2508,4,31,7.0,1,1,0,0,0,0,0.25,0,0,0,1
bn_2509,12,64,4.416666666666667,1,1,1,0,0,0,0.16666666666666666,0,0,0,1
bn_2510,7,41,5.0,1,1,1,0,0,0,0.2857142857142857,0,0,0,0
bn_2511,9,59,5.666666666666667,1,1,1,0,0,0,0.2222222222222222,0,0,0,1
bn_2512,7,44,5.428571428571429,1,1,1,0,0,0,0.2857142857142857,0,0,0,1
bn_2513,8,46,4.875,1,1,1,0,0,0,0.25,0,0,0,0
bn_2514,6,52,7.833333333333333,1,1,0,0,0,0,0.16666666666666666,0,0,0,1
bn_2515,8,49,5.25,1,1,0,0,0,0,0.125,0,0,0,1
bn_2516,11,55,4.090909090909091,1,1,1,0,0,0,0.18181818181818182,0,0,0,1
bn_2517,8,46,4.875,1,1,1,0,0,0,0.25,0,0,0,1
bn_2518,8,49,5.25,1,1,0,0,0,0,0.125,0,0,0,1
bn_2519,5,36,6.4,1,1,0,0,0,0,0.2,0,0,0,1
bn_2520,8,55,6.0,1,1,1,0,0,0,0.25,0,0,0,1
bn_2521,7,51,6.428571428571429,1,1,1,0,0,0,0.2857142857142857,0,0,0,1
bn_2522,6,41,6.0,1,1,1,0,0,0,0.3333333333333333,0,0,0,0
bn_2523,8,52,5.625,1,1,1,0,0,0,0.25,0,0,0,1
bn_2524,8,48,5.125,1,1,0,0,0,0,0.125,0,0,0,1
bn_2525,9,40,3.5555555555555554,1,1,0,0,0,0,0.1111111111111111,0,0,0,1
bn_2526,9,51,4.777777777777778,1,1,0,0,0,0,0.1111111111111111,0,0,0,0
bn_2527,8,52,5.625,1,1,1,0,0,0,0.25,0,0,0,0
bn_2528,6,45,6.666666666666667,1,1,0,0,0,0,0.16666666666666666,0,0,0,1
bn_2529,8,55,6.0,1,1,1,0,0,0,0.25,0,0,0,0
bn_2530,7,42,5.142857142857143,1,1,1,0,0,0,0.2857142857142857,0,0,0,0
bn_2531,7,40,4.857142857142857,1,1,0,0,0,0,0.14285714285714285,0,0,0,1
bn_2532,7,41,5.0,1,1,1,0,0,0,0.2857142857142857,0,0,0,0
bn_2533,7,55,7.0,1,1,1,0,0,0,0.2857142857142857,0,0,0,1
bn_2534,7,43,5.285714285714286,1,1,1,0,0,0,0.2857142857142857,0,0,0,1
bn_2535,7,50,6.285714285714286,1,1,0,0,0,0,0.14285714285714285,0,0,0,1
bn_2536,7,40,4.857142857142857,1,1,1,0,0,0,0.2857142857142857,0,0,0,1
bn_2537,6,33,4.666666666666667,1,1,0,0,0,0,0.16666666666666666,0,0,0,1
bn_2538,5,33,5.8,1,1,1,0,0,0,0.4,0,0,0,0
bn_2539,9,51,4.777777777777778,1,1,1,0,0,0,0.2222222222222222,0,0,0,1
bn_2540,6,44,6.5,1,1,1,0,0,0,0.3333333333333333,0,0,0,0
bn_2541,8,45,4.75,1,1,1,0,0,0,0.25,0,0,0,1
bn_2542,6,38,5.5,1,1,0,0,0,0,0.16666666666666666,0,0,0,1
bn_2543,8,49,5.25,1,1,0,0,0,0,0.125,0,0,0,1
bn_2544,6,38,5.5,1,1,0,0,0,0,0.16666666666666666,0,0,0,1
bn_2545,7,54,6.857142857142857,1,1,1,0,0,0,0.2857142857142857,0,0,0,1
bn_2546,16,99,5.25,2,1,0,0,0,0,0.125,0,0,0,1
bn_2547,8,45,4.75,1,1,0,0,0,0,0.125,0,0,0,1
bn_2548,12,66,4.583333333333333,1,1,1,0,0,0,0.16666666666666666,0,0,0,0
bn_2549,8,44,4.625,1,1,0,0,0,0,0.125,0,0,0,1
bn_2550,6,41,6.0,1,1,1,0,0,0,0.3333333333333333,0,0,0,0
bn_2551,8,44,4.625,1,1,0,0,0,0,0.125,0,0,0,1
bn_2552,8,45,4.75,1,1,0,0,0,0,0.125,0,0,0,1
bn_2553,6,40,5.833333333333333,1,1,0,0,0,0,0.16666666666666666,0,0,0,1
bn_2554,9,49,4.555555555555555,1,1,0,0,0,0,0.1111111111111111,0,0,0,0
bn_2555,7,46,5.714285714285714,1,1,0,0,0,0,0.14285714285714285,0,0,0,1
bn_2556,6,39,5.666666666666667,1,1,1,0,0,0,0.3333333333333333,0,0,0,1
bn_2557,6,33,4.666666666666667,1,1,1,0,0,0,0.3333333333333333,0,0,0,1
bn_2558,4,25,5.5,1,1,0,0,0,0,0.25,0,0,0,1
bn_2559,8,45,4.75,1,1,0,0,0,0,0.125,0,0,0,1
bn_2560,8,47,5.0,1,1,1,0,0,0,0.25,0,0,0,1
bn_2561,10,58,4.9,1,1,0,0,0,0,0.1,0,0,0,0
bn_2562,10,61,5.2,1,1,1,0,0,0,0.2,0,0,0,1
bn_2563,9,56,5.333333333333333,1,1,1,0,0,0,0.2222222222222222,0,0,0,0
bn_2564,8,50,5.375,1,1,1,0,0,0,0.25,0,0,0,1
bn_2565,6,44,6.5,1,1,0,0,0,0,0.16666666666666666,0,0,0,1
bn_2566,10,59,5.0,1,1,1,0,0,0,0.2,0,0,0,0
bn_2567,11,76,6.0,1,1,1,0,0,0,0.18181818181818182,0,0,0,1
bn_2568,10,59,5.0,1,1,1,0,0,0,0.2,0,0,0,1
bn_2569,10,55,4.6,1,1,0,0,0,0,0.1,0,0,0,0
bn_2570,12,70,4.916666666666667,1,1,1,0,0,0,0.16666666666666666,0,0,0,0
bn_2571,9,66,6.444444444444445,1,1,1,0,0,0,0.2222222222222222,0,0,0,1
bn_2572,10,57,4.8,1,1,2,0,0,0,0.4,0,0,0,1
bn_2573,7,43,5.285714285714286,1,1,1,0,0,0,0.2857142857142857,0,0,0,1
bn_2574,10,56,4.7,1,1,1,0,0,0,0.2,0,0,0,0
bn_2575,8,52,5.625,1,1,0,0,0,0,0.125,0,0,0,1
bn_2576,10,60,5.1,1,1,1,0,0,0,0.2,0,0,0,0
bn_2577,9,49,4.555555555555555,1,1,1,0,0,0,0.2222222222222222,0,0,0,0
bn_2578,9,59,5.666666666666667,1,1,1,0,0,0,0.2222222222222222,0,0,0,1
bn_2579,9,57,5.444444444444445,1,1,1,0,0,0,0.2222222222222222,0,0,0,1
bn_2580,8,41,4.25,1,1,0,0,0,0,0.125,0,0,0,0
bn_2581,9,49,4.555555555555555,1,1,0,0,0,0,0.1111111111111111,0,0,0,1
bn_2582,10,56,4.7,1,1,1,0,0,0,0.2,0,0,0,1
bn_2583,10,63,5.4,1,1,1,0,0,0,0.2,0,0,0,1
bn_2584,8,53,5.75,1,1,1,0,0,0,0.25,0,0,0,1
bn_2585,10,60,5.1,1,1,1,0,0,0,0.2,0,0,0,1
bn_2586,10,68,5.9,1,1,1,0,0,0,0.2,0,0,0,0
bn_2587,10,62,5.3,1,1,1,0,0,0,0.2,0,0,0,1
bn_2588,9,53,5.0,1,1,1,0,0,0,0.2222222222222222,0,0,0,1
bn_2589,14,67,3.857142857142857,1,1,1,0,0,0,0.14285714285714285,0,0,0,1
bn_2590,10,55,4.6,1,1,1,0,0,0,0.2,0,0,0,0
bn_2591,6,41,6.0,1,1,0,0,0,0,0.16666666666666666,0,0,0,1
bn_2592,11,65,5.0,1,1,1,0,0,0,0.18181818181818182,0,0,0,1
bn_2593,8,45,4.75,1,1,0,0,0,0,0.125,0,0,0,1
bn_2594,11,55,4.090909090909091,1,1,1,0,0,0,0.18181818181818182,0,0,0,1
bn_2595,10,57,4.8,1,1,1,0,0,0,0.2,0,0,0,0
bn_2596,10,55,4.6,1,1,1,0,0,0,0.2,0,0,0,0
bn_2597,9,51,4.777777777777778,1,1,1,0,0,0,0.2222222222222222,0,0,0,1
bn_2598,10,62,5.3,1,1,1,0,0,0,0.2,0,0,0,1
bn_2599,9,50,4.666666666666667,1,1,1,0,0,0,0.2222222222222222,0,0,0,0
bn_2600,11,79,6.2727272727272725,1,1,1,0,0,0,0.18181818181818182,0,0,0,1
bn_2601,8,49,5.25,1,1,0,0,0,0,0.125,0,0,0,1
bn_2602,10,58,4.9,1,1,0,0,0,0,0.1,0,0,0,0
bn_2603,8,54,5.875,1,1,1,0,0,0,0.25,0,0,0,1
bn_2604,10,58,4.9,1,1,1,0,0,0,0.2,0,0,0,1
bn_2605,11,57,4.2727272727272725,1,1,1,0,0,0,0.18181818181818182,0,0,0,1
bn_2606,9,49,4.555555555555555,1,1,1,0,0,0,0.2222222222222222,0,0,0,1
bn_2607,9,48,4.444444444444445,1,1,1,0,0,0,0.2222222222222222,0,0,0,0
bn_2608,9,52,4.888888888888889,1,1,1,0,0,0,0.2222222222222222,0,0,0,1
bn_2610,8,51,5.5,1,1,1,0,0,0,0.25,0,0,0,0
bn_2611,9,51,4.777777777777778,1,1,0,0,0,0,0.1111111111111111,0,0,0,1
bn_2612,7,47,5.857142857142857,1,1,0,0,0,0,0.14285714285714285,0,0,0,0
bn_2613,6,37,5.333333333333333,1,1,0,0,0,0,0.16666666666666666,1,0,0,1
bn_2614,9,47,4.333333333333333,1,1,1,0,0,0,0.2222222222222222,0,0,0,1
bn_2615,9,51,4.777777777777778,1,1,1,0,0,0,0.2222222222222222,0,0,0,0
bn_2616,10,64,5.5,1,1,1,0,0,0,0.2,0,0,0,1
bn_2617,7,51,6.428571428571429,1,1,0,0,0,0,0.14285714285714285,0,0,0,1
bn_2618,8,48,5.125,1,1,1,0,0,0,0.25,0,0,0,1
bn_2619,8,47,5.0,1,1,0,0,0,0,0.125,0,0,0,1
bn_2620,11,56,4.181818181818182,1,1,1,0,0,0,0.18181818181818182,0,0,0,0
bn_2621,7,43,5.285714285714286,1,1,1,0,0,0,0.2857142857142857,0,0,0,1
bn_2622,10,62,5.3,1,1,1,0,0,0,0.2,0,0,0,1
bn_2623,6,42,6.166666666666667,1,1,0,0,0,0,0.16666666666666666,0,0,0,1
bn_2624,8,46,4.875,1,1,1,0,0,0,0.25,0,0,0,1
bn_2625,8,47,5.0,1,1,1,0,0,0,0.25,0,0,0,0
bn_2626,10,54,4.5,1,1,0,0,0,0,0.1,0,0,0,1
bn_2628,10,57,4.8,1,1,0,0,0,0,0.1,0,0,0,1
bn_2629,7,41,5.0,1,1,1,0,0,0,0.2857142857142857,0,0,0,0
bn_2630,5,38,6.8,1,1,0,0,0,0,0.2,0,0,0,1
bn_2631,8,43,4.5,1,1,1,0,0,0,0.25,0,0,0,1
bn_2632,8,52,5.625,1,1,1,0,0,0,0.25,0,0,0,0
bn_2633,7,36,4.285714285714286,1,1,0,0,0,0,0.14285714285714285,0,0,0,1
bn_2634,8,42,4.375,1,1,1,0,0,0,0.25,0,0,0,1
bn_2635,8,52,5.625,1,1,1,0,0,0,0.25,0,0,0,1
bn_2636,10,61,5.2,1,1,1,0,0,0,0.2,0,0,0,0
bn_2637,6,49,7.333333333333333,1,1,1,0,0,0,0.5,0,0,0,0
bn_2638,8,48,5.125,1,1,1,0,0,0,0.25,0,0,0,1
bn_2639,8,50,5.375,1,1,0,0,0,0,0.125,0,0,0,1
bn_2640,9,48,4.444444444444445,1,1,0,0,0,0,0.1111111111111111,0,0,0,0
bn_2641,7,42,5.142857142857143,1,1,0,0,0,0,0.14285714285714285,0,0,0,1
bn_2642,9,54,5.111111111111111,1,1,1,0,0,0,0.2222222222222222,0,0,0,1
bn_2643,5,37,6.6,1,1,0,0,0,0,0.2,0,0,0,1
bn_2644,8,49,5.25,1,1,1,0,0,0,0.25,0,0,0,1
bn_2645,9,50,4.666666666666667,1,1,0,0,0,0,0.1111111111111111,0,0,0,0
bn_2646,8,48,5.125,1,1,1,0,0,0,0.25,0,0,0,1
bn_2647,6,39,5.666666666666667,1,1,1,0,0,0,0.3333333333333333,0,0,0,0
bn_2648,6,41,6.0,1,1,1,0,0,0,0.5,0,0,0,1
bn_2649,6,35,5.0,1,1,0,0,0,0,0.16666666666666666,0,0,0,1
bn_2650,10,53,4.4,1,1,1,0,0,0,0.2,0,0,0,1
bn_2651,7,37,4.428571428571429,1,1,0,0,0,0,0.14285714285714285,0,0,0,1
bn_2652,7,47,5.857142857142857,1,1,1,0,0,0,0.2857142857142857,0,0,0,0
bn_2653,7,40,4.857142857142857,1,1,1,0,0,0,0.2857142857142857,0,0,0,1
bn_2654,8,44,4.625,1,1,1,0,0,0,0.25,0,0,0,0
bn_2655,7,53,6.714285714285714,1,1,1,0,0,0,0.2857142857142857,0,0,0,1
bn_2656,8,56,6.125,1,1,1,0,0,0,0.25,0,0,0,1
bn_2657,8,53,5.75,1,1,0,0,0,0,0.125,0,0,0,1
bn_2658,7,39,4.714285714285714,1,1,1,0,0,0,0.2857142857142857,0,0,0,0
bn_2659,8,58,6.375,1,1,1,0,0,0,0.25,0,0,0,1
bn_2660,8,55,6.0,1,1,1,0,0,0,0.25,0,0,0,1
bn_2662,6,44,6.5,1,1,1,0,0,0,0.3333333333333333,0,0,0,0
bn_2663,11,55,4.090909090909091,1,1,0,0,0,0,0.36363636363636365,0,0,0,1
bn_2664,8,48,5.125,1,1,1,0,0,0,0.25,0,0,0,1
bn_2665,14,67,3.857142857142857,1,1,0,0,0,0,0.14285714285714285,0,0,0,1
bn_2666,9,54,5.111111111111111,1,1,1,0,0,0,0.2222222222222222,0,0,0,0
bn_2667,7,49,6.142857142857143,1,1,1,0,0,0,0.2857142857142857,0,0,0,1
bn_2668,10,57,4.8,1,1,1,0,0,0,0.2,0,0,0,0
bn_2669,7,38,4.571428571428571,1,1,1,0,0,0,0.2857142857142857,0,0,0,0
bn_2670,10,55,4.6,1,1,0,0,0,0,0.1,0,0,0,1
bn_2671,8,44,4.625,1,1,1,0,0,0,0.25,0,0,0,1
bn_2672,8,56,6.125,1,1,1,0,0,0,0.25,0,0,0,0
bn_2673,8,53,5.75,1,1,1,0,0,0,0.25,0,0,0,0
bn_2674,10,61,5.2,1,1,1,0,0,0,0.2,0,0,0,0
bn_2675,9,54,5.111111111111111,1,1,1,0,0,0,0.2222222222222222,0,0,0,1
bn_2676,9,64,6.222222222222222,1,1,1,0,0,0,0.2222222222222222,0,0,0,1
bn_2677,8,47,5.0,1,1,1,0,0,0,0.25,0,0,0,0
bn_2678,8,39,4.0,1,1,0,0,0,0,0.125,0,0,0,0
bn_2679,5,35,6.2,1,1,1,0,0,0,0.4,0,0,0,1
bn_2680,8,50,5.375,1,1,1,0,0,0,0.25,0,0,0,1
bn_2681,5,42,7.6,1,1,1,0,0,0,0.4,0,0,0,1
bn_2682,7,45,5.571428571428571,1,1,1,0,0,0,0.2857142857142857,0,0,0,0
bn_2683,5,40,7.2,1,1,1,0,0,0,0.4,0,0,0,0
bn_2684,7,44,5.428571428571429,1,1,1,0,0,0,0.2857142857142857,0,0,0,1
bn_2685,7,42,5.142857142857143,1,1,1,0,0,0,0.2857142857142857,0,0,0,1
bn_2686,8,48,5.125,1,1,1,0,0,0,0.25,0,0,0,1
bn_2687,6,45,6.666666666666667,1,1,0,0,0,0,0.16666666666666666,0,0,0,1
bn_2688,11,69,5.363636363636363,1,1,1,0,0,0,0.18181818181818182,0,0,0,0
bn_2689,7,40,4.857142857142857,1,1,1,0,0,0,0.2857142857142857,0,0,0,0
bn_2691,10,53,4.4,1,1,1,0,0,0,0.2,0,0,0,1
bn_2692,11,54,4.0,1,1,1,0,0,0,0.18181818181818182,0,0,0,0
bn_2693,8,51,5.5,1,1,0,0,0,0,0.125,0,0,0,1
bn_2694,9,57,5.444444444444445,1,1,1,0,0,0,0.2222222222222222,0,0,0,0
bn_2695,11,63,4.818181818181818,1,1,1,0,0,0,0.18181818181818182,0,0,0,1
bn_2696,9,50,4.666666666666667,1,1,1,0,0,0,0.3333333333333333,0,0,0,0
bn_2697,9,46,4.222222222222222,1,1,1,0,0,0,0.2222222222222222,0,0,0,1
bn_2698,11,57,4.2727272727272725,1,1,2,0,0,0,0.2727272727272727,0,0,0,0
bn_2699,8,49,5.25,1,1,1,0,0,0,0.25,0,0,0,1
bn_2700,8,43,4.5,1,1,1,0,0,0,0.25,0,0,0,0
bn_2701,10,51,4.2,1,1,1,0,0,0,0.2,0,0,0,1
bn_2702,8,44,4.625,1,1,0,0,0,0,0.125,0,0,0,0
bn_2703,9,45,4.111111111111111,1,1,1,0,0,0,0.2222222222222222,0,0,0,0
bn_2704,7,46,5.714285714285714,1,1,0,0,0,0,0.14285714285714285,0,0,0,1
bn_2705,7,41,5.0,1,1,0,0,0,0,0.14285714285714285,0,0,0,1
bn_2706,6,39,5.666666666666667,1,1,0,0,0,0,0.16666666666666666,0,0,0,1
bn_2707,10,56,4.7,1,1,1,0,0,0,0.2,0,0,0,1
bn_2708,9,47,4.333333333333333,1,1,1,0,0,0,0.2222222222222222,0,0,0,0
bn_2709,8,59,6.5,1,1,1,0,0,0,0.25,0,0,0,0
bn_2711,9,53,5.0,1,1,1,0,0,0,0.2222222222222222,0,0,0,1
bn_2712,11,62,4.7272727272727275,1,1,1,0,0,0,0.18181818181818182,0,0,0,0
bn_2713,6,40,5.833333333333333,1,1,0,0,0,0,0.16666666666666666,0,0,0,1
bn_2714,8,49,5.25,1,1,1,0,0,0,0.25,0,0,0,1
bn_2715,8,48,5.125,1,1,1,0,0,0,0.25,0,0,0,1
bn_2716,7,38,4.571428571428571,1,1,1,0,0,0,0.2857142857142857,0,0,0,1
bn_2717,6,36,5.166666666666667,1,1,1,0,0,0,0.3333333333333333,0,0,0,0
bn_2718,11,56,4.181818181818182,1,1,1,0,0,0,0.18181818181818182,0,0,0,1
bn_2719,8,45,4.75,1,1,1,0,0,0,0.25,0,0,0,1
bn_2720,9,62,6.0,1,1,1,0,0,0,0.2222222222222222,0,0,0,0
bn_2721,8,48,5.125,1,1,1,0,0,0,0.25,0,0,0,0
bn_2722,8,49,5.25,1,1,1,0,0,0,0.25,0,0,0,0
bn_2724,9,50,4.666666666666667,1,1,0,0,0,0,0.1111111111111111,0,0,0,1
bn_2725,9,51,4.777777777777778,1,1,1,0,0,0,0.2222222222222222,0,0,0,1
bn_2726,10,53,4.4,1,1,1,0,0,0,0.2,0,0,0,1
bn_2727,9,58,5.555555555555555,1,1,1,0,0,0,0.2222222222222222,0,0,0,1
bn_2728,8,62,6.875,1,1,1,0,0,0,0.375,0,0,0,0
bn_2729,8,45,4.75,1,1,0,0,0,0,0.125,0,0,0,1
bn_2730,10,60,5.1,1,1,1,0,0,0,0.2,0,0,0,0
bn_2731,5,36,6.4,1,1,0,0,0,0,0.2,0,0,0,1
bn_2732,7,49,6.142857142857143,1,1,0,0,0,0,0.14285714285714285,0,0,0,0
bn_2733,5,31,5.4,1,1,1,0,0,0,0.4,0,0,0,0
bn_2734,7,39,4.714285714285714,1,1,0,0,0,0,0.14285714285714285,0,0,0,0
bn_2735,9,45,4.111111111111111,1,1,1,0,0,0,0.2222222222222222,0,0,0,1
bn_2736,9,60,5.777777777777778,1,1,1,0,0,0,0.2222222222222222,0,0,0,1
bn_2737,7,47,5.857142857142857,1,1,1,0,0,0,0.2857142857142857,0,0,0,0
bn_2738,10,54,4.5,1,1,1,0,0,0,0.2,0,0,0,0
bn_2739,11,60,4.545454545454546,1,1,1,0,0,0,0.18181818181818182,0,0,0,1
bn_2740,7,51,6.428571428571429,1,1,1,0,0,0,0.2857142857142857,0,0,0,0
bn_2741,8,40,4.125,1,1,0,0,0,0,0.125,0,0,0,1
bn_2742,7,48,6.0,1,1,0,0,0,0,0.14285714285714285,0,0,0,1
bn_2743,6,41,6.0,1,1,1,0,0,0,0.3333333333333333,0,0,0,1
bn_2744,10,56,4.7,1,1,1,0,0,0,0.2,0,0,0,1
bn_2745,6,38,5.5,1,1,0,0,0,0,0.16666666666666666,0,0,0,1
bn_2746,9,56,5.333333333333333,1,1,0,0,0,0,0.1111111111111111,0,0,0,1
bn_2747,8,42,4.375,1,1,0,0,0,0,0.125,0,0,0,0
bn_2748,6,49,7.333333333333333,1,1,0,0,0,0,0.16666666666666666,0,0,0,1
bn_2749,5,31,5.4,1,1,0,0,0,0,0.2,0,0,0,1
bn_2750,10,53,4.4,1,1,0,0,0,0,0.1,0,0,0,0
bn_2751,8,47,5.0,1,1,1,0,0,0,0.375,0,0,0,1
bn_2752,9,55,5.222222222222222,1,1,1,0,0,0,0.2222222222222222,0,0,0,0
bn_2753,5,40,7.2,1,1,0,0,0,0,0.2,0,0,0,1
bn_2754,9,63,6.111111111111111,1,1,1,0,0,0,0.2222222222222222,0,0,0,1
bn_2755,8,53,5.75,1,1,1,0,0,0,0.25,0,0,0,1
bn_2756,9,48,4.444444444444445,1,1,0,0,0,0,0.1111111111111111,0,0,0,0
bn_2757,9,53,5.0,1,1,0,0,0,0,0.1111111111111111,0,0,0,1
bn_2758,9,55,5.222222222222222,1,1,1,0,0,0,0.2222222222222222,0,0,0,1
bn_2759,7,35,4.142857142857143,1,1,0,0,0,0,0.14285714285714285,0,0,0,1
bn_2760,7,47,5.857142857142857,1,1,1,0,0,0,0.2857142857142857,0,0,0,0
bn_2761,4,38,8.75,1,1,0,0,0,0,0.25,0,0,0,1
bn_2762,10,68,5.9,1,1,0,0,0,0,0.1,0,0,0,1
bn_2763,6,35,5.0,1,1,0,0,0,0,0.16666666666666666,0,0,0,0
bn_2764,10,61,5.2,1,1,1,0,0,0,0.2,0,0,0,1
bn_2765,8,51,5.5,1,1,0,0,0,0,0.125,0,0,0,1
bn_2766,6,43,6.333333333333333,1,1,1,0,0,0,0.3333333333333333,0,0,0,0
bn_2767,9,45,4.111111111111111,1,1,0,0,0,0,0.1111111111111111,0,0,0,1
bn_2768,6,36,5.166666666666667,1,1,0,0,0,0,0.16666666666666666,0,0,0,1
bn_2769,9,47,4.333333333333333,1,1,1,0,0,0,0.2222222222222222,0,0,0,1
bn_2770,8,44,4.625,1,1,0,0,0,1,0.375,0,0,0,1
bn_2771,11,63,4.818181818181818,1,1,1,0,0,0,0.18181818181818182,0,0,0,1
bn_2772,4,26,5.75,1,1,0,0,0,0,0.25,0,0,0,1
bn_2774,9,53,5.0,1,1,1,0,0,0,0.2222222222222222,0,0,0,1
bn_2776,7,44,5.428571428571429,1,1,1,0,0,0,0.2857142857142857,0,0,0,1
bn_2777,10,62,5.3,1,1,1,0,0,0,0.2,0,0,0,1
bn_2778,7,33,3.857142857142857,1,1,1,0,0,0,0.2857142857142857,0,0,0,0
bn_2779,8,45,4.75,1,1,1,0,0,0,0.25,0,0,0,0
bn_2780,6,36,5.166666666666667,1,1,0,0,0,0,0.16666666666666666,0,0,0,0
bn_2781,6,38,5.5,1,1,0,0,0,0,0.16666666666666666,0,0,0,1
bn_2782,7,38,4.571428571428571,1,1,0,0,0,0,0.14285714285714285,0,0,0,1
bn_2784,8,42,4.375,1,1,1,0,0,0,0.25,0,0,0,0
bn_2785,8,43,4.5,1,1,1,0,0,0,0.25,0,0,0,0
bn_2786,8,41,4.25,1,1,1,0,0,0,0.25,0,0,0,0
bn_2787,6,40,5.833333333333333,1,1,1,0,0,0,0.3333333333333333,0,0,0,0
bn_2788,8,45,4.75,1,1,2,0,0,0,0.375,0,0,0,1
bn_2789,8,44,4.625,1,1,1,0,0,0,0.25,0,0,0,1
bn_2790,9,48,4.444444444444445,1,1,0,0,0,0,0.1111111111111111,0,0,0,1
bn_2791,6,36,5.166666666666667,1,1,0,0,0,0,0.16666666666666666,0,0,0,1
bn_2792,4,34,7.75,1,1,0,0,0,0,0.25,0,0,0,1
bn_2793,5,30,5.2,1,1,0,0,0,0,0.2,0,0,0,1
bn_2794,7,38,4.571428571428571,1,1,0,0,0,0,0.14285714285714285,0,0,0,0
bn_2795,8,48,5.125,1,1,1,0,0,0,0.25,0,0,0,0
bn_2796,4,30,6.75,1,1,0,0,0,0,0.25,0,0,0,1
bn_2797,9,55,5.222222222222222,1,1,1,0,0,0,0.2222222222222222,0,0,0,0
bn_2798,9,51,4.777777777777778,1,1,1,0,0,0,0.2222222222222222,0,0,0,1
bn_2799,5,37,6.6,1,1,0,0,0,0,0.2,0,0,0,0
bn_2800,8,46,4.875,1,1,1,0,0,0,0.25,0,0,0,1
bn_2801,7,40,4.857142857142857,1,1,0,0,0,0,0.14285714285714285,0,0,0,1
bn_2803,6,41,6.0,1,1,0,0,0,0,0.16666666666666666,0,0,0,0
bn_2804,16,86,4.4375,1,1,1,0,0,0,0.125,0,0,0,1
bn_2805,8,50,5.375,1,1,1,0,0,0,0.25,0,0,0,1
bn_2806,13,70,4.461538461538462,1,1,2,0,0,0,0.23076923076923078,0,0,0,0
bn_2807,6,40,5.833333333333333,1,1,1,0,0,0,0.3333333333333333,0,0,0,1
bn_2808,9,48,4.444444444444445,1,1,1,0,0,0,0.2222222222222222,0,0,0,1
bn_2809,5,28,4.8,1,1,1,0,0,0,0.4,0,0,0,0
bn_2810,11,61,4.636363636363637,1,1,1,0,0,0,0.18181818181818182,0,0,0,1
bn_2811,9,52,4.888888888888889,1,1,1,0,0,0,0.2222222222222222,0,0,0,0
bn_2812,12,62,4.25,1,1,1,0,0,0,0.16666666666666666,0,0,0,0
bn_2813,8,51,5.5,1,1,1,0,0,0,0.25,0,0,0,1
bn_2814,12,61,4.166666666666667,1,1,1,0,0,0,0.25,0,0,0,1
bn_2815,6,40,5.833333333333333,1,1,1,0,0,0,0.3333333333333333,0,0,0,1
bn_2816,9,50,4.666666666666667,1,1,0,0,0,0,0.1111111111111111,0,0,0,1
bn_2817,9,44,4.0,1,1,1,0,0,0,0.2222222222222222,0,0,0,1
bn_2818,9,59,5.666666666666667,1,1,0,0,0,0,0.1111111111111111,0,0,0,1
bn_2819,6,38,5.5,1,1,0,0,0,0,0.16666666666666666,0,0,0,1
bn_2820,7,52,6.571428571428571,1,1,1,0,0,0,0.2857142857142857,0,0,0,1
bn_2821,8,54,5.875,1,1,1,0,0,0,0.25,0,0,0,1
bn_2822,9,61,5.888888888888889,1,1,1,0,0,0,0.2222222222222222,0,0,0,1
bn_2823,8,47,5.0,1,1,1,0,0,0,0.25,0,0,0,0
bn_2824,11,69,5.363636363636363,1,1,1,0,0,0,0.18181818181818182,0,0,0,1
bn_2825,8,50,5.375,1,1,0,0,0,0,0.125,0,0,0,1
bn_2826,8,46,4.875,1,1,1,0,0,0,0.25,0,0,0,1
bn_2827,7,39,4.714285714285714,1,1,0,0,0,0,0.14285714285714285,0,0,0,0
bn_2829,7,38,4.571428571428571,1,1,1,0,0,0,0.2857142857142857,0,0,0,0
bn_2830,8,44,4.625,1,1,1,0,0,0,0.25,0,0,0,0
bn_2831,7,40,4.857142857142857,1,1,0,0,0,0,0.14285714285714285,0,0,0,1
bn_2832,9,56,5.333333333333333,1,1,1,0,0,0,0.2222222222222222,0,0,0,1
bn_2833,9,51,4.777777777777778,1,1,1,0,0,0,0.2222222222222222,0,0,0,1
bn_2834,8,52,5.625,1,1,1,0,0,0,0.25,0,0,0,1
bn_2835,8,38,3.875,1,1,1,0,0,0,0.25,0,0,0,0
bn_2836,8,44,4.625,1,1,1,0,0,0,0.25,0,0,0,1
bn_2837,4,30,6.75,1,1,0,0,0,0,0.25,0,0,0,1
bn_2838,7,45,5.571428571428571,1,1,1,0,0,0,0.2857142857142857,0,0,0,1
bn_2839,6,42,6.166666666666667,1,1,0,0,0,0,0.16666666666666666,0,0,0,0
bn_2840,8,46,4.875,1,1,1,0,0,0,0.25,0,0,0,1
bn_2841,8,51,5.5,1,1,0,0,0,0,0.125,0,0,0,1
bn_2842,7,50,6.285714285714286,1,1,1,0,0,0,0.2857142857142857,0,0,0,1
bn_2843,9,49,4.555555555555555,1,1,1,0,0,0,0.2222222222222222,0,0,0,0
bn_2844,9,53,5.0,1,1,0,0,0,0,0.1111111111111111,0,0,0,1
bn_2845,9,49,4.555555555555555,1,1,1,0,0,0,0.2222222222222222,0,0,0,1
bn_2846,11,54,4.0,1,1,0,0,0,0,0.18181818181818182,0,0,0,1
bn_2847,5,46,8.4,1,1,0,0,0,0,0.2,0,0,0,1
bn_2848,8,53,5.75,1,1,0,0,0,0,0.125,0,0,0,1
bn_2849,8,47,5.0,1,1,1,0,0,0,0.25,0,0,0,1
bn_2850,9,58,5.555555555555555,1,1,1,0,0,0,0.2222222222222222,0,0,0,1
bn_2851,6,39,5.666666666666667,1,1,0,0,0,0,0.16666666666666666,0,0,0,0
bn_2852,11,59,4.454545454545454,1,1,0,0,0,0,0.09090909090909091,0,0,0,1
bn_2853,8,48,5.125,1,1,1,0,0,0,0.25,0,0,0,0
bn_2854,9,56,5.333333333333333,1,1,1,0,0,0,0.2222222222222222,0,0,0,1
bn_2855,7,47,5.857142857142857,1,1,0,0,0,0,0.14285714285714285,0,0,0,0
bn_2856,3,21,6.333333333333333,1,1,0,0,0,0,0.3333333333333333,0,0,0,1
bn_2857,4,34,7.75,1,1,0,0,0,0,0.25,0,0,0,1
bn_2858,9,51,4.777777777777778,1,1,1,0,0,0,0.2222222222222222,0,0,0,1
bn_2859,4,29,6.5,1,1,0,0,0,0,0.25,0,0,0,0
bn_2860,9,58,5.555555555555555,1,1,1,0,0,0,0.2222222222222222,0,0,0,1
bn_2861,7,44,5.428571428571429,1,1,0,0,0,0,0.14285714285714285,0,0,0,1
bn_2862,9,62,6.0,1,1,1,0,0,0,0.3333333333333333,0,0,0,1
bn_2863,6,41,6.0,1,1,0,0,0,0,0.16666666666666666,0,0,0,1
bn_2864,6,39,5.666666666666667,1,1,0,0,0,0,0.16666666666666666,0,0,0,1
bn_2865,6,36,5.166666666666667,1,1,0,0,0,0,0.16666666666666666,0,0,0,1
bn_2866,16,78,3.9375,1,1,1,0,0,0,0.1875,0,0,0,1
bn_2867,8,46,4.875,1,1,1,0,0,0,0.25,0,0,0,0
bn_2868,10,63,5.4,1,1,1,0,0,0,0.2,0,0,0,1
bn_2869,8,54,5.875,1,1,1,0,0,0,0.25,0,0,0,1
bn_2870,6,33,4.666666666666667,1,1,0,0,0,0,0.16666666666666666,0,0,0,1
bn_2871,8,55,6.0,1,1,1,0,0,0,0.25,0,0,0,1
bn_2873,6,44,6.5,1,1,1,0,0,0,0.3333333333333333,0,0,0,1
bn_2874,9,53,5.0,1,1,1,0,0,0,0.2222222222222222,0,0,0,1
bn_2875,6,39,5.666666666666667,1,1,1,0,0,0,0.3333333333333333,0,0,0,0
bn_2876,9,47,4.333333333333333,1,1,1,0,0,0,0.3333333333333333,0,0,0,1
bn_2877,8,46,4.875,1,1,1,0,0,0,0.25,0,0,0,0
bn_2878,11,67,5.181818181818182,1,1,0,0,0,0,0.09090909090909091,0,0,0,1
bn_2879,7,44,5.428571428571429,1,1,0,0,0,0,0.14285714285714285,0,0,0,0
bn_2880,7,45,5.571428571428571,1,1,0,0,0,0,0.2857142857142857,0,0,0,1
bn_2881,6,37,5.333333333333333,1,1,0,0,0,0,0.16666666666666666,0,0,0,1
bn_2882,23,155,5.782608695652174,2,1,2,0,0,0,0.17391304347826086,0,0,0,0
bn_2883,4,27,6.0,1,1,0,0,0,0,0.25,0,0,0,0
bn_2884,19,127,5.7368421052631575,2,1,1,0,0,0,0.15789473684210525,0,0,0,0
bn_2885,4,32,7.25,1,1,0,0,0,0,0.25,0,0,0,1
bn_2886,18,103,4.777777777777778,2,1,1,0,0,0,0.16666666666666666,0,0,0,0
bn_2887,8,49,5.25,1,1,1,0,0,0,0.25,0,0,0,1
bn_2888,20,122,5.15,2,1,2,0,0,0,0.2,0,0,0,1
bn_2889,7,49,6.142857142857143,1,1,0,0,0,0,0.14285714285714285,0,0,0,1
bn_2890,21,107,4.142857142857143,2,1,2,0,0,0,0.19047619047619047,0,0,0,0
bn_2891,6,31,4.333333333333333,1,1,0,0,0,0,0.16666666666666666,0,0,0,0
bn_2892,14,87,5.285714285714286,2,1,0,0,0,0,0.14285714285714285,0,0,0,1
bn_2893,6,44,6.5,1,1,1,0,0,0,0.3333333333333333,0,0,0,0
bn_2894,18,107,5.0,2,1,1,0,0,0,0.16666666666666666,0,0,0,1
bn_2895,6,34,4.833333333333333,1,1,1,0,0,0,0.3333333333333333,0,0,0,1
bn_2896,16,89,4.625,2,1,0,0,0,0,0.125,0,0,0,1
bn_2897,6,39,5.666666666666667,1,1,0,0,0,0,0.16666666666666666,0,0,0,1
bn_2898,16,99,5.25,1,1,1,0,0,0,0.125,0,0,0,0
bn_2899,5,41,7.4,1,1,1,0,0,0,0.4,0,0,0,0
bn_2900,7,50,6.285714285714286,1,1,1,0,0,0,0.2857142857142857,0,0,0,1
bn_2901,4,28,6.25,1,1,0,0,0,0,0.25,0,0,0,1
bn_2902,9,59,5.666666666666667,1,1,1,0,0,0,0.3333333333333333,0,0,0,1
bn_2903,6,29,4.0,1,1,0,0,0,0,0.16666666666666666,0,1,0,1
bn_2904,10,61,5.2,1,1,1,0,0,0,0.2,0,0,0,1
bn_2905,5,30,5.2,1,1,0,0,0,0,0.2,0,0,0,1
bn_2906,10,55,4.6,1,1,1,0,0,0,0.2,0,0,0,1
bn_2907,9,55,5.222222222222222,1,1,1,0,0,0,0.2222222222222222,0,0,0,0
bn_2908,11,66,5.090909090909091,1,1,1,0,0,0,0.18181818181818182,0,0,0,1
bn_2909,6,32,4.5,1,1,0,0,0,0,0.16666666666666666,0,0,0,0
bn_2910,9,54,5.111111111111111,1,1,1,0,0,0,0.2222222222222222,0,0,0,1
bn_2912,8,47,5.0,1,1,1,0,0,0,0.25,0,0,0,1
bn_2913,7,48,6.0,1,1,1,0,0,0,0.2857142857142857,0,0,0,0
bn_2914,12,54,3.5833333333333335,1,1,0,0,0,0,0.16666666666666666,0,0,0,1
bn_2915,5,35,6.2,1,1,0,0,0,0,0.2,0,0,0,1
bn_2916,10,52,4.3,1,1,1,0,0,0,0.2,0,0,0,1
bn_2917,5,40,7.2,1,1,0,0,0,0,0.2,0,0,0,0
bn_2918,6,43,6.333333333333333,1,1,1,0,0,0,0.3333333333333333,0,0,0,1
bn_2919,6,38,5.5,1,1,0,0,0,0,0.16666666666666666,0,0,0,1
bn_2920,14,79,4.714285714285714,1,1,0,0,0,0,0.07142857142857142,0,0,0,1
bn_2921,5,37,6.6,1,1,0,0,0,0,0.2,0,0,0,0
bn_2922,12,75,5.333333333333333,1,1,0,0,0,0,0.08333333333333333,0,0,0,1
bn_2923,12,66,4.583333333333333,1,1,1,0,0,0,0.16666666666666666,0,0,0,1
bn_2924,9,67,6.555555555555555,1,1,1,0,0,0,0.2222222222222222,0,0,0,1
bn_2925,9,48,4.444444444444445,1,1,1,0,0,0,0.2222222222222222,0,0,0,1
bn_2926,10,59,5.0,1,1,1,0,0,0,0.2,0,0,0,1
bn_2927,7,45,5.571428571428571,1,1,0,0,0,0,0.14285714285714285,0,0,0,0
bn_2928,9,56,5.333333333333333,1,1,1,0,0,0,0.3333333333333333,0,0,0,0
bn_2929,5,30,5.2,1,1,0,0,0,0,0.2,0,0,0,1
bn_2930,9,63,6.111111111111111,1,1,1,0,0,0,0.2222222222222222,0,0,0,1
bn_2931,5,30,5.2,1,1,0,0,0,0,0.2,0,0,0,1
bn_2932,14,69,4.0,1,1,0,0,0,0,0.14285714285714285,0,0,0,1
bn_2933,4,32,7.25,1,1,0,0,0,0,0.25,0,0,0,0
bn_2934,12,68,4.75,1,1,1,0,0,0,0.16666666666666666,0,0,0,1
bn_2935,6,37,5.333333333333333,1,1,0,0,0,0,0.16666666666666666,0,0,0,0
bn_2936,11,60,4.545454545454546,1,1,0,0,0,0,0.09090909090909091,0,0,0,1
bn_2937,6,44,6.5,1,1,0,0,0,0,0.16666666666666666,0,0,0,1
bn_2938,10,54,4.5,1,1,1,0,0,0,0.2,0,0,0,1
bn_2939,5,30,5.2,1,1,0,0,0,0,0.2,0,0,0,1
bn_2940,9,51,4.777777777777778,1,1,1,0,0,0,0.2222222222222222,0,0,0,0
bn_2941,7,45,5.571428571428571,1,1,1,0,0,0,0.2857142857142857,0,0,0,1
bn_2942,16,79,4.0,1,1,1,0,0,0,0.1875,0,0,0,1
bn_2943,5,33,5.8,1,1,0,0,0,0,0.2,0,0,0,0
bn_2944,10,57,4.8,1,1,1,0,0,0,0.2,0,0,0,0
bn_2945,9,53,5.0,1,1,1,0,0,0,0.2222222222222222,0,0,0,1
bn_2946,10,65,5.6,1,1,1,0,0,0,0.2,0,0,0,1
bn_2948,9,60,5.777777777777778,1,1,1,0,0,0,0.2222222222222222,0,0,0,1
bn_2949,4,28,6.25,1,1,0,0,0,0,0.25,0,0,0,1
bn_2950,13,66,4.153846153846154,1,1,1,0,0,0,0.15384615384615385,0,0,0,1
bn_2951,5,33,5.8,1,1,0,0,0,0,0.2,0,0,0,0
bn_2952,3,19,5.666666666666667,1,1,0,0,0,0,0.3333333333333333,0,0,0,1
bn_2953,7,49,6.142857142857143,1,1,0,0,0,0,0.14285714285714285,0,0,0,1
bn_2954,13,71,4.538461538461538,1,1,1,0,0,0,0.15384615384615385,0,0,0,1
bn_2955,8,51,5.5,1,1,0,0,0,0,0.125,0,0,0,1
bn_2956,11,65,5.0,1,1,1,0,0,0,0.18181818181818182,0,0,0,1
bn_2957,8,47,5.0,1,1,1,0,0,0,0.25,0,0,0,1
bn_2958,6,34,4.833333333333333,1,1,1,0,0,0,0.3333333333333333,0,0,0,1
bn_2959,8,43,4.5,1,1,1,0,0,0,0.25,0,0,0,0
bn_2960,16,85,4.375,1,1,1,0,0,0,0.125,0,0,0,1
bn_2961,10,52,4.3,1,1,1,0,0,0,0.2,0,0,0,1
bn_2962,3,29,9.0,1,1,0,0,0,0,0.3333333333333333,0,0,0,1
bn_2963,14,78,4.642857142857143,1,1,1,0,0,0,0.14285714285714285,0,0,0,1
bn_2964,9,48,4.444444444444445,1,1,1,0,0,0,0.2222222222222222,0,0,0,1
bn_2966,5,34,6.0,1,1,0,0,0,0,0.2,0,0,0,1
bn_2967,16,103,5.5,1,1,2,0,0,0,0.1875,0,0,0,1
bn_2968,7,40,4.857142857142857,1,1,0,0,0,0,0.14285714285714285,0,0,0,1
bn_2969,20,100,4.05,1,1,2,0,0,0,0.2,0,0,0,1
bn_2970,7,45,5.571428571428571,1,1,0,0,0,0,0.14285714285714285,0,0,0,0
bn_2971,12,87,6.333333333333333,1,1,1,0,0,0,0.16666666666666666,0,0,0,0
bn_2973,3,16,4.666666666666667,1,1,0,0,0,0,0.3333333333333333,0,0,0,1
bn_2974,4,28,6.25,1,1,0,0,0,0,0.25,0,0,0,1
bn_2975,13,64,4.0,1,1,1,0,0,0,0.23076923076923078,0,0,0,1
bn_2976,7,34,4.0,1,1,0,0,0,0,0.14285714285714285,0,0,0,1
bn_2977,11,79,6.2727272727272725,1,1,1,0,0,0,0.18181818181818182,0,0,0,1
bn_2978,11,57,4.2727272727272725,1,1,1,0,0,0,0.18181818181818182,0,0,0,1
bn_2979,4,34,7.75,1,1,0,0,0,0,0.25,0,0,0,1
bn_2980,8,42,4.375,1,1,0,0,0,0,0.125,0,0,0,1
bn_2981,6,37,5.333333333333333,1,1,0,0,0,0,0.16666666666666666,0,0,0,1
bn_2982,6,38,5.5,1,1,0,0,0,0,0.16666666666666666,0,0,0,0
bn_2983,5,38,6.8,1,1,0,0,0,0,0.2,0,0,0,1
bn_2984,6,33,4.666666666666667,1,1,0,0,0,0,0.16666666666666666,0,0,0,1
bn_2985,9,55,5.222222222222222,1,1,1,0,0,0,0.2222222222222222,0,0,0,1
bn_2986,6,34,4.833333333333333,1,1,0,0,0,0,0.16666666666666666,0,0,0,0
bn_2987,5,30,5.2,1,1,0,0,0,0,0.2,0,0,0,1
bn_2988,4,27,6.0,1,1,0,0,0,0,0.25,0,0,0,1
bn_2989,6,34,4.833333333333333,1,1,0,0,0,0,0.16666666666666666,0,0,0,1
bn_2990,8,40,4.125,1,1,1,0,0,0,0.25,0,0,0,1
bn_2991,9,44,4.0,1,1,0,0,0,0,0.1111111111111111,0,0,0,1
bn_2992,5,30,5.2,1,1,0,0,0,0,0.2,0,0,0,1
bn_2993,6,36,5.166666666666667,1,1,0,0,0,0,0.16666666666666666,0,0,0,1
bn_2994,8,39,4.0,1,1,1,0,0,0,0.25,0,0,0,1
bn_2995,8,45,4.75,1,1,1,0,0,0,0.25,0,0,0,1
bn_2996,9,60,5.777777777777778,1,1,1,0,0,0,0.2222222222222222,0,0,0,1
bn_2997,12,63,4.333333333333333,1,1,1,0,0,0,0.16666666666666666,0,0,0,1
bn_2998,6,31,4.333333333333333,1,1,0,0,0,0,0.16666666666666666,0,0,0,1
bn_2999,36,212,4.916666666666667,3,1,2,0,0,0,0.1388888888888889,0,0,0,0
bn_3000,19,101,4.368421052631579,0,0,0,0,0,0,0.0,0,0,1,1
bn_3001,7,40,4.857142857142857,0,0,0,0,0,0,0.0,0,0,0,1
bn_3002,14,80,4.785714285714286,0,0,0,0,1,0,0.07142857142857142,0,0,0,1
bn_3003,17,115,5.823529411764706,2,1,0,0,0,0,0.11764705882352941,0,0,0,0
bn_3004,24,130,4.458333333333333,2,1,0,0,0,0,0.08333333333333333,0,0,1,1
bn_3005,18,98,4.5,1,1,0,0,0,0,0.05555555555555555,0,0,0,1
bn_3006,13,74,4.769230769230769,1,1,0,0,0,0,0.07692307692307693,0,0,0,1
bn_3007,8,35,3.5,0,0,0,0,0,0,0.0,0,0,0,1
bn_3008,18,104,4.833333333333333,2,1,0,0,0,0,0.1111111111111111,0,0,0,1
bn_3009,25,131,4.28,0,0,1,0,0,0,0.04,0,0,0,1
bn_3010,21,100,3.8095238095238093,1,1,0,0,0,0,0.047619047619047616,0,0,1,1
bn_3011,11,54,4.0,0,0,0,0,0,0,0.0,0,0,0,0
bn_3012,10,49,4.0,0,0,0,0,0,0,0.0,0,0,0,1
bn_3013,20,101,4.1,1,1,0,0,0,0,0.05,0,0,0,1
bn_3014,8,40,4.125,0,0,0,0,0,0,0.0,0,0,0,0
bn_3015,19,96,4.105263157894737,0,0,0,0,0,0,0.0,0,0,0,1
bn_3016,8,40,4.125,0,0,0,0,0,0,0.0,0,0,1,1
bn_3017,10,52,4.3,0,0,0,0,0,0,0.0,0,0,1,1
bn_3018,13,65,4.076923076923077,0,0,0,0,0,0,0.0,0,0,0,1
bn_3019,8,37,3.75,0,0,0,0,0,0,0.0,0,0,0,1
bn_3020,17,87,4.176470588235294,0,0,2,0,0,0,0.11764705882352941,0,0,1,1
bn_3022,12,59,4.0,0,0,0,0,0,0,0.0,0,0,0,1
bn_3023,18,84,3.7222222222222223,0,0,1,0,0,0,0.05555555555555555,0,0,0,1
bn_3024,13,76,4.923076923076923,2,1,0,0,0,0,0.15384615384615385,0,0,0,1
bn_3025,22,134,5.136363636363637,0,0,2,0,0,0,0.09090909090909091,0,0,0,1
bn_3027,9,43,3.888888888888889,0,0,0,0,0,0,0.0,0,0,0,1
bn_3028,8,33,3.25,0,0,0,0,0,0,0.0,0,0,0,1
bn_3029,6,41,6.0,0,0,1,0,0,0,0.16666666666666666,0,0,0,1
bn_3030,22,130,4.954545454545454,2,1,1,0,0,0,0.13636363636363635,0,0,0,1
bn_3031,15,87,4.866666666666666,2,1,0,0,1,0,0.2,0,0,0,0
bn_3032,12,82,5.916666666666667,1,1,0,0,1,0,0.25,0,0,0,1
bn_3033,16,94,4.9375,3,1,1,0,0,0,0.25,0,0,1,1
bn_3034,13,84,5.538461538461538,2,1,1,0,0,0,0.23076923076923078,0,0,0,0
bn_3035,14,81,4.857142857142857,2,1,0,0,0,0,0.14285714285714285,0,0,0,1
bn_3036,12,70,4.916666666666667,2,1,0,0,0,0,0.16666666666666666,0,0,0,0
bn_3037,14,89,5.428571428571429,2,1,0,0,0,0,0.14285714285714285,0,0,0,0
bn_3038,16,80,4.0625,1,1,0,0,0,0,0.0625,0,0,0,1
bn_3039,11,55,4.090909090909091,2,1,0,0,0,0,0.18181818181818182,0,0,0,1
bn_3040,11,71,5.545454545454546,1,1,0,0,0,0,0.09090909090909091,0,0,0,1
bn_3041,15,84,4.666666666666667,2,1,0,0,0,0,0.13333333333333333,0,0,0,1
bn_3042,11,66,5.090909090909091,2,1,0,0,0,0,0.18181818181818182,0,0,0,1
bn_3043,11,70,5.454545454545454,1,1,1,0,1,0,0.2727272727272727,0,0,0,0
bn_3044,14,71,4.142857142857143,2,1,0,0,0,0,0.14285714285714285,0,0,0,0
bn_3045,12,75,5.333333333333333,1,1,0,0,0,0,0.08333333333333333,0,0,0,0
bn_3046,9,62,6.0,1,1,0,0,0,0,0.1111111111111111,0,0,0,1
bn_3047,11,74,5.818181818181818,2,1,0,0,0,0,0.18181818181818182,0,0,0,1
bn_3048,11,63,4.818181818181818,2,1,0,0,0,0,0.18181818181818182,0,0,0,1
bn_3049,14,81,4.857142857142857,2,1,0,0,0,0,0.14285714285714285,0,0,0,0
bn_3050,11,63,4.818181818181818,1,1,1,0,0,0,0.18181818181818182,0,0,0,1
bn_3051,12,63,4.333333333333333,2,1,0,0,0,0,0.16666666666666666,0,0,0,0
bn_3052,10,61,5.2,2,1,0,0,0,0,0.2,0,0,0,0
bn_3053,10,59,5.0,1,1,0,0,1,0,0.2,0,0,0,0
bn_3054,11,69,5.363636363636363,2,1,0,0,0,0,0.18181818181818182,0,0,0,1
bn_3055,11,60,4.545454545454546,1,1,0,0,0,0,0.09090909090909091,0,0,0,0
bn_3056,11,62,4.7272727272727275,1,1,1,0,0,0,0.18181818181818182,0,0,0,1
bn_3057,9,61,5.888888888888889,2,1,0,0,0,0,0.3333333333333333,0,0,0,1
bn_3058,9,68,6.666666666666667,1,1,0,0,0,0,0.1111111111111111,0,0,0,0
bn_3059,13,71,4.538461538461538,2,1,0,0,0,0,0.15384615384615385,0,0,0,1
bn_3060,8,50,5.375,2,1,2,0,0,0,0.5,0,0,0,0
bn_3061,9,55,5.222222222222222,2,1,0,0,0,0,0.2222222222222222,0,0,0,0
bn_3062,7,52,6.571428571428571,1,1,0,0,0,0,0.14285714285714285,0,0,0,1
bn_3063,10,60,5.1,1,1,0,0,0,0,0.1,0,0,0,1
bn_3064,7,47,5.857142857142857,1,1,0,0,1,0,0.2857142857142857,0,0,0,0
bn_3065,9,64,6.222222222222222,2,1,0,0,0,0,0.2222222222222222,0,0,0,0
bn_3066,10,71,6.2,1,1,1,0,0,0,0.2,0,0,0,0
bn_3067,9,58,5.555555555555555,2,1,0,0,0,0,0.2222222222222222,0,0,0,0
bn_3068,9,54,5.111111111111111,2,1,0,0,0,0,0.2222222222222222,0,0,0,0
bn_3069,8,49,5.25,2,1,0,0,0,0,0.25,0,0,0,1
bn_3070,8,42,4.375,2,1,0,0,0,0,0.25,0,0,0,0
bn_3071,5,45,8.2,2,1,0,0,0,0,0.4,0,0,0,0
bn_3072,6,38,5.5,1,1,0,0,0,0,0.16666666666666666,0,0,1,1
bn_3073,5,31,5.4,1,1,0,0,0,0,0.2,0,0,0,0
bn_3074,7,42,5.142857142857143,1,1,0,0,0,0,0.14285714285714285,0,0,0,0
bn_3075,9,53,5.0,1,1,0,0,0,0,0.1111111111111111,0,0,0,0
bn_3076,3,28,8.666666666666666,1,1,0,0,0,0,0.3333333333333333,0,0,0,0
bn_3077,5,36,6.4,1,1,0,0,0,0,0.2,0,0,0,1
bn_3078,26,188,6.269230769230769,2,1,2,0,0,0,0.19230769230769232,0,0,0,0
bn_3079,6,32,4.5,1,1,0,0,0,0,0.16666666666666666,0,0,0,0
bn_3080,9,46,4.222222222222222,1,1,0,0,0,0,0.1111111111111111,0,0,0,1
bn_3081,4,25,5.5,1,1,0,0,0,0,0.25,0,0,0,0
bn_3082,29,171,4.931034482758621,3,1,0,0,0,0,0.10344827586206896,0,0,1,1
bn_3083,18,119,5.666666666666667,3,1,2,0,0,0,0.2777777777777778,0,0,0,1
bn_3084,16,99,5.25,2,1,1,0,0,0,0.25,0,0,0,1
bn_3085,12,73,5.166666666666667,2,1,0,0,0,0,0.16666666666666666,0,0,0,0
bn_3086,13,96,6.461538461538462,2,1,0,0,0,0,0.15384615384615385,0,0,0,1
bn_3087,12,65,4.5,2,1,0,0,0,0,0.16666666666666666,0,0,0,0
bn_3088,7,41,5.0,1,1,0,0,0,0,0.14285714285714285,0,0,0,1
bn_3089,34,211,5.235294117647059,3,1,2,0,0,0,0.17647058823529413,0,0,1,0
bn_3090,12,88,6.416666666666667,2,1,0,0,0,0,0.16666666666666666,0,0,0,0
bn_3091,12,77,5.5,2,1,0,0,0,0,0.16666666666666666,0,0,0,0
bn_3093,4,23,5.0,1,1,0,0,0,0,0.25,0,0,0,0
bn_3094,10,69,6.0,2,1,0,0,0,0,0.2,0,0,0,1
bn_3095,12,79,5.666666666666667,2,1,0,0,0,0,0.16666666666666666,0,0,0,1
bn_3096,5,37,6.6,1,1,0,0,0,0,0.2,0,0,0,0
bn_3097,17,101,5.0,2,1,0,0,0,0,0.11764705882352941,0,0,0,0
bn_3098,14,81,4.857142857142857,2,1,1,0,0,0,0.21428571428571427,0,0,0,1
bn_3099,13,88,5.846153846153846,2,1,0,0,0,0,0.23076923076923078,0,0,0,1
bn_3100,9,51,4.777777777777778,1,1,0,0,1,0,0.2222222222222222,0,0,0,1
bn_3101,13,83,5.461538461538462,2,1,0,0,0,0,0.15384615384615385,0,0,0,0
bn_3102,11,65,5.0,2,1,0,0,0,0,0.18181818181818182,0,0,0,0
bn_3103,10,67,5.8,2,1,0,0,0,0,0.2,0,0,0,1
bn_3104,6,34,4.833333333333333,1,1,0,0,0,0,0.16666666666666666,0,0,0,0
bn_3105,15,85,4.733333333333333,2,1,1,0,0,0,0.26666666666666666,0,0,0,0
bn_3106,15,96,5.466666666666667,2,1,1,0,0,0,0.2,0,0,0,1
bn_3107,15,96,5.466666666666667,2,1,1,0,0,0,0.2,0,0,0,1
bn_3108,12,78,5.583333333333333,2,1,0,0,0,0,0.16666666666666666,0,0,0,0
bn_3109,12,74,5.25,1,1,0,0,0,0,0.16666666666666666,0,0,0,1
bn_3110,14,89,5.428571428571429,2,1,1,0,0,0,0.21428571428571427,0,0,0,0
bn_3111,14,82,4.928571428571429,2,1,0,0,0,0,0.14285714285714285,0,0,0,0
bn_3112,5,27,4.6,1,1,0,0,0,0,0.2,0,0,0,1
bn_3113,13,78,5.076923076923077,2,1,0,0,0,0,0.15384615384615385,0,0,0,1
bn_3114,13,88,5.846153846153846,2,1,0,0,0,0,0.15384615384615385,0,0,0,1
bn_3115,16,92,4.8125,2,1,0,0,0,0,0.125,0,0,0,0
bn_3116,6,37,5.333333333333333,1,1,0,0,0,0,0.16666666666666666,0,0,0,1
bn_3117,14,91,5.571428571428571,2,1,0,0,0,0,0.14285714285714285,0,0,0,0
bn_3118,11,61,4.636363636363637,2,1,1,0,0,0,0.36363636363636365,0,0,0,1
bn_3119,12,83,6.0,2,1,0,0,0,0,0.16666666666666666,0,0,0,1
bn_3120,5,33,5.8,1,1,0,0,0,0,0.2,0,0,0,0
bn_3121,12,76,5.416666666666667,2,1,0,0,0,0,0.16666666666666666,0,0,0,1
bn_3122,12,80,5.75,2,1,0,0,0,0,0.16666666666666666,0,0,0,1
bn_3123,12,78,5.583333333333333,2,1,0,0,0,0,0.16666666666666666,0,0,0,1
bn_3124,5,30,5.2,1,1,0,0,0,0,0.2,0,0,0,0
bn_3125,13,90,6.0,2,1,0,0,0,0,0.15384615384615385,0,0,0,0
bn_3126,12,85,6.166666666666667,2,1,0,0,0,0,0.25,0,0,0,0
bn_3127,10,57,4.8,2,1,0,0,0,0,0.2,0,0,0,1
bn_3128,6,37,5.333333333333333,1,1,1,0,0,0,0.3333333333333333,0,0,0,1
bn_3129,14,77,4.571428571428571,2,1,0,0,0,0,0.14285714285714285,0,0,0,0
bn_3130,10,70,6.1,2,1,0,0,0,0,0.3,0,0,0,1
bn_3131,15,85,4.733333333333333,2,1,0,0,0,0,0.13333333333333333,0,0,0,0
bn_3132,6,31,4.333333333333333,1,1,0,0,0,0,0.16666666666666666,0,0,0,0
bn_3133,13,78,5.076923076923077,2,1,0,0,0,0,0.15384615384615385,0,0,0,0
bn_3134,16,85,4.375,2,1,1,0,0,0,0.25,0,0,0,1
bn_3135,13,76,4.923076923076923,2,1,1,0,0,0,0.23076923076923078,0,0,0,0
bn_3136,5,30,5.2,1,1,0,0,0,0,0.2,0,0,0,1
bn_3137,14,95,5.857142857142857,2,1,1,0,0,0,0.2857142857142857,0,0,0,1
bn_3138,13,98,6.615384615384615,2,1,1,0,0,0,0.23076923076923078,0,0,0,0
bn_3139,14,90,5.5,2,1,1,0,0,0,0.21428571428571427,0,0,0,0
bn_3140,6,36,5.166666666666667,1,1,1,0,0,0,0.3333333333333333,0,0,0,0
bn_3141,8,40,4.125,1,1,1,0,0,0,0.25,0,0,0,0
bn_3142,13,92,6.153846153846154,2,1,0,0,0,0,0.15384615384615385,0,0,0,1
bn_3143,5,38,6.8,1,1,0,0,0,0,0.2,0,0,0,0
bn_3144,15,102,5.866666666666666,2,1,0,0,0,0,0.13333333333333333,0,0,0,0
bn_3145,4,29,6.5,1,1,0,0,0,0,0.25,0,0,0,0
bn_3146,12,74,5.25,2,1,0,0,0,0,0.16666666666666666,0,0,0,1
bn_3148,12,90,6.583333333333333,2,1,0,0,0,0,0.16666666666666666,0,0,0,1
bn_3149,4,26,5.75,1,1,0,0,0,0,0.25,0,0,0,0
bn_3150,12,74,5.25,2,1,0,0,0,0,0.16666666666666666,0,0,0,0
bn_3151,6,32,4.5,1,1,0,0,0,0,0.16666666666666666,0,0,0,0
bn_3152,12,79,5.666666666666667,2,1,0,0,0,0,0.16666666666666666,0,0,0,1
bn_3153,5,33,5.8,1,1,0,0,0,0,0.2,0,0,0,1
bn_3154,13,82,5.384615384615385,2,1,1,0,0,0,0.23076923076923078,0,0,0,1
bn_3156,11,80,6.363636363636363,2,1,0,0,0,0,0.2727272727272727,0,0,0,0
bn_3157,4,30,6.75,1,1,0,0,0,0,0.25,0,0,0,0
bn_3158,15,81,4.466666666666667,2,1,1,0,0,0,0.2,0,0,0,1
bn_3159,3,21,6.333333333333333,1,1,0,0,0,0,0.3333333333333333,0,0,0,0
bn_3160,14,95,5.857142857142857,2,1,0,0,0,0,0.21428571428571427,0,0,0,0
bn_3161,4,25,5.5,1,1,0,0,0,0,0.25,0,0,0,0
bn_3162,16,80,4.0625,2,1,0,0,0,0,0.125,0,0,0,1
bn_3163,4,21,4.5,1,1,0,0,0,0,0.25,0,0,0,0
bn_3164,14,96,5.928571428571429,2,1,0,0,0,0,0.14285714285714285,0,0,0,0
bn_3165,6,30,4.166666666666667,1,1,0,0,0,0,0.16666666666666666,0,0,0,1
bn_3166,11,74,5.818181818181818,2,1,0,0,0,0,0.18181818181818182,0,0,0,1
bn_3167,4,36,8.25,1,1,0,0,0,0,0.25,0,0,0,0
bn_3168,14,87,5.285714285714286,2,1,0,0,0,0,0.14285714285714285,0,0,0,0
bn_3169,4,19,4.0,1,1,0,0,0,0,0.25,0,0,0,1
bn_3170,12,74,5.25,1,1,0,0,0,0,0.08333333333333333,0,0,0,1
bn_3171,4,22,4.75,1,1,0,0,0,0,0.25,0,0,0,0
bn_3172,13,75,4.846153846153846,2,1,0,0,0,0,0.15384615384615385,0,0,0,1
bn_3173,5,25,4.2,1,1,0,0,0,0,0.2,0,0,0,0
bn_3174,12,62,4.25,1,1,1,0,0,0,0.16666666666666666,0,0,0,0
bn_3175,6,36,5.166666666666667,1,1,0,0,0,0,0.16666666666666666,0,0,0,0
bn_3176,13,76,4.923076923076923,1,1,0,0,0,0,0.07692307692307693,0,0,0,1
bn_3178,13,78,5.076923076923077,2,1,0,0,0,0,0.15384615384615385,0,0,0,0
bn_3180,12,80,5.75,2,1,1,0,0,0,0.25,0,0,0,1
bn_3181,4,29,6.5,1,1,0,0,0,0,0.25,0,0,0,0
bn_3182,9,57,5.444444444444445,1,1,1,0,0,0,0.2222222222222222,0,0,0,0
bn_3183,11,79,6.2727272727272725,2,1,0,0,0,0,0.2727272727272727,0,0,0,0
bn_3184,13,85,5.615384615384615,2,1,0,0,0,0,0.15384615384615385,0,0,0,1
bn_3185,5,31,5.4,1,1,0,0,0,0,0.2,0,0,0,1
bn_3186,14,78,4.642857142857143,2,1,0,0,0,0,0.14285714285714285,0,0,0,1
bn_3187,4,26,5.75,1,1,0,0,0,0,0.25,0,0,0,1
bn_3188,16,89,4.625,2,1,0,0,0,0,0.125,0,0,0,0
bn_3189,4,23,5.0,1,1,0,0,0,0,0.25,0,0,0,0
bn_3190,10,70,6.1,2,1,0,0,0,0,0.2,0,0,0,1
bn_3191,5,30,5.2,1,1,0,0,0,0,0.2,0,0,0,0
bn_3192,15,94,5.333333333333333,2,1,0,0,0,0,0.13333333333333333,0,0,0,1
bn_3193,41,264,5.463414634146342,3,1,2,0,0,0,0.12195121951219512,0,0,1,0
bn_3194,40,256,5.425,4,1,2,0,0,0,0.15,0,0,0,0
bn_3195,6,38,5.5,1,1,0,0,0,0,0.16666666666666666,0,0,0,1
bn_3196,33,230,6.0,3,1,2,0,0,0,0.15151515151515152,0,0,0,0
bn_3197,4,25,5.5,1,1,0,0,0,0,0.5,0,0,0,0
bn_3198,31,216,6.0,3,1,1,0,0,0,0.12903225806451613,0,0,0,1
bn_3199,4,19,4.0,1,1,0,0,0,0,0.25,0,0,0,1
bn_3200,34,237,6.0,3,1,2,0,0,0,0.14705882352941177,0,0,0,1
bn_3201,4,36,8.25,1,1,0,0,0,0,0.5,0,0,0,0
bn_3202,12,74,5.25,1,1,0,0,0,0,0.08333333333333333,0,0,0,0
bn_3203,10,62,5.3,1,1,0,0,0,0,0.1,0,0,0,0
bn_3204,9,68,6.666666666666667,1,1,0,0,0,0,0.1111111111111111,0,0,0,0
bn_3205,4,27,6.0,1,1,0,0,0,0,0.25,0,0,0,0
bn_3206,10,69,6.0,1,1,0,0,0,0,0.1,0,0,0,0
bn_3207,4,20,4.25,1,1,0,0,0,0,0.25,0,0,0,0
bn_3208,9,69,6.777777777777778,1,1,0,0,0,0,0.1111111111111111,0,0,0,1
bn_3209,5,27,4.6,1,1,0,0,0,0,0.2,0,0,0,0
bn_3210,7,42,5.142857142857143,1,1,0,0,0,0,0.14285714285714285,0,0,0,0
bn_3211,4,23,5.0,1,1,0,0,0,0,0.25,0,0,0,1
bn_3212,9,66,6.444444444444445,1,1,0,0,0,0,0.1111111111111111,0,0,0,1
bn_3213,4,22,4.75,1,1,0,0,0,0,0.25,0,0,0,1
bn_3214,7,55,7.0,1,1,0,0,0,0,0.14285714285714285,0,0,0,0
bn_3215,4,22,4.75,1,1,0,0,0,0,0.25,0,0,0,0
bn_3216,8,49,5.25,1,1,0,0,0,0,0.125,0,0,0,0
bn_3217,5,29,5.0,1,1,0,0,0,0,0.2,0,0,0,0
bn_3218,10,67,5.8,1,1,0,0,0,0,0.1,0,0,0,1
bn_3219,4,28,6.25,1,1,0,0,0,0,0.25,0,0,0,1
bn_3220,9,60,5.777777777777778,1,1,1,0,0,0,0.2222222222222222,0,0,0,1
bn_3221,7,52,6.571428571428571,1,1,0,0,0,0,0.14285714285714285,0,0,0,0
bn_3222,10,59,5.0,1,1,0,0,0,0,0.1,0,0,0,0
bn_3223,9,59,5.666666666666667,1,1,0,0,0,0,0.1111111111111111,0,0,0,1
bn_3224,8,46,4.875,1,1,1,0,0,0,0.25,0,0,0,1
bn_3225,7,47,5.857142857142857,1,1,0,0,0,0,0.2857142857142857,0,0,0,1
bn_3226,6,40,5.833333333333333,1,1,1,0,0,0,0.3333333333333333,0,0,0,0
bn_3227,6,49,7.333333333333333,1,1,0,0,0,0,0.16666666666666666,0,0,0,0
bn_3228,4,42,9.75,1,1,0,0,0,0,0.5,0,0,0,0
bn_3229,9,51,4.777777777777778,1,1,1,0,0,0,0.2222222222222222,0,0,0,1
bn_3230,6,45,6.666666666666667,1,1,1,0,0,0,0.3333333333333333,0,0,0,0
bn_3231,9,54,5.111111111111111,1,1,0,0,0,0,0.1111111111111111,0,0,0,0
bn_3232,7,47,5.857142857142857,1,1,0,0,0,0,0.14285714285714285,0,0,0,1
bn_3233,9,62,6.0,1,1,0,0,0,0,0.1111111111111111,0,0,0,1
bn_3234,8,46,4.875,1,1,1,0,0,0,0.25,0,0,0,0
bn_3235,8,65,7.25,1,1,0,0,0,0,0.125,0,0,0,0
bn_3236,11,50,3.6363636363636362,1,1,1,0,0,0,0.18181818181818182,0,0,1,1
bn_3237,8,56,6.125,1,1,0,0,0,0,0.125,0,0,0,0
bn_3238,8,50,5.375,1,1,1,0,0,0,0.25,0,0,0,0
bn_3239,10,52,4.3,1,1,0,0,0,0,0.1,0,0,0,1
bn_3240,7,37,4.428571428571429,1,1,0,0,0,0,0.14285714285714285,0,0,0,1
bn_3241,11,67,5.181818181818182,1,1,1,0,0,0,0.18181818181818182,0,0,0,1
bn_3242,5,40,7.2,1,1,0,0,0,0,0.2,0,0,0,0
bn_3243,7,54,6.857142857142857,1,1,0,0,0,0,0.14285714285714285,0,0,0,0
bn_3244,9,56,5.333333333333333,1,1,1,0,0,0,0.2222222222222222,0,0,0,0
bn_3245,10,65,5.6,1,1,0,0,0,0,0.1,0,0,0,1
bn_3246,5,35,6.2,1,1,0,0,0,0,0.2,0,0,0,0
bn_3247,9,51,4.777777777777778,1,1,0,0,0,0,0.1111111111111111,0,0,0,0
bn_3248,8,51,5.5,1,1,0,0,0,0,0.125,0,0,0,1
bn_3250,6,34,4.833333333333333,1,1,0,0,0,0,0.16666666666666666,0,0,0,1
bn_3251,8,61,6.75,1,1,0,0,0,0,0.125,0,0,0,0
bn_3252,9,55,5.222222222222222,1,1,1,0,0,0,0.2222222222222222,0,0,0,1
bn_3253,7,43,5.285714285714286,1,1,0,0,0,0,0.14285714285714285,0,0,0,1
bn_3254,6,42,6.166666666666667,1,1,0,0,0,0,0.16666666666666666,0,0,1,1
bn_3255,7,49,6.142857142857143,1,1,0,0,0,0,0.14285714285714285,0,0,0,0
bn_3256,5,39,7.0,1,1,1,0,0,0,0.4,0,0,0,1
bn_3257,7,39,4.714285714285714,1,1,0,0,0,0,0.14285714285714285,0,0,0,0
bn_3258,6,44,6.5,1,1,0,0,0,0,0.16666666666666666,0,0,0,0
bn_3259,6,47,7.0,1,1,0,0,0,0,0.16666666666666666,0,0,0,1
bn_3260,7,40,4.857142857142857,1,1,0,0,0,0,0.14285714285714285,0,0,0,0
bn_3261,5,44,8.0,1,1,0,0,0,0,0.2,0,0,0,0
bn_3262,7,35,4.142857142857143,1,1,0,0,0,0,0.14285714285714285,0,0,0,1
bn_3263,8,49,5.25,1,1,0,0,0,0,0.125,0,0,0,0
bn_3264,9,51,4.777777777777778,1,1,1,0,0,0,0.2222222222222222,0,0,0,0
bn_3265,8,61,6.75,1,1,0,0,0,0,0.25,0,0,0,0
bn_3266,8,42,4.375,1,1,0,0,0,0,0.125,0,0,0,1
bn_3267,6,50,7.5,1,1,0,0,0,0,0.16666666666666666,0,0,0,0
bn_3268,5,36,6.4,1,1,0,0,0,0,0.2,0,0,0,0
bn_3269,9,55,5.222222222222222,1,1,1,0,0,0,0.2222222222222222,0,0,0,1
bn_3270,7,39,4.714285714285714,1,1,1,0,0,0,0.2857142857142857,0,0,0,0
bn_3271,6,37,5.333333333333333,1,1,0,0,0,0,0.16666666666666666,0,0,0,0
bn_3272,6,38,5.5,1,1,0,0,0,0,0.16666666666666666,0,0,0,0
bn_3273,8,51,5.5,1,1,0,0,0,0,0.125,0,0,0,0
bn_3274,10,62,5.3,1,1,0,0,0,0,0.1,0,0,0,1
bn_3275,8,60,6.625,1,1,0,0,0,0,0.125,0,0,0,0
bn_3276,4,33,7.5,1,1,0,0,0,0,0.25,0,0,0,0
bn_3277,9,55,5.222222222222222,1,1,0,0,0,0,0.1111111111111111,0,0,0,0
bn_3278,7,34,4.0,1,1,0,0,0,0,0.14285714285714285,0,0,0,1
bn_3279,9,57,5.444444444444445,1,1,0,0,0,0,0.1111111111111111,0,0,0,1
bn_3280,6,34,4.833333333333333,1,1,1,0,0,0,0.3333333333333333,0,0,0,0
bn_3281,6,48,7.166666666666667,1,1,0,0,0,0,0.16666666666666666,0,0,0,0
bn_3282,6,42,6.166666666666667,1,1,0,0,0,0,0.3333333333333333,0,0,0,0
bn_3283,7,55,7.0,1,1,0,0,0,0,0.14285714285714285,0,0,0,0
bn_3284,5,32,5.6,1,1,0,0,0,0,0.2,0,0,0,0
bn_3285,6,52,7.833333333333333,1,1,0,0,0,0,0.16666666666666666,0,0,0,1
bn_3286,6,43,6.333333333333333,1,1,1,0,0,0,0.3333333333333333,0,0,0,1
bn_3287,6,48,7.166666666666667,1,1,0,0,0,0,0.16666666666666666,0,0,0,0
bn_3288,5,31,5.4,1,1,0,0,0,0,0.2,0,0,0,0
bn_3289,9,62,6.0,1,1,0,0,0,0,0.1111111111111111,0,0,0,0
bn_3290,6,42,6.166666666666667,1,1,0,0,0,0,0.16666666666666666,0,0,0,0
bn_3291,7,49,6.142857142857143,1,1,1,0,0,0,0.2857142857142857,0,0,0,1
bn_3292,3,22,6.666666666666667,1,1,0,0,0,0,0.3333333333333333,0,0,0,1
bn_3293,5,36,6.4,1,1,0,0,0,0,0.2,0,0,0,0
bn_3294,3,26,8.0,1,1,0,0,0,0,0.3333333333333333,0,0,0,1
bn_3295,7,53,6.714285714285714,1,1,0,0,0,0,0.14285714285714285,0,0,0,0
bn_3296,5,26,4.4,1,1,0,0,0,0,0.2,0,0,0,1
bn_3297,7,49,6.142857142857143,1,1,0,0,0,0,0.14285714285714285,0,0,0,1
bn_3298,7,39,4.714285714285714,1,1,0,0,0,0,0.14285714285714285,0,0,0,1
bn_3299,6,44,6.5,1,1,0,0,0,0,0.16666666666666666,0,0,0,1
bn_3300,4,33,7.5,1,1,0,0,0,0,0.25,0,0,0,0
bn_3301,8,58,6.375,1,1,0,0,0,0,0.125,0,0,0,0
bn_3302,5,32,5.6,1,1,0,0,0,0,0.2,0,0,0,1
bn_3303,7,41,5.0,1,1,0,0,0,0,0.14285714285714285,0,0,0,1
bn_3304,5,36,6.4,1,1,0,0,0,0,0.2,0,0,0,0
bn_3305,8,55,6.0,1,1,0,0,0,0,0.125,0,0,0,0
bn_3306,8,49,5.25,1,1,0,0,0,0,0.125,0,0,0,0
bn_3307,6,46,6.833333333333333,1,1,0,0,0,0,0.16666666666666666,0,0,0,0
bn_3308,10,50,4.1,1,1,1,0,0,0,0.2,0,0,0,1
bn_3309,9,57,5.444444444444445,1,1,0,0,0,0,0.1111111111111111,0,0,0,0
bn_3310,5,32,5.6,1,1,0,0,0,0,0.4,0,0,0,1
bn_3311,9,57,5.444444444444445,1,1,0,0,0,0,0.1111111111111111,0,0,0,1
bn_3312,9,54,5.111111111111111,1,1,0,0,0,0,0.1111111111111111,0,0,0,1
bn_3313,8,48,5.125,1,1,0,0,0,0,0.125,0,0,0,0
bn_3314,4,25,5.5,1,1,0,0,0,0,0.25,0,0,0,0
bn_3315,5,37,6.6,1,1,0,0,0,0,0.2,0,0,0,0
bn_3316,5,34,6.0,1,1,0,0,0,0,0.2,0,0,0,1
bn_3317,6,43,6.333333333333333,1,1,0,0,0,0,0.16666666666666666,0,0,0,1
bn_3318,5,29,5.0,1,1,0,0,0,0,0.2,0,0,0,1
bn_3319,7,37,4.428571428571429,1,1,0,0,0,0,0.14285714285714285,0,0,0,1
bn_3320,5,34,6.0,1,1,0,0,0,0,0.2,0,0,0,0
bn_3321,5,38,6.8,1,1,0,0,0,0,0.2,0,0,0,0
bn_3322,6,39,5.666666666666667,1,1,0,0,0,0,0.16666666666666666,0,0,0,1
bn_3323,5,32,5.6,1,1,0,0,0,0,0.2,0,0,0,0
bn_3324,6,46,6.833333333333333,1,1,0,0,0,0,0.16666666666666666,0,0,0,0
bn_3325,6,38,5.5,1,1,0,0,0,0,0.3333333333333333,0,0,0,1
bn_3327,7,40,4.857142857142857,1,1,1,0,0,0,0.2857142857142857,0,0,0,1
bn_3329,5,31,5.4,1,1,0,0,0,0,0.2,0,0,0,1
bn_3330,21,124,4.9523809523809526,3,1,0,0,0,0,0.14285714285714285,0,0,0,1
bn_3331,5,33,5.8,1,1,0,0,0,0,0.2,0,0,0,0
bn_3332,14,98,6.071428571428571,3,1,0,0,0,0,0.21428571428571427,0,0,0,1
bn_3333,7,45,5.571428571428571,1,1,0,0,0,0,0.14285714285714285,0,0,0,0
bn_3334,16,102,5.4375,2,1,1,0,0,0,0.1875,0,0,1,0
bn_3335,4,39,9.0,1,1,0,0,0,0,0.25,0,0,0,1
bn_3336,15,108,6.266666666666667,2,1,0,0,0,0,0.13333333333333333,0,0,0,1
bn_3337,6,46,6.833333333333333,1,1,0,0,0,0,0.16666666666666666,0,0,0,0
bn_3338,16,104,5.5625,2,1,1,0,0,0,0.1875,0,0,0,1
bn_3339,5,34,6.0,1,1,0,0,0,0,0.2,0,0,0,1
bn_3340,15,94,5.333333333333333,2,1,1,0,0,0,0.2,0,0,0,1
bn_3341,5,31,5.4,1,1,0,0,0,0,0.2,0,0,0,0
bn_3342,14,78,4.642857142857143,2,1,1,0,0,0,0.2857142857142857,0,0,0,0
bn_3343,4,38,8.75,1,1,0,0,0,0,0.5,0,0,0,0
bn_3344,15,117,6.866666666666666,2,1,0,0,0,0,0.13333333333333333,0,0,0,0
bn_3345,6,42,6.166666666666667,1,1,0,0,0,0,0.16666666666666666,0,0,0,1
bn_3346,13,94,6.3076923076923075,2,1,0,0,0,0,0.15384615384615385,0,0,0,1
bn_3347,8,53,5.75,1,1,0,0,0,0,0.125,0,0,0,0
bn_3348,16,109,5.875,2,1,0,0,0,0,0.125,0,0,0,0
bn_3349,6,40,5.833333333333333,1,1,1,0,0,0,0.3333333333333333,0,0,0,1
bn_3350,15,97,5.533333333333333,2,1,0,0,0,0,0.13333333333333333,0,0,0,1
bn_3351,6,33,4.666666666666667,1,1,0,0,0,0,0.16666666666666666,0,0,0,0
bn_3352,14,88,5.357142857142857,2,1,1,0,0,0,0.21428571428571427,0,0,0,1
bn_3353,6,29,4.0,1,1,0,0,0,0,0.16666666666666666,0,0,0,1
bn_3354,12,87,6.333333333333333,2,1,0,0,0,0,0.16666666666666666,0,0,0,0
bn_3355,6,39,5.666666666666667,1,1,0,0,0,0,0.16666666666666666,0,0,0,0
bn_3356,13,89,5.923076923076923,2,1,0,0,0,0,0.15384615384615385,0,0,0,1
bn_3357,7,35,4.142857142857143,1,1,0,0,0,0,0.14285714285714285,0,0,0,1
bn_3358,19,112,4.947368421052632,3,1,1,0,0,0,0.21052631578947367,0,0,0,1
bn_3360,15,111,6.466666666666667,2,1,0,0,0,0,0.13333333333333333,0,0,0,1
bn_3361,7,47,5.857142857142857,1,1,0,0,0,0,0.14285714285714285,0,0,0,0
bn_3362,15,95,5.4,2,1,0,0,0,0,0.13333333333333333,0,0,0,1
bn_3363,6,40,5.833333333333333,1,1,1,0,0,0,0.5,0,0,0,0
bn_3364,17,96,4.705882352941177,2,1,0,0,0,0,0.11764705882352941,0,0,0,1
bn_3365,4,25,5.5,0,0,0,0,1,0,0.25,0,0,0,0
bn_3366,15,106,6.133333333333334,2,1,0,0,0,0,0.13333333333333333,0,0,0,0
bn_3367,8,44,4.625,1,1,0,0,0,0,0.125,0,0,0,1
bn_3368,16,101,5.375,2,1,1,0,0,0,0.1875,1,0,0,1
bn_3369,4,26,5.75,1,1,0,0,0,0,0.25,0,0,0,1
bn_3370,19,119,5.315789473684211,2,1,0,0,0,0,0.10526315789473684,0,0,0,1
bn_3371,5,30,5.2,1,1,0,0,0,0,0.2,0,0,0,0
bn_3372,15,117,6.866666666666666,3,1,0,0,0,0,0.2,0,0,0,0
bn_3373,7,42,5.142857142857143,1,1,0,0,0,0,0.2857142857142857,0,0,0,1
bn_3374,17,117,5.9411764705882355,2,1,0,0,0,0,0.11764705882352941,0,0,0,0
bn_3375,5,26,4.4,1,1,0,0,0,0,0.2,0,0,0,0
bn_3376,16,111,6.0,2,1,2,0,0,0,0.3125,0,0,0,1
bn_3377,8,46,4.875,1,1,0,0,0,0,0.125,0,0,0,1
bn_3378,15,103,5.933333333333334,3,1,0,0,0,0,0.2,0,0,0,1
bn_3379,4,22,4.75,1,1,0,0,0,0,0.25,0,0,0,0
bn_3380,22,124,4.681818181818182,3,1,0,0,0,0,0.13636363636363635,0,0,0,0
bn_3381,3,24,7.333333333333333,1,1,0,0,0,0,0.3333333333333333,0,0,0,0
bn_3382,24,137,4.75,3,1,1,0,0,0,0.16666666666666666,0,0,1,1
bn_3383,5,27,4.6,1,1,0,0,0,0,0.2,0,0,0,1
bn_3384,17,121,6.176470588235294,3,1,0,0,0,0,0.17647058823529413,0,0,0,0
bn_3385,4,34,7.75,1,1,1,0,0,0,0.75,0,0,0,0
bn_3386,21,140,5.714285714285714,3,1,0,0,0,0,0.14285714285714285,0,0,0,1
bn_3387,4,24,5.25,1,1,0,0,0,0,0.25,0,0,0,1
bn_3388,16,97,5.125,1,1,2,0,0,0,0.25,0,0,0,1
bn_3389,6,38,5.5,1,1,0,0,0,0,0.16666666666666666,0,0,0,1
bn_3390,23,153,5.695652173913044,2,1,0,0,0,0,0.08695652173913043,0,0,0,1
bn_3391,5,37,6.6,1,1,0,0,0,0,0.2,0,0,0,0
bn_3392,19,111,4.894736842105263,2,1,1,0,0,0,0.15789473684210525,0,0,1,0
bn_3393,5,39,7.0,1,1,0,0,0,0,0.2,0,0,0,1
bn_3394,19,131,5.947368421052632,2,1,2,0,0,0,0.2631578947368421,0,0,0,1
bn_3395,4,27,6.0,1,1,0,0,0,0,0.25,0,0,0,0
bn_3396,19,113,5.0,2,1,1,0,0,0,0.15789473684210525,0,0,0,0
bn_3397,3,19,5.666666666666667,1,1,0,0,0,0,0.3333333333333333,0,0,0,0
bn_3398,16,113,6.125,2,1,1,0,0,0,0.1875,0,0,0,0
bn_3399,5,25,4.2,1,1,0,0,0,0,0.2,0,0,0,0
bn_3400,18,122,5.833333333333333,2,1,0,0,0,0,0.16666666666666666,0,0,0,0
bn_3401,5,31,5.4,1,1,0,0,0,0,0.2,0,0,0,1
bn_3402,24,154,5.458333333333333,2,1,0,0,0,0,0.08333333333333333,0,0,0,0
bn_3403,6,34,4.833333333333333,1,1,0,0,0,0,0.16666666666666666,0,0,0,1
bn_3404,29,163,4.655172413793103,3,1,1,0,0,0,0.13793103448275862,0,0,0,0
bn_3405,5,30,5.2,1,1,0,0,0,0,0.2,0,0,0,1
bn_3406,24,164,5.875,3,1,1,0,0,0,0.16666666666666666,0,0,0,0
bn_3407,6,38,5.5,1,1,0,0,0,0,0.16666666666666666,0,0,0,0
bn_3408,22,143,5.545454545454546,2,1,1,0,0,0,0.22727272727272727,0,0,0,1
bn_3409,6,47,7.0,1,1,0,0,0,0,0.16666666666666666,0,0,0,0
bn_3410,26,169,5.538461538461538,3,1,1,0,0,0,0.15384615384615385,0,0,0,1
bn_3411,7,45,5.571428571428571,1,1,2,0,0,0,0.5714285714285714,0,0,0,1
bn_3412,21,151,6.238095238095238,3,1,0,0,0,0,0.14285714285714285,0,0,0,0
bn_3413,5,28,4.8,1,1,0,0,0,0,0.2,0,0,0,0
bn_3414,24,149,5.25,2,1,1,0,0,0,0.125,0,0,0,0
bn_3415,5,29,5.0,1,1,0,0,0,0,0.2,0,0,1,1
bn_3416,23,143,5.260869565217392,2,1,0,0,0,0,0.13043478260869565,0,0,0,1
bn_3417,3,26,8.0,1,1,0,0,0,0,0.6666666666666666,0,0,0,1
bn_3418,23,160,6.0,3,1,1,0,0,0,0.17391304347826086,0,0,1,1
bn_3419,9,62,6.0,2,1,0,0,0,0,0.2222222222222222,0,0,0,1
bn_3420,15,90,5.066666666666666,1,1,1,0,0,0,0.13333333333333333,0,0,0,1
bn_3421,8,50,5.375,2,1,0,0,0,0,0.25,0,0,0,0
bn_3422,10,73,6.4,1,1,1,0,0,0,0.2,0,0,0,0
bn_3423,4,32,7.25,1,1,0,0,0,0,0.25,0,0,0,1
bn_3424,10,67,5.8,1,1,0,0,0,0,0.1,0,0,0,1
bn_3425,5,29,5.0,1,1,0,0,0,0,0.2,0,0,0,0
bn_3426,7,56,7.142857142857143,1,1,0,0,0,0,0.14285714285714285,0,0,0,0
bn_3427,5,34,6.0,1,1,0,0,0,0,0.2,0,0,0,0
bn_3428,12,76,5.416666666666667,1,1,0,0,0,0,0.16666666666666666,0,0,0,0
bn_3429,5,42,7.6,1,1,0,0,0,0,0.2,0,0,0,0
bn_3430,9,63,6.111111111111111,1,1,0,0,0,0,0.1111111111111111,0,0,0,1
bn_3431,4,25,5.5,1,1,0,0,0,0,0.25,0,0,0,1
bn_3432,9,69,6.777777777777778,1,1,0,0,0,0,0.1111111111111111,0,0,0,1
bn_3433,4,36,8.25,1,1,0,0,0,0,0.25,0,0,0,0
bn_3434,10,62,5.3,1,1,0,0,0,0,0.2,0,0,0,1
bn_3435,4,36,8.25,1,1,0,0,0,0,0.25,0,0,0,0
bn_3436,10,49,4.0,1,1,1,0,0,0,0.3,0,0,0,1
bn_3438,12,65,4.5,1,1,0,0,0,0,0.08333333333333333,0,0,0,0
bn_3439,4,26,5.75,1,1,0,0,0,0,0.25,0,0,0,0
bn_3440,11,78,6.181818181818182,1,1,1,0,0,0,0.18181818181818182,0,0,0,0
bn_3441,3,23,7.0,1,1,0,0,0,0,0.3333333333333333,0,0,0,0
bn_3442,9,57,5.444444444444445,1,1,0,0,0,0,0.2222222222222222,0,0,0,1
bn_3443,5,40,7.2,1,1,0,0,0,0,0.2,0,0,0,0
bn_3444,12,69,4.833333333333333,1,1,1,0,0,0,0.16666666666666666,0,0,0,0
bn_3445,4,28,6.25,1,1,0,0,0,0,0.25,0,0,0,1
bn_3446,9,49,4.555555555555555,1,1,0,0,0,0,0.1111111111111111,0,0,0,1
bn_3447,3,23,7.0,1,1,0,0,0,0,0.3333333333333333,0,0,0,1
bn_3448,12,72,5.083333333333333,1,1,0,0,0,0,0.08333333333333333,0,0,0,1
bn_3449,5,37,6.6,1,1,0,0,0,0,0.2,0,0,0,0
bn_3450,8,49,5.25,1,1,0,0,0,0,0.125,0,0,0,0
bn_3451,4,35,8.0,1,1,0,0,0,0,0.5,0,0,0,1
bn_3452,7,50,6.285714285714286,1,1,0,0,0,0,0.14285714285714285,0,0,0,0
bn_3454,8,47,5.0,1,1,0,0,0,0,0.125,0,0,0,1
bn_3455,5,39,7.0,1,1,0,0,0,0,0.2,0,0,0,0
bn_3456,11,56,4.181818181818182,1,1,1,0,0,0,0.18181818181818182,0,0,0,0
bn_3457,6,38,5.5,1,1,0,0,0,0,0.16666666666666666,0,0,1,1
bn_3458,6,42,6.166666666666667,1,1,0,0,0,0,0.16666666666666666,0,0,0,1
bn_3459,8,52,5.625,1,1,0,0,0,0,0.125,0,0,0,1
bn_3460,5,35,6.2,1,1,0,0,0,0,0.2,0,0,0,0
bn_3461,7,53,6.714285714285714,1,1,0,0,0,0,0.2857142857142857,0,0,0,1
bn_3462,5,33,5.8,1,1,0,0,0,0,0.2,0,0,0,0
bn_3463,11,75,5.909090909090909,1,1,0,0,0,0,0.09090909090909091,0,0,0,0
bn_3464,6,40,5.833333333333333,1,1,0,0,0,0,0.16666666666666666,0,0,0,0
bn_3465,8,72,8.125,1,1,0,0,0,0,0.125,0,0,0,0
bn_3466,5,37,6.6,1,1,0,0,0,0,0.2,0,0,0,0
bn_3467,7,44,5.428571428571429,1,1,0,0,0,0,0.14285714285714285,0,0,0,1
bn_3468,5,38,6.8,1,1,0,0,0,0,0.2,0,0,0,0
bn_3469,7,53,6.714285714285714,1,1,0,0,0,0,0.14285714285714285,0,0,0,1
bn_3470,6,38,5.5,1,1,0,0,0,0,0.16666666666666666,0,0,0,1
bn_3471,9,69,6.777777777777778,1,1,0,0,0,0,0.2222222222222222,0,0,0,0
bn_3472,5,31,5.4,1,1,0,0,0,0,0.2,0,0,0,0
bn_3473,8,62,6.875,1,1,0,0,0,0,0.125,0,0,0,1
bn_3474,4,26,5.75,1,1,0,0,0,0,0.25,0,0,0,1
bn_3475,8,48,5.125,1,1,0,0,0,0,0.125,0,0,0,0
bn_3476,5,35,6.2,1,1,0,0,0,0,0.2,0,0,0,0
bn_3477,8,54,5.875,1,1,0,0,0,0,0.125,0,0,0,1
bn_3478,5,42,7.6,1,1,0,0,0,0,0.2,0,0,0,1
bn_3479,9,66,6.444444444444445,1,1,0,0,0,0,0.1111111111111111,0,0,0,0
bn_3480,6,35,5.0,1,1,0,0,0,0,0.16666666666666666,0,0,0,1
bn_3481,11,80,6.363636363636363,1,1,1,0,0,0,0.18181818181818182,0,0,0,1
bn_3482,5,36,6.4,1,1,0,0,0,0,0.2,0,0,0,1
bn_3483,9,61,5.888888888888889,1,1,0,0,0,0,0.1111111111111111,0,0,0,0
bn_3485,7,55,7.0,1,1,0,0,0,0,0.2857142857142857,0,0,0,0
bn_3486,5,32,5.6,1,1,0,0,0,0,0.2,0,0,0,1
bn_3487,8,47,5.0,1,1,0,0,0,0,0.125,0,0,0,1
bn_3488,5,33,5.8,1,1,0,0,0,0,0.2,0,0,0,0
bn_3489,8,51,5.5,0,0,0,0,0,0,0.0,0,0,0,1
bn_3490,3,29,9.0,1,1,0,0,0,0,0.6666666666666666,0,0,0,1
bn_3491,8,72,8.125,1,1,0,0,0,0,0.125,0,0,0,1
bn_3492,4,33,7.5,1,1,0,0,0,0,0.25,0,0,0,0
bn_3493,7,44,5.428571428571429,1,1,0,0,0,0,0.14285714285714285,0,0,0,0
bn_3494,4,23,5.0,1,1,0,0,0,0,0.25,0,0,0,1
bn_3495,8,58,6.375,1,1,0,0,0,0,0.125,0,0,0,0
bn_3496,7,46,5.714285714285714,1,1,0,0,0,0,0.14285714285714285,0,0,0,0
bn_3497,10,65,5.6,1,1,0,0,0,0,0.1,0,0,0,1
bn_3498,6,49,7.333333333333333,1,1,0,0,0,0,0.16666666666666666,0,0,0,0
bn_3499,7,54,6.857142857142857,1,1,0,0,0,0,0.14285714285714285,0,0,0,0
bn_3500,5,29,5.0,1,1,0,0,0,0,0.2,0,0,0,1
bn_3501,11,66,5.090909090909091,1,1,1,0,0,0,0.18181818181818182,0,0,0,1
bn_3502,4,35,8.0,1,1,0,0,0,0,0.25,0,0,0,0
bn_3503,6,34,4.833333333333333,1,1,0,0,0,0,0.16666666666666666,0,0,0,0
bn_3504,5,37,6.6,1,1,0,0,0,0,0.2,0,0,0,1
bn_3505,10,58,4.9,1,1,0,0,0,0,0.1,0,0,0,1
bn_3506,4,28,6.25,1,1,0,0,0,0,0.25,0,0,0,0
bn_3507,10,54,4.5,1,1,0,0,0,0,0.1,0,0,0,0
bn_3508,5,33,5.8,1,1,0,0,0,0,0.2,0,0,0,1
bn_3509,8,55,6.0,1,1,0,0,0,0,0.25,0,0,0,1
bn_3510,4,31,7.0,1,1,0,0,0,0,0.25,0,0,0,1
bn_3511,8,65,7.25,1,1,0,0,0,0,0.25,0,0,0,0
bn_3512,6,42,6.166666666666667,1,1,0,0,0,0,0.16666666666666666,0,0,0,0
bn_3513,9,49,4.555555555555555,1,1,0,0,0,0,0.1111111111111111,0,0,0,1
bn_3514,4,27,6.0,1,1,0,0,0,0,0.25,0,0,0,1
bn_3515,7,47,5.857142857142857,1,1,0,0,0,0,0.14285714285714285,0,0,0,0
bn_3516,4,34,7.75,1,1,0,0,0,0,0.25,0,0,0,0
bn_3517,7,48,6.0,1,1,0,0,0,0,0.14285714285714285,0,0,0,1
bn_3518,6,39,5.666666666666667,1,1,0,0,0,0,0.16666666666666666,0,0,0,1
bn_3519,13,76,4.923076923076923,1,1,1,0,0,0,0.15384615384615385,0,0,0,1
bn_3520,4,33,7.5,1,1,0,0,0,0,0.25,0,0,0,0
bn_3521,19,110,4.842105263157895,2,1,0,0,0,0,0.10526315789473684,0,0,0,1
bn_3522,5,39,7.0,1,1,0,0,0,0,0.2,0,0,0,1
bn_3523,14,81,4.857142857142857,2,1,0,0,0,0,0.14285714285714285,0,0,0,1
bn_3524,4,36,8.25,1,1,0,0,0,0,0.25,0,0,0,0
bn_3525,14,96,5.928571428571429,2,1,0,0,0,0,0.14285714285714285,0,0,0,0
bn_3526,4,29,6.5,1,1,0,0,0,0,0.25,0,0,0,1
bn_3527,17,121,6.176470588235294,2,1,0,0,0,0,0.11764705882352941,0,0,0,1
bn_3529,11,71,5.545454545454546,2,1,0,0,0,0,0.18181818181818182,0,0,0,1
bn_3530,5,32,5.6,1,1,0,0,0,0,0.2,0,0,0,0
bn_3531,14,83,5.0,2,1,0,0,0,0,0.14285714285714285,0,0,0,1
bn_3532,4,26,5.75,1,1,0,0,0,0,0.25,0,0,0,0
bn_3533,12,80,5.75,2,1,0,0,0,0,0.25,0,0,0,0
bn_3534,4,31,7.0,1,1,0,0,0,0,0.25,0,0,0,1
bn_3535,10,68,5.9,1,1,0,0,0,0,0.1,0,0,0,1
bn_3536,4,27,6.0,1,1,0,0,0,0,0.25,0,0,0,0
bn_3537,12,85,6.166666666666667,2,1,0,0,0,0,0.16666666666666666,0,0,0,1
bn_3538,5,40,7.2,1,1,0,0,0,0,0.2,0,0,0,1
bn_3539,11,76,6.0,2,1,0,0,0,0,0.18181818181818182,0,0,0,0
bn_3540,6,43,6.333333333333333,1,1,0,0,0,0,0.16666666666666666,0,0,0,0
bn_3541,11,65,5.0,2,1,0,0,0,0,0.18181818181818182,0,0,0,0
bn_3542,4,30,6.75,1,1,0,0,0,0,0.25,0,0,0,1
bn_3543,11,57,4.2727272727272725,1,1,0,0,0,0,0.09090909090909091,0,0,0,0
bn_3544,5,34,6.0,1,1,0,0,0,0,0.2,0,0,0,0
bn_3545,12,76,5.416666666666667,2,1,0,0,0,0,0.16666666666666666,0,0,0,1
bn_3546,6,49,7.333333333333333,1,1,0,0,0,0,0.16666666666666666,0,0,0,0
bn_3547,12,72,5.083333333333333,2,1,0,0,0,0,0.25,0,0,0,1
bn_3548,4,31,7.0,1,1,0,0,0,0,0.25,0,0,0,1
bn_3549,11,68,5.2727272727272725,2,1,0,0,0,0,0.18181818181818182,0,0,0,1
bn_3550,4,27,6.0,1,1,0,0,0,0,0.25,0,0,0,1
bn_3551,21,136,5.523809523809524,2,1,0,0,0,0,0.09523809523809523,0,0,0,0
bn_3552,5,38,6.8,1,1,0,0,0,0,0.2,0,0,0,1
bn_3553,23,153,5.695652173913044,2,1,0,0,0,0,0.08695652173913043,0,0,0,0
bn_3554,3,27,8.333333333333334,1,1,0,0,0,0,0.3333333333333333,0,0,0,0
bn_3555,26,160,5.1923076923076925,2,1,1,0,0,0,0.11538461538461539,0,0,0,1
bn_3556,6,42,6.166666666666667,1,1,0,0,0,0,0.16666666666666666,0,0,0,0
bn_3557,13,72,4.615384615384615,1,1,2,0,0,0,0.23076923076923078,0,0,0,1
bn_3559,12,91,6.666666666666667,1,1,1,0,0,0,0.16666666666666666,0,0,0,0
bn_3561,9,55,5.222222222222222,1,1,0,0,0,0,0.1111111111111111,0,0,0,1
bn_3563,12,78,5.583333333333333,1,1,1,0,0,0,0.25,0,0,0,1
bn_3565,11,65,5.0,1,1,1,0,0,0,0.18181818181818182,0,0,0,1
bn_3567,10,66,5.7,1,1,2,0,0,0,0.3,0,0,0,1
bn_3569,9,64,6.222222222222222,1,1,0,0,0,0,0.1111111111111111,0,0,0,1
bn_3571,8,63,7.0,1,1,0,0,0,0,0.125,0,0,0,0
bn_3572,5,44,8.0,1,1,0,0,0,0,0.2,0,0,0,0
bn_3573,12,68,4.75,1,1,1,0,0,0,0.16666666666666666,0,0,0,1
bn_3574,6,39,5.666666666666667,1,1,0,0,0,0,0.16666666666666666,0,0,0,0
bn_3575,9,58,5.555555555555555,1,1,0,0,0,0,0.1111111111111111,0,0,0,1
bn_3576,7,43,5.285714285714286,1,1,0,0,0,0,0.14285714285714285,0,0,0,1
bn_3577,10,60,5.1,1,1,1,0,0,0,0.2,0,0,0,0
bn_3579,13,86,5.6923076923076925,1,1,1,0,0,0,0.23076923076923078,0,0,0,0
bn_3580,4,36,8.25,1,1,0,0,0,0,0.25,0,0,0,1
bn_3581,14,85,5.142857142857143,1,1,3,0,0,0,0.35714285714285715,0,0,0,0
bn_3582,3,27,8.333333333333334,1,1,0,0,0,0,0.3333333333333333,0,0,0,0
bn_3583,15,87,4.866666666666666,1,1,2,0,0,0,0.2,0,0,0,1
bn_3585,13,79,5.153846153846154,1,1,0,0,0,0,0.15384615384615385,0,0,0,1
bn_3587,10,73,6.4,2,1,0,0,0,0,0.2,0,0,0,0
bn_3588,3,22,6.666666666666667,1,1,0,0,0,0,0.3333333333333333,0,0,0,1
bn_3589,14,82,4.928571428571429,1,1,1,0,0,0,0.14285714285714285,0,0,0,1
bn_3590,6,42,6.166666666666667,1,1,0,0,0,0,0.16666666666666666,0,0,0,1
bn_3591,18,122,5.833333333333333,2,1,2,0,0,0,0.2222222222222222,0,0,0,0
bn_3593,18,111,5.222222222222222,2,1,2,0,0,0,0.2222222222222222,0,0,0,0
bn_3594,4,31,7.0,1,1,0,0,0,0,0.25,0,0,0,1
bn_3595,43,246,4.744186046511628,2,1,3,0,0,0,0.16279069767441862,0,0,1,1
bn_3597,10,50,4.1,1,1,0,0,0,0,0.1,0,0,0,1
bn_3599,31,184,4.967741935483871,2,1,2,0,0,0,0.1935483870967742,0,0,0,0
bn_3600,4,30,6.75,1,1,0,0,0,0,0.25,0,0,0,0
bn_3601,35,202,4.8,3,1,3,0,0,0,0.22857142857142856,0,0,1,1
bn_3602,5,34,6.0,1,1,0,0,0,0,0.2,0,0,0,1
bn_3603,36,206,4.75,2,1,5,0,0,0,0.25,0,0,0,1
bn_3605,35,193,4.542857142857143,1,1,2,0,0,0,0.14285714285714285,0,0,0,0
bn_3607,8,56,6.125,1,1,0,0,0,0,0.125,0,0,0,0
bn_3608,4,32,7.25,1,1,0,0,0,0,0.25,0,0,0,1
bn_3610,3,22,6.666666666666667,1,1,0,0,0,0,0.3333333333333333,0,0,0,0
bn_3612,4,32,7.25,1,1,0,0,0,0,0.25,0,0,0,1
bn_3613,8,52,5.625,1,1,0,0,0,0,0.125,0,0,0,0
bn_3615,7,52,6.571428571428571,1,1,0,0,0,0,0.14285714285714285,0,0,0,0
bn_3616,9,50,4.666666666666667,1,1,0,0,0,0,0.1111111111111111,0,0,0,1
bn_3617,5,41,7.4,1,1,0,0,0,0,0.2,0,0,0,1
bn_3618,31,221,6.161290322580645,4,1,0,0,0,0,0.12903225806451613,0,0,0,1
bn_3619,3,26,8.0,1,1,0,0,0,0,0.3333333333333333,0,0,0,0
bn_3620,31,198,5.419354838709677,4,1,0,0,0,0,0.12903225806451613,0,0,1,1
bn_3621,4,34,7.75,1,1,0,0,0,0,0.25,0,0,0,1
bn_3622,35,238,5.828571428571428,4,1,3,0,0,0,0.2,0,0,0,0
bn_3623,5,33,5.8,1,1,0,0,0,0,0.2,0,0,0,0
bn_3624,10,74,6.5,2,1,0,0,0,0,0.2,0,0,0,1
bn_3625,5,33,5.8,1,1,0,0,0,0,0.2,0,0,0,1
bn_3626,7,50,6.285714285714286,1,1,0,0,0,0,0.14285714285714285,0,0,0,1
bn_3628,6,52,7.833333333333333,2,1,0,0,0,0,0.3333333333333333,0,0,0,0
bn_3629,5,35,6.2,1,1,0,0,0,0,0.2,0,0,0,1
bn_3630,31,234,6.580645161290323,4,1,1,0,0,0,0.16129032258064516,0,0,0,0
bn_3632,39,280,6.205128205128205,4,1,1,0,0,0,0.1282051282051282,0,0,0,0
bn_3633,4,29,6.5,1,1,0,0,0,0,0.25,0,0,0,1
bn_3635,5,35,6.2,1,1,0,0,0,0,0.2,0,0,0,0
bn_3637,5,42,7.6,1,1,0,0,0,0,0.2,0,0,0,0
bn_3640,5,35,6.2,1,1,0,0,0,0,0.2,0,0,0,1
bn_3641,6,36,5.166666666666667,1,1,0,0,0,0,0.16666666666666666,0,0,0,0
bn_3642,5,32,5.6,1,1,0,0,0,0,0.2,0,0,0,1
bn_3644,3,25,7.666666666666667,1,1,0,0,0,0,0.3333333333333333,0,0,0,0
bn_3645,6,46,6.833333333333333,1,1,0,0,0,0,0.16666666666666666,0,0,0,1
bn_3647,6,48,7.166666666666667,1,1,0,0,0,0,0.16666666666666666,0,0,0,1
bn_3649,6,46,6.833333333333333,1,1,0,0,0,0,0.16666666666666666,0,0,0,0
bn_3650,6,41,6.0,1,1,0,0,0,0,0.16666666666666666,0,0,0,0
bn_3654,5,37,6.6,1,1,0,0,0,0,0.2,0,0,0,0
bn_3655,7,43,5.285714285714286,1,1,0,0,0,0,0.14285714285714285,0,0,0,1
bn_3659,3,22,6.666666666666667,1,1,0,0,0,0,0.3333333333333333,0,0,0,0
bn_3660,5,35,6.2,1,1,0,0,0,0,0.2,0,0,0,1
bn_3661,4,36,8.25,1,1,0,0,0,0,0.25,0,0,0,1
bn_3662,7,46,5.714285714285714,1,1,0,0,0,0,0.14285714285714285,0,0,0,1
bn_3664,5,35,6.2,1,1,0,0,0,0,0.2,0,0,0,1
bn_3665,11,68,5.2727272727272725,1,1,1,0,0,0,0.18181818181818182,0,0,0,1
bn_3667,11,67,5.181818181818182,1,1,1,0,0,0,0.18181818181818182,0,0,0,0
bn_3668,3,20,6.0,1,1,0,0,0,0,0.3333333333333333,0,0,0,0
bn_3669,10,81,7.2,1,1,0,0,0,0,0.2,0,0,0,1
bn_3670,16,90,4.6875,1,1,1,0,0,0,0.125,0,0,0,1
bn_3671,9,52,4.888888888888889,1,1,0,0,0,0,0.1111111111111111,0,0,0,0
bn_3672,12,79,5.666666666666667,1,1,1,0,0,0,0.16666666666666666,0,0,0,0
bn_3673,9,64,6.222222222222222,1,1,0,0,0,0,0.1111111111111111,0,0,0,0
bn_3674,14,77,4.571428571428571,1,1,0,0,0,0,0.07142857142857142,0,0,0,1
bn_3675,8,50,5.375,1,1,1,0,0,0,0.25,0,0,0,0
bn_3676,10,63,5.4,1,1,0,0,0,0,0.2,0,0,0,0
bn_3677,10,72,6.3,1,1,0,0,0,0,0.1,0,0,0,0
bn_3678,13,64,4.0,1,1,0,0,0,0,0.07692307692307693,0,0,0,1
bn_3679,8,60,6.625,1,1,1,0,0,0,0.25,0,0,0,0
bn_3680,13,76,4.923076923076923,1,1,0,0,0,0,0.07692307692307693,0,0,0,0
bn_3681,10,74,6.5,1,1,0,0,0,0,0.2,0,0,0,0
bn_3682,10,67,5.8,1,1,0,0,0,0,0.2,0,0,0,0
bn_3683,10,66,5.7,1,1,0,0,0,0,0.2,0,0,0,1
bn_3684,8,51,5.5,1,1,0,0,0,0,0.125,0,0,0,1
bn_3685,8,64,7.125,1,1,0,0,0,0,0.125,0,0,0,0
bn_3686,10,52,4.3,1,1,1,0,0,0,0.2,0,0,0,0
bn_3687,8,64,7.125,1,1,0,0,0,0,0.25,0,0,0,1
bn_3688,4,21,4.5,1,1,0,0,0,0,0.25,0,0,0,0
bn_3689,6,51,7.666666666666667,1,1,1,0,0,0,0.3333333333333333,0,0,0,0
bn_3690,12,65,4.5,1,1,0,0,0,0,0.08333333333333333,0,0,0,1
bn_3691,6,50,7.5,1,1,0,0,0,0,0.16666666666666666,0,0,0,1
bn_3692,11,66,5.090909090909091,1,1,0,0,0,0,0.09090909090909091,0,0,0,0
bn_3693,9,55,5.222222222222222,1,1,0,0,0,0,0.1111111111111111,0,0,0,1
bn_3694,10,60,5.1,1,1,0,0,0,0,0.1,0,0,0,0
bn_3695,6,42,6.166666666666667,1,1,0,0,0,0,0.16666666666666666,0,0,0,0
bn_3696,10,70,6.1,1,1,0,0,0,0,0.2,0,0,0,0
bn_3697,9,70,6.888888888888889,1,1,0,0,0,0,0.2222222222222222,0,0,0,1
bn_3698,7,50,6.285714285714286,1,1,0,0,0,0,0.14285714285714285,0,0,0,1
bn_3699,11,71,5.545454545454546,1,1,0,0,0,0,0.18181818181818182,0,0,0,0
bn_3700,10,58,4.9,1,1,1,0,0,0,0.2,0,0,0,0
bn_3701,10,58,4.9,1,1,0,0,0,0,0.1,0,0,0,1
bn_3702,11,79,6.2727272727272725,1,1,1,0,0,0,0.18181818181818182,0,0,0,0
bn_3703,9,54,5.111111111111111,1,1,1,0,0,0,0.2222222222222222,0,0,0,1
bn_3704,12,71,5.0,2,1,0,0,0,0,0.16666666666666666,0,0,0,1
bn_3705,5,32,5.6,1,1,0,0,0,0,0.2,0,0,0,1
bn_3706,7,57,7.285714285714286,1,1,0,0,0,0,0.2857142857142857,0,0,0,0
bn_3707,8,51,5.5,1,1,0,0,0,0,0.125,0,0,0,1
bn_3708,8,46,4.875,1,1,0,0,0,0,0.125,0,0,0,1
bn_3709,3,25,7.666666666666667,1,1,0,0,0,0,0.3333333333333333,0,0,0,0
bn_3710,6,47,7.0,1,1,0,0,0,0,0.16666666666666666,0,0,0,0
bn_3711,8,65,7.25,1,1,0,0,0,0,0.125,0,0,0,0
bn_3712,6,48,7.166666666666667,1,1,0,0,0,0,0.16666666666666666,0,0,0,0
bn_3713,11,66,5.090909090909091,1,1,0,0,0,0,0.09090909090909091,0,0,0,0
bn_3714,6,35,5.0,1,1,0,0,0,0,0.16666666666666666,0,0,0,0
bn_3716,9,60,5.777777777777778,1,1,0,0,0,0,0.1111111111111111,0,0,0,1
bn_3717,13,76,4.923076923076923,1,1,1,0,0,0,0.15384615384615385,0,0,0,1
bn_3718,5,39,7.0,1,1,0,0,0,0,0.2,0,0,0,0
bn_3719,13,74,4.769230769230769,1,1,0,0,0,0,0.07692307692307693,0,0,0,0
bn_3720,8,49,5.25,1,1,0,0,0,0,0.25,0,0,0,0
bn_3721,6,46,6.833333333333333,1,1,0,0,0,0,0.16666666666666666,0,0,0,0
bn_3722,7,52,6.571428571428571,1,1,0,0,0,0,0.14285714285714285,0,0,0,1
bn_3723,10,63,5.4,1,1,0,0,0,0,0.1,0,0,0,0
bn_3724,11,57,4.2727272727272725,1,1,0,0,0,0,0.18181818181818182,0,0,0,1
bn_3725,13,71,4.538461538461538,1,1,0,0,0,0,0.15384615384615385,0,0,0,1
bn_3727,9,71,7.0,1,1,0,0,0,0,0.1111111111111111,0,0,0,0
bn_3728,7,53,6.714285714285714,1,1,0,0,0,0,0.14285714285714285,0,0,0,1
bn_3729,10,59,5.0,1,1,0,0,0,0,0.1,0,0,0,0
bn_3730,8,41,4.25,1,1,0,0,0,0,0.125,0,0,0,0
bn_3731,11,68,5.2727272727272725,1,1,0,0,0,0,0.09090909090909091,0,0,0,1
bn_3732,5,41,7.4,1,1,0,0,0,0,0.2,0,0,0,0
bn_3733,8,53,5.75,1,1,0,0,0,0,0.25,0,0,0,0
bn_3734,5,45,8.2,1,1,0,0,0,0,0.2,0,0,0,0
bn_3735,11,57,4.2727272727272725,1,1,0,0,0,0,0.09090909090909091,0,0,0,0
bn_3736,8,50,5.375,1,1,0,0,0,0,0.125,0,0,0,1
bn_3737,9,64,6.222222222222222,1,1,0,0,0,0,0.2222222222222222,0,0,0,0
bn_3738,7,48,6.0,1,1,0,0,0,0,0.14285714285714285,0,0,0,0
bn_3739,8,43,4.5,1,1,0,0,0,0,0.125,0,0,0,0
bn_3740,6,42,6.166666666666667,1,1,0,0,0,0,0.16666666666666666,0,0,0,0
bn_3741,10,51,4.2,1,1,0,0,0,0,0.1,0,0,0,1
bn_3742,8,61,6.75,1,1,0,0,0,0,0.125,0,0,0,0
bn_3743,6,50,7.5,1,1,1,0,0,0,0.3333333333333333,0,0,0,1
bn_3744,8,60,6.625,1,1,0,0,0,0,0.25,0,0,0,0
bn_3745,10,64,5.5,1,1,1,0,0,0,0.2,0,0,0,0
bn_3746,8,55,6.0,1,1,0,0,0,0,0.125,0,0,0,0
bn_3747,9,59,5.666666666666667,1,1,0,0,0,0,0.1111111111111111,0,0,0,0
bn_3748,8,50,5.375,1,1,0,0,0,0,0.125,0,0,0,1
bn_3749,6,38,5.5,1,1,0,0,0,0,0.16666666666666666,0,0,0,1
bn_3750,8,48,5.125,1,1,1,0,0,0,0.25,0,0,0,1
bn_3751,11,63,4.818181818181818,1,1,1,0,0,0,0.18181818181818182,0,0,0,1
bn_3752,5,36,6.4,1,1,0,0,0,0,0.2,0,0,0,1
bn_3753,7,51,6.428571428571429,1,1,0,0,0,0,0.14285714285714285,0,0,0,0
bn_3754,7,45,5.571428571428571,1,1,0,0,0,0,0.14285714285714285,0,0,0,1
bn_3755,6,45,6.666666666666667,1,1,0,0,0,0,0.16666666666666666,0,0,0,1
bn_3756,8,58,6.375,1,1,0,0,0,0,0.125,0,0,0,0
bn_3757,8,55,6.0,1,1,0,0,0,0,0.25,0,0,0,0
bn_3759,10,78,6.9,1,1,0,0,0,0,0.1,0,0,0,1
bn_3760,8,62,6.875,1,1,0,0,0,0,0.25,0,0,0,0
bn_3761,9,58,5.555555555555555,1,1,0,0,0,0,0.2222222222222222,0,0,0,0
bn_3762,5,42,7.6,1,1,0,0,0,0,0.2,0,0,0,1
bn_3763,9,58,5.555555555555555,1,1,0,0,0,0,0.1111111111111111,0,0,0,0
bn_3764,8,46,4.875,1,1,0,0,0,0,0.125,0,0,0,1
bn_3765,6,53,8.0,1,1,0,0,0,0,0.16666666666666666,0,0,0,0
bn_3766,8,60,6.625,1,1,0,0,0,0,0.25,0,0,0,0
bn_3767,10,63,5.4,1,1,0,0,0,0,0.2,0,0,0,0
bn_3768,8,51,5.5,1,1,0,0,0,0,0.125,0,0,0,1
bn_3769,10,57,4.8,1,1,0,0,0,0,0.1,0,0,0,1
bn_3770,8,47,5.0,1,1,0,0,0,0,0.125,0,0,0,0
bn_3771,9,61,5.888888888888889,1,1,0,0,0,0,0.2222222222222222,0,0,0,0
bn_3772,7,52,6.571428571428571,1,1,0,0,0,0,0.14285714285714285,0,0,0,0
bn_3773,3,21,6.333333333333333,1,1,0,0,0,0,0.3333333333333333,0,0,0,1
bn_3774,5,36,6.4,1,1,0,0,0,0,0.2,0,0,0,0
bn_3775,11,63,4.818181818181818,1,1,1,0,0,0,0.18181818181818182,0,0,0,0
bn_3776,8,48,5.125,1,1,0,0,0,0,0.125,0,0,0,1
bn_3777,9,66,6.444444444444445,1,1,0,0,0,0,0.2222222222222222,0,0,0,0
bn_3778,8,52,5.625,1,1,1,0,0,0,0.25,0,0,0,0
bn_3779,11,65,5.0,1,1,1,0,0,0,0.2727272727272727,0,0,0,1
bn_3780,6,43,6.333333333333333,1,1,0,0,0,0,0.16666666666666666,0,0,0,1
bn_3781,11,64,4.909090909090909,1,1,0,0,0,0,0.09090909090909091,0,0,0,1
bn_3782,7,48,6.0,1,1,0,0,0,0,0.14285714285714285,0,0,0,1
bn_3783,13,67,4.230769230769231,1,1,0,0,0,0,0.07692307692307693,0,0,0,0
bn_3784,7,48,6.0,1,1,0,0,0,0,0.14285714285714285,0,0,0,0
bn_3785,11,58,4.363636363636363,1,1,0,0,0,0,0.09090909090909091,0,0,0,0
bn_3786,7,49,6.142857142857143,1,1,0,0,0,0,0.14285714285714285,0,0,0,0
bn_3787,7,54,6.857142857142857,1,1,0,0,0,0,0.2857142857142857,0,0,0,0
bn_3788,9,60,5.777777777777778,1,1,0,0,0,0,0.1111111111111111,0,0,0,1
bn_3789,7,48,6.0,1,1,0,0,0,0,0.2857142857142857,0,0,0,0
bn_3790,6,40,5.833333333333333,1,1,0,0,0,0,0.16666666666666666,0,0,0,1
bn_3791,10,60,5.1,1,1,0,0,0,0,0.1,0,0,0,1
bn_3792,5,36,6.4,1,1,0,0,0,0,0.2,0,0,0,1
bn_3793,10,73,6.4,1,1,0,0,0,0,0.1,0,0,0,0
bn_3794,8,45,4.75,1,1,0,0,0,0,0.125,0,0,0,1
bn_3795,5,34,6.0,1,1,0,0,0,0,0.2,0,0,0,0
bn_3796,5,36,6.4,1,1,0,0,0,0,0.2,0,0,0,0
bn_3797,9,66,6.444444444444445,1,1,0,0,0,0,0.1111111111111111,0,0,0,0
bn_3798,7,59,7.571428571428571,1,1,0,0,0,0,0.14285714285714285,0,0,0,1
bn_3799,5,38,6.8,1,1,0,0,0,0,0.2,0,0,0,0
bn_3800,7,45,5.571428571428571,1,1,0,0,0,0,0.14285714285714285,0,0,0,0
bn_3801,6,41,6.0,1,1,0,0,0,0,0.16666666666666666,0,0,0,1
bn_3802,8,52,5.625,1,1,0,0,0,0,0.125,0,0,0,1
bn_3803,13,65,4.076923076923077,1,1,0,0,0,0,0.07692307692307693,0,0,0,0
bn_3804,8,51,5.5,1,1,0,0,0,0,0.125,0,0,0,1
bn_3805,10,60,5.1,1,1,0,0,0,0,0.1,0,0,0,0
bn_3806,7,54,6.857142857142857,1,1,0,0,0,0,0.14285714285714285,0,0,0,0
bn_3807,6,40,5.833333333333333,1,1,0,0,0,0,0.16666666666666666,0,0,0,1
bn_3808,7,46,5.714285714285714,1,1,0,0,0,0,0.14285714285714285,0,0,0,1
bn_3809,10,58,4.9,1,1,1,0,0,0,0.2,0,0,0,0
bn_3810,7,61,7.857142857142857,1,1,1,0,0,0,0.2857142857142857,0,0,0,1
bn_3811,7,40,4.857142857142857,1,1,0,0,0,0,0.14285714285714285,0,0,0,0
bn_3812,6,46,6.833333333333333,1,1,0,0,0,0,0.16666666666666666,0,0,0,0
bn_3813,6,38,5.5,1,1,0,0,0,0,0.16666666666666666,0,0,0,0
bn_3814,6,46,6.833333333333333,1,1,0,0,0,0,0.16666666666666666,0,0,0,1
bn_3815,8,46,4.875,1,1,0,0,0,0,0.125,0,0,0,1
bn_3816,7,51,6.428571428571429,1,1,0,0,0,0,0.14285714285714285,0,0,0,0
bn_3817,9,50,4.666666666666667,1,1,0,0,0,0,0.1111111111111111,0,0,0,0
bn_3818,7,42,5.142857142857143,1,1,0,0,0,0,0.14285714285714285,0,0,0,0
bn_3819,9,51,4.777777777777778,1,1,0,0,0,0,0.1111111111111111,0,0,0,0
bn_3820,6,42,6.166666666666667,1,1,0,0,0,0,0.16666666666666666,0,0,0,1
bn_3821,8,48,5.125,1,1,1,0,0,0,0.375,0,0,0,0
bn_3822,6,51,7.666666666666667,1,1,0,0,0,0,0.16666666666666666,0,0,0,0
bn_3823,8,55,6.0,1,1,0,0,0,0,0.125,0,0,0,1
bn_3824,7,47,5.857142857142857,1,1,0,0,0,0,0.14285714285714285,0,0,0,1
bn_3825,9,46,4.222222222222222,1,1,0,0,0,0,0.1111111111111111,0,0,0,0
bn_3827,8,51,5.5,1,1,0,0,0,0,0.125,0,0,0,1
bn_3828,7,50,6.285714285714286,1,1,0,0,0,0,0.2857142857142857,0,0,0,0
bn_3829,6,39,5.666666666666667,1,1,0,0,0,0,0.16666666666666666,0,0,0,1
bn_3830,4,39,9.0,1,1,0,0,0,0,0.25,0,0,0,1
bn_3831,9,59,5.666666666666667,1,1,0,0,0,0,0.1111111111111111,0,0,0,1
bn_3832,5,50,9.2,1,1,0,0,0,0,0.2,0,0,0,0
bn_3833,5,31,5.4,1,1,0,0,0,0,0.2,0,0,0,0
bn_3835,5,37,6.6,1,1,0,0,0,0,0.2,0,0,0,0
bn_3836,7,53,6.714285714285714,1,1,0,0,0,0,0.14285714285714285,0,0,0,0
bn_3837,8,48,5.125,1,1,1,0,0,0,0.25,0,0,0,0
bn_3838,10,65,5.6,1,1,1,0,0,0,0.2,0,0,0,1
bn_3839,3,27,8.333333333333334,1,1,0,0,0,0,0.3333333333333333,0,0,0,0
bn_3840,10,66,5.7,1,1,0,0,0,0,0.1,0,0,0,1
bn_3841,6,42,6.166666666666667,1,1,0,0,0,0,0.16666666666666666,0,0,0,1
bn_3842,8,62,6.875,1,1,0,0,0,0,0.125,0,0,0,0
bn_3843,9,66,6.444444444444445,1,1,1,0,0,0,0.2222222222222222,0,0,0,0
bn_3844,6,40,5.833333333333333,1,1,0,0,0,0,0.16666666666666666,0,0,0,1
bn_3845,7,45,5.571428571428571,1,1,0,0,0,0,0.14285714285714285,0,0,0,1
bn_3846,8,41,4.25,1,1,1,0,0,0,0.25,0,0,0,0
bn_3847,4,28,6.25,1,1,0,0,0,0,0.25,0,0,0,0
bn_3848,4,38,8.75,1,1,0,0,0,0,0.25,0,0,0,1
bn_3849,6,39,5.666666666666667,1,1,0,0,0,0,0.16666666666666666,0,0,0,1
bn_3850,5,34,6.0,1,1,0,0,0,0,0.2,0,0,0,0
bn_3851,7,40,4.857142857142857,1,1,0,0,0,0,0.14285714285714285,0,0,0,0
bn_3852,6,49,7.333333333333333,1,1,0,0,0,0,0.16666666666666666,0,0,0,1
bn_3853,8,41,4.25,1,1,0,0,0,0,0.125,0,0,0,1
bn_3854,4,34,7.75,1,1,0,0,0,0,0.25,0,0,0,0
bn_3855,6,48,7.166666666666667,1,1,0,0,0,0,0.16666666666666666,0,0,0,0
bn_3856,6,42,6.166666666666667,1,1,0,0,0,0,0.16666666666666666,0,0,0,1
bn_3858,5,33,5.8,1,1,0,0,0,0,0.2,0,0,0,0
bn_3859,5,37,6.6,1,1,0,0,0,0,0.2,0,0,0,1
bn_3861,5,38,6.8,1,1,0,0,0,0,0.4,0,0,0,0
bn_3862,12,64,4.416666666666667,1,1,0,0,0,0,0.08333333333333333,0,0,0,1
bn_3863,12,70,4.916666666666667,1,1,1,0,0,0,0.16666666666666666,0,0,0,1
bn_3864,5,47,8.6,1,1,0,0,0,0,0.2,0,0,0,1
bn_3865,6,50,7.5,1,1,0,0,0,0,0.16666666666666666,0,0,0,0
bn_3866,9,57,5.444444444444445,1,1,0,0,0,0,0.2222222222222222,0,0,0,1
bn_3868,12,62,4.25,1,1,0,0,0,0,0.08333333333333333,0,0,0,0
bn_3869,9,54,5.111111111111111,1,1,0,0,0,0,0.1111111111111111,0,0,0,1
bn_3870,6,41,6.0,1,1,0,0,0,0,0.3333333333333333,0,0,0,1
bn_3871,7,49,6.142857142857143,1,1,0,0,0,0,0.14285714285714285,0,0,0,0
bn_3872,5,40,7.2,1,1,0,0,0,0,0.2,0,0,0,0
bn_3873,5,38,6.8,1,1,0,0,0,0,0.2,0,0,0,0
bn_3874,4,39,9.0,1,1,0,0,0,0,0.25,0,0,0,0
bn_3875,6,47,7.0,1,1,0,0,0,0,0.16666666666666666,0,0,0,1
bn_3876,5,37,6.6,1,1,0,0,0,0,0.2,0,0,0,0
bn_3877,6,44,6.5,1,1,0,0,0,0,0.16666666666666666,0,0,0,0
bn_3878,7,46,5.714285714285714,1,1,0,0,0,0,0.14285714285714285,0,0,0,1
bn_3879,8,49,5.25,1,1,0,0,0,0,0.125,0,0,0,1
bn_3880,5,33,5.8,1,1,0,0,0,0,0.2,0,0,0,0
bn_3881,8,47,5.0,1,1,0,0,0,0,0.125,0,0,0,1
bn_3882,5,34,6.0,1,1,0,0,0,0,0.2,0,0,0,0
bn_3884,9,47,4.333333333333333,1,1,0,0,0,0,0.1111111111111111,0,0,0,1
bn_3885,7,51,6.428571428571429,1,1,0,0,0,0,0.14285714285714285,0,0,0,1
bn_3886,13,63,3.923076923076923,1,1,0,0,0,0,0.07692307692307693,0,0,0,0
bn_3887,5,40,7.2,1,1,0,0,0,0,0.2,0,0,0,0
bn_3888,7,47,5.857142857142857,1,1,0,0,0,0,0.14285714285714285,0,0,0,1
bn_3890,4,38,8.75,1,1,0,0,0,0,0.25,0,0,0,0
bn_3891,6,39,5.666666666666667,1,1,0,0,0,0,0.16666666666666666,0,0,0,1
bn_3892,4,23,5.0,1,1,0,0,0,0,0.25,0,0,0,0
bn_3894,6,38,5.5,1,1,0,0,0,0,0.16666666666666666,0,0,0,1
bn_3895,6,44,6.5,1,1,0,0,0,0,0.16666666666666666,0,0,0,1
bn_3896,9,60,5.777777777777778,1,1,1,0,0,0,0.2222222222222222,0,0,0,0
bn_3897,5,41,7.4,1,1,0,0,0,0,0.2,0,0,0,0
bn_3898,7,48,6.0,1,1,0,0,0,0,0.14285714285714285,0,0,0,1
bn_3899,9,54,5.111111111111111,1,1,0,0,0,0,0.1111111111111111,0,0,0,1
bn_3900,5,39,7.0,1,1,0,0,0,0,0.2,0,0,0,0
bn_3901,5,29,5.0,1,1,0,0,0,0,0.2,0,0,0,1
bn_3902,4,23,5.0,1,1,0,0,0,0,0.25,0,0,0,0
bn_3903,4,34,7.75,1,1,0,0,0,0,0.25,0,0,0,1
bn_3904,7,36,4.285714285714286,1,1,0,0,0,0,0.14285714285714285,0,0,0,0
bn_3905,8,55,6.0,1,1,1,0,0,0,0.25,0,0,0,0
bn_3906,6,44,6.5,1,1,0,0,0,0,0.16666666666666666,0,0,0,0
bn_3907,3,21,6.333333333333333,1,1,0,0,0,0,0.3333333333333333,0,0,0,1
bn_3908,5,30,5.2,1,1,0,0,0,0,0.2,0,0,0,1
bn_3909,7,50,6.285714285714286,1,1,0,0,0,0,0.14285714285714285,0,0,0,1
bn_3910,5,40,7.2,1,1,0,0,0,0,0.2,0,0,0,0
bn_3911,5,37,6.6,1,1,0,0,0,0,0.2,0,0,0,1
bn_3912,6,48,7.166666666666667,1,1,0,0,0,0,0.16666666666666666,0,0,0,0
bn_3913,3,33,10.333333333333334,1,1,0,0,0,0,0.3333333333333333,0,0,0,0
bn_3914,10,50,4.1,1,1,1,0,0,0,0.2,0,0,0,0
bn_3915,4,32,7.25,1,1,0,0,0,0,0.25,0,0,0,1
bn_3916,4,43,10.0,1,1,0,0,0,0,0.25,0,0,0,1
bn_3917,7,38,4.571428571428571,1,1,0,0,0,0,0.14285714285714285,0,0,0,1
bn_3918,8,49,5.25,1,1,1,0,0,0,0.25,0,0,0,0
bn_3920,7,48,6.0,1,1,0,0,0,0,0.14285714285714285,0,0,0,0
bn_3921,5,38,6.8,1,1,0,0,0,0,0.2,0,0,0,1
bn_3922,5,37,6.6,1,1,0,0,0,0,0.2,0,0,0,0
bn_3923,7,40,4.857142857142857,1,1,0,0,0,0,0.14285714285714285,0,0,0,1
bn_3924,7,57,7.285714285714286,1,1,0,0,0,0,0.14285714285714285,0,0,0,0
bn_3925,4,34,7.75,1,1,0,0,0,0,0.25,0,0,0,0
bn_3926,11,57,4.2727272727272725,1,1,1,0,0,0,0.18181818181818182,0,0,0,1
bn_3927,4,34,7.75,1,1,0,0,0,0,0.25,0,0,0,1
bn_3928,9,54,5.111111111111111,1,1,1,0,0,0,0.2222222222222222,0,0,0,0
bn_3929,4,35,8.0,1,1,0,0,0,0,0.25,0,0,0,0
bn_3930,6,40,5.833333333333333,1,1,0,0,0,0,0.16666666666666666,0,0,0,0
bn_3931,3,27,8.333333333333334,1,1,0,0,0,0,0.3333333333333333,0,0,0,0
bn_3932,8,46,4.875,1,1,0,0,0,0,0.125,0,0,0,1
bn_3933,7,42,5.142857142857143,1,1,0,0,0,0,0.14285714285714285,0,0,0,1
bn_3934,3,27,8.333333333333334,1,1,0,0,0,0,0.3333333333333333,0,0,0,0
bn_3935,6,49,7.333333333333333,1,1,0,0,0,0,0.16666666666666666,0,0,0,1
bn_3936,9,52,4.888888888888889,1,1,0,0,0,0,0.1111111111111111,0,0,0,1
bn_3937,3,20,6.0,1,1,0,0,0,0,0.3333333333333333,0,0,0,0
bn_3938,7,39,4.714285714285714,1,1,0,0,0,0,0.14285714285714285,0,0,0,0
bn_3940,6,38,5.5,1,1,0,0,0,0,0.16666666666666666,0,0,0,0
bn_3942,5,38,6.8,1,1,0,0,0,0,0.4,0,0,0,0
bn_3943,8,48,5.125,1,1,0,0,0,0,0.125,0,0,0,1
bn_3944,6,41,6.0,1,1,0,0,0,0,0.16666666666666666,0,0,0,1
bn_3945,5,35,6.2,1,1,0,0,0,0,0.2,0,0,0,0
bn_3946,7,50,6.285714285714286,1,1,0,0,0,0,0.14285714285714285,0,0,0,0
bn_3948,5,36,6.4,1,1,0,0,0,0,0.2,0,0,0,0
bn_3949,4,30,6.75,1,1,0,0,0,0,0.25,0,0,0,0
bn_3950,8,45,4.75,1,1,0,0,0,0,0.125,0,0,0,1
bn_3951,4,30,6.75,1,1,0,0,0,0,0.25,0,0,0,1
bn_3952,5,31,5.4,1,1,0,0,0,0,0.2,0,0,0,0
bn_3953,3,31,9.666666666666666,1,1,0,0,0,0,0.3333333333333333,0,0,0,1
bn_3954,7,43,5.285714285714286,1,1,0,0,0,0,0.14285714285714285,0,0,0,0
bn_3955,6,36,5.166666666666667,1,1,0,0,0,0,0.16666666666666666,0,0,0,1
bn_3956,5,40,7.2,1,1,0,0,0,0,0.2,0,0,0,1
bn_3957,4,33,7.5,1,1,0,0,0,0,0.25,0,0,0,0
bn_3958,10,61,5.2,1,1,2,0,0,0,0.3,0,0,0,0
bn_3959,6,39,5.666666666666667,1,1,0,0,0,0,0.16666666666666666,0,0,0,1
bn_3960,8,55,6.0,1,1,0,0,0,0,0.125,0,0,0,0
bn_3961,4,35,8.0,1,1,0,0,0,0,0.25,0,0,0,0
bn_3962,14,88,5.357142857142857,1,1,0,0,0,0,0.14285714285714285,0,0,0,1
bn_3963,4,30,6.75,1,1,0,0,0,0,0.25,0,0,0,1
bn_3964,11,72,5.636363636363637,1,1,1,0,0,0,0.18181818181818182,0,0,0,0
bn_3965,5,36,6.4,1,1,0,0,0,0,0.2,0,0,0,0
bn_3967,8,45,4.75,1,1,1,0,0,0,0.25,0,0,0,1
bn_3968,10,65,5.6,1,1,1,0,0,0,0.2,0,0,0,0
bn_3969,4,32,7.25,1,1,0,0,0,0,0.25,0,0,0,0
bn_3970,11,69,5.363636363636363,1,1,0,0,0,0,0.09090909090909091,0,0,0,1
bn_3971,8,48,5.125,1,1,0,0,0,0,0.25,0,0,0,0
bn_3972,9,57,5.444444444444445,1,1,0,0,0,0,0.1111111111111111,0,0,0,1
bn_3973,7,47,5.857142857142857,1,1,1,0,0,0,0.2857142857142857,0,0,0,1
bn_3974,4,33,7.5,1,1,0,0,0,0,0.25,0,0,0,1
bn_3975,9,57,5.444444444444445,1,1,0,0,0,0,0.1111111111111111,0,0,0,0
bn_3976,8,53,5.75,1,1,0,0,0,0,0.125,0,0,0,0
bn_3977,9,60,5.777777777777778,1,1,0,0,0,0,0.1111111111111111,0,0,0,1
bn_3978,6,53,8.0,1,1,0,0,0,0,0.16666666666666666,0,0,0,0
bn_3979,6,33,4.666666666666667,1,1,0,0,0,0,0.16666666666666666,0,0,0,1
bn_3980,5,28,4.8,1,1,0,0,0,0,0.2,0,0,0,1
bn_3981,8,50,5.375,1,1,1,0,0,0,0.25,0,0,0,0
bn_3982,10,58,4.9,1,1,0,0,0,0,0.1,0,0,0,1
bn_3983,6,38,5.5,1,1,0,0,0,0,0.16666666666666666,0,0,0,0
bn_3984,8,47,5.0,1,1,0,0,0,0,0.25,0,0,0,0
bn_3986,13,76,4.923076923076923,1,1,0,0,0,0,0.07692307692307693,0,0,0,1
bn_3987,5,41,7.4,1,1,0,0,0,0,0.2,0,0,0,0
bn_3988,18,101,4.666666666666667,1,1,1,0,0,0,0.1111111111111111,0,0,0,1
bn_3989,7,42,5.142857142857143,1,1,0,0,0,0,0.14285714285714285,0,0,0,1
bn_3990,13,78,5.076923076923077,1,1,1,0,0,0,0.15384615384615385,0,0,0,0
bn_3991,10,57,4.8,1,1,0,0,0,0,0.1,0,0,0,0
bn_3992,7,59,7.571428571428571,1,1,1,0,0,0,0.2857142857142857,0,0,0,0
bn_3993,4,40,9.25,1,1,0,0,0,0,0.25,0,0,0,0
bn_3994,11,61,4.636363636363637,1,1,0,0,0,0,0.09090909090909091,0,0,0,0
bn_3995,5,38,6.8,1,1,0,0,0,0,0.2,0,0,0,1
bn_3996,9,60,5.777777777777778,1,1,0,0,0,0,0.1111111111111111,0,0,0,0
bn_3998,9,62,6.0,1,1,1,0,0,0,0.2222222222222222,0,0,0,0
bn_3999,5,39,7.0,1,1,0,0,0,0,0.2,0,0,0,0
bn_4000,9,61,5.888888888888889,1,1,0,0,0,0,0.1111111111111111,0,0,0,1
bn_4002,11,64,4.909090909090909,1,1,0,0,0,0,0.09090909090909091,0,0,0,0
bn_4004,11,65,5.0,1,1,1,0,0,0,0.18181818181818182,0,0,0,0
bn_4005,6,44,6.5,1,1,0,0,0,0,0.16666666666666666,0,0,0,1
bn_4006,9,60,5.777777777777778,1,1,0,0,0,0,0.2222222222222222,0,0,0,0
bn_4008,9,55,5.222222222222222,1,1,1,0,0,0,0.2222222222222222,0,0,0,0
bn_4010,8,47,5.0,1,1,1,0,0,0,0.25,0,0,0,1
bn_4012,7,62,8.0,1,1,0,0,0,0,0.2857142857142857,0,0,0,1
bn_4013,3,26,8.0,1,1,0,0,0,0,0.3333333333333333,0,0,0,0
bn_4014,7,52,6.571428571428571,1,1,0,0,0,0,0.2857142857142857,0,0,0,0
bn_4015,3,23,7.0,1,1,0,0,0,0,0.3333333333333333,0,0,0,0
bn_4016,8,56,6.125,1,1,0,0,0,0,0.125,0,0,0,1
bn_4018,8,59,6.5,1,1,0,0,0,0,0.125,0,0,0,1
bn_4019,5,38,6.8,1,1,0,0,0,0,0.2,0,0,0,1
bn_4020,7,44,5.428571428571429,1,1,0,0,0,0,0.14285714285714285,0,0,0,0
bn_4021,4,29,6.5,1,1,0,0,0,0,0.25,0,0,0,0
bn_4022,6,44,6.5,1,1,0,0,0,0,0.16666666666666666,0,0,0,0
bn_4024,8,58,6.375,1,1,0,0,0,0,0.125,0,0,0,0
bn_4025,3,24,7.333333333333333,1,1,0,0,0,0,0.3333333333333333,0,0,0,0
bn_4026,6,41,6.0,1,1,0,0,0,0,0.16666666666666666,0,0,0,1
bn_4027,6,30,4.166666666666667,1,1,0,0,0,0,0.16666666666666666,0,0,0,0
bn_4028,10,67,5.8,1,1,0,0,0,0,0.2,0,0,0,1
bn_4029,6,41,6.0,1,1,0,0,0,0,0.16666666666666666,0,0,0,0
bn_4030,10,58,4.9,1,1,0,0,0,0,0.1,0,0,0,0
bn_4031,4,30,6.75,1,1,0,0,0,0,0.25,0,0,0,0
bn_4032,10,56,4.7,1,1,1,0,0,0,0.3,0,0,0,1
bn_4033,6,32,4.5,1,1,0,0,0,0,0.16666666666666666,0,0,0,0
bn_4034,9,55,5.222222222222222,1,1,0,0,0,0,0.1111111111111111,0,0,0,1
bn_4035,3,27,8.333333333333334,1,1,0,0,0,0,0.3333333333333333,0,0,0,0
bn_4036,8,51,5.5,1,1,0,0,0,0,0.125,0,0,0,0
bn_4037,3,26,8.0,1,1,0,0,0,0,0.3333333333333333,0,0,0,0
bn_4038,11,61,4.636363636363637,1,1,0,0,0,0,0.09090909090909091,0,0,0,0
bn_4040,7,52,6.571428571428571,1,1,0,0,0,0,0.14285714285714285,0,0,0,0
bn_4042,9,46,4.222222222222222,1,1,0,0,0,0,0.1111111111111111,0,0,0,1
bn_4043,6,34,4.833333333333333,1,1,0,0,0,0,0.16666666666666666,0,0,0,0
bn_4044,9,62,6.0,1,1,0,0,0,0,0.1111111111111111,0,0,0,0
bn_4045,5,41,7.4,1,1,0,0,0,0,0.2,0,0,0,0
bn_4046,7,48,6.0,1,1,1,0,0,0,0.2857142857142857,0,0,0,1
bn_4048,10,55,4.6,1,1,0,0,0,0,0.1,0,0,0,0
bn_4050,8,51,5.5,1,1,0,0,0,0,0.125,0,0,0,0
bn_4051,6,40,5.833333333333333,1,1,0,0,0,0,0.16666666666666666,0,0,0,0
bn_4052,11,66,5.090909090909091,0,0,0,0,0,0,0.09090909090909091,0,0,0,0
bn_4053,3,19,5.666666666666667,1,1,0,0,0,0,0.3333333333333333,0,0,0,0
bn_4054,6,33,4.666666666666667,1,1,0,0,0,0,0.16666666666666666,0,0,0,0
bn_4055,4,23,5.0,1,1,0,0,0,0,0.25,0,0,0,0
bn_4056,11,71,5.545454545454546,1,1,1,0,0,0,0.18181818181818182,0,0,0,1
bn_4057,6,34,4.833333333333333,1,1,0,0,0,0,0.16666666666666666,0,0,0,1
bn_4058,7,41,5.0,1,1,0,0,0,0,0.14285714285714285,0,0,0,0
bn_4060,8,39,4.0,1,1,0,0,0,0,0.125,0,0,0,0
bn_4061,3,22,6.666666666666667,1,1,0,0,0,0,0.3333333333333333,0,0,0,0
bn_4062,7,48,6.0,1,1,0,0,0,0,0.14285714285714285,0,0,0,1
bn_4064,7,58,7.428571428571429,1,1,0,0,0,0,0.2857142857142857,0,0,0,0
bn_4065,5,28,4.8,1,1,0,0,0,0,0.2,0,0,0,0
bn_4066,8,46,4.875,1,1,0,0,0,0,0.125,0,0,0,0
bn_4067,3,22,6.666666666666667,1,1,0,0,0,0,0.3333333333333333,0,0,0,0
bn_4068,8,46,4.875,1,1,0,0,0,0,0.125,0,0,0,1
bn_4069,5,31,5.4,1,1,0,0,0,0,0.2,0,0,0,0
bn_4070,8,49,5.25,1,1,0,0,0,0,0.125,0,0,0,0
bn_4071,3,28,8.666666666666666,1,1,0,0,0,0,0.3333333333333333,0,0,0,0
bn_4072,13,77,5.0,1,1,2,0,0,0,0.23076923076923078,0,0,0,1
bn_4073,8,42,4.375,1,1,1,0,0,0,0.25,0,0,0,0
bn_4074,8,58,6.375,1,1,1,0,0,0,0.25,0,0,0,0
bn_4075,8,42,4.375,1,1,1,0,0,0,0.25,0,0,0,0
bn_4076,5,43,7.8,1,1,0,0,0,0,0.2,0,0,0,0
bn_4077,8,54,5.875,1,1,0,0,0,0,0.125,0,0,0,1
bn_4079,10,59,5.0,1,1,0,0,0,0,0.1,0,0,0,0
bn_4081,8,63,7.0,1,1,0,0,0,0,0.125,0,0,0,0
bn_4082,5,35,6.2,1,1,0,0,0,0,0.2,0,0,0,0
bn_4083,8,54,5.875,1,1,0,0,0,0,0.125,0,0,0,0
bn_4084,8,54,5.875,1,1,0,0,0,0,0.125,0,0,0,0
bn_4085,10,54,4.5,1,1,0,0,0,0,0.2,0,0,0,0
bn_4087,12,68,4.75,1,1,0,0,0,0,0.08333333333333333,0,1,0,0
bn_4088,11,67,5.181818181818182,1,1,1,0,0,0,0.18181818181818182,0,0,0,1
bn_4089,11,62,4.7272727272727275,1,1,0,0,0,0,0.09090909090909091,0,0,0,0
bn_4091,6,51,7.666666666666667,1,1,0,0,0,0,0.16666666666666666,0,0,0,0
bn_4093,11,64,4.909090909090909,1,1,0,0,0,0,0.09090909090909091,0,0,0,1
bn_4095,12,64,4.416666666666667,1,1,0,0,0,0,0.08333333333333333,0,0,0,0
bn_4097,8,57,6.25,1,1,1,0,0,0,0.25,0,0,0,0
bn_4099,6,44,6.5,1,1,0,0,0,0,0.16666666666666666,0,0,0,0
bn_4100,6,40,5.833333333333333,1,1,0,0,0,0,0.16666666666666666,0,0,0,1
bn_4103,9,51,4.777777777777778,1,1,0,0,0,0,0.1111111111111111,0,0,0,0
bn_4104,5,36,6.4,1,1,0,0,0,0,0.2,0,0,0,0
bn_4105,8,61,6.75,1,1,0,0,0,0,0.25,0,0,0,0
bn_4107,12,80,5.75,1,1,1,0,0,0,0.16666666666666666,0,0,0,0
bn_4109,8,46,4.875,1,1,0,0,0,0,0.125,0,0,0,0
bn_4110,4,21,4.5,1,1,0,0,0,0,0.25,0,0,0,0
bn_4111,10,66,5.7,1,1,0,0,0,0,0.1,0,0,0,1
bn_4113,7,41,5.0,1,1,0,0,0,0,0.14285714285714285,0,0,0,0
bn_4115,7,48,6.0,1,1,0,0,0,0,0.14285714285714285,0,0,0,0
bn_4117,9,59,5.666666666666667,1,1,0,0,0,0,0.2222222222222222,0,0,0,1
bn_4118,4,30,6.75,1,1,0,0,0,0,0.25,0,0,0,0
bn_4119,8,56,6.125,1,1,0,0,0,0,0.125,0,0,0,0
bn_4121,7,50,6.285714285714286,1,1,0,0,0,0,0.14285714285714285,0,0,0,0
bn_4123,6,61,9.333333333333334,1,1,0,0,0,0,0.16666666666666666,0,0,0,0
bn_4125,10,74,6.5,1,1,0,0,0,0,0.1,0,0,0,0
bn_4127,9,59,5.666666666666667,1,1,0,0,0,0,0.1111111111111111,0,0,0,1
bn_4129,8,65,7.25,1,1,0,0,0,0,0.25,0,0,0,0
bn_4131,7,44,5.428571428571429,1,1,0,0,0,0,0.2857142857142857,0,0,0,0
bn_4133,6,43,6.333333333333333,1,1,0,0,0,0,0.16666666666666666,0,0,0,0
bn_4135,11,61,4.636363636363637,1,1,0,0,0,0,0.09090909090909091,0,0,0,1
bn_4137,7,49,6.142857142857143,1,1,0,0,0,0,0.2857142857142857,0,0,0,0
bn_4138,3,26,8.0,1,1,0,0,0,0,0.3333333333333333,0,0,0,0
bn_4139,9,64,6.222222222222222,1,1,0,0,0,0,0.1111111111111111,0,0,0,0
bn_4141,9,43,3.888888888888889,1,1,0,0,0,0,0.1111111111111111,0,0,0,1
bn_4143,8,59,6.5,1,1,0,0,0,0,0.25,0,0,0,0
bn_4145,9,55,5.222222222222222,1,1,0,0,0,0,0.1111111111111111,0,0,0,0
bn_4147,7,52,6.571428571428571,1,1,0,0,0,0,0.2857142857142857,0,0,0,0
bn_4149,10,73,6.4,1,1,0,0,0,0,0.1,0,0,0,1
bn_4151,11,65,5.0,1,1,1,0,0,0,0.18181818181818182,0,0,0,0
bn_4153,9,56,5.333333333333333,1,1,0,0,0,0,0.2222222222222222,0,0,0,1
bn_4155,7,49,6.142857142857143,1,1,0,0,0,0,0.14285714285714285,0,0,0,1
bn_4157,8,51,5.5,1,1,1,0,0,0,0.25,0,0,0,0
bn_4159,4,32,7.25,1,1,0,0,0,0,0.25,0,0,0,0
bn_4161,8,60,6.625,1,1,0,0,0,0,0.125,0,0,0,0
bn_4163,11,61,4.636363636363637,1,1,0,0,0,0,0.09090909090909091,0,0,0,0
bn_4165,6,53,8.0,1,1,0,0,0,0,0.16666666666666666,0,0,0,1
bn_4167,9,52,4.888888888888889,1,1,0,0,0,0,0.1111111111111111,0,0,0,0
bn_4169,12,65,4.5,1,1,1,0,0,0,0.16666666666666666,0,0,0,1
bn_4171,8,46,4.875,1,1,1,0,0,0,0.25,0,0,0,0
bn_4172,11,67,5.181818181818182,1,1,0,0,0,0,0.09090909090909091,0,0,0,0
bn_4173,5,35,6.2,1,1,0,0,0,0,0.2,0,0,0,0
bn_4174,13,66,4.153846153846154,1,1,1,0,0,0,0.15384615384615385,0,0,0,0
bn_4176,5,38,6.8,1,1,0,0,0,0,0.2,0,0,0,1
bn_4177,5,28,4.8,1,1,0,0,0,0,0.2,0,0,0,1
bn_4178,12,76,5.416666666666667,1,1,0,0,0,0,0.08333333333333333,0,0,0,1
bn_4180,10,49,4.0,1,1,0,0,0,0,0.1,0,0,0,0
bn_4182,10,60,5.1,1,1,0,0,0,0,0.1,0,0,0,1
bn_4184,15,84,4.666666666666667,1,1,0,0,0,0,0.06666666666666667,0,0,0,0
bn_4186,12,71,5.0,1,1,0,0,0,0,0.08333333333333333,0,0,0,1
bn_4187,12,73,5.166666666666667,1,1,0,0,0,0,0.08333333333333333,0,0,0,0
bn_4188,11,59,4.454545454545454,1,1,0,0,0,0,0.09090909090909091,0,0,0,0
bn_4190,11,81,6.454545454545454,1,1,0,0,0,0,0.09090909090909091,0,0,0,0
bn_4191,4,38,8.75,1,1,0,0,0,0,0.25,0,0,0,0
bn_4192,9,73,7.222222222222222,1,1,1,0,0,0,0.2222222222222222,0,0,0,0
bn_4193,4,30,6.75,1,1,0,0,0,0,0.25,0,0,0,0
bn_4194,9,57,5.444444444444445,1,1,0,0,0,0,0.1111111111111111,0,0,0,1
bn_4196,9,56,5.333333333333333,1,1,0,0,0,0,0.1111111111111111,0,0,0,0
bn_4198,13,79,5.153846153846154,1,1,0,0,0,0,0.07692307692307693,0,0,0,0
bn_4199,5,32,5.6,1,1,0,0,0,0,0.2,0,0,0,0
bn_4200,6,36,5.166666666666667,1,1,0,0,0,0,0.16666666666666666,0,0,0,0
bn_4202,11,74,5.818181818181818,1,1,1,0,0,0,0.2727272727272727,0,0,0,0
bn_4204,11,68,5.2727272727272725,1,1,0,0,0,0,0.09090909090909091,0,0,0,0
bn_4206,14,75,4.428571428571429,1,1,0,0,0,0,0.07142857142857142,0,0,0,1
bn_4208,9,75,7.444444444444445,1,1,0,0,0,0,0.1111111111111111,0,0,0,1
bn_4210,12,74,5.25,1,1,0,0,0,0,0.08333333333333333,0,0,0,0
bn_4212,13,75,4.846153846153846,1,1,0,0,0,0,0.07692307692307693,0,0,0,0
bn_4214,10,75,6.6,1,1,0,0,0,0,0.1,0,0,0,1
bn_4216,12,76,5.416666666666667,1,1,0,0,0,0,0.08333333333333333,0,0,0,0
bn_4218,11,59,4.454545454545454,1,1,1,0,0,0,0.18181818181818182,0,0,0,0
bn_4220,11,64,4.909090909090909,1,1,0,0,0,0,0.09090909090909091,0,0,0,0
bn_4222,10,63,5.4,1,1,1,0,0,0,0.2,0,0,0,1
bn_4224,9,61,5.888888888888889,1,1,0,0,0,0,0.1111111111111111,0,0,0,0
bn_4226,14,81,4.857142857142857,1,1,0,0,0,0,0.07142857142857142,0,0,0,0
bn_4228,11,73,5.7272727272727275,1,1,1,0,0,0,0.18181818181818182,0,0,0,1
bn_4230,10,70,6.1,1,1,0,0,0,0,0.1,0,0,0,0
bn_4232,8,51,5.5,1,1,0,0,0,0,0.125,0,0,0,0
bn_4234,12,78,5.583333333333333,1,1,1,0,0,0,0.16666666666666666,0,0,0,0
bn_4236,12,80,5.75,1,1,1,0,0,0,0.16666666666666666,0,0,0,1
bn_4238,11,71,5.545454545454546,1,1,0,0,0,0,0.09090909090909091,0,0,0,1
bn_4240,11,65,5.0,1,1,0,0,0,0,0.18181818181818182,0,0,0,1
bn_4242,10,65,5.6,1,1,1,0,0,0,0.2,0,0,0,0
bn_4244,10,58,4.9,1,1,0,0,0,0,0.1,0,0,0,0
bn_4246,10,63,5.4,1,1,1,0,0,0,0.2,0,0,0,0
bn_4248,12,70,4.916666666666667,1,1,0,0,0,0,0.08333333333333333,0,0,0,1
bn_4250,9,56,5.333333333333333,1,1,0,0,0,0,0.1111111111111111,0,0,0,1
bn_4252,10,56,4.7,1,1,0,0,0,0,0.1,0,0,0,1
bn_4254,8,45,4.75,1,1,0,0,0,0,0.25,0,0,0,0
bn_4256,7,59,7.571428571428571,1,1,0,0,0,0,0.2857142857142857,0,0,0,1
bn_4258,6,42,6.166666666666667,1,1,0,0,0,0,0.16666666666666666,0,0,0,0
bn_4260,10,57,4.8,1,1,1,0,0,0,0.2,0,0,0,0
bn_4262,7,53,6.714285714285714,1,1,0,0,0,0,0.14285714285714285,0,0,0,1
bn_4264,9,55,5.222222222222222,1,1,0,0,0,0,0.1111111111111111,0,0,0,0
bn_4266,12,72,5.083333333333333,1,1,1,0,0,0,0.16666666666666666,0,0,0,0
bn_4268,12,63,4.333333333333333,1,1,0,0,0,0,0.08333333333333333,0,0,0,1
bn_4270,10,63,5.4,1,1,0,0,0,0,0.2,0,0,0,1
bn_4271,7,42,5.142857142857143,1,1,0,0,0,0,0.14285714285714285,0,0,0,1
bn_4272,23,140,5.130434782608695,1,1,1,0,0,0,0.13043478260869565,0,0,0,1
bn_4273,5,37,6.6,1,1,0,0,0,0,0.2,0,0,0,0
bn_4274,18,129,6.222222222222222,1,1,1,0,0,0,0.1111111111111111,0,0,0,1
bn_4275,5,29,5.0,1,1,0,0,0,0,0.2,0,0,0,0
bn_4276,19,113,5.0,1,1,0,0,0,0,0.10526315789473684,0,0,0,0
bn_4277,5,31,5.4,1,1,0,0,0,0,0.2,0,0,0,0
bn_4278,20,127,5.4,1,1,1,0,0,0,0.1,0,0,0,1
bn_4279,3,22,6.666666666666667,1,1,0,0,0,0,0.3333333333333333,0,0,0,0
bn_4280,19,126,5.684210526315789,1,1,0,0,0,0,0.10526315789473684,0,0,0,0
bn_4281,4,34,7.75,1,1,0,0,0,0,0.25,0,0,0,0
bn_4282,14,78,4.642857142857143,1,1,0,0,0,0,0.07142857142857142,0,0,0,1
bn_4283,12,76,5.416666666666667,1,1,1,0,0,0,0.25,0,0,0,0
bn_4284,9,62,6.0,1,1,0,0,0,0,0.1111111111111111,0,0,0,0
bn_4285,4,35,8.0,1,1,0,0,0,0,0.25,0,0,0,0
bn_4286,12,72,5.083333333333333,1,1,0,0,0,0,0.08333333333333333,0,0,0,1
bn_4287,4,23,5.0,1,1,1,0,0,0,0.5,0,0,0,0
bn_4288,9,56,5.333333333333333,1,1,0,0,0,0,0.1111111111111111,0,0,0,1
bn_4290,12,86,6.25,1,1,0,0,0,0,0.08333333333333333,0,0,0,0
bn_4291,6,36,5.166666666666667,1,1,0,0,0,0,0.16666666666666666,0,0,0,1
bn_4292,11,76,6.0,1,1,0,0,0,0,0.09090909090909091,0,0,0,0
bn_4293,3,26,8.0,1,1,0,0,0,0,0.3333333333333333,0,0,0,0
bn_4294,14,73,4.285714285714286,1,1,0,0,0,0,0.14285714285714285,0,0,0,0
bn_4295,7,43,5.285714285714286,1,1,0,0,0,0,0.14285714285714285,0,0,0,0
bn_4296,11,64,4.909090909090909,1,1,0,0,0,0,0.09090909090909091,0,0,0,0
bn_4297,6,39,5.666666666666667,1,1,0,0,0,0,0.16666666666666666,0,0,0,0
bn_4298,13,69,4.384615384615385,1,1,0,0,0,0,0.07692307692307693,0,0,0,0
bn_4299,5,36,6.4,1,1,0,0,0,0,0.2,0,0,0,0
bn_4300,13,71,4.538461538461538,1,1,0,0,0,0,0.07692307692307693,0,0,0,0
bn_4302,12,89,6.5,1,1,0,0,0,0,0.08333333333333333,0,0,0,0
bn_4303,3,25,7.666666666666667,1,1,0,0,0,0,0.3333333333333333,0,0,0,0
bn_4304,12,66,4.583333333333333,1,1,0,0,0,0,0.08333333333333333,0,0,0,0
bn_4305,7,46,5.714285714285714,1,1,0,0,0,0,0.14285714285714285,0,0,0,0
bn_4307,5,36,6.4,1,1,0,0,0,0,0.2,0,0,0,1
bn_4308,13,74,4.769230769230769,1,1,0,0,0,0,0.07692307692307693,0,0,0,1
bn_4310,11,72,5.636363636363637,1,1,0,0,0,0,0.18181818181818182,0,0,0,0
bn_4311,4,20,4.25,1,1,0,0,0,0,0.25,0,0,0,0
bn_4312,12,59,4.0,1,1,0,0,0,0,0.08333333333333333,0,0,0,0
bn_4316,12,63,4.333333333333333,1,1,0,0,0,0,0.08333333333333333,0,0,0,0
bn_4318,9,54,5.111111111111111,1,1,0,0,0,0,0.1111111111111111,0,0,0,0
bn_4320,10,64,5.5,1,1,0,0,0,0,0.1,0,0,0,0
bn_4321,3,25,7.666666666666667,1,1,0,0,0,0,0.3333333333333333,0,0,0,0
bn_4322,9,50,4.666666666666667,1,1,0,0,0,0,0.1111111111111111,0,0,0,1
bn_4323,3,24,7.333333333333333,1,1,0,0,0,0,0.3333333333333333,0,0,0,1
bn_4324,6,34,4.833333333333333,1,1,0,0,0,0,0.16666666666666666,0,0,0,1
bn_4326,6,44,6.5,1,1,0,0,0,0,0.16666666666666666,0,0,0,0
bn_4328,3,25,7.666666666666667,1,1,0,0,0,0,0.3333333333333333,0,0,0,0
bn_4329,5,34,6.0,1,1,0,0,0,0,0.2,0,0,0,0
bn_4330,3,21,6.333333333333333,1,1,0,0,0,0,0.3333333333333333,0,0,0,1
bn_4331,14,81,4.857142857142857,1,1,1,0,0,0,0.14285714285714285,0,0,0,1
bn_4332,19,128,5.7894736842105265,3,1,2,0,0,0,0.2631578947368421,0,0,0,1
bn_4333,10,61,5.2,1,1,1,0,0,0,0.3,0,0,0,0
bn_4334,14,106,6.642857142857143,3,1,3,0,0,0,0.42857142857142855,0,0,0,0
bn_4335,8,49,5.25,1,1,1,0,0,0,0.25,0,0,0,0
bn_4336,18,112,5.277777777777778,3,1,3,0,0,0,0.3333333333333333,0,0,0,1
bn_4337,15,93,5.266666666666667,1,1,1,0,0,0,0.13333333333333333,0,0,0,1
bn_4338,19,121,5.421052631578948,2,1,3,0,0,0,0.2631578947368421,0,0,0,0
bn_4339,9,61,5.888888888888889,1,1,1,0,0,0,0.3333333333333333,0,0,0,0
bn_4340,39,252,5.487179487179487,6,1,4,0,0,0,0.2564102564102564,0,0,0,0
bn_4341,11,69,5.363636363636363,1,1,1,0,0,0,0.18181818181818182,0,0,0,1
bn_4342,8,50,5.375,1,1,1,0,0,0,0.25,0,0,0,1
bn_4343,9,57,5.444444444444445,1,1,0,0,0,0,0.1111111111111111,0,0,0,0
bn_4344,11,66,5.090909090909091,2,1,1,0,0,0,0.2727272727272727,0,0,0,0
bn_4345,10,65,5.6,1,1,0,0,0,0,0.1,0,0,0,0
bn_4346,13,79,5.153846153846154,1,1,1,0,0,0,0.15384615384615385,0,0,0,1
bn_4347,9,56,5.333333333333333,1,1,1,0,0,0,0.3333333333333333,0,0,0,0
bn_4348,9,63,6.111111111111111,1,1,2,0,0,0,0.3333333333333333,0,0,0,0
bn_4349,10,50,4.1,1,1,1,0,0,0,0.2,0,0,0,1
bn_4350,6,35,5.0,1,1,1,0,0,0,0.5,0,0,0,0
bn_4351,9,58,5.555555555555555,1,1,1,0,0,0,0.2222222222222222,0,0,0,0
bn_4352,11,74,5.818181818181818,1,1,1,0,0,0,0.18181818181818182,0,0,0,0
bn_4353,11,72,5.636363636363637,1,1,0,0,0,0,0.09090909090909091,0,0,0,0
bn_4354,14,76,4.5,1,1,1,0,0,0,0.14285714285714285,0,0,0,1
bn_4355,10,55,4.6,1,1,1,0,0,0,0.3,0,0,0,1
bn_4356,8,54,5.875,1,1,2,0,0,0,0.375,0,0,0,0
bn_4357,8,59,6.5,1,1,0,0,0,0,0.125,0,0,0,0
bn_4358,8,60,6.625,1,1,2,0,0,0,0.375,0,0,0,0
bn_4359,13,70,4.461538461538462,1,1,1,0,0,0,0.15384615384615385,0,1,0,1
bn_4360,7,51,6.428571428571429,2,1,1,0,0,0,0.42857142857142855,0,0,0,1
bn_4361,10,70,6.1,1,1,1,0,0,0,0.2,0,0,0,0
bn_4362,10,57,4.8,2,1,2,0,0,0,0.4,0,0,0,0
bn_4363,7,51,6.428571428571429,1,1,0,0,0,0,0.14285714285714285,0,0,0,0
bn_4364,10,70,6.1,2,1,1,0,0,0,0.3,0,0,0,1
bn_4365,8,52,5.625,1,1,0,0,0,0,0.125,0,0,0,1
bn_4366,47,302,5.446808510638298,6,1,4,0,0,0,0.2127659574468085,0,0,0,0
bn_4367,10,75,6.6,1,1,1,0,0,0,0.2,0,0,0,0
bn_4368,42,272,5.5,6,1,5,0,0,0,0.2619047619047619,0,0,0,0
bn_4369,8,57,6.25,1,1,1,0,0,0,0.375,0,0,0,0
bn_4370,32,223,6.0,5,1,3,0,0,0,0.25,0,0,0,0
bn_4371,9,51,4.777777777777778,1,1,1,0,0,0,0.3333333333333333,0,0,0,1
bn_4372,33,215,5.545454545454546,5,1,5,0,0,0,0.30303030303030304,0,0,0,0
bn_4373,11,65,5.0,1,1,1,0,0,0,0.18181818181818182,0,0,0,0
bn_4374,28,180,5.464285714285714,6,1,3,0,0,0,0.32142857142857145,0,0,0,0
bn_4375,10,65,5.6,1,1,1,0,0,0,0.3,0,0,0,1
bn_4376,26,188,6.269230769230769,4,1,4,0,0,0,0.3076923076923077,0,0,0,0
bn_4377,10,61,5.2,1,1,0,0,0,0,0.1,0,0,0,0
bn_4378,26,166,5.423076923076923,4,1,3,0,0,0,0.2692307692307692,0,0,0,1
bn_4379,10,49,4.0,1,1,0,0,0,0,0.1,0,0,0,0
bn_4380,21,129,5.190476190476191,4,1,2,0,0,0,0.2857142857142857,0,0,0,0
bn_4381,12,70,4.916666666666667,1,1,2,0,0,0,0.25,0,0,0,0
bn_4382,22,153,6.0,4,1,2,0,0,0,0.2727272727272727,0,0,0,0
bn_4383,8,50,5.375,1,1,1,0,0,0,0.25,0,0,0,0
bn_4384,20,135,5.8,4,1,2,0,0,0,0.3,0,0,0,0
bn_4385,10,70,6.1,1,1,0,0,0,0,0.1,0,0,0,0
bn_4386,20,131,5.6,4,1,2,0,0,0,0.3,0,0,0,1
bn_4387,9,61,5.888888888888889,1,1,0,0,0,0,0.1111111111111111,0,0,0,1
bn_4388,19,139,6.368421052631579,3,1,3,0,0,0,0.3157894736842105,0,0,0,0
bn_4389,10,71,6.2,1,1,1,0,0,0,0.3,0,0,0,0
bn_4390,18,124,5.944444444444445,3,1,3,0,0,0,0.3333333333333333,0,0,0,0
bn_4391,8,54,5.875,1,1,1,0,0,0,0.375,0,0,0,1
bn_4392,17,125,6.411764705882353,4,1,2,0,0,0,0.35294117647058826,0,0,0,0
bn_4393,9,59,5.666666666666667,1,1,1,0,0,0,0.2222222222222222,0,0,0,0
bn_4394,19,135,6.157894736842105,4,1,2,0,0,0,0.3157894736842105,0,0,0,0
bn_4395,11,61,4.636363636363637,1,1,0,0,0,0,0.09090909090909091,0,0,0,0
bn_4396,19,134,6.105263157894737,4,1,2,0,0,0,0.3157894736842105,0,0,0,0
bn_4398,10,57,4.8,1,1,1,0,0,0,0.2,0,0,0,1
bn_4399,11,60,4.545454545454546,1,1,1,0,0,0,0.18181818181818182,0,0,0,0
bn_4400,5,33,5.8,1,1,1,0,0,0,0.4,0,0,0,0
bn_4401,10,53,4.4,1,1,1,0,0,0,0.2,0,0,0,1
bn_4402,7,42,5.142857142857143,1,1,1,0,0,0,0.2857142857142857,0,0,0,0
bn_4403,8,48,5.125,1,1,1,0,0,0,0.25,0,0,0,0
bn_4404,5,36,6.4,1,1,1,0,0,0,0.4,0,0,0,1
bn_4405,9,71,7.0,1,1,1,0,0,0,0.2222222222222222,0,0,0,1
bn_4406,7,39,4.714285714285714,1,1,1,0,0,0,0.2857142857142857,0,0,0,0
bn_4407,10,61,5.2,1,1,1,0,0,0,0.2,0,0,0,1
bn_4408,7,37,4.428571428571429,1,1,1,0,0,0,0.2857142857142857,0,0,0,1
bn_4409,6,42,6.166666666666667,1,1,1,0,0,0,0.3333333333333333,0,0,0,0
bn_4410,6,44,6.5,1,1,1,0,0,0,0.3333333333333333,0,0,0,0
bn_4411,15,78,4.266666666666667,1,1,1,0,0,0,0.13333333333333333,0,0,0,1
bn_4412,9,46,4.222222222222222,1,1,1,0,0,0,0.2222222222222222,0,0,0,0
bn_4413,9,43,3.888888888888889,1,1,1,0,0,0,0.2222222222222222,0,0,0,0
bn_4414,5,36,6.4,1,1,1,0,0,0,0.4,0,0,0,0
bn_4415,9,54,5.111111111111111,1,1,1,0,0,0,0.2222222222222222,0,0,0,1
bn_4416,7,45,5.571428571428571,1,1,1,0,0,0,0.2857142857142857,0,0,0,0
bn_4417,10,60,5.1,1,1,1,0,0,0,0.3,0,0,0,1
bn_4418,7,41,5.0,1,1,1,0,0,0,0.2857142857142857,0,0,0,0
bn_4419,8,53,5.75,1,1,0,0,0,0,0.125,0,0,0,0
bn_4420,7,37,4.428571428571429,1,1,1,0,0,0,0.2857142857142857,0,0,0,0
bn_4421,10,54,4.5,1,1,1,0,0,0,0.2,0,0,0,1
bn_4422,7,41,5.0,1,1,1,0,0,0,0.2857142857142857,0,0,0,1
bn_4423,7,41,5.0,1,1,0,0,0,0,0.14285714285714285,0,0,0,0
bn_4424,6,32,4.5,1,1,1,0,0,0,0.3333333333333333,0,0,0,0
bn_4425,10,69,6.0,1,1,0,0,0,0,0.1,0,0,0,0
bn_4426,5,31,5.4,1,1,1,0,0,0,0.4,0,0,0,0
bn_4427,8,45,4.75,1,1,1,0,0,0,0.25,0,0,0,1
bn_4428,8,42,4.375,1,1,1,0,0,0,0.25,0,0,0,0
bn_4429,12,73,5.166666666666667,1,1,1,0,0,0,0.25,0,0,0,1
bn_4430,11,60,4.545454545454546,1,1,0,0,0,0,0.09090909090909091,0,0,0,0
bn_4431,6,52,7.833333333333333,1,1,1,0,0,0,0.3333333333333333,0,0,0,0
bn_4432,10,69,6.0,1,1,1,0,0,0,0.2,0,0,0,1
bn_4433,9,56,5.333333333333333,1,1,1,0,0,0,0.2222222222222222,0,0,0,0
bn_4434,12,64,4.416666666666667,1,1,1,0,0,0,0.16666666666666666,0,0,0,0
bn_4435,8,50,5.375,1,1,1,0,0,0,0.25,0,0,0,1
bn_4436,9,58,5.555555555555555,1,1,1,0,0,0,0.3333333333333333,0,0,0,1
bn_4437,6,39,5.666666666666667,1,1,1,0,0,0,0.3333333333333333,0,0,0,0
bn_4438,10,63,5.4,1,1,1,0,0,0,0.3,0,0,0,0
bn_4439,7,41,5.0,1,1,1,0,0,0,0.2857142857142857,0,0,0,0
bn_4440,7,38,4.571428571428571,1,1,1,0,0,0,0.2857142857142857,0,0,0,0
bn_4441,8,48,5.125,1,1,1,0,0,0,0.25,0,0,0,1
bn_4442,7,49,6.142857142857143,1,1,0,0,0,0,0.14285714285714285,0,0,0,0
bn_4443,9,57,5.444444444444445,2,1,1,0,0,0,0.3333333333333333,0,0,0,0
bn_4444,6,43,6.333333333333333,1,1,0,0,0,0,0.16666666666666666,0,0,0,0
bn_4445,9,65,6.333333333333333,2,1,1,0,0,0,0.3333333333333333,0,0,0,0
bn_4446,8,53,5.75,1,1,0,0,0,0,0.125,0,0,0,1
bn_4447,10,65,5.6,2,1,1,0,0,0,0.3,0,0,0,0
bn_4448,6,42,6.166666666666667,1,1,0,0,0,0,0.16666666666666666,0,0,0,0
bn_4449,10,66,5.7,2,1,1,0,0,0,0.3,0,0,0,0
bn_4450,8,52,5.625,1,1,1,0,0,0,0.25,0,0,0,1
bn_4451,9,59,5.666666666666667,2,1,1,0,0,0,0.3333333333333333,0,0,0,1
bn_4452,9,64,6.222222222222222,1,1,1,0,0,0,0.3333333333333333,0,0,0,0
bn_4453,9,59,5.666666666666667,2,1,1,0,0,0,0.3333333333333333,0,0,0,1
bn_4454,7,44,5.428571428571429,1,1,1,0,0,0,0.2857142857142857,0,0,0,0
bn_4455,17,107,5.352941176470588,2,1,2,0,0,0,0.23529411764705882,0,0,0,0
bn_4456,5,38,6.8,1,1,1,0,0,0,0.4,0,0,0,0
bn_4457,13,85,5.615384615384615,2,1,2,0,0,0,0.3076923076923077,0,0,0,0
bn_4458,8,41,4.25,1,1,0,0,0,0,0.125,0,0,0,0
bn_4459,10,66,5.7,2,1,1,0,0,0,0.3,0,0,0,1
bn_4460,9,58,5.555555555555555,1,1,1,0,0,0,0.2222222222222222,0,0,0,0
bn_4461,10,56,4.7,2,1,1,0,0,0,0.3,0,0,0,0
bn_4462,9,54,5.111111111111111,1,1,1,0,0,0,0.2222222222222222,0,0,0,0
bn_4464,7,41,5.0,1,1,1,0,0,0,0.2857142857142857,0,0,0,1
bn_4465,10,71,6.2,2,1,1,0,0,0,0.3,0,0,0,0
bn_4467,9,61,5.888888888888889,2,1,2,0,0,0,0.4444444444444444,0,0,0,0
bn_4468,7,43,5.285714285714286,1,1,1,0,0,0,0.2857142857142857,0,0,0,0
bn_4469,11,68,5.2727272727272725,2,1,1,0,0,0,0.2727272727272727,0,0,0,0
bn_4470,10,55,4.6,1,1,1,0,0,0,0.2,0,0,0,0
bn_4471,9,67,6.555555555555555,2,1,1,0,0,0,0.3333333333333333,0,0,0,1
bn_4472,7,53,6.714285714285714,1,1,0,0,0,0,0.14285714285714285,0,0,0,1
bn_4473,9,55,5.222222222222222,1,1,1,0,0,0,0.2222222222222222,0,0,0,0
bn_4474,8,49,5.25,1,1,0,0,0,0,0.125,0,0,0,0
bn_4475,9,57,5.444444444444445,2,1,1,0,0,0,0.3333333333333333,0,0,0,1
bn_4476,9,49,4.555555555555555,1,1,1,0,0,0,0.2222222222222222,0,0,0,1
bn_4478,6,43,6.333333333333333,1,1,0,0,0,0,0.16666666666666666,0,0,0,0
bn_4479,10,69,6.0,2,1,1,0,0,0,0.3,0,0,0,1
bn_4480,10,52,4.3,1,1,1,0,0,0,0.2,0,0,0,1
bn_4481,8,52,5.625,2,1,1,0,0,0,0.375,0,0,0,0
bn_4482,9,57,5.444444444444445,1,1,1,0,0,0,0.2222222222222222,0,0,0,0
bn_4483,9,63,6.111111111111111,2,1,1,0,0,0,0.3333333333333333,0,0,0,1
bn_4484,6,29,4.0,1,1,0,0,0,0,0.16666666666666666,0,0,0,0
bn_4485,14,72,4.214285714285714,2,1,1,0,0,0,0.21428571428571427,0,0,0,0
bn_4486,7,38,4.571428571428571,1,1,0,0,0,0,0.14285714285714285,0,0,0,1
bn_4487,12,79,5.666666666666667,2,1,1,0,0,0,0.25,0,0,0,1
bn_4488,9,56,5.333333333333333,1,1,1,0,0,0,0.3333333333333333,0,0,0,0
bn_4489,9,66,6.444444444444445,2,1,1,0,0,0,0.3333333333333333,0,0,0,0
bn_4490,5,33,5.8,1,1,0,0,0,0,0.2,0,0,0,0
bn_4491,9,63,6.111111111111111,2,1,1,0,0,0,0.3333333333333333,0,0,0,1
bn_4492,7,52,6.571428571428571,1,1,0,0,0,0,0.14285714285714285,0,0,0,0
bn_4494,6,32,4.5,1,1,1,0,0,0,0.3333333333333333,0,0,0,0
bn_4495,8,56,6.125,2,1,1,0,0,0,0.375,0,0,0,1
bn_4496,6,42,6.166666666666667,1,1,0,0,0,0,0.16666666666666666,0,0,0,0
bn_4497,14,78,4.642857142857143,2,1,1,0,0,0,0.21428571428571427,0,0,0,0
bn_4498,5,29,5.0,1,1,0,0,0,0,0.2,0,0,0,0
bn_4499,23,139,5.086956521739131,3,1,3,0,0,0,0.2608695652173913,0,0,0,0
bn_4500,9,43,3.888888888888889,1,1,0,0,0,0,0.1111111111111111,0,0,0,1
bn_4501,18,119,5.666666666666667,3,1,2,0,0,0,0.2777777777777778,0,0,0,0
bn_4502,9,46,4.222222222222222,1,1,1,0,0,0,0.2222222222222222,0,0,0,0
bn_4503,14,96,5.928571428571429,2,1,2,0,0,0,0.2857142857142857,0,0,0,0
bn_4504,7,36,4.285714285714286,1,1,0,0,0,0,0.14285714285714285,0,0,0,0
bn_4505,17,104,5.176470588235294,2,1,2,0,0,0,0.23529411764705882,0,0,0,1
bn_4506,5,46,8.4,1,1,0,0,0,0,0.2,0,0,0,0
bn_4507,17,100,4.9411764705882355,2,1,2,0,0,0,0.23529411764705882,0,0,0,0
bn_4508,7,39,4.714285714285714,1,1,0,0,0,0,0.14285714285714285,0,0,0,0
bn_4509,15,94,5.333333333333333,3,1,1,0,0,0,0.26666666666666666,0,0,0,0
bn_4510,6,36,5.166666666666667,1,1,0,0,0,0,0.16666666666666666,0,0,0,1
bn_4511,84,526,5.273809523809524,8,1,7,0,0,0,0.17857142857142858,0,0,0,1
bn_4512,7,50,6.285714285714286,1,1,1,0,0,0,0.2857142857142857,0,0,0,0
bn_4513,80,517,5.475,9,1,8,0,0,0,0.2125,0,0,0,0
bn_4514,6,44,6.5,1,1,0,0,0,0,0.16666666666666666,0,0,0,1
bn_4515,74,486,5.581081081081081,8,1,9,0,0,0,0.22972972972972974,0,0,0,0
bn_4516,6,38,5.5,1,1,0,0,0,0,0.16666666666666666,0,0,0,0
bn_4517,74,455,5.162162162162162,8,1,7,0,0,0,0.20270270270270271,0,0,0,0
bn_4518,9,45,4.111111111111111,1,1,1,0,0,0,0.2222222222222222,0,0,0,0
bn_4519,71,424,4.985915492957746,8,1,8,0,0,0,0.22535211267605634,0,0,0,1
bn_4520,8,50,5.375,1,1,2,0,0,0,0.375,0,0,0,1
bn_4521,20,133,5.7,5,1,2,0,0,0,0.35,0,0,0,0
bn_4522,4,30,6.75,1,1,0,0,0,0,0.25,0,0,0,0
bn_4523,15,97,5.533333333333333,3,1,2,0,0,0,0.3333333333333333,0,0,0,1
bn_4524,8,40,4.125,1,1,0,0,0,0,0.125,0,0,0,1
bn_4525,14,86,5.214285714285714,3,1,2,0,0,0,0.35714285714285715,0,0,0,0
bn_4526,4,36,8.25,1,1,0,0,0,0,0.25,0,0,0,0
bn_4527,11,73,5.7272727272727275,2,1,1,0,0,0,0.2727272727272727,0,0,0,1
bn_4528,7,46,5.714285714285714,1,1,0,0,0,0,0.14285714285714285,0,0,0,1
bn_4529,12,66,4.583333333333333,2,1,1,0,0,0,0.25,0,0,0,0
bn_4530,10,64,5.5,2,1,1,0,0,0,0.3,0,0,0,1
bn_4531,10,71,6.2,2,1,1,0,0,0,0.3,0,0,0,0
bn_4532,5,36,6.4,1,1,0,0,0,0,0.4,0,0,0,1
bn_4533,11,75,5.909090909090909,2,1,2,0,0,0,0.36363636363636365,0,0,0,1
bn_4534,9,47,4.333333333333333,1,1,1,0,0,0,0.2222222222222222,0,0,0,0
bn_4535,10,65,5.6,2,1,1,0,0,0,0.3,0,0,0,0
bn_4536,7,38,4.571428571428571,1,1,1,0,0,0,0.2857142857142857,0,0,0,1
bn_4537,7,34,4.0,1,1,0,0,0,0,0.14285714285714285,0,0,0,0
bn_4538,5,32,5.6,1,1,0,0,0,0,0.4,0,0,0,0
bn_4539,8,47,5.0,1,1,1,0,0,0,0.25,0,0,0,1
bn_4540,9,54,5.111111111111111,1,1,1,0,0,0,0.2222222222222222,0,0,0,0
bn_4541,5,37,6.6,1,1,1,0,0,0,0.4,0,0,0,0
bn_4542,7,52,6.571428571428571,1,1,0,0,0,0,0.14285714285714285,0,0,0,0
bn_4543,5,34,6.0,1,1,1,0,0,0,0.4,0,0,0,0
bn_4544,5,33,5.8,1,1,0,0,0,0,0.2,0,0,0,0
bn_4545,8,54,5.875,1,1,1,0,0,0,0.25,0,0,0,0
bn_4546,6,32,4.5,1,1,1,0,0,0,0.3333333333333333,0,0,0,1
bn_4547,9,57,5.444444444444445,1,1,1,0,0,0,0.2222222222222222,0,0,0,1
bn_4548,6,35,5.0,1,1,0,0,0,0,0.16666666666666666,0,0,0,0
bn_4549,6,34,4.833333333333333,1,1,0,0,0,0,0.16666666666666666,0,0,0,0
bn_4550,6,36,5.166666666666667,1,1,1,0,0,0,0.5,0,0,0,0
bn_4551,8,42,4.375,1,1,1,0,0,0,0.25,0,0,0,1
bn_4552,5,40,7.2,1,1,0,0,0,0,0.2,0,0,0,0
bn_4553,6,47,7.0,1,1,1,0,0,0,0.3333333333333333,0,0,0,0
bn_4554,6,35,5.0,1,1,0,0,0,0,0.16666666666666666,0,0,0,1
bn_4555,4,26,5.75,1,1,0,0,0,0,0.25,0,0,0,0
bn_4556,5,29,5.0,1,1,0,0,0,0,0.2,0,0,0,0
bn_4557,7,51,6.428571428571429,1,1,1,0,0,0,0.2857142857142857,0,0,0,0
bn_4558,7,43,5.285714285714286,1,1,0,0,0,0,0.2857142857142857,0,0,0,0
bn_4559,7,41,5.0,1,1,1,0,0,0,0.2857142857142857,0,0,0,1
bn_4560,6,30,4.166666666666667,1,1,0,0,0,0,0.16666666666666666,0,0,0,0
bn_4561,6,36,5.166666666666667,1,1,1,0,0,0,0.3333333333333333,0,0,0,0
bn_4562,6,36,5.166666666666667,1,1,0,0,0,0,0.16666666666666666,0,0,0,0
bn_4563,8,50,5.375,1,1,1,0,0,0,0.25,0,0,0,1
bn_4564,6,43,6.333333333333333,1,1,0,0,0,0,0.16666666666666666,0,0,0,1
bn_4565,6,40,5.833333333333333,1,1,1,0,0,0,0.3333333333333333,0,0,0,0
bn_4566,8,40,4.125,1,1,0,0,0,0,0.125,0,0,0,1
bn_4567,5,33,5.8,1,1,0,0,0,0,0.2,0,0,0,0
bn_4568,7,33,3.857142857142857,1,1,0,0,0,0,0.14285714285714285,0,0,0,0
bn_4569,6,36,5.166666666666667,1,1,1,0,0,0,0.3333333333333333,0,0,0,1
bn_4570,5,37,6.6,1,1,0,0,0,0,0.2,0,0,0,0
bn_4571,5,30,5.2,1,1,0,0,0,0,0.2,0,0,0,1
bn_4572,7,44,5.428571428571429,1,1,0,0,0,0,0.14285714285714285,0,0,0,1
bn_4573,7,37,4.428571428571429,1,1,1,0,0,0,0.2857142857142857,0,0,0,0
bn_4574,9,51,4.777777777777778,1,1,1,0,0,0,0.3333333333333333,0,0,0,0
bn_4575,8,55,6.0,1,1,1,0,0,0,0.25,0,0,0,0
bn_4576,7,39,4.714285714285714,1,1,0,0,0,0,0.14285714285714285,0,0,0,0
bn_4577,7,45,5.571428571428571,1,1,1,0,0,0,0.2857142857142857,0,0,0,0
bn_4578,8,43,4.5,1,1,1,0,0,0,0.25,0,0,0,0
bn_4579,8,41,4.25,1,1,1,0,0,0,0.25,0,0,0,0
bn_4580,6,37,5.333333333333333,1,1,0,0,0,0,0.16666666666666666,0,0,0,0
bn_4581,7,40,4.857142857142857,1,1,1,0,0,0,0.2857142857142857,0,0,0,1
bn_4582,6,40,5.833333333333333,1,1,0,0,0,0,0.16666666666666666,0,0,0,1
bn_4583,6,37,5.333333333333333,1,1,1,0,0,0,0.3333333333333333,0,0,0,0
bn_4584,6,38,5.5,1,1,0,0,0,0,0.16666666666666666,0,0,0,0
bn_4585,8,46,4.875,1,1,1,0,0,0,0.25,0,0,0,0
bn_4586,7,48,6.0,1,1,1,0,0,0,0.2857142857142857,0,0,0,1
bn_4587,11,60,4.545454545454546,1,1,2,0,0,0,0.2727272727272727,0,0,0,1
bn_4588,8,42,4.375,1,1,0,0,0,0,0.125,0,0,0,1
bn_4589,12,80,5.75,1,1,0,0,0,0,0.08333333333333333,0,0,0,0
bn_4590,3,17,5.0,1,1,0,0,0,0,0.3333333333333333,0,0,0,0
bn_4591,9,62,6.0,1,1,1,0,0,0,0.2222222222222222,0,0,0,1
bn_4592,9,46,4.222222222222222,1,1,1,0,0,0,0.2222222222222222,0,0,0,1
bn_4593,9,54,5.111111111111111,1,1,1,0,0,0,0.2222222222222222,0,0,0,0
bn_4594,6,43,6.333333333333333,1,1,0,0,0,0,0.16666666666666666,0,0,0,0
bn_4595,8,64,7.125,1,1,0,0,0,0,0.125,0,0,0,1
bn_4596,5,35,6.2,1,1,0,0,0,0,0.4,0,0,0,0
bn_4597,10,52,4.3,1,1,1,0,0,0,0.2,0,0,0,1
bn_4598,6,41,6.0,1,1,0,0,0,0,0.16666666666666666,0,0,0,1
bn_4599,11,71,5.545454545454546,1,1,1,0,0,0,0.18181818181818182,0,0,0,1
bn_4600,5,30,5.2,1,1,0,0,0,0,0.2,0,0,0,1
bn_4601,12,75,5.333333333333333,1,1,1,0,0,0,0.16666666666666666,0,0,0,1
bn_4602,6,35,5.0,1,1,1,0,0,0,0.3333333333333333,0,0,0,0
bn_4603,16,98,5.1875,1,1,1,0,0,0,0.125,0,0,0,0
bn_4604,3,20,6.0,1,1,0,0,0,0,0.3333333333333333,0,0,0,0
bn_4605,7,43,5.285714285714286,1,1,1,0,0,0,0.2857142857142857,0,0,0,1
bn_4606,6,41,6.0,1,1,1,0,0,0,0.3333333333333333,0,0,0,0
bn_4607,13,82,5.384615384615385,2,1,0,0,0,0,0.15384615384615385,0,0,0,0
bn_4608,6,38,5.5,1,1,0,0,0,0,0.3333333333333333,0,0,0,1
bn_4609,15,102,5.866666666666666,2,1,0,0,0,0,0.13333333333333333,0,0,0,1
bn_4610,6,45,6.666666666666667,1,1,0,0,0,0,0.16666666666666666,0,0,0,0
bn_4611,11,81,6.454545454545454,1,1,1,0,0,0,0.2727272727272727,0,0,0,1
bn_4612,5,29,5.0,1,1,0,0,0,0,0.2,0,0,0,0
bn_4613,8,55,6.0,1,1,1,0,0,0,0.25,0,0,0,1
bn_4614,6,42,6.166666666666667,1,1,0,0,0,0,0.16666666666666666,0,0,0,0
bn_4615,11,59,4.454545454545454,1,1,1,0,0,0,0.18181818181818182,0,0,0,0
bn_4616,6,41,6.0,1,1,0,0,0,0,0.3333333333333333,0,0,0,0
bn_4617,9,68,6.666666666666667,1,1,1,0,0,0,0.2222222222222222,0,0,0,1
bn_4618,6,35,5.0,1,1,1,0,0,0,0.3333333333333333,0,0,0,1
bn_4619,10,69,6.0,1,1,1,0,0,0,0.2,0,0,0,0
bn_4620,7,53,6.714285714285714,1,1,1,0,0,0,0.2857142857142857,0,0,0,0
bn_4621,8,60,6.625,1,1,0,0,0,0,0.125,0,0,0,0
bn_4622,6,33,4.666666666666667,1,1,0,0,0,0,0.16666666666666666,0,0,0,0
bn_4623,8,47,5.0,1,1,1,0,0,0,0.25,0,0,0,1
bn_4624,4,29,6.5,1,1,0,0,0,0,0.25,0,0,0,1
bn_4625,8,49,5.25,1,1,1,0,0,0,0.25,0,0,0,0
bn_4626,8,37,3.75,1,1,0,0,0,0,0.125,0,0,0,0
bn_4627,7,51,6.428571428571429,1,1,1,0,0,0,0.2857142857142857,0,0,0,0
bn_4628,7,55,7.0,1,1,1,0,0,0,0.5714285714285714,0,0,0,1
bn_4629,11,71,5.545454545454546,1,1,1,0,0,0,0.18181818181818182,0,0,0,1
bn_4630,8,39,4.0,1,1,1,0,0,0,0.25,0,0,0,0
bn_4631,11,59,4.454545454545454,1,1,1,0,0,0,0.18181818181818182,0,0,0,0
bn_4632,13,96,6.461538461538462,1,1,1,0,0,0,0.15384615384615385,0,0,0,1
bn_4633,10,53,4.4,1,1,1,0,0,0,0.2,0,0,0,0
bn_4634,9,77,7.666666666666667,1,1,0,0,0,0,0.1111111111111111,0,0,0,0
bn_4635,16,98,5.1875,1,1,1,0,0,0,0.125,0,0,0,0
bn_4636,12,74,5.25,1,1,1,0,0,0,0.16666666666666666,0,0,0,0
bn_4637,13,77,5.0,1,1,1,0,0,0,0.15384615384615385,0,0,0,0
bn_4638,15,98,5.6,1,1,1,0,0,0,0.13333333333333333,0,0,0,0
bn_4639,10,59,5.0,1,1,0,0,0,0,0.2,0,0,0,1
bn_4640,7,57,7.285714285714286,1,1,0,0,0,0,0.14285714285714285,0,0,0,1
bn_4641,8,50,5.375,1,1,0,0,0,0,0.125,0,0,0,0
bn_4642,8,55,6.0,1,1,1,0,0,0,0.25,0,0,0,0
bn_4643,7,56,7.142857142857143,1,1,1,0,0,0,0.2857142857142857,0,0,0,0
bn_4644,13,75,4.846153846153846,1,1,1,0,0,0,0.15384615384615385,0,0,0,0
bn_4645,9,65,6.333333333333333,1,1,1,0,0,0,0.2222222222222222,0,0,0,0
bn_4646,10,56,4.7,1,1,1,0,0,0,0.2,0,0,0,0
bn_4647,9,53,5.0,1,1,0,0,0,0,0.1111111111111111,0,0,0,0
bn_4648,7,38,4.571428571428571,1,1,0,0,0,0,0.14285714285714285,0,0,0,1
bn_4649,8,53,5.75,1,1,1,0,0,0,0.375,0,0,0,0
bn_4650,9,59,5.666666666666667,1,1,0,0,0,0,0.1111111111111111,0,0,0,0
bn_4651,8,46,4.875,1,1,1,0,0,0,0.25,0,0,0,0
bn_4652,10,74,6.5,1,1,1,0,0,0,0.2,0,0,0,1
bn_4653,9,53,5.0,1,1,0,0,0,0,0.1111111111111111,0,0,0,0
bn_4654,10,56,4.7,1,1,0,0,0,0,0.1,0,0,0,0
bn_4655,9,52,4.888888888888889,1,1,1,0,0,0,0.2222222222222222,0,0,0,0
bn_4656,7,50,6.285714285714286,1,1,0,0,0,0,0.14285714285714285,0,0,0,0
bn_4657,8,49,5.25,1,1,1,0,0,0,0.25,0,0,0,0
bn_4658,8,53,5.75,1,1,1,0,0,0,0.25,0,0,0,0
bn_4659,10,55,4.6,1,1,1,0,0,0,0.2,0,0,0,0
bn_4661,10,55,4.6,1,1,1,0,0,0,0.2,0,0,0,0
bn_4662,10,47,3.8,1,1,1,0,0,0,0.2,0,0,0,0
bn_4663,7,35,4.142857142857143,1,1,0,0,0,0,0.14285714285714285,0,0,0,1
bn_4664,6,32,4.5,1,1,0,0,0,0,0.16666666666666666,0,0,0,0
bn_4665,8,48,5.125,1,1,0,0,0,0,0.125,0,0,0,0
bn_4667,7,54,6.857142857142857,1,1,0,0,0,0,0.2857142857142857,0,0,0,0
bn_4668,17,89,4.294117647058823,1,1,2,0,0,0,0.17647058823529413,0,0,0,0
bn_4669,7,51,6.428571428571429,1,1,0,0,0,0,0.14285714285714285,0,0,0,0
bn_4670,14,106,6.642857142857143,1,1,1,0,0,0,0.14285714285714285,0,0,0,0
bn_4671,8,47,5.0,1,1,0,0,0,0,0.125,0,0,0,0
bn_4672,16,105,5.625,1,1,1,0,0,0,0.125,0,0,0,0
bn_4673,9,59,5.666666666666667,1,1,0,0,0,0,0.2222222222222222,0,0,0,1
bn_4674,16,95,5.0,1,1,2,0,0,0,0.1875,0,0,0,0
bn_4675,10,63,5.4,1,1,1,0,0,0,0.2,0,0,0,1
bn_4676,13,93,6.230769230769231,1,1,2,0,0,0,0.23076923076923078,0,0,0,0
bn_4677,8,51,5.5,1,1,1,0,0,0,0.375,0,0,0,0
bn_4678,14,84,5.071428571428571,1,1,1,0,0,0,0.14285714285714285,0,0,0,1
bn_4679,6,43,6.333333333333333,1,1,1,0,0,0,0.3333333333333333,0,0,0,0
bn_4680,15,92,5.2,1,1,1,0,0,0,0.13333333333333333,0,0,0,0
bn_4681,7,43,5.285714285714286,1,1,0,0,0,0,0.14285714285714285,0,0,0,0
bn_4682,17,106,5.294117647058823,1,1,2,0,0,0,0.17647058823529413,0,0,0,0
bn_4683,5,38,6.8,1,1,0,0,0,0,0.2,0,0,0,0
bn_4684,16,103,5.5,1,1,1,0,0,0,0.125,0,0,0,1
bn_4685,8,44,4.625,1,1,0,0,0,0,0.125,0,0,0,1
bn_4686,13,89,5.923076923076923,1,1,1,0,0,0,0.15384615384615385,0,0,0,0
bn_4687,6,48,7.166666666666667,1,1,0,0,0,0,0.16666666666666666,0,0,0,0
bn_4688,11,65,5.0,1,1,1,0,0,0,0.18181818181818182,0,0,0,0
bn_4689,13,70,4.461538461538462,1,1,1,0,0,0,0.15384615384615385,0,0,0,0
bn_4690,11,62,4.7272727272727275,1,1,1,0,0,0,0.18181818181818182,0,0,0,1
bn_4691,8,39,4.0,1,1,0,0,0,0,0.125,0,0,0,1
bn_4692,17,97,4.764705882352941,1,1,1,0,0,0,0.11764705882352941,0,0,0,0
bn_4693,9,64,6.222222222222222,1,1,0,0,0,0,0.1111111111111111,0,0,0,0
bn_4694,19,120,5.368421052631579,1,1,3,0,0,0,0.21052631578947367,0,0,0,1
bn_4695,6,37,5.333333333333333,1,1,0,0,0,0,0.16666666666666666,0,0,0,0
bn_4696,22,151,5.909090909090909,1,1,2,0,0,0,0.13636363636363635,0,0,0,0
bn_4697,5,36,6.4,1,1,1,0,0,0,0.4,0,0,0,1
bn_4698,17,121,6.176470588235294,1,1,2,0,0,0,0.17647058823529413,0,0,0,0
bn_4699,6,38,5.5,1,1,0,0,0,0,0.16666666666666666,0,0,0,0
bn_4700,17,122,6.235294117647059,1,1,2,0,0,0,0.17647058823529413,0,0,0,0
bn_4701,5,43,7.8,1,1,0,0,0,0,0.2,0,0,0,0
bn_4702,19,129,5.842105263157895,1,1,1,0,0,0,0.10526315789473684,0,0,0,0
bn_4703,8,44,4.625,1,1,1,0,0,0,0.25,0,0,0,1
bn_4704,23,127,4.565217391304348,1,1,2,0,0,0,0.13043478260869565,0,0,0,0
bn_4705,6,43,6.333333333333333,1,1,0,0,0,0,0.16666666666666666,0,0,0,0
bn_4706,19,124,5.578947368421052,1,1,2,0,0,0,0.15789473684210525,0,0,0,0
bn_4707,8,48,5.125,1,1,0,0,0,0,0.25,0,0,0,0
bn_4708,16,102,5.4375,1,1,2,0,0,0,0.1875,0,0,0,0
bn_4709,4,30,6.75,1,1,0,0,0,0,0.25,0,0,0,0
bn_4710,23,160,6.0,1,1,3,0,0,0,0.17391304347826086,0,0,0,0
bn_4711,9,53,5.0,1,1,0,0,0,0,0.1111111111111111,0,0,0,1
bn_4712,8,60,6.625,1,1,1,0,0,0,0.25,0,0,0,0
bn_4713,6,33,4.666666666666667,1,1,0,0,0,0,0.16666666666666666,0,0,0,0
bn_4714,9,51,4.777777777777778,1,1,1,0,0,0,0.2222222222222222,0,0,0,1
bn_4715,9,55,5.222222222222222,1,1,1,0,0,0,0.2222222222222222,0,0,0,0
bn_4716,8,57,6.25,1,1,1,0,0,0,0.25,0,0,0,0
bn_4717,7,31,3.5714285714285716,1,1,0,0,0,0,0.14285714285714285,0,0,0,0
bn_4718,30,198,5.633333333333334,1,1,3,0,0,0,0.13333333333333333,0,0,0,0
bn_4719,7,46,5.714285714285714,1,1,0,0,0,0,0.14285714285714285,0,0,0,1
bn_4720,7,39,4.714285714285714,1,1,1,0,0,0,0.2857142857142857,0,0,0,0
bn_4721,11,68,5.2727272727272725,1,1,0,0,0,0,0.09090909090909091,0,0,0,1
bn_4722,5,29,5.0,1,1,1,0,0,0,0.4,0,0,0,0
bn_4723,11,64,4.909090909090909,1,1,2,0,0,0,0.2727272727272727,0,0,0,0
bn_4724,5,34,6.0,1,1,1,0,0,0,0.4,0,0,0,0
bn_4725,8,48,5.125,1,1,0,0,0,0,0.25,0,0,0,0
bn_4726,6,48,7.166666666666667,1,1,1,0,0,0,0.3333333333333333,0,0,0,0
bn_4727,10,61,5.2,1,1,0,0,0,0,0.2,0,0,0,1
bn_4728,29,183,5.344827586206897,2,1,3,0,0,0,0.1724137931034483,0,0,0,0
bn_4729,8,50,5.375,1,1,1,0,0,0,0.25,0,0,0,0
bn_4730,17,124,6.352941176470588,2,1,1,0,0,0,0.23529411764705882,0,0,0,0
bn_4731,7,44,5.428571428571429,1,1,1,0,0,0,0.2857142857142857,0,0,0,0
bn_4732,16,109,5.875,2,1,1,0,0,0,0.25,0,0,0,0
bn_4733,8,48,5.125,1,1,1,0,0,0,0.25,0,0,0,0
bn_4734,14,95,5.857142857142857,1,1,1,0,0,0,0.14285714285714285,0,0,0,1
bn_4735,10,56,4.7,1,1,1,0,0,0,0.2,0,0,0,1
bn_4736,12,89,6.5,1,1,1,0,0,0,0.16666666666666666,0,0,0,0
bn_4737,7,43,5.285714285714286,1,1,1,0,0,0,0.2857142857142857,0,0,0,0
bn_4738,18,101,4.666666666666667,1,1,1,0,0,0,0.1111111111111111,0,0,0,1
bn_4739,6,41,6.0,1,1,1,0,0,0,0.3333333333333333,0,0,0,0
bn_4740,11,64,4.909090909090909,1,1,1,0,0,0,0.18181818181818182,0,0,0,0
bn_4741,4,31,7.0,1,1,0,0,0,0,0.25,0,0,0,0
bn_4742,10,70,6.1,1,1,1,0,0,0,0.2,0,0,0,0
bn_4744,15,100,5.733333333333333,2,1,1,0,0,0,0.2,0,0,0,0
bn_4745,8,40,4.125,1,1,0,0,0,0,0.125,0,0,0,1
bn_4746,15,84,4.666666666666667,1,1,1,0,0,0,0.13333333333333333,0,0,0,1
bn_4747,6,35,5.0,1,1,0,0,0,0,0.16666666666666666,0,0,0,1
bn_4748,12,80,5.75,1,1,1,0,0,0,0.16666666666666666,0,0,0,1
bn_4750,12,75,5.333333333333333,1,1,2,0,0,0,0.25,0,0,0,0
bn_4751,4,26,5.75,1,1,0,0,0,0,0.25,0,0,0,0
bn_4752,9,62,6.0,1,1,0,0,0,0,0.1111111111111111,0,0,0,0
bn_4753,5,38,6.8,1,1,1,0,0,0,0.4,0,0,0,0
bn_4754,12,85,6.166666666666667,1,1,1,0,0,0,0.16666666666666666,0,0,0,1
bn_4755,6,42,6.166666666666667,1,1,1,0,0,0,0.3333333333333333,0,0,0,0
bn_4756,12,65,4.5,1,1,1,0,0,0,0.16666666666666666,0,0,0,0
bn_4758,8,54,5.875,1,1,0,0,0,0,0.125,0,0,0,0
bn_4759,7,37,4.428571428571429,1,1,1,0,0,0,0.2857142857142857,0,0,0,0
bn_4760,9,62,6.0,1,1,1,0,0,0,0.2222222222222222,0,0,0,0
bn_4761,9,46,4.222222222222222,1,1,1,0,0,0,0.2222222222222222,0,0,0,0
bn_4762,11,67,5.181818181818182,1,1,2,0,0,0,0.2727272727272727,0,0,0,0
bn_4763,8,54,5.875,1,1,1,0,0,0,0.375,0,0,0,1
bn_4764,9,67,6.555555555555555,1,1,1,0,0,0,0.3333333333333333,0,0,0,0
bn_4765,8,45,4.75,1,1,0,0,0,0,0.125,0,0,0,1
bn_4766,10,60,5.1,1,1,1,0,0,0,0.2,0,0,0,0
bn_4767,9,57,5.444444444444445,1,1,1,0,0,0,0.2222222222222222,0,0,0,0
bn_4768,11,63,4.818181818181818,1,1,1,0,0,0,0.2727272727272727,0,0,0,1
bn_4769,8,52,5.625,1,1,1,0,0,0,0.25,0,0,0,0
bn_4770,10,52,4.3,1,1,1,0,0,0,0.2,0,0,0,0
bn_4771,6,43,6.333333333333333,1,1,1,0,0,0,0.3333333333333333,0,0,0,0
bn_4772,11,64,4.909090909090909,1,1,1,0,0,0,0.18181818181818182,0,0,0,1
bn_4774,7,43,5.285714285714286,1,1,1,0,0,0,0.2857142857142857,0,0,0,0
bn_4775,8,56,6.125,1,1,1,0,0,0,0.25,0,0,0,0
bn_4776,12,66,4.583333333333333,1,1,0,0,0,0,0.08333333333333333,0,0,0,1
bn_4777,7,51,6.428571428571429,1,1,1,0,0,0,0.2857142857142857,0,0,0,0
bn_4778,8,45,4.75,1,1,1,0,0,0,0.25,0,0,0,0
bn_4780,7,50,6.285714285714286,1,1,1,0,0,0,0.2857142857142857,0,0,0,0
bn_4781,4,32,7.25,1,1,0,0,0,0,0.25,0,0,0,0
bn_4782,12,66,4.583333333333333,1,1,1,0,0,0,0.16666666666666666,0,0,0,1
bn_4783,5,34,6.0,1,1,1,0,0,0,0.4,0,0,0,0
bn_4784,12,73,5.166666666666667,1,1,2,0,0,0,0.25,0,0,0,1
bn_4785,6,38,5.5,1,1,0,0,0,0,0.16666666666666666,0,0,0,0
bn_4786,14,81,4.857142857142857,1,1,1,0,0,0,0.14285714285714285,0,0,0,1
bn_4787,6,48,7.166666666666667,1,1,1,0,0,0,0.3333333333333333,0,0,0,0
bn_4788,8,51,5.5,1,1,0,0,0,0,0.125,0,0,0,0
bn_4790,10,63,5.4,1,1,1,0,0,0,0.2,0,0,0,1
bn_4791,6,41,6.0,1,1,1,0,0,0,0.3333333333333333,0,0,0,0
bn_4793,7,49,6.142857142857143,1,1,1,0,0,0,0.2857142857142857,0,0,0,0
bn_4796,9,62,6.0,1,1,1,0,0,0,0.2222222222222222,0,0,0,0
bn_4797,5,34,6.0,1,1,1,0,0,0,0.4,0,0,0,1
bn_4798,10,65,5.6,1,1,1,0,0,0,0.2,0,0,0,1
bn_4799,6,32,4.5,1,1,0,0,0,0,0.16666666666666666,0,0,0,1
bn_4800,12,75,5.333333333333333,1,1,1,0,0,0,0.16666666666666666,0,0,0,1
bn_4802,10,62,5.3,1,1,1,0,0,0,0.2,0,0,0,1
bn_4804,9,70,6.888888888888889,1,1,0,0,0,0,0.1111111111111111,0,0,0,0
bn_4806,8,56,6.125,1,1,0,0,0,0,0.125,0,0,0,0
bn_4807,7,44,5.428571428571429,1,1,0,0,0,0,0.14285714285714285,0,0,0,0
bn_4808,11,72,5.636363636363637,1,1,1,0,0,0,0.18181818181818182,0,0,0,1
bn_4809,7,42,5.142857142857143,1,1,1,0,0,0,0.2857142857142857,0,0,0,0
bn_4810,10,63,5.4,1,1,2,0,0,0,0.3,0,0,0,1
bn_4811,6,45,6.666666666666667,1,1,1,0,0,0,0.3333333333333333,0,0,0,0
bn_4812,8,59,6.5,1,1,1,0,0,0,0.25,0,0,0,0
bn_4814,9,62,6.0,1,1,0,0,0,0,0.2222222222222222,0,0,0,0
bn_4815,6,40,5.833333333333333,1,1,1,0,0,0,0.3333333333333333,0,0,0,1
bn_4816,9,64,6.222222222222222,1,1,2,0,0,0,0.3333333333333333,0,0,0,1
bn_4819,12,65,4.5,1,1,1,0,0,0,0.16666666666666666,0,0,0,1
bn_4820,8,54,5.875,1,1,0,0,0,0,0.125,0,0,0,1
bn_4821,10,70,6.1,1,1,1,0,0,0,0.2,0,0,0,0
bn_4822,8,44,4.625,1,1,1,0,0,0,0.25,0,0,0,1
bn_4824,10,52,4.3,1,1,0,0,0,0,0.1,0,0,0,1
bn_4826,9,66,6.444444444444445,1,1,1,0,0,0,0.3333333333333333,0,0,0,1
bn_4827,16,97,5.125,2,1,1,0,0,0,0.25,0,0,0,1
bn_4828,11,76,6.0,1,1,1,0,0,0,0.18181818181818182,0,0,0,0
bn_4829,12,79,5.666666666666667,1,1,1,0,0,0,0.16666666666666666,0,0,0,1
bn_4831,8,61,6.75,1,1,1,0,0,0,0.25,0,0,0,0
bn_4832,8,51,5.5,1,1,1,0,0,0,0.25,0,0,0,0
bn_4833,10,50,4.1,1,1,2,0,0,0,0.3,0,0,0,0
bn_4834,7,57,7.285714285714286,1,1,1,0,0,0,0.2857142857142857,0,0,0,0
bn_4835,11,76,6.0,1,1,1,0,0,0,0.18181818181818182,0,0,0,0
bn_4836,12,68,4.75,1,1,1,0,0,0,0.16666666666666666,0,0,0,1
bn_4837,9,59,5.666666666666667,1,1,1,0,0,0,0.2222222222222222,0,0,0,1
bn_4839,8,49,5.25,1,1,1,0,0,0,0.25,0,0,0,0
bn_4841,9,64,6.222222222222222,1,1,1,0,0,0,0.2222222222222222,0,0,0,0
bn_4843,9,61,5.888888888888889,1,1,1,0,0,0,0.2222222222222222,0,0,0,0
bn_4844,8,46,4.875,1,1,1,0,0,0,0.25,0,0,0,1
bn_4845,8,50,5.375,1,1,1,0,0,0,0.25,0,0,0,1
bn_4846,11,69,5.363636363636363,1,1,1,0,0,0,0.18181818181818182,0,0,0,1
bn_4847,6,46,6.833333333333333,1,1,2,0,0,0,0.5,0,0,0,0
bn_4848,10,56,4.7,1,1,1,0,0,0,0.2,0,0,0,0
bn_4849,9,56,5.333333333333333,1,1,1,0,0,0,0.2222222222222222,0,0,0,0
bn_4850,9,56,5.333333333333333,1,1,1,0,0,0,0.2222222222222222,0,0,0,0
bn_4851,5,41,7.4,1,1,0,0,0,0,0.2,0,0,0,0
bn_4852,9,70,6.888888888888889,1,1,0,0,0,0,0.1111111111111111,0,0,0,1
bn_4853,9,62,6.0,1,1,1,0,0,0,0.2222222222222222,0,0,0,1
bn_4854,6,47,7.0,1,1,0,0,0,0,0.16666666666666666,0,0,0,0
bn_4856,8,71,8.0,1,1,1,0,0,0,0.25,0,0,0,0
bn_4858,9,50,4.666666666666667,1,1,1,0,0,0,0.2222222222222222,0,0,0,1
bn_4859,8,48,5.125,1,1,1,0,0,0,0.25,0,0,0,0
bn_4860,6,46,6.833333333333333,1,1,0,0,0,0,0.16666666666666666,0,0,0,0
bn_4862,11,65,5.0,1,1,1,0,0,0,0.18181818181818182,0,0,0,0
bn_4863,7,56,7.142857142857143,1,1,1,0,0,0,0.42857142857142855,0,0,0,0
bn_4864,7,48,6.0,1,1,1,0,0,0,0.2857142857142857,0,0,0,0
bn_4865,11,65,5.0,1,1,2,0,0,0,0.2727272727272727,0,0,0,0
bn_4866,14,91,5.571428571428571,1,1,1,0,0,0,0.14285714285714285,0,0,0,1
bn_4867,6,32,4.5,1,1,0,0,0,0,0.16666666666666666,0,0,0,1
bn_4868,4,34,7.75,1,1,0,0,0,0,0.25,0,0,0,0
bn_4870,14,85,5.142857142857143,1,1,1,0,0,0,0.14285714285714285,0,0,0,1
bn_4872,11,76,6.0,1,1,1,0,0,0,0.18181818181818182,0,0,0,0
bn_4873,8,42,4.375,1,1,1,0,0,0,0.25,0,0,0,1
bn_4874,10,75,6.6,1,1,1,0,0,0,0.2,0,0,0,1
bn_4875,6,32,4.5,1,1,0,0,0,0,0.16666666666666666,0,0,0,1
bn_4876,8,60,6.625,1,1,1,0,0,0,0.25,0,0,0,0
bn_4878,12,75,5.333333333333333,1,1,1,0,0,0,0.16666666666666666,0,0,0,1
bn_4879,4,26,5.75,1,1,1,0,0,0,0.5,0,0,0,0
bn_4880,16,95,5.0,1,1,0,0,0,0,0.0625,0,0,0,0
bn_4882,7,51,6.428571428571429,1,1,1,0,0,0,0.2857142857142857,0,0,0,0
bn_4883,3,27,8.333333333333334,1,1,0,0,0,0,0.3333333333333333,0,0,0,0
bn_4884,7,52,6.571428571428571,1,1,0,0,0,0,0.14285714285714285,0,0,0,0
bn_4885,9,59,5.666666666666667,1,1,1,0,0,0,0.2222222222222222,0,0,0,1
bn_4886,6,49,7.333333333333333,1,1,1,0,0,0,0.3333333333333333,0,0,0,0
bn_4888,7,51,6.428571428571429,1,1,1,0,0,0,0.2857142857142857,0,0,0,0
bn_4889,6,37,5.333333333333333,1,1,1,0,0,0,0.3333333333333333,0,0,0,1
bn_4892,8,42,4.375,1,1,0,0,0,0,0.125,0,0,0,1
bn_4893,7,41,5.0,1,1,1,0,0,0,0.2857142857142857,0,0,0,0
bn_4894,11,79,6.2727272727272725,1,1,1,0,0,0,0.18181818181818182,0,0,0,0
bn_4895,16,87,4.5,1,1,3,0,0,0,0.25,0,0,0,0
bn_4896,11,74,5.818181818181818,1,1,1,0,0,0,0.18181818181818182,0,0,0,0
bn_4897,11,76,6.0,1,1,1,0,0,0,0.18181818181818182,0,0,0,0
bn_4898,12,73,5.166666666666667,1,1,2,0,0,0,0.25,0,0,0,1
bn_4899,9,51,4.777777777777778,1,1,1,0,0,0,0.2222222222222222,0,0,0,0
bn_4900,13,74,4.769230769230769,1,1,1,0,0,0,0.15384615384615385,0,0,0,1
bn_4901,5,28,4.8,1,1,0,0,0,0,0.2,0,0,0,0
bn_4902,7,43,5.285714285714286,1,1,1,0,0,0,0.2857142857142857,0,0,0,0
bn_4903,7,56,7.142857142857143,1,1,0,0,0,0,0.14285714285714285,0,0,0,0
bn_4904,7,43,5.285714285714286,1,1,1,0,0,0,0.2857142857142857,0,0,0,0
bn_4905,6,36,5.166666666666667,1,1,0,0,0,0,0.16666666666666666,0,0,0,0
bn_4906,7,50,6.285714285714286,1,1,1,0,0,0,0.2857142857142857,0,0,0,0
bn_4907,8,55,6.0,1,1,1,0,0,0,0.25,0,0,0,0
bn_4908,12,71,5.0,1,1,2,0,0,0,0.25,0,0,0,0
bn_4909,7,45,5.571428571428571,1,1,2,0,0,0,0.42857142857142855,0,0,0,1
bn_4910,9,56,5.333333333333333,1,1,1,0,0,0,0.2222222222222222,0,0,0,0
bn_4912,9,52,4.888888888888889,1,1,1,0,0,0,0.2222222222222222,0,0,0,0
bn_4913,4,25,5.5,1,1,0,0,0,0,0.25,0,0,0,0
bn_4914,10,59,5.0,1,1,1,0,0,0,0.2,0,0,0,1
bn_4916,8,52,5.625,1,1,1,0,0,0,0.25,0,0,0,0
bn_4918,12,77,5.5,1,1,1,0,0,0,0.16666666666666666,0,0,0,0
bn_4919,6,39,5.666666666666667,1,1,0,0,0,0,0.16666666666666666,0,0,0,0
bn_4921,5,25,4.2,1,1,1,0,0,0,0.4,0,0,0,0
bn_4922,7,35,4.142857142857143,1,1,1,0,0,0,0.2857142857142857,0,0,0,0
bn_4923,5,33,5.8,1,1,1,0,0,0,0.4,0,0,0,1
bn_4924,10,64,5.5,1,1,1,0,0,0,0.2,0,0,0,0
bn_4926,9,59,5.666666666666667,1,1,0,0,0,0,0.1111111111111111,0,0,0,1
bn_4928,12,79,5.666666666666667,1,1,1,0,0,0,0.16666666666666666,0,0,0,0
bn_4930,11,63,4.818181818181818,1,1,2,0,0,0,0.2727272727272727,0,0,0,0
bn_4931,11,75,5.909090909090909,1,1,2,0,0,0,0.2727272727272727,0,0,0,0
bn_4933,11,75,5.909090909090909,1,1,1,0,0,0,0.18181818181818182,0,0,0,1
bn_4934,11,72,5.636363636363637,1,1,1,0,0,0,0.18181818181818182,0,0,0,0
bn_4935,11,59,4.454545454545454,1,1,1,0,0,0,0.18181818181818182,0,0,0,1
bn_4936,8,61,6.75,1,1,1,0,0,0,0.25,0,0,0,1
bn_4937,11,62,4.7272727272727275,1,1,1,0,0,0,0.18181818181818182,0,0,0,0
bn_4938,10,65,5.6,1,1,1,0,0,0,0.2,0,0,0,0
bn_4939,12,79,5.666666666666667,1,1,1,0,0,0,0.16666666666666666,0,0,0,0
bn_4941,13,73,4.6923076923076925,1,1,1,0,0,0,0.15384615384615385,0,0,0,1
bn_4942,7,53,6.714285714285714,1,1,1,0,0,0,0.2857142857142857,0,0,0,0
bn_4944,10,57,4.8,1,1,1,0,0,0,0.2,0,0,0,1
bn_4945,11,60,4.545454545454546,1,1,1,0,0,0,0.18181818181818182,0,0,0,0
bn_4947,15,87,4.866666666666666,1,1,2,0,0,0,0.2,0,0,0,1
bn_4948,6,41,6.0,1,1,1,0,0,0,0.3333333333333333,0,0,0,0
bn_4949,11,66,5.090909090909091,1,1,1,0,0,0,0.18181818181818182,0,0,0,0
bn_4950,5,35,6.2,1,1,0,0,0,0,0.2,0,0,0,0
bn_4951,14,82,4.928571428571429,1,1,2,0,0,0,0.21428571428571427,0,0,0,0
bn_4952,8,49,5.25,1,1,1,0,0,0,0.25,0,0,0,1
bn_4953,11,69,5.363636363636363,1,1,2,0,0,0,0.2727272727272727,0,0,0,0
bn_4955,13,68,4.3076923076923075,1,1,1,0,0,0,0.15384615384615385,0,0,0,1
bn_4957,15,92,5.2,1,1,2,0,0,0,0.2,0,0,0,0
bn_4959,10,67,5.8,1,1,2,0,0,0,0.3,0,0,0,0
bn_4962,6,45,6.666666666666667,1,1,1,0,0,0,0.3333333333333333,0,0,0,0
bn_4963,13,80,5.230769230769231,1,1,2,0,0,0,0.23076923076923078,0,0,0,0
bn_4965,9,61,5.888888888888889,1,1,1,0,0,0,0.2222222222222222,0,0,0,0
bn_4966,3,18,5.333333333333333,1,1,0,0,0,0,0.3333333333333333,0,0,0,1
bn_4967,14,94,5.785714285714286,1,1,1,0,0,0,0.14285714285714285,0,0,0,0
bn_4971,8,62,6.875,1,1,1,0,0,0,0.25,0,0,0,0
bn_4972,5,33,5.8,1,1,0,0,0,0,0.2,0,0,0,1
bn_4973,12,71,5.0,1,1,2,0,0,0,0.25,0,0,0,0
bn_4975,9,66,6.444444444444445,1,1,1,0,0,0,0.2222222222222222,0,0,0,0
bn_4976,4,20,4.25,1,1,0,0,0,0,0.25,0,0,0,0
bn_4979,12,84,6.083333333333333,1,1,1,0,0,0,0.16666666666666666,0,0,0,0
bn_4981,12,89,6.5,1,1,1,0,0,0,0.16666666666666666,0,0,0,0
bn_4983,14,88,5.357142857142857,1,1,1,0,0,0,0.14285714285714285,0,0,0,0
bn_4985,18,107,5.0,1,1,2,0,0,0,0.16666666666666666,0,0,0,0
bn_4987,15,107,6.2,1,1,1,0,0,0,0.13333333333333333,0,0,0,0
bn_4988,3,18,5.333333333333333,1,1,0,0,0,0,0.3333333333333333,0,0,0,1
bn_4989,17,114,5.764705882352941,1,1,0,0,0,0,0.058823529411764705,0,0,0,1
bn_4991,18,97,4.444444444444445,1,1,2,0,0,0,0.16666666666666666,0,0,0,0
bn_4993,20,132,5.65,1,1,3,0,0,0,0.2,0,0,0,0
bn_4994,6,44,6.5,1,1,1,0,0,0,0.3333333333333333,0,0,0,0
bn_4995,25,154,5.2,1,1,0,0,0,0,0.04,0,0,0,0
bn_4997,10,66,5.7,1,1,1,0,0,0,0.2,0,0,0,1
bn_4998,10,66,5.7,1,1,1,0,0,0,0.2,0,0,0,0
bn_4999,37,232,5.297297297297297,5,1,3,0,0,0,0.2702702702702703,0,0,0,1
