_timestamp_utc,_git_commit,_untracked_files,_config,_python,_platform,condition,target_level,replicate_seed,attempt,verifier_a,verifier_b,a_minus_b
2026-08-22T14:47:16.361858+00:00,e85c645134dafe5024515cf86aa8b00f0ed7e8e9,8,configs/s5_analysis_bn.yaml,3.12.13,Linux-6.12.90+-x86_64-with-glibc2.35,rag_neural_loop,0,42,1,0.9999999999984952,0.9852784820640095,0.014721517934485728
2026-08-22T14:47:16.361858+00:00,e85c645134dafe5024515cf86aa8b00f0ed7e8e9,8,configs/s5_analysis_bn.yaml,3.12.13,Linux-6.12.90+-x86_64-with-glibc2.35,rag_symbolic_loop,0,42,1,0.9999999999984952,0.9852784820640095,0.014721517934485728
2026-08-22T14:47:16.361858+00:00,e85c645134dafe5024515cf86aa8b00f0ed7e8e9,8,configs/s5_analysis_bn.yaml,3.12.13,Linux-6.12.90+-x86_64-with-glibc2.35,rag_neural_symbolic_feedback,0,42,1,0.9999999999984952,0.9852784820640095,0.014721517934485728
2026-08-22T14:47:16.361858+00:00,e85c645134dafe5024515cf86aa8b00f0ed7e8e9,8,configs/s5_analysis_bn.yaml,3.12.13,Linux-6.12.90+-x86_64-with-glibc2.35,rag_neural_loop,1,42,1,0.999861313364807,0.9748493539467266,0.02501195941808043
2026-08-22T14:47:16.361858+00:00,e85c645134dafe5024515cf86aa8b00f0ed7e8e9,8,configs/s5_analysis_bn.yaml,3.12.13,Linux-6.12.90+-x86_64-with-glibc2.35,rag_symbolic_loop,1,42,1,0.999861313364807,0.9748493539467266,0.02501195941808043
2026-08-22T14:47:16.361858+00:00,e85c645134dafe5024515cf86aa8b00f0ed7e8e9,8,configs/s5_analysis_bn.yaml,3.12.13,Linux-6.12.90+-x86_64-with-glibc2.35,rag_symbolic_loop,1,42,2,0.9791849280588524,0.1419636881785472,0.8372212398803052
2026-08-22T14:47:16.361858+00:00,e85c645134dafe5024515cf86aa8b00f0ed7e8e9,8,configs/s5_analysis_bn.yaml,3.12.13,Linux-6.12.90+-x86_64-with-glibc2.35,rag_neural_symbolic_feedback,1,42,1,0.999861313364807,0.9748493539467266,0.02501195941808043
2026-08-22T14:47:16.361858+00:00,e85c645134dafe5024515cf86aa8b00f0ed7e8e9,8,configs/s5_analysis_bn.yaml,3.12.13,Linux-6.12.90+-x86_64-with-glibc2.35,rag_neural_loop,0,42,1,0.9925175465852126,0.48944086752675786,0.5030766790584548
2026-08-22T14:47:16.361858+00:00,e85c645134dafe5024515cf86aa8b00f0ed7e8e9,8,configs/s5_analysis_bn.yaml,3.12.13,Linux-6.12.90+-x86_64-with-glibc2.35,rag_symbolic_loop,0,42,1,0.9925175465852126,0.4894409759596182,0.5030765706255944
2026-08-22T14:47:16.361858+00:00,e85c645134dafe5024515cf86aa8b00f0ed7e8e9,8,configs/s5_analysis_bn.yaml,3.12.13,Linux-6.12.90+-x86_64-with-glibc2.35,rag_neural_symbolic_feedback,0,42,1,0.9925175465852126,0.4894409759596182,0.5030765706255944
2026-08-22T14:47:16.361858+00:00,e85c645134dafe5024515cf86aa8b00f0ed7e8e9,8,configs/s5_analysis_bn.yaml,3.12.13,Linux-6.12.90+-x86_64-with-glibc2.35,rag_neural_loop,1,42,1,0.751461208335632,0.9264985538609345,-0.17503734552530248
2026-08-22T14:47:16.361858+00:00,e85c645134dafe5024515cf86aa8b00f0ed7e8e9,8,configs/s5_analysis_bn.yaml,3.12.13,Linux-6.12.90+-x86_64-with-glibc2.35,rag_symbolic_loop,1,42,1,0.751461208335632,0.9264985538609345,-0.17503734552530248
2026-08-22T14:47:16.361858+00:00,e85c645134dafe5024515cf86aa8b00f0ed7e8e9,8,configs/s5_analysis_bn.yaml,3.12.13,Linux-6.12.90+-x86_64-with-glibc2.35,rag_symbolic_loop,1,42,2,0.9190966282906118,0.8890028319381409,0.030093796352470892
2026-08-22T14:47:16.361858+00:00,e85c645134dafe5024515cf86aa8b00f0ed7e8e9,8,configs/s5_analysis_bn.yaml,3.12.13,Linux-6.12.90+-x86_64-with-glibc2.35,rag_symbolic_loop,1,42,3,0.5584527228650742,0.812828004555764,-0.2543752816906898
2026-08-22T14:47:16.361858+00:00,e85c645134dafe5024515cf86aa8b00f0ed7e8e9,8,configs/s5_analysis_bn.yaml,3.12.13,Linux-6.12.90+-x86_64-with-glibc2.35,rag_neural_symbolic_feedback,1,42,1,0.751461208335632,0.9264985538609345,-0.17503734552530248
2026-08-22T14:47:16.361858+00:00,e85c645134dafe5024515cf86aa8b00f0ed7e8e9,8,configs/s5_analysis_bn.yaml,3.12.13,Linux-6.12.90+-x86_64-with-glibc2.35,rag_neural_loop,0,42,1,0.999999986085535,0.9841597754029103,0.015840210682624645
2026-08-22T14:47:16.361858+00:00,e85c645134dafe5024515cf86aa8b00f0ed7e8e9,8,configs/s5_analysis_bn.yaml,3.12.13,Linux-6.12.90+-x86_64-with-glibc2.35,rag_symbolic_loop,0,42,1,0.999999986085535,0.9841597754029103,0.015840210682624645
2026-08-22T14:47:16.361858+00:00,e85c645134dafe5024515cf86aa8b00f0ed7e8e9,8,configs/s5_analysis_bn.yaml,3.12.13,Linux-6.12.90+-x86_64-with-glibc2.35,rag_neural_symbolic_feedback,0,42,1,0.999999986085535,0.9841597754029103,0.015840210682624645
2026-08-22T14:47:16.361858+00:00,e85c645134dafe5024515cf86aa8b00f0ed7e8e9,8,configs/s5_analysis_bn.yaml,3.12.13,Linux-6.12.90+-x86_64-with-glibc2.35,rag_neural_loop,1,42,1,0.9994368323410763,0.8903250056017078,0.10911182673936848
2026-08-22T14:47:16.361858+00:00,e85c645134dafe5024515cf86aa8b00f0ed7e8e9,8,configs/s5_analysis_bn.yaml,3.12.13,Linux-6.12.90+-x86_64-with-glibc2.35,rag_symbolic_loop,1,42,1,0.9994368323410763,0.8903250056017078,0.10911182673936848
2026-08-22T14:47:16.361858+00:00,e85c645134dafe5024515cf86aa8b00f0ed7e8e9,8,configs/s5_analysis_bn.yaml,3.12.13,Linux-6.12.90+-x86_64-with-glibc2.35,rag_symbolic_loop,1,42,2,0.9999993607599057,0.8058689336362548,0.19413042712365092
2026-08-22T14:47:16.361858+00:00,e85c645134dafe5024515cf86aa8b00f0ed7e8e9,8,configs/s5_analysis_bn.yaml,3.12.13,Linux-6.12.90+-x86_64-with-glibc2.35,rag_symbolic_loop,1,42,3,0.9938131694246605,0.9676599090649077,0.02615326035975274
2026-08-22T14:47:16.361858+00:00,e85c645134dafe5024515cf86aa8b00f0ed7e8e9,8,configs/s5_analysis_bn.yaml,3.12.13,Linux-6.12.90+-x86_64-with-glibc2.35,rag_neural_symbolic_feedback,1,42,1,0.9994368323410763,0.8903250056017078,0.10911182673936848
2026-08-22T14:47:16.361858+00:00,e85c645134dafe5024515cf86aa8b00f0ed7e8e9,8,configs/s5_analysis_bn.yaml,3.12.13,Linux-6.12.90+-x86_64-with-glibc2.35,rag_neural_loop,0,42,1,5.378661718236089e-07,0.02637412502270131,-0.026373587156529488
2026-08-22T14:47:16.361858+00:00,e85c645134dafe5024515cf86aa8b00f0ed7e8e9,8,configs/s5_analysis_bn.yaml,3.12.13,Linux-6.12.90+-x86_64-with-glibc2.35,rag_neural_loop,0,42,2,0.9999999946660654,0.9782248214269407,0.0217751732391247
2026-08-22T14:47:16.361858+00:00,e85c645134dafe5024515cf86aa8b00f0ed7e8e9,8,configs/s5_analysis_bn.yaml,3.12.13,Linux-6.12.90+-x86_64-with-glibc2.35,rag_symbolic_loop,0,42,1,5.378661718236089e-07,0.02637412502270131,-0.026373587156529488
2026-08-22T14:47:16.361858+00:00,e85c645134dafe5024515cf86aa8b00f0ed7e8e9,8,configs/s5_analysis_bn.yaml,3.12.13,Linux-6.12.90+-x86_64-with-glibc2.35,rag_neural_symbolic_feedback,0,42,1,5.378661718236089e-07,0.02637412502270131,-0.026373587156529488
2026-08-22T14:47:16.361858+00:00,e85c645134dafe5024515cf86aa8b00f0ed7e8e9,8,configs/s5_analysis_bn.yaml,3.12.13,Linux-6.12.90+-x86_64-with-glibc2.35,rag_neural_symbolic_feedback,0,42,2,0.9999999999999223,0.9863315578283064,0.013668442171615891
2026-08-22T14:47:16.361858+00:00,e85c645134dafe5024515cf86aa8b00f0ed7e8e9,8,configs/s5_analysis_bn.yaml,3.12.13,Linux-6.12.90+-x86_64-with-glibc2.35,rag_neural_loop,1,42,1,0.9951537865645704,0.9413911675909457,0.053762618973624776
2026-08-22T14:47:16.361858+00:00,e85c645134dafe5024515cf86aa8b00f0ed7e8e9,8,configs/s5_analysis_bn.yaml,3.12.13,Linux-6.12.90+-x86_64-with-glibc2.35,rag_symbolic_loop,1,42,1,0.9951537865645704,0.9413911675909457,0.053762618973624776
2026-08-22T14:47:16.361858+00:00,e85c645134dafe5024515cf86aa8b00f0ed7e8e9,8,configs/s5_analysis_bn.yaml,3.12.13,Linux-6.12.90+-x86_64-with-glibc2.35,rag_symbolic_loop,1,42,2,1.5317342820497885e-06,0.11730319158194755,-0.1173016598476655
2026-08-22T14:47:16.361858+00:00,e85c645134dafe5024515cf86aa8b00f0ed7e8e9,8,configs/s5_analysis_bn.yaml,3.12.13,Linux-6.12.90+-x86_64-with-glibc2.35,rag_symbolic_loop,1,42,3,0.9801497234886487,0.7380010507895802,0.24214867269906848
2026-08-22T14:47:16.361858+00:00,e85c645134dafe5024515cf86aa8b00f0ed7e8e9,8,configs/s5_analysis_bn.yaml,3.12.13,Linux-6.12.90+-x86_64-with-glibc2.35,rag_neural_symbolic_feedback,1,42,1,0.9951537865645704,0.9413911675909457,0.053762618973624776
2026-08-22T14:47:16.361858+00:00,e85c645134dafe5024515cf86aa8b00f0ed7e8e9,8,configs/s5_analysis_bn.yaml,3.12.13,Linux-6.12.90+-x86_64-with-glibc2.35,rag_neural_loop,0,42,1,0.33719597082952857,0.029592358172272126,0.30760361265725644
2026-08-22T14:47:16.361858+00:00,e85c645134dafe5024515cf86aa8b00f0ed7e8e9,8,configs/s5_analysis_bn.yaml,3.12.13,Linux-6.12.90+-x86_64-with-glibc2.35,rag_neural_loop,0,42,2,0.9919164802237583,0.9837592084316421,0.008157271792116227
2026-08-22T14:47:16.361858+00:00,e85c645134dafe5024515cf86aa8b00f0ed7e8e9,8,configs/s5_analysis_bn.yaml,3.12.13,Linux-6.12.90+-x86_64-with-glibc2.35,rag_symbolic_loop,0,42,1,0.33719597082952857,0.029592358172272126,0.30760361265725644
2026-08-22T14:47:16.361858+00:00,e85c645134dafe5024515cf86aa8b00f0ed7e8e9,8,configs/s5_analysis_bn.yaml,3.12.13,Linux-6.12.90+-x86_64-with-glibc2.35,rag_neural_symbolic_feedback,0,42,1,0.33719597082952857,0.029592358172272126,0.30760361265725644
2026-08-22T14:47:16.361858+00:00,e85c645134dafe5024515cf86aa8b00f0ed7e8e9,8,configs/s5_analysis_bn.yaml,3.12.13,Linux-6.12.90+-x86_64-with-glibc2.35,rag_neural_symbolic_feedback,0,42,2,0.04613330267474214,0.05117643050898846,-0.005043127834246319
2026-08-22T14:47:16.361858+00:00,e85c645134dafe5024515cf86aa8b00f0ed7e8e9,8,configs/s5_analysis_bn.yaml,3.12.13,Linux-6.12.90+-x86_64-with-glibc2.35,rag_neural_symbolic_feedback,0,42,3,0.4587329200372524,0.13856578194085434,0.3201671380963981
2026-08-22T14:47:16.361858+00:00,e85c645134dafe5024515cf86aa8b00f0ed7e8e9,8,configs/s5_analysis_bn.yaml,3.12.13,Linux-6.12.90+-x86_64-with-glibc2.35,rag_neural_loop,1,42,1,0.8645852627113749,0.9791080512107216,-0.11452278849934672
2026-08-22T14:47:16.361858+00:00,e85c645134dafe5024515cf86aa8b00f0ed7e8e9,8,configs/s5_analysis_bn.yaml,3.12.13,Linux-6.12.90+-x86_64-with-glibc2.35,rag_symbolic_loop,1,42,1,0.8645852627113749,0.9791080512107216,-0.11452278849934672
2026-08-22T14:47:16.361858+00:00,e85c645134dafe5024515cf86aa8b00f0ed7e8e9,8,configs/s5_analysis_bn.yaml,3.12.13,Linux-6.12.90+-x86_64-with-glibc2.35,rag_neural_symbolic_feedback,1,42,1,0.8645852627113749,0.9791080512107216,-0.11452278849934672
2026-08-22T14:47:16.361858+00:00,e85c645134dafe5024515cf86aa8b00f0ed7e8e9,8,configs/s5_analysis_bn.yaml,3.12.13,Linux-6.12.90+-x86_64-with-glibc2.35,rag_neural_loop,0,42,1,0.9999999146138429,0.947032384532135,0.05296753008170785
2026-08-22T14:47:16.361858+00:00,e85c645134dafe5024515cf86aa8b00f0ed7e8e9,8,configs/s5_analysis_bn.yaml,3.12.13,Linux-6.12.90+-x86_64-with-glibc2.35,rag_symbolic_loop,0,42,1,0.9999999146138429,0.947032384532135,0.05296753008170785
2026-08-22T14:47:16.361858+00:00,e85c645134dafe5024515cf86aa8b00f0ed7e8e9,8,configs/s5_analysis_bn.yaml,3.12.13,Linux-6.12.90+-x86_64-with-glibc2.35,rag_neural_symbolic_feedback,0,42,1,0.9999999146138429,0.947032384532135,0.05296753008170785
2026-08-22T14:47:16.361858+00:00,e85c645134dafe5024515cf86aa8b00f0ed7e8e9,8,configs/s5_analysis_bn.yaml,3.12.13,Linux-6.12.90+-x86_64-with-glibc2.35,rag_neural_loop,1,42,1,3.7799786388131904e-11,0.015682733435710323,-0.015682733397910535
2026-08-22T14:47:16.361858+00:00,e85c645134dafe5024515cf86aa8b00f0ed7e8e9,8,configs/s5_analysis_bn.yaml,3.12.13,Linux-6.12.90+-x86_64-with-glibc2.35,rag_neural_loop,1,42,2,1.3689056853035535e-09,0.09740729709373733,-0.09740729572483164
2026-08-22T14:47:16.361858+00:00,e85c645134dafe5024515cf86aa8b00f0ed7e8e9,8,configs/s5_analysis_bn.yaml,3.12.13,Linux-6.12.90+-x86_64-with-glibc2.35,rag_neural_loop,1,42,3,8.967460562645502e-07,0.6696884785922299,-0.6696875818461736
2026-08-22T14:47:16.361858+00:00,e85c645134dafe5024515cf86aa8b00f0ed7e8e9,8,configs/s5_analysis_bn.yaml,3.12.13,Linux-6.12.90+-x86_64-with-glibc2.35,rag_symbolic_loop,1,42,1,3.7799786388131904e-11,0.015682733435710323,-0.015682733397910535
2026-08-22T14:47:16.361858+00:00,e85c645134dafe5024515cf86aa8b00f0ed7e8e9,8,configs/s5_analysis_bn.yaml,3.12.13,Linux-6.12.90+-x86_64-with-glibc2.35,rag_symbolic_loop,1,42,2,0.22651618263124584,0.8883062471157898,-0.6617900644845439
2026-08-22T14:47:16.361858+00:00,e85c645134dafe5024515cf86aa8b00f0ed7e8e9,8,configs/s5_analysis_bn.yaml,3.12.13,Linux-6.12.90+-x86_64-with-glibc2.35,rag_symbolic_loop,1,42,3,0.946392514705266,0.968128150310945,-0.021735635605679038
2026-08-22T14:47:16.361858+00:00,e85c645134dafe5024515cf86aa8b00f0ed7e8e9,8,configs/s5_analysis_bn.yaml,3.12.13,Linux-6.12.90+-x86_64-with-glibc2.35,rag_neural_symbolic_feedback,1,42,1,3.7799786388131904e-11,0.015682733435710323,-0.015682733397910535
2026-08-22T14:47:16.361858+00:00,e85c645134dafe5024515cf86aa8b00f0ed7e8e9,8,configs/s5_analysis_bn.yaml,3.12.13,Linux-6.12.90+-x86_64-with-glibc2.35,rag_neural_symbolic_feedback,1,42,2,0.9720054654114665,0.9284583745975163,0.04354709081395014
2026-08-22T14:47:16.361858+00:00,e85c645134dafe5024515cf86aa8b00f0ed7e8e9,8,configs/s5_analysis_bn.yaml,3.12.13,Linux-6.12.90+-x86_64-with-glibc2.35,rag_neural_loop,0,42,1,0.9999904726546487,0.05588685077403255,0.9441036218806161
2026-08-22T14:47:16.361858+00:00,e85c645134dafe5024515cf86aa8b00f0ed7e8e9,8,configs/s5_analysis_bn.yaml,3.12.13,Linux-6.12.90+-x86_64-with-glibc2.35,rag_symbolic_loop,0,42,1,0.9999904726546487,0.05588685077403255,0.9441036218806161
2026-08-22T14:47:16.361858+00:00,e85c645134dafe5024515cf86aa8b00f0ed7e8e9,8,configs/s5_analysis_bn.yaml,3.12.13,Linux-6.12.90+-x86_64-with-glibc2.35,rag_neural_symbolic_feedback,0,42,1,0.9999904726546487,0.05588685077403255,0.9441036218806161
2026-08-22T14:47:16.361858+00:00,e85c645134dafe5024515cf86aa8b00f0ed7e8e9,8,configs/s5_analysis_bn.yaml,3.12.13,Linux-6.12.90+-x86_64-with-glibc2.35,rag_neural_loop,1,42,1,0.02912108726623222,0.9767454499944455,-0.9476243627282133
2026-08-22T14:47:16.361858+00:00,e85c645134dafe5024515cf86aa8b00f0ed7e8e9,8,configs/s5_analysis_bn.yaml,3.12.13,Linux-6.12.90+-x86_64-with-glibc2.35,rag_neural_loop,1,42,2,0.13500240447895007,0.9709962161353403,-0.8359938116563902
2026-08-22T14:47:16.361858+00:00,e85c645134dafe5024515cf86aa8b00f0ed7e8e9,8,configs/s5_analysis_bn.yaml,3.12.13,Linux-6.12.90+-x86_64-with-glibc2.35,rag_neural_loop,1,42,3,0.9820351283652101,0.9678615957582354,0.014173532606974737
2026-08-22T14:47:16.361858+00:00,e85c645134dafe5024515cf86aa8b00f0ed7e8e9,8,configs/s5_analysis_bn.yaml,3.12.13,Linux-6.12.90+-x86_64-with-glibc2.35,rag_symbolic_loop,1,42,1,0.02912108726623222,0.9767454499944455,-0.9476243627282133
2026-08-22T14:47:16.361858+00:00,e85c645134dafe5024515cf86aa8b00f0ed7e8e9,8,configs/s5_analysis_bn.yaml,3.12.13,Linux-6.12.90+-x86_64-with-glibc2.35,rag_neural_symbolic_feedback,1,42,1,0.02912108726623222,0.9767454499944455,-0.9476243627282133
2026-08-22T14:47:16.361858+00:00,e85c645134dafe5024515cf86aa8b00f0ed7e8e9,8,configs/s5_analysis_bn.yaml,3.12.13,Linux-6.12.90+-x86_64-with-glibc2.35,rag_neural_symbolic_feedback,1,42,2,0.9420673452700903,0.9430735230476418,-0.0010061777775515202
2026-08-22T14:47:16.361858+00:00,e85c645134dafe5024515cf86aa8b00f0ed7e8e9,8,configs/s5_analysis_bn.yaml,3.12.13,Linux-6.12.90+-x86_64-with-glibc2.35,rag_neural_loop,0,42,1,0.00014259342075451098,0.019626692705760784,-0.019484099285006273
2026-08-22T14:47:16.361858+00:00,e85c645134dafe5024515cf86aa8b00f0ed7e8e9,8,configs/s5_analysis_bn.yaml,3.12.13,Linux-6.12.90+-x86_64-with-glibc2.35,rag_neural_loop,0,42,2,0.7811548295085864,0.021333896517587214,0.7598209329909992
2026-08-22T14:47:16.361858+00:00,e85c645134dafe5024515cf86aa8b00f0ed7e8e9,8,configs/s5_analysis_bn.yaml,3.12.13,Linux-6.12.90+-x86_64-with-glibc2.35,rag_symbolic_loop,0,42,1,0.00014259342075451098,0.019626692705760784,-0.019484099285006273
2026-08-22T14:47:16.361858+00:00,e85c645134dafe5024515cf86aa8b00f0ed7e8e9,8,configs/s5_analysis_bn.yaml,3.12.13,Linux-6.12.90+-x86_64-with-glibc2.35,rag_neural_symbolic_feedback,0,42,1,0.00014259342075451098,0.019626692705760784,-0.019484099285006273
2026-08-22T14:47:16.361858+00:00,e85c645134dafe5024515cf86aa8b00f0ed7e8e9,8,configs/s5_analysis_bn.yaml,3.12.13,Linux-6.12.90+-x86_64-with-glibc2.35,rag_neural_symbolic_feedback,0,42,2,0.9999999999575923,0.9815103458155118,0.01848965414208048
2026-08-22T14:47:16.361858+00:00,e85c645134dafe5024515cf86aa8b00f0ed7e8e9,8,configs/s5_analysis_bn.yaml,3.12.13,Linux-6.12.90+-x86_64-with-glibc2.35,rag_neural_loop,1,42,1,0.058665009478192476,0.9394821359389458,-0.8808171264607534
2026-08-22T14:47:16.361858+00:00,e85c645134dafe5024515cf86aa8b00f0ed7e8e9,8,configs/s5_analysis_bn.yaml,3.12.13,Linux-6.12.90+-x86_64-with-glibc2.35,rag_neural_loop,1,42,2,6.205782123132492e-05,0.6011174555753787,-0.6010553977541473
2026-08-22T14:47:16.361858+00:00,e85c645134dafe5024515cf86aa8b00f0ed7e8e9,8,configs/s5_analysis_bn.yaml,3.12.13,Linux-6.12.90+-x86_64-with-glibc2.35,rag_neural_loop,1,42,3,0.013204128166828142,0.9770882760743858,-0.9638841479075576
2026-08-22T14:47:16.361858+00:00,e85c645134dafe5024515cf86aa8b00f0ed7e8e9,8,configs/s5_analysis_bn.yaml,3.12.13,Linux-6.12.90+-x86_64-with-glibc2.35,rag_symbolic_loop,1,42,1,0.058665009478192476,0.9394821359389458,-0.8808171264607534
2026-08-22T14:47:16.361858+00:00,e85c645134dafe5024515cf86aa8b00f0ed7e8e9,8,configs/s5_analysis_bn.yaml,3.12.13,Linux-6.12.90+-x86_64-with-glibc2.35,rag_symbolic_loop,1,42,2,0.4424384359061664,0.9646995213811899,-0.5222610854750235
2026-08-22T14:47:16.361858+00:00,e85c645134dafe5024515cf86aa8b00f0ed7e8e9,8,configs/s5_analysis_bn.yaml,3.12.13,Linux-6.12.90+-x86_64-with-glibc2.35,rag_symbolic_loop,1,42,3,0.9741957587851059,0.9710549374510161,0.0031408213340897717
2026-08-22T14:47:16.361858+00:00,e85c645134dafe5024515cf86aa8b00f0ed7e8e9,8,configs/s5_analysis_bn.yaml,3.12.13,Linux-6.12.90+-x86_64-with-glibc2.35,rag_neural_symbolic_feedback,1,42,1,0.058665009478192476,0.9394821359389458,-0.8808171264607534
2026-08-22T14:47:16.361858+00:00,e85c645134dafe5024515cf86aa8b00f0ed7e8e9,8,configs/s5_analysis_bn.yaml,3.12.13,Linux-6.12.90+-x86_64-with-glibc2.35,rag_neural_symbolic_feedback,1,42,2,0.9938384800063552,0.9698218481953396,0.024016631811015654
2026-08-22T14:47:16.361858+00:00,e85c645134dafe5024515cf86aa8b00f0ed7e8e9,8,configs/s5_analysis_bn.yaml,3.12.13,Linux-6.12.90+-x86_64-with-glibc2.35,rag_neural_loop,0,42,1,0.999997425320536,0.9836263257100462,0.01637109961048988
2026-08-22T14:47:16.361858+00:00,e85c645134dafe5024515cf86aa8b00f0ed7e8e9,8,configs/s5_analysis_bn.yaml,3.12.13,Linux-6.12.90+-x86_64-with-glibc2.35,rag_symbolic_loop,0,42,1,0.999997425320536,0.9836263257100462,0.01637109961048988
2026-08-22T14:47:16.361858+00:00,e85c645134dafe5024515cf86aa8b00f0ed7e8e9,8,configs/s5_analysis_bn.yaml,3.12.13,Linux-6.12.90+-x86_64-with-glibc2.35,rag_neural_symbolic_feedback,0,42,1,0.999997425320536,0.9836263257100462,0.01637109961048988
2026-08-22T14:47:16.361858+00:00,e85c645134dafe5024515cf86aa8b00f0ed7e8e9,8,configs/s5_analysis_bn.yaml,3.12.13,Linux-6.12.90+-x86_64-with-glibc2.35,rag_neural_loop,1,42,1,0.9520252657667163,0.9673879167969208,-0.01536265103020451
2026-08-22T14:47:16.361858+00:00,e85c645134dafe5024515cf86aa8b00f0ed7e8e9,8,configs/s5_analysis_bn.yaml,3.12.13,Linux-6.12.90+-x86_64-with-glibc2.35,rag_symbolic_loop,1,42,1,0.9520252657667163,0.9673879167969208,-0.01536265103020451
2026-08-22T14:47:16.361858+00:00,e85c645134dafe5024515cf86aa8b00f0ed7e8e9,8,configs/s5_analysis_bn.yaml,3.12.13,Linux-6.12.90+-x86_64-with-glibc2.35,rag_symbolic_loop,1,42,2,0.9966648329967969,0.9407042452526722,0.05596058774412471
2026-08-22T14:47:16.361858+00:00,e85c645134dafe5024515cf86aa8b00f0ed7e8e9,8,configs/s5_analysis_bn.yaml,3.12.13,Linux-6.12.90+-x86_64-with-glibc2.35,rag_symbolic_loop,1,42,3,0.9999999907387142,0.9582964368678928,0.041703553870821364
2026-08-22T14:47:16.361858+00:00,e85c645134dafe5024515cf86aa8b00f0ed7e8e9,8,configs/s5_analysis_bn.yaml,3.12.13,Linux-6.12.90+-x86_64-with-glibc2.35,rag_neural_symbolic_feedback,1,42,1,0.9520252657667163,0.9673879167969208,-0.01536265103020451
2026-08-22T14:47:16.361858+00:00,e85c645134dafe5024515cf86aa8b00f0ed7e8e9,8,configs/s5_analysis_bn.yaml,3.12.13,Linux-6.12.90+-x86_64-with-glibc2.35,rag_neural_loop,0,42,1,0.738809353278563,0.03853489631395235,0.7002744569646107
2026-08-22T14:47:16.361858+00:00,e85c645134dafe5024515cf86aa8b00f0ed7e8e9,8,configs/s5_analysis_bn.yaml,3.12.13,Linux-6.12.90+-x86_64-with-glibc2.35,rag_symbolic_loop,0,42,1,0.738809353278563,0.03853489631395235,0.7002744569646107
2026-08-22T14:47:16.361858+00:00,e85c645134dafe5024515cf86aa8b00f0ed7e8e9,8,configs/s5_analysis_bn.yaml,3.12.13,Linux-6.12.90+-x86_64-with-glibc2.35,rag_neural_symbolic_feedback,0,42,1,0.738809353278563,0.03853489631395235,0.7002744569646107
2026-08-22T14:47:16.361858+00:00,e85c645134dafe5024515cf86aa8b00f0ed7e8e9,8,configs/s5_analysis_bn.yaml,3.12.13,Linux-6.12.90+-x86_64-with-glibc2.35,rag_neural_loop,1,42,1,0.997764457164925,0.9610243709710105,0.036740086193914556
2026-08-22T14:47:16.361858+00:00,e85c645134dafe5024515cf86aa8b00f0ed7e8e9,8,configs/s5_analysis_bn.yaml,3.12.13,Linux-6.12.90+-x86_64-with-glibc2.35,rag_symbolic_loop,1,42,1,0.997764457164925,0.9610243709710105,0.036740086193914556
2026-08-22T14:47:16.361858+00:00,e85c645134dafe5024515cf86aa8b00f0ed7e8e9,8,configs/s5_analysis_bn.yaml,3.12.13,Linux-6.12.90+-x86_64-with-glibc2.35,rag_neural_symbolic_feedback,1,42,1,0.997764457164925,0.9610243709710105,0.036740086193914556
2026-08-22T14:47:16.361858+00:00,e85c645134dafe5024515cf86aa8b00f0ed7e8e9,8,configs/s5_analysis_bn.yaml,3.12.13,Linux-6.12.90+-x86_64-with-glibc2.35,rag_neural_loop,0,42,1,0.999998487076349,0.9773347002511157,0.02266378682523329
2026-08-22T14:47:16.361858+00:00,e85c645134dafe5024515cf86aa8b00f0ed7e8e9,8,configs/s5_analysis_bn.yaml,3.12.13,Linux-6.12.90+-x86_64-with-glibc2.35,rag_symbolic_loop,0,42,1,0.999998487076349,0.9773347002511157,0.02266378682523329
2026-08-22T14:47:16.361858+00:00,e85c645134dafe5024515cf86aa8b00f0ed7e8e9,8,configs/s5_analysis_bn.yaml,3.12.13,Linux-6.12.90+-x86_64-with-glibc2.35,rag_neural_symbolic_feedback,0,42,1,0.999998487076349,0.9773347002511157,0.02266378682523329
2026-08-22T14:47:16.361858+00:00,e85c645134dafe5024515cf86aa8b00f0ed7e8e9,8,configs/s5_analysis_bn.yaml,3.12.13,Linux-6.12.90+-x86_64-with-glibc2.35,rag_neural_loop,1,42,1,0.7916668207660094,0.9717761389028816,-0.18010931813687225
2026-08-22T14:47:16.361858+00:00,e85c645134dafe5024515cf86aa8b00f0ed7e8e9,8,configs/s5_analysis_bn.yaml,3.12.13,Linux-6.12.90+-x86_64-with-glibc2.35,rag_symbolic_loop,1,42,1,0.7916668207660094,0.9717761389028816,-0.18010931813687225
2026-08-22T14:47:16.361858+00:00,e85c645134dafe5024515cf86aa8b00f0ed7e8e9,8,configs/s5_analysis_bn.yaml,3.12.13,Linux-6.12.90+-x86_64-with-glibc2.35,rag_neural_symbolic_feedback,1,42,1,0.7916668207660094,0.9717761389028816,-0.18010931813687225
2026-08-22T14:47:16.361858+00:00,e85c645134dafe5024515cf86aa8b00f0ed7e8e9,8,configs/s5_analysis_bn.yaml,3.12.13,Linux-6.12.90+-x86_64-with-glibc2.35,rag_neural_loop,0,42,1,0.9992804843890002,0.23426816368810377,0.7650123207008964
2026-08-22T14:47:16.361858+00:00,e85c645134dafe5024515cf86aa8b00f0ed7e8e9,8,configs/s5_analysis_bn.yaml,3.12.13,Linux-6.12.90+-x86_64-with-glibc2.35,rag_symbolic_loop,0,42,1,0.9992804843890002,0.23426816368810377,0.7650123207008964
2026-08-22T14:47:16.361858+00:00,e85c645134dafe5024515cf86aa8b00f0ed7e8e9,8,configs/s5_analysis_bn.yaml,3.12.13,Linux-6.12.90+-x86_64-with-glibc2.35,rag_neural_symbolic_feedback,0,42,1,0.9992804843890002,0.23426816368810377,0.7650123207008964
2026-08-22T14:47:16.361858+00:00,e85c645134dafe5024515cf86aa8b00f0ed7e8e9,8,configs/s5_analysis_bn.yaml,3.12.13,Linux-6.12.90+-x86_64-with-glibc2.35,rag_neural_loop,1,42,1,0.07537370805441049,0.9569839616065742,-0.8816102535521637
2026-08-22T14:47:16.361858+00:00,e85c645134dafe5024515cf86aa8b00f0ed7e8e9,8,configs/s5_analysis_bn.yaml,3.12.13,Linux-6.12.90+-x86_64-with-glibc2.35,rag_neural_loop,1,42,2,1.667750580269199e-05,0.13226367322084626,-0.13224699571504356
2026-08-22T14:47:16.361858+00:00,e85c645134dafe5024515cf86aa8b00f0ed7e8e9,8,configs/s5_analysis_bn.yaml,3.12.13,Linux-6.12.90+-x86_64-with-glibc2.35,rag_neural_loop,1,42,3,0.9686132562650774,0.9322810383061754,0.03633221795890207
2026-08-22T14:47:16.361858+00:00,e85c645134dafe5024515cf86aa8b00f0ed7e8e9,8,configs/s5_analysis_bn.yaml,3.12.13,Linux-6.12.90+-x86_64-with-glibc2.35,rag_symbolic_loop,1,42,1,0.07537370805441049,0.9569839616065742,-0.8816102535521637
2026-08-22T14:47:16.361858+00:00,e85c645134dafe5024515cf86aa8b00f0ed7e8e9,8,configs/s5_analysis_bn.yaml,3.12.13,Linux-6.12.90+-x86_64-with-glibc2.35,rag_symbolic_loop,1,42,2,0.997524557134,0.9784116347458144,0.019112922388185627
2026-08-22T14:47:16.361858+00:00,e85c645134dafe5024515cf86aa8b00f0ed7e8e9,8,configs/s5_analysis_bn.yaml,3.12.13,Linux-6.12.90+-x86_64-with-glibc2.35,rag_symbolic_loop,1,42,3,0.03668342120801114,0.8100497497582655,-0.7733663285502543
2026-08-22T14:47:16.361858+00:00,e85c645134dafe5024515cf86aa8b00f0ed7e8e9,8,configs/s5_analysis_bn.yaml,3.12.13,Linux-6.12.90+-x86_64-with-glibc2.35,rag_neural_symbolic_feedback,1,42,1,0.07537370805441049,0.9569839616065742,-0.8816102535521637
2026-08-22T14:47:16.361858+00:00,e85c645134dafe5024515cf86aa8b00f0ed7e8e9,8,configs/s5_analysis_bn.yaml,3.12.13,Linux-6.12.90+-x86_64-with-glibc2.35,rag_neural_symbolic_feedback,1,42,2,0.9999524864634999,0.9760927866185349,0.023859699844964943
2026-08-22T14:47:16.361858+00:00,e85c645134dafe5024515cf86aa8b00f0ed7e8e9,8,configs/s5_analysis_bn.yaml,3.12.13,Linux-6.12.90+-x86_64-with-glibc2.35,rag_neural_loop,0,42,1,0.999999999999991,0.9848349646308306,0.015165035369160362
2026-08-22T14:47:16.361858+00:00,e85c645134dafe5024515cf86aa8b00f0ed7e8e9,8,configs/s5_analysis_bn.yaml,3.12.13,Linux-6.12.90+-x86_64-with-glibc2.35,rag_symbolic_loop,0,42,1,0.999999999999991,0.9848349646308306,0.015165035369160362
2026-08-22T14:47:16.361858+00:00,e85c645134dafe5024515cf86aa8b00f0ed7e8e9,8,configs/s5_analysis_bn.yaml,3.12.13,Linux-6.12.90+-x86_64-with-glibc2.35,rag_neural_symbolic_feedback,0,42,1,0.999999999999991,0.9848349646308306,0.015165035369160362
2026-08-22T14:47:16.361858+00:00,e85c645134dafe5024515cf86aa8b00f0ed7e8e9,8,configs/s5_analysis_bn.yaml,3.12.13,Linux-6.12.90+-x86_64-with-glibc2.35,rag_neural_loop,1,42,1,0.9997848973305061,0.970863935616009,0.028920961714497095
2026-08-22T14:47:16.361858+00:00,e85c645134dafe5024515cf86aa8b00f0ed7e8e9,8,configs/s5_analysis_bn.yaml,3.12.13,Linux-6.12.90+-x86_64-with-glibc2.35,rag_symbolic_loop,1,42,1,0.9997848973305061,0.970863935616009,0.028920961714497095
2026-08-22T14:47:16.361858+00:00,e85c645134dafe5024515cf86aa8b00f0ed7e8e9,8,configs/s5_analysis_bn.yaml,3.12.13,Linux-6.12.90+-x86_64-with-glibc2.35,rag_symbolic_loop,1,42,2,0.5679262019406802,0.8313141636076357,-0.26338796166695544
2026-08-22T14:47:16.361858+00:00,e85c645134dafe5024515cf86aa8b00f0ed7e8e9,8,configs/s5_analysis_bn.yaml,3.12.13,Linux-6.12.90+-x86_64-with-glibc2.35,rag_symbolic_loop,1,42,3,0.9996730237315709,0.9427489600714841,0.05692406366008673
2026-08-22T14:47:16.361858+00:00,e85c645134dafe5024515cf86aa8b00f0ed7e8e9,8,configs/s5_analysis_bn.yaml,3.12.13,Linux-6.12.90+-x86_64-with-glibc2.35,rag_neural_symbolic_feedback,1,42,1,0.9997848973305061,0.970863935616009,0.028920961714497095
2026-08-22T14:47:16.361858+00:00,e85c645134dafe5024515cf86aa8b00f0ed7e8e9,8,configs/s5_analysis_bn.yaml,3.12.13,Linux-6.12.90+-x86_64-with-glibc2.35,rag_neural_loop,0,42,1,0.9999999999999992,0.985150064233033,0.014849935766966249
2026-08-22T14:47:16.361858+00:00,e85c645134dafe5024515cf86aa8b00f0ed7e8e9,8,configs/s5_analysis_bn.yaml,3.12.13,Linux-6.12.90+-x86_64-with-glibc2.35,rag_symbolic_loop,0,42,1,0.9999999999999992,0.985150064233033,0.014849935766966249
2026-08-22T14:47:16.361858+00:00,e85c645134dafe5024515cf86aa8b00f0ed7e8e9,8,configs/s5_analysis_bn.yaml,3.12.13,Linux-6.12.90+-x86_64-with-glibc2.35,rag_neural_symbolic_feedback,0,42,1,0.9999999999999992,0.985150064233033,0.014849935766966249
2026-08-22T14:47:16.361858+00:00,e85c645134dafe5024515cf86aa8b00f0ed7e8e9,8,configs/s5_analysis_bn.yaml,3.12.13,Linux-6.12.90+-x86_64-with-glibc2.35,rag_neural_loop,1,42,1,0.9999999402399891,0.9732703736568459,0.026729566583143183
2026-08-22T14:47:16.361858+00:00,e85c645134dafe5024515cf86aa8b00f0ed7e8e9,8,configs/s5_analysis_bn.yaml,3.12.13,Linux-6.12.90+-x86_64-with-glibc2.35,rag_symbolic_loop,1,42,1,0.9999999402399891,0.9732703736568459,0.026729566583143183
2026-08-22T14:47:16.361858+00:00,e85c645134dafe5024515cf86aa8b00f0ed7e8e9,8,configs/s5_analysis_bn.yaml,3.12.13,Linux-6.12.90+-x86_64-with-glibc2.35,rag_symbolic_loop,1,42,2,0.9967168613417589,0.2910526218137818,0.7056642395279771
2026-08-22T14:47:16.361858+00:00,e85c645134dafe5024515cf86aa8b00f0ed7e8e9,8,configs/s5_analysis_bn.yaml,3.12.13,Linux-6.12.90+-x86_64-with-glibc2.35,rag_symbolic_loop,1,42,3,0.1443150927190501,0.07764083759421905,0.06667425512483105
2026-08-22T14:47:16.361858+00:00,e85c645134dafe5024515cf86aa8b00f0ed7e8e9,8,configs/s5_analysis_bn.yaml,3.12.13,Linux-6.12.90+-x86_64-with-glibc2.35,rag_neural_symbolic_feedback,1,42,1,0.9999999402399891,0.9732703736568459,0.026729566583143183
2026-08-22T14:47:16.361858+00:00,e85c645134dafe5024515cf86aa8b00f0ed7e8e9,8,configs/s5_analysis_bn.yaml,3.12.13,Linux-6.12.90+-x86_64-with-glibc2.35,rag_neural_loop,0,42,1,0.9999999999994181,0.9826942399487721,0.01730576005064599
2026-08-22T14:47:16.361858+00:00,e85c645134dafe5024515cf86aa8b00f0ed7e8e9,8,configs/s5_analysis_bn.yaml,3.12.13,Linux-6.12.90+-x86_64-with-glibc2.35,rag_symbolic_loop,0,42,1,0.9999999999994181,0.9826942399487721,0.01730576005064599
2026-08-22T14:47:16.361858+00:00,e85c645134dafe5024515cf86aa8b00f0ed7e8e9,8,configs/s5_analysis_bn.yaml,3.12.13,Linux-6.12.90+-x86_64-with-glibc2.35,rag_neural_symbolic_feedback,0,42,1,0.9999999999994181,0.9826942399487721,0.01730576005064599
2026-08-22T14:47:16.361858+00:00,e85c645134dafe5024515cf86aa8b00f0ed7e8e9,8,configs/s5_analysis_bn.yaml,3.12.13,Linux-6.12.90+-x86_64-with-glibc2.35,rag_neural_loop,1,42,1,0.9997216922785167,0.96067733057514,0.03904436170337666
2026-08-22T14:47:16.361858+00:00,e85c645134dafe5024515cf86aa8b00f0ed7e8e9,8,configs/s5_analysis_bn.yaml,3.12.13,Linux-6.12.90+-x86_64-with-glibc2.35,rag_symbolic_loop,1,42,1,0.9997216922785167,0.96067733057514,0.03904436170337666
2026-08-22T14:47:16.361858+00:00,e85c645134dafe5024515cf86aa8b00f0ed7e8e9,8,configs/s5_analysis_bn.yaml,3.12.13,Linux-6.12.90+-x86_64-with-glibc2.35,rag_symbolic_loop,1,42,2,0.3224081498574184,0.9735753829854404,-0.651167233128022
2026-08-22T14:47:16.361858+00:00,e85c645134dafe5024515cf86aa8b00f0ed7e8e9,8,configs/s5_analysis_bn.yaml,3.12.13,Linux-6.12.90+-x86_64-with-glibc2.35,rag_symbolic_loop,1,42,3,0.999056973253442,0.962916027098675,0.03614094615476704
2026-08-22T14:47:16.361858+00:00,e85c645134dafe5024515cf86aa8b00f0ed7e8e9,8,configs/s5_analysis_bn.yaml,3.12.13,Linux-6.12.90+-x86_64-with-glibc2.35,rag_neural_symbolic_feedback,1,42,1,0.9997216922785167,0.96067733057514,0.03904436170337666
2026-08-22T14:47:16.361858+00:00,e85c645134dafe5024515cf86aa8b00f0ed7e8e9,8,configs/s5_analysis_bn.yaml,3.12.13,Linux-6.12.90+-x86_64-with-glibc2.35,rag_neural_loop,0,42,1,0.9999999999992605,0.9816622466479734,0.018337753351287067
2026-08-22T14:47:16.361858+00:00,e85c645134dafe5024515cf86aa8b00f0ed7e8e9,8,configs/s5_analysis_bn.yaml,3.12.13,Linux-6.12.90+-x86_64-with-glibc2.35,rag_symbolic_loop,0,42,1,0.9999999999992605,0.9816622466479734,0.018337753351287067
2026-08-22T14:47:16.361858+00:00,e85c645134dafe5024515cf86aa8b00f0ed7e8e9,8,configs/s5_analysis_bn.yaml,3.12.13,Linux-6.12.90+-x86_64-with-glibc2.35,rag_neural_symbolic_feedback,0,42,1,0.9999999999992605,0.9816622466479734,0.018337753351287067
2026-08-22T14:47:16.361858+00:00,e85c645134dafe5024515cf86aa8b00f0ed7e8e9,8,configs/s5_analysis_bn.yaml,3.12.13,Linux-6.12.90+-x86_64-with-glibc2.35,rag_neural_loop,1,42,1,0.7072779075168104,0.9548443437066936,-0.24756643618988317
2026-08-22T14:47:16.361858+00:00,e85c645134dafe5024515cf86aa8b00f0ed7e8e9,8,configs/s5_analysis_bn.yaml,3.12.13,Linux-6.12.90+-x86_64-with-glibc2.35,rag_symbolic_loop,1,42,1,0.7072779075168104,0.9548443437066936,-0.24756643618988317
2026-08-22T14:47:16.361858+00:00,e85c645134dafe5024515cf86aa8b00f0ed7e8e9,8,configs/s5_analysis_bn.yaml,3.12.13,Linux-6.12.90+-x86_64-with-glibc2.35,rag_symbolic_loop,1,42,2,0.0010880955876809563,0.9445065810483992,-0.9434184854607183
2026-08-22T14:47:16.361858+00:00,e85c645134dafe5024515cf86aa8b00f0ed7e8e9,8,configs/s5_analysis_bn.yaml,3.12.13,Linux-6.12.90+-x86_64-with-glibc2.35,rag_symbolic_loop,1,42,3,1.901960923340879e-07,0.03433450618246977,-0.034334315986377435
2026-08-22T14:47:16.361858+00:00,e85c645134dafe5024515cf86aa8b00f0ed7e8e9,8,configs/s5_analysis_bn.yaml,3.12.13,Linux-6.12.90+-x86_64-with-glibc2.35,rag_neural_symbolic_feedback,1,42,1,0.7072779075168104,0.9548443437066936,-0.24756643618988317
2026-08-22T14:47:16.361858+00:00,e85c645134dafe5024515cf86aa8b00f0ed7e8e9,8,configs/s5_analysis_bn.yaml,3.12.13,Linux-6.12.90+-x86_64-with-glibc2.35,rag_neural_loop,0,42,1,0.9999999999786559,0.9853909548457932,0.014609045132862652
2026-08-22T14:47:16.361858+00:00,e85c645134dafe5024515cf86aa8b00f0ed7e8e9,8,configs/s5_analysis_bn.yaml,3.12.13,Linux-6.12.90+-x86_64-with-glibc2.35,rag_symbolic_loop,0,42,1,0.9999999999786559,0.9853909548457932,0.014609045132862652
2026-08-22T14:47:16.361858+00:00,e85c645134dafe5024515cf86aa8b00f0ed7e8e9,8,configs/s5_analysis_bn.yaml,3.12.13,Linux-6.12.90+-x86_64-with-glibc2.35,rag_neural_symbolic_feedback,0,42,1,0.9999999999786559,0.9853909548457932,0.014609045132862652
2026-08-22T14:47:16.361858+00:00,e85c645134dafe5024515cf86aa8b00f0ed7e8e9,8,configs/s5_analysis_bn.yaml,3.12.13,Linux-6.12.90+-x86_64-with-glibc2.35,rag_neural_loop,1,42,1,0.9850218298335892,0.05669248846419388,0.9283293413693954
2026-08-22T14:47:16.361858+00:00,e85c645134dafe5024515cf86aa8b00f0ed7e8e9,8,configs/s5_analysis_bn.yaml,3.12.13,Linux-6.12.90+-x86_64-with-glibc2.35,rag_symbolic_loop,1,42,1,0.9850218298335892,0.05669248846419388,0.9283293413693954
2026-08-22T14:47:16.361858+00:00,e85c645134dafe5024515cf86aa8b00f0ed7e8e9,8,configs/s5_analysis_bn.yaml,3.12.13,Linux-6.12.90+-x86_64-with-glibc2.35,rag_neural_symbolic_feedback,1,42,1,0.9850218298335892,0.05669248846419388,0.9283293413693954
2026-08-22T14:47:16.361858+00:00,e85c645134dafe5024515cf86aa8b00f0ed7e8e9,8,configs/s5_analysis_bn.yaml,3.12.13,Linux-6.12.90+-x86_64-with-glibc2.35,rag_neural_loop,0,42,1,0.9996120173405625,0.9684816468681925,0.031130370472369995
2026-08-22T14:47:16.361858+00:00,e85c645134dafe5024515cf86aa8b00f0ed7e8e9,8,configs/s5_analysis_bn.yaml,3.12.13,Linux-6.12.90+-x86_64-with-glibc2.35,rag_symbolic_loop,0,42,1,0.9996120173405625,0.9684816468681925,0.031130370472369995
2026-08-22T14:47:16.361858+00:00,e85c645134dafe5024515cf86aa8b00f0ed7e8e9,8,configs/s5_analysis_bn.yaml,3.12.13,Linux-6.12.90+-x86_64-with-glibc2.35,rag_neural_symbolic_feedback,0,42,1,0.9996120173405625,0.9684816468681925,0.031130370472369995
2026-08-22T14:47:16.361858+00:00,e85c645134dafe5024515cf86aa8b00f0ed7e8e9,8,configs/s5_analysis_bn.yaml,3.12.13,Linux-6.12.90+-x86_64-with-glibc2.35,rag_neural_loop,1,42,1,0.9999927997789367,0.9779760497159237,0.02201675006301307
2026-08-22T14:47:16.361858+00:00,e85c645134dafe5024515cf86aa8b00f0ed7e8e9,8,configs/s5_analysis_bn.yaml,3.12.13,Linux-6.12.90+-x86_64-with-glibc2.35,rag_symbolic_loop,1,42,1,0.9999927997789367,0.9779760497159237,0.02201675006301307
2026-08-22T14:47:16.361858+00:00,e85c645134dafe5024515cf86aa8b00f0ed7e8e9,8,configs/s5_analysis_bn.yaml,3.12.13,Linux-6.12.90+-x86_64-with-glibc2.35,rag_symbolic_loop,1,42,2,0.9999974565606122,0.9721200740508157,0.027877382509796544
2026-08-22T14:47:16.361858+00:00,e85c645134dafe5024515cf86aa8b00f0ed7e8e9,8,configs/s5_analysis_bn.yaml,3.12.13,Linux-6.12.90+-x86_64-with-glibc2.35,rag_symbolic_loop,1,42,3,0.9995242714338929,0.9766785030146192,0.02284576841927366
2026-08-22T14:47:16.361858+00:00,e85c645134dafe5024515cf86aa8b00f0ed7e8e9,8,configs/s5_analysis_bn.yaml,3.12.13,Linux-6.12.90+-x86_64-with-glibc2.35,rag_neural_symbolic_feedback,1,42,1,0.9999927997789367,0.9779760497159237,0.02201675006301307
2026-08-22T14:47:16.361858+00:00,e85c645134dafe5024515cf86aa8b00f0ed7e8e9,8,configs/s5_analysis_bn.yaml,3.12.13,Linux-6.12.90+-x86_64-with-glibc2.35,rag_neural_loop,0,42,1,0.9468630413675554,0.05369214588654525,0.8931708954810101
2026-08-22T14:47:16.361858+00:00,e85c645134dafe5024515cf86aa8b00f0ed7e8e9,8,configs/s5_analysis_bn.yaml,3.12.13,Linux-6.12.90+-x86_64-with-glibc2.35,rag_symbolic_loop,0,42,1,0.9468630413675554,0.05369214588654525,0.8931708954810101
2026-08-22T14:47:16.361858+00:00,e85c645134dafe5024515cf86aa8b00f0ed7e8e9,8,configs/s5_analysis_bn.yaml,3.12.13,Linux-6.12.90+-x86_64-with-glibc2.35,rag_neural_symbolic_feedback,0,42,1,0.9468630413675554,0.05369214588654525,0.8931708954810101
2026-08-22T14:47:16.361858+00:00,e85c645134dafe5024515cf86aa8b00f0ed7e8e9,8,configs/s5_analysis_bn.yaml,3.12.13,Linux-6.12.90+-x86_64-with-glibc2.35,rag_neural_loop,1,42,1,0.08572484663227421,0.9750819839062815,-0.8893571372740073
2026-08-22T14:47:16.361858+00:00,e85c645134dafe5024515cf86aa8b00f0ed7e8e9,8,configs/s5_analysis_bn.yaml,3.12.13,Linux-6.12.90+-x86_64-with-glibc2.35,rag_neural_loop,1,42,2,0.996463513172351,0.960087316398776,0.036376196773575065
2026-08-22T14:47:16.361858+00:00,e85c645134dafe5024515cf86aa8b00f0ed7e8e9,8,configs/s5_analysis_bn.yaml,3.12.13,Linux-6.12.90+-x86_64-with-glibc2.35,rag_symbolic_loop,1,42,1,0.08572484663227421,0.9750819839062815,-0.8893571372740073
2026-08-22T14:47:16.361858+00:00,e85c645134dafe5024515cf86aa8b00f0ed7e8e9,8,configs/s5_analysis_bn.yaml,3.12.13,Linux-6.12.90+-x86_64-with-glibc2.35,rag_symbolic_loop,1,42,2,0.008138075279932856,0.9621649795606023,-0.9540269042806695
2026-08-22T14:47:16.361858+00:00,e85c645134dafe5024515cf86aa8b00f0ed7e8e9,8,configs/s5_analysis_bn.yaml,3.12.13,Linux-6.12.90+-x86_64-with-glibc2.35,rag_symbolic_loop,1,42,3,0.0002820675370659743,0.9709497476069522,-0.9706676800698862
2026-08-22T14:47:16.361858+00:00,e85c645134dafe5024515cf86aa8b00f0ed7e8e9,8,configs/s5_analysis_bn.yaml,3.12.13,Linux-6.12.90+-x86_64-with-glibc2.35,rag_neural_symbolic_feedback,1,42,1,0.08572484663227421,0.9750819839062815,-0.8893571372740073
2026-08-22T14:47:16.361858+00:00,e85c645134dafe5024515cf86aa8b00f0ed7e8e9,8,configs/s5_analysis_bn.yaml,3.12.13,Linux-6.12.90+-x86_64-with-glibc2.35,rag_neural_symbolic_feedback,1,42,2,0.002443547365512571,0.972249763998664,-0.9698062166331515
2026-08-22T14:47:16.361858+00:00,e85c645134dafe5024515cf86aa8b00f0ed7e8e9,8,configs/s5_analysis_bn.yaml,3.12.13,Linux-6.12.90+-x86_64-with-glibc2.35,rag_neural_symbolic_feedback,1,42,3,0.41945386044857713,0.9684017734024025,-0.5489479129538254
2026-08-22T14:47:16.361858+00:00,e85c645134dafe5024515cf86aa8b00f0ed7e8e9,8,configs/s5_analysis_bn.yaml,3.12.13,Linux-6.12.90+-x86_64-with-glibc2.35,rag_neural_loop,0,42,1,4.289281074765228e-08,0.02063449383504956,-0.020634450942238813
2026-08-22T14:47:16.361858+00:00,e85c645134dafe5024515cf86aa8b00f0ed7e8e9,8,configs/s5_analysis_bn.yaml,3.12.13,Linux-6.12.90+-x86_64-with-glibc2.35,rag_neural_loop,0,42,2,0.15800385931997618,0.019738188020023806,0.13826567129995238
2026-08-22T14:47:16.361858+00:00,e85c645134dafe5024515cf86aa8b00f0ed7e8e9,8,configs/s5_analysis_bn.yaml,3.12.13,Linux-6.12.90+-x86_64-with-glibc2.35,rag_neural_loop,0,42,3,8.491116698650103e-10,0.03052130249764351,-0.03052130164853184
2026-08-22T14:47:16.361858+00:00,e85c645134dafe5024515cf86aa8b00f0ed7e8e9,8,configs/s5_analysis_bn.yaml,3.12.13,Linux-6.12.90+-x86_64-with-glibc2.35,rag_symbolic_loop,0,42,1,4.289281074765228e-08,0.02063449383504956,-0.020634450942238813
2026-08-22T14:47:16.361858+00:00,e85c645134dafe5024515cf86aa8b00f0ed7e8e9,8,configs/s5_analysis_bn.yaml,3.12.13,Linux-6.12.90+-x86_64-with-glibc2.35,rag_neural_symbolic_feedback,0,42,1,4.289281074765228e-08,0.02063449383504956,-0.020634450942238813
2026-08-22T14:47:16.361858+00:00,e85c645134dafe5024515cf86aa8b00f0ed7e8e9,8,configs/s5_analysis_bn.yaml,3.12.13,Linux-6.12.90+-x86_64-with-glibc2.35,rag_neural_symbolic_feedback,0,42,2,0.99999998650859,0.984672967327705,0.015327019180884971
2026-08-22T14:47:16.361858+00:00,e85c645134dafe5024515cf86aa8b00f0ed7e8e9,8,configs/s5_analysis_bn.yaml,3.12.13,Linux-6.12.90+-x86_64-with-glibc2.35,rag_neural_loop,1,42,1,0.8545381831746209,0.9467558187392486,-0.0922176355646277
2026-08-22T14:47:16.361858+00:00,e85c645134dafe5024515cf86aa8b00f0ed7e8e9,8,configs/s5_analysis_bn.yaml,3.12.13,Linux-6.12.90+-x86_64-with-glibc2.35,rag_symbolic_loop,1,42,1,0.8545381831746209,0.9467558187392486,-0.0922176355646277
2026-08-22T14:47:16.361858+00:00,e85c645134dafe5024515cf86aa8b00f0ed7e8e9,8,configs/s5_analysis_bn.yaml,3.12.13,Linux-6.12.90+-x86_64-with-glibc2.35,rag_symbolic_loop,1,42,2,0.996107363955035,0.9769523177477767,0.019155046207258275
2026-08-22T14:47:16.361858+00:00,e85c645134dafe5024515cf86aa8b00f0ed7e8e9,8,configs/s5_analysis_bn.yaml,3.12.13,Linux-6.12.90+-x86_64-with-glibc2.35,rag_symbolic_loop,1,42,3,0.8606942988321509,0.9371096064388574,-0.07641530760670656
2026-08-22T14:47:16.361858+00:00,e85c645134dafe5024515cf86aa8b00f0ed7e8e9,8,configs/s5_analysis_bn.yaml,3.12.13,Linux-6.12.90+-x86_64-with-glibc2.35,rag_neural_symbolic_feedback,1,42,1,0.8545381831746209,0.9467558187392486,-0.0922176355646277
2026-08-22T14:47:16.361858+00:00,e85c645134dafe5024515cf86aa8b00f0ed7e8e9,8,configs/s5_analysis_bn.yaml,3.12.13,Linux-6.12.90+-x86_64-with-glibc2.35,rag_neural_loop,0,42,1,2.1367672908834123e-07,0.018561670610226733,-0.018561456933497644
2026-08-22T14:47:16.361858+00:00,e85c645134dafe5024515cf86aa8b00f0ed7e8e9,8,configs/s5_analysis_bn.yaml,3.12.13,Linux-6.12.90+-x86_64-with-glibc2.35,rag_neural_loop,0,42,2,1.4351752675167972e-07,0.017017159664279635,-0.017017016146752884
2026-08-22T14:47:16.361858+00:00,e85c645134dafe5024515cf86aa8b00f0ed7e8e9,8,configs/s5_analysis_bn.yaml,3.12.13,Linux-6.12.90+-x86_64-with-glibc2.35,rag_neural_loop,0,42,3,2.3425463790971435e-09,0.016457214622404903,-0.016457212279858524
2026-08-22T14:47:16.361858+00:00,e85c645134dafe5024515cf86aa8b00f0ed7e8e9,8,configs/s5_analysis_bn.yaml,3.12.13,Linux-6.12.90+-x86_64-with-glibc2.35,rag_symbolic_loop,0,42,1,2.1367672908834123e-07,0.018561670610226733,-0.018561456933497644
2026-08-22T14:47:16.361858+00:00,e85c645134dafe5024515cf86aa8b00f0ed7e8e9,8,configs/s5_analysis_bn.yaml,3.12.13,Linux-6.12.90+-x86_64-with-glibc2.35,rag_neural_symbolic_feedback,0,42,1,2.1367672908834123e-07,0.018561670610226733,-0.018561456933497644
2026-08-22T14:47:16.361858+00:00,e85c645134dafe5024515cf86aa8b00f0ed7e8e9,8,configs/s5_analysis_bn.yaml,3.12.13,Linux-6.12.90+-x86_64-with-glibc2.35,rag_neural_symbolic_feedback,0,42,2,0.999999999979644,0.9809061534089655,0.019093846570678474
2026-08-22T14:47:16.361858+00:00,e85c645134dafe5024515cf86aa8b00f0ed7e8e9,8,configs/s5_analysis_bn.yaml,3.12.13,Linux-6.12.90+-x86_64-with-glibc2.35,rag_neural_loop,1,42,1,5.107953662883899e-07,0.021358236850141526,-0.021357726054775237
2026-08-22T14:47:16.361858+00:00,e85c645134dafe5024515cf86aa8b00f0ed7e8e9,8,configs/s5_analysis_bn.yaml,3.12.13,Linux-6.12.90+-x86_64-with-glibc2.35,rag_neural_loop,1,42,2,3.74450245963937e-08,0.020389787049625796,-0.0203897496046012
2026-08-22T14:47:16.361858+00:00,e85c645134dafe5024515cf86aa8b00f0ed7e8e9,8,configs/s5_analysis_bn.yaml,3.12.13,Linux-6.12.90+-x86_64-with-glibc2.35,rag_neural_loop,1,42,3,8.59874524125531e-09,0.01968621836085492,-0.01968620976210968
2026-08-22T14:47:16.361858+00:00,e85c645134dafe5024515cf86aa8b00f0ed7e8e9,8,configs/s5_analysis_bn.yaml,3.12.13,Linux-6.12.90+-x86_64-with-glibc2.35,rag_symbolic_loop,1,42,1,5.107953662883899e-07,0.021358236850141526,-0.021357726054775237
2026-08-22T14:47:16.361858+00:00,e85c645134dafe5024515cf86aa8b00f0ed7e8e9,8,configs/s5_analysis_bn.yaml,3.12.13,Linux-6.12.90+-x86_64-with-glibc2.35,rag_symbolic_loop,1,42,2,4.7423216541506155e-08,0.02248530325931161,-0.022485255836095067
2026-08-22T14:47:16.361858+00:00,e85c645134dafe5024515cf86aa8b00f0ed7e8e9,8,configs/s5_analysis_bn.yaml,3.12.13,Linux-6.12.90+-x86_64-with-glibc2.35,rag_symbolic_loop,1,42,3,4.087667505235733e-05,0.9269581382091737,-0.9269172615341214
2026-08-22T14:47:16.361858+00:00,e85c645134dafe5024515cf86aa8b00f0ed7e8e9,8,configs/s5_analysis_bn.yaml,3.12.13,Linux-6.12.90+-x86_64-with-glibc2.35,rag_neural_symbolic_feedback,1,42,1,5.107953662883899e-07,0.021358236850141526,-0.021357726054775237
2026-08-22T14:47:16.361858+00:00,e85c645134dafe5024515cf86aa8b00f0ed7e8e9,8,configs/s5_analysis_bn.yaml,3.12.13,Linux-6.12.90+-x86_64-with-glibc2.35,rag_neural_symbolic_feedback,1,42,2,8.541866859650507e-11,0.015299591811142849,-0.01529959172572418
2026-08-22T14:47:16.361858+00:00,e85c645134dafe5024515cf86aa8b00f0ed7e8e9,8,configs/s5_analysis_bn.yaml,3.12.13,Linux-6.12.90+-x86_64-with-glibc2.35,rag_neural_symbolic_feedback,1,42,3,0.9999999189850234,0.9640856851204104,0.03591423386461301
2026-08-22T14:47:16.361858+00:00,e85c645134dafe5024515cf86aa8b00f0ed7e8e9,8,configs/s5_analysis_bn.yaml,3.12.13,Linux-6.12.90+-x86_64-with-glibc2.35,rag_neural_loop,0,42,1,0.9999990459316019,0.9824244513334758,0.01757459459812616
2026-08-22T14:47:16.361858+00:00,e85c645134dafe5024515cf86aa8b00f0ed7e8e9,8,configs/s5_analysis_bn.yaml,3.12.13,Linux-6.12.90+-x86_64-with-glibc2.35,rag_symbolic_loop,0,42,1,0.9999990459316019,0.9824244513334758,0.01757459459812616
2026-08-22T14:47:16.361858+00:00,e85c645134dafe5024515cf86aa8b00f0ed7e8e9,8,configs/s5_analysis_bn.yaml,3.12.13,Linux-6.12.90+-x86_64-with-glibc2.35,rag_neural_symbolic_feedback,0,42,1,0.9999990459316019,0.9824244513334758,0.01757459459812616
2026-08-22T14:47:16.361858+00:00,e85c645134dafe5024515cf86aa8b00f0ed7e8e9,8,configs/s5_analysis_bn.yaml,3.12.13,Linux-6.12.90+-x86_64-with-glibc2.35,rag_neural_loop,1,42,1,0.9999691445254497,0.9725048675261027,0.02746427699934706
2026-08-22T14:47:16.361858+00:00,e85c645134dafe5024515cf86aa8b00f0ed7e8e9,8,configs/s5_analysis_bn.yaml,3.12.13,Linux-6.12.90+-x86_64-with-glibc2.35,rag_symbolic_loop,1,42,1,0.9999691445254497,0.9725048675261027,0.02746427699934706
2026-08-22T14:47:16.361858+00:00,e85c645134dafe5024515cf86aa8b00f0ed7e8e9,8,configs/s5_analysis_bn.yaml,3.12.13,Linux-6.12.90+-x86_64-with-glibc2.35,rag_neural_symbolic_feedback,1,42,1,0.9999691445254497,0.9725048675261027,0.02746427699934706
2026-08-22T14:47:16.361858+00:00,e85c645134dafe5024515cf86aa8b00f0ed7e8e9,8,configs/s5_analysis_bn.yaml,3.12.13,Linux-6.12.90+-x86_64-with-glibc2.35,rag_neural_loop,0,42,1,0.0034062160352049675,0.02535885969831675,-0.02195264366311178
2026-08-22T14:47:16.361858+00:00,e85c645134dafe5024515cf86aa8b00f0ed7e8e9,8,configs/s5_analysis_bn.yaml,3.12.13,Linux-6.12.90+-x86_64-with-glibc2.35,rag_neural_loop,0,42,2,0.00189663712963406,0.018764300203453987,-0.016867663073819927
2026-08-22T14:47:16.361858+00:00,e85c645134dafe5024515cf86aa8b00f0ed7e8e9,8,configs/s5_analysis_bn.yaml,3.12.13,Linux-6.12.90+-x86_64-with-glibc2.35,rag_neural_loop,0,42,3,0.9999998182349924,0.9788375989112107,0.021162219323781706
2026-08-22T14:47:16.361858+00:00,e85c645134dafe5024515cf86aa8b00f0ed7e8e9,8,configs/s5_analysis_bn.yaml,3.12.13,Linux-6.12.90+-x86_64-with-glibc2.35,rag_symbolic_loop,0,42,1,0.0034062160352049675,0.02535885969831675,-0.02195264366311178
2026-08-22T14:47:16.361858+00:00,e85c645134dafe5024515cf86aa8b00f0ed7e8e9,8,configs/s5_analysis_bn.yaml,3.12.13,Linux-6.12.90+-x86_64-with-glibc2.35,rag_neural_symbolic_feedback,0,42,1,0.0034062160352049675,0.02535885969831675,-0.02195264366311178
2026-08-22T14:47:16.361858+00:00,e85c645134dafe5024515cf86aa8b00f0ed7e8e9,8,configs/s5_analysis_bn.yaml,3.12.13,Linux-6.12.90+-x86_64-with-glibc2.35,rag_neural_symbolic_feedback,0,42,2,0.014408045213409437,0.022192614475952666,-0.007784569262543228
2026-08-22T14:47:16.361858+00:00,e85c645134dafe5024515cf86aa8b00f0ed7e8e9,8,configs/s5_analysis_bn.yaml,3.12.13,Linux-6.12.90+-x86_64-with-glibc2.35,rag_neural_symbolic_feedback,0,42,3,0.9999999999293121,0.9842435276710972,0.01575647225821486
2026-08-22T14:47:16.361858+00:00,e85c645134dafe5024515cf86aa8b00f0ed7e8e9,8,configs/s5_analysis_bn.yaml,3.12.13,Linux-6.12.90+-x86_64-with-glibc2.35,rag_neural_loop,1,42,1,0.9990420418174052,0.9669950510576605,0.03204699075974471
2026-08-22T14:47:16.361858+00:00,e85c645134dafe5024515cf86aa8b00f0ed7e8e9,8,configs/s5_analysis_bn.yaml,3.12.13,Linux-6.12.90+-x86_64-with-glibc2.35,rag_symbolic_loop,1,42,1,0.9990420418174052,0.9669950510576605,0.03204699075974471
2026-08-22T14:47:16.361858+00:00,e85c645134dafe5024515cf86aa8b00f0ed7e8e9,8,configs/s5_analysis_bn.yaml,3.12.13,Linux-6.12.90+-x86_64-with-glibc2.35,rag_symbolic_loop,1,42,2,0.9989117817738302,0.9675736660796167,0.03133811569421352
2026-08-22T14:47:16.361858+00:00,e85c645134dafe5024515cf86aa8b00f0ed7e8e9,8,configs/s5_analysis_bn.yaml,3.12.13,Linux-6.12.90+-x86_64-with-glibc2.35,rag_symbolic_loop,1,42,3,0.9992213017052394,0.9769414574145288,0.022279844290710615
2026-08-22T14:47:16.361858+00:00,e85c645134dafe5024515cf86aa8b00f0ed7e8e9,8,configs/s5_analysis_bn.yaml,3.12.13,Linux-6.12.90+-x86_64-with-glibc2.35,rag_neural_symbolic_feedback,1,42,1,0.9990420418174052,0.9669950510576605,0.03204699075974471
2026-08-22T14:47:16.361858+00:00,e85c645134dafe5024515cf86aa8b00f0ed7e8e9,8,configs/s5_analysis_bn.yaml,3.12.13,Linux-6.12.90+-x86_64-with-glibc2.35,rag_neural_loop,0,42,1,1.1306849023728915e-07,0.018906575290765337,-0.0189064622222751
2026-08-22T14:47:16.361858+00:00,e85c645134dafe5024515cf86aa8b00f0ed7e8e9,8,configs/s5_analysis_bn.yaml,3.12.13,Linux-6.12.90+-x86_64-with-glibc2.35,rag_neural_loop,0,42,2,0.9999996612232175,0.9428993458706183,0.057100315352599185
2026-08-22T14:47:16.361858+00:00,e85c645134dafe5024515cf86aa8b00f0ed7e8e9,8,configs/s5_analysis_bn.yaml,3.12.13,Linux-6.12.90+-x86_64-with-glibc2.35,rag_symbolic_loop,0,42,1,1.1306849023728915e-07,0.018906575290765337,-0.0189064622222751
2026-08-22T14:47:16.361858+00:00,e85c645134dafe5024515cf86aa8b00f0ed7e8e9,8,configs/s5_analysis_bn.yaml,3.12.13,Linux-6.12.90+-x86_64-with-glibc2.35,rag_neural_symbolic_feedback,0,42,1,1.1306849023728915e-07,0.018906575290765337,-0.0189064622222751
2026-08-22T14:47:16.361858+00:00,e85c645134dafe5024515cf86aa8b00f0ed7e8e9,8,configs/s5_analysis_bn.yaml,3.12.13,Linux-6.12.90+-x86_64-with-glibc2.35,rag_neural_symbolic_feedback,0,42,2,0.9999999999998692,0.9851607060252107,0.014839293974658552
2026-08-22T14:47:16.361858+00:00,e85c645134dafe5024515cf86aa8b00f0ed7e8e9,8,configs/s5_analysis_bn.yaml,3.12.13,Linux-6.12.90+-x86_64-with-glibc2.35,rag_neural_loop,1,42,1,0.26837214974277984,0.9538060788420109,-0.6854339290992311
2026-08-22T14:47:16.361858+00:00,e85c645134dafe5024515cf86aa8b00f0ed7e8e9,8,configs/s5_analysis_bn.yaml,3.12.13,Linux-6.12.90+-x86_64-with-glibc2.35,rag_neural_loop,1,42,2,0.9984017391638691,0.9710888766304614,0.0273128625334077
2026-08-22T14:47:16.361858+00:00,e85c645134dafe5024515cf86aa8b00f0ed7e8e9,8,configs/s5_analysis_bn.yaml,3.12.13,Linux-6.12.90+-x86_64-with-glibc2.35,rag_symbolic_loop,1,42,1,0.26837214974277984,0.9538060788420109,-0.6854339290992311
2026-08-22T14:47:16.361858+00:00,e85c645134dafe5024515cf86aa8b00f0ed7e8e9,8,configs/s5_analysis_bn.yaml,3.12.13,Linux-6.12.90+-x86_64-with-glibc2.35,rag_symbolic_loop,1,42,2,0.0001768017028376665,0.0734256210837953,-0.07324881938095763
2026-08-22T14:47:16.361858+00:00,e85c645134dafe5024515cf86aa8b00f0ed7e8e9,8,configs/s5_analysis_bn.yaml,3.12.13,Linux-6.12.90+-x86_64-with-glibc2.35,rag_symbolic_loop,1,42,3,0.9997034562991255,0.9710648390529626,0.0286386172461629
2026-08-22T14:47:16.361858+00:00,e85c645134dafe5024515cf86aa8b00f0ed7e8e9,8,configs/s5_analysis_bn.yaml,3.12.13,Linux-6.12.90+-x86_64-with-glibc2.35,rag_neural_symbolic_feedback,1,42,1,0.26837214974277984,0.9538060788420109,-0.6854339290992311
2026-08-22T14:47:16.361858+00:00,e85c645134dafe5024515cf86aa8b00f0ed7e8e9,8,configs/s5_analysis_bn.yaml,3.12.13,Linux-6.12.90+-x86_64-with-glibc2.35,rag_neural_symbolic_feedback,1,42,2,0.999719803676647,0.9780834500769937,0.021636353599653324
2026-08-22T14:47:16.361858+00:00,e85c645134dafe5024515cf86aa8b00f0ed7e8e9,8,configs/s5_analysis_bn.yaml,3.12.13,Linux-6.12.90+-x86_64-with-glibc2.35,rag_neural_loop,0,42,1,0.999045118831292,0.04149809139617755,0.9575470274351144
2026-08-22T14:47:16.361858+00:00,e85c645134dafe5024515cf86aa8b00f0ed7e8e9,8,configs/s5_analysis_bn.yaml,3.12.13,Linux-6.12.90+-x86_64-with-glibc2.35,rag_symbolic_loop,0,42,1,0.999045118831292,0.04149809139617755,0.9575470274351144
2026-08-22T14:47:16.361858+00:00,e85c645134dafe5024515cf86aa8b00f0ed7e8e9,8,configs/s5_analysis_bn.yaml,3.12.13,Linux-6.12.90+-x86_64-with-glibc2.35,rag_neural_symbolic_feedback,0,42,1,0.999045118831292,0.04149809139617755,0.9575470274351144
2026-08-22T14:47:16.361858+00:00,e85c645134dafe5024515cf86aa8b00f0ed7e8e9,8,configs/s5_analysis_bn.yaml,3.12.13,Linux-6.12.90+-x86_64-with-glibc2.35,rag_neural_loop,1,42,1,0.3492414067093259,0.9321476583794152,-0.5829062516700892
2026-08-22T14:47:16.361858+00:00,e85c645134dafe5024515cf86aa8b00f0ed7e8e9,8,configs/s5_analysis_bn.yaml,3.12.13,Linux-6.12.90+-x86_64-with-glibc2.35,rag_neural_loop,1,42,2,0.9908668911077898,0.9751761204465275,0.015690770661262343
2026-08-22T14:47:16.361858+00:00,e85c645134dafe5024515cf86aa8b00f0ed7e8e9,8,configs/s5_analysis_bn.yaml,3.12.13,Linux-6.12.90+-x86_64-with-glibc2.35,rag_symbolic_loop,1,42,1,0.3492414067093259,0.9321476583794152,-0.5829062516700892
2026-08-22T14:47:16.361858+00:00,e85c645134dafe5024515cf86aa8b00f0ed7e8e9,8,configs/s5_analysis_bn.yaml,3.12.13,Linux-6.12.90+-x86_64-with-glibc2.35,rag_neural_symbolic_feedback,1,42,1,0.3492414067093259,0.9321476583794152,-0.5829062516700892
2026-08-22T14:47:16.361858+00:00,e85c645134dafe5024515cf86aa8b00f0ed7e8e9,8,configs/s5_analysis_bn.yaml,3.12.13,Linux-6.12.90+-x86_64-with-glibc2.35,rag_neural_symbolic_feedback,1,42,2,0.9116717839120863,0.9488700446422652,-0.037198260730178956
2026-08-22T14:47:16.361858+00:00,e85c645134dafe5024515cf86aa8b00f0ed7e8e9,8,configs/s5_analysis_bn.yaml,3.12.13,Linux-6.12.90+-x86_64-with-glibc2.35,rag_neural_loop,0,42,1,0.9999999685840267,0.9684962598750372,0.03150370870898955
2026-08-22T14:47:16.361858+00:00,e85c645134dafe5024515cf86aa8b00f0ed7e8e9,8,configs/s5_analysis_bn.yaml,3.12.13,Linux-6.12.90+-x86_64-with-glibc2.35,rag_symbolic_loop,0,42,1,0.9999999685840267,0.9684962598750372,0.03150370870898955
2026-08-22T14:47:16.361858+00:00,e85c645134dafe5024515cf86aa8b00f0ed7e8e9,8,configs/s5_analysis_bn.yaml,3.12.13,Linux-6.12.90+-x86_64-with-glibc2.35,rag_neural_symbolic_feedback,0,42,1,0.9999999685840267,0.9684962598750372,0.03150370870898955
2026-08-22T14:47:16.361858+00:00,e85c645134dafe5024515cf86aa8b00f0ed7e8e9,8,configs/s5_analysis_bn.yaml,3.12.13,Linux-6.12.90+-x86_64-with-glibc2.35,rag_neural_loop,1,42,1,0.9852988753723224,0.9573581061933846,0.02794076917893784
2026-08-22T14:47:16.361858+00:00,e85c645134dafe5024515cf86aa8b00f0ed7e8e9,8,configs/s5_analysis_bn.yaml,3.12.13,Linux-6.12.90+-x86_64-with-glibc2.35,rag_symbolic_loop,1,42,1,0.9852988753723224,0.9573581061933846,0.02794076917893784
2026-08-22T14:47:16.361858+00:00,e85c645134dafe5024515cf86aa8b00f0ed7e8e9,8,configs/s5_analysis_bn.yaml,3.12.13,Linux-6.12.90+-x86_64-with-glibc2.35,rag_neural_symbolic_feedback,1,42,1,0.9852988753723224,0.9573581061933846,0.02794076917893784
2026-08-22T14:47:16.361858+00:00,e85c645134dafe5024515cf86aa8b00f0ed7e8e9,8,configs/s5_analysis_bn.yaml,3.12.13,Linux-6.12.90+-x86_64-with-glibc2.35,rag_neural_loop,0,42,1,3.2159686824684286e-07,0.05205784494490695,-0.0520575233480387
2026-08-22T14:47:16.361858+00:00,e85c645134dafe5024515cf86aa8b00f0ed7e8e9,8,configs/s5_analysis_bn.yaml,3.12.13,Linux-6.12.90+-x86_64-with-glibc2.35,rag_neural_loop,0,42,2,2.7450499651138216e-09,0.01683320393119847,-0.016833201186148505
2026-08-22T14:47:16.361858+00:00,e85c645134dafe5024515cf86aa8b00f0ed7e8e9,8,configs/s5_analysis_bn.yaml,3.12.13,Linux-6.12.90+-x86_64-with-glibc2.35,rag_neural_loop,0,42,3,3.884261579045756e-09,0.019403885066742066,-0.019403881182480487
2026-08-22T14:47:16.361858+00:00,e85c645134dafe5024515cf86aa8b00f0ed7e8e9,8,configs/s5_analysis_bn.yaml,3.12.13,Linux-6.12.90+-x86_64-with-glibc2.35,rag_symbolic_loop,0,42,1,3.2159686824684286e-07,0.05205784494490695,-0.0520575233480387
2026-08-22T14:47:16.361858+00:00,e85c645134dafe5024515cf86aa8b00f0ed7e8e9,8,configs/s5_analysis_bn.yaml,3.12.13,Linux-6.12.90+-x86_64-with-glibc2.35,rag_neural_symbolic_feedback,0,42,1,3.2159686824684286e-07,0.05205784494490695,-0.0520575233480387
2026-08-22T14:47:16.361858+00:00,e85c645134dafe5024515cf86aa8b00f0ed7e8e9,8,configs/s5_analysis_bn.yaml,3.12.13,Linux-6.12.90+-x86_64-with-glibc2.35,rag_neural_symbolic_feedback,0,42,2,0.0012419083736081582,0.05976218007523493,-0.05852027170162677
2026-08-22T14:47:16.361858+00:00,e85c645134dafe5024515cf86aa8b00f0ed7e8e9,8,configs/s5_analysis_bn.yaml,3.12.13,Linux-6.12.90+-x86_64-with-glibc2.35,rag_neural_symbolic_feedback,0,42,3,3.018926625353302e-07,0.017320036905942304,-0.01731973501327977
2026-08-22T14:47:16.361858+00:00,e85c645134dafe5024515cf86aa8b00f0ed7e8e9,8,configs/s5_analysis_bn.yaml,3.12.13,Linux-6.12.90+-x86_64-with-glibc2.35,rag_neural_loop,1,42,1,0.9969469870196177,0.9622591935950754,0.03468779342454231
2026-08-22T14:47:16.361858+00:00,e85c645134dafe5024515cf86aa8b00f0ed7e8e9,8,configs/s5_analysis_bn.yaml,3.12.13,Linux-6.12.90+-x86_64-with-glibc2.35,rag_symbolic_loop,1,42,1,0.9969469870196177,0.9622591935950754,0.03468779342454231
2026-08-22T14:47:16.361858+00:00,e85c645134dafe5024515cf86aa8b00f0ed7e8e9,8,configs/s5_analysis_bn.yaml,3.12.13,Linux-6.12.90+-x86_64-with-glibc2.35,rag_neural_symbolic_feedback,1,42,1,0.9969469870196177,0.9622591935950754,0.03468779342454231
2026-08-22T14:47:16.361858+00:00,e85c645134dafe5024515cf86aa8b00f0ed7e8e9,8,configs/s5_analysis_bn.yaml,3.12.13,Linux-6.12.90+-x86_64-with-glibc2.35,rag_neural_loop,0,42,1,0.9999999999428996,0.9842123569652141,0.015787642977685423
2026-08-22T14:47:16.361858+00:00,e85c645134dafe5024515cf86aa8b00f0ed7e8e9,8,configs/s5_analysis_bn.yaml,3.12.13,Linux-6.12.90+-x86_64-with-glibc2.35,rag_symbolic_loop,0,42,1,0.9999999999428996,0.9842123569652141,0.015787642977685423
2026-08-22T14:47:16.361858+00:00,e85c645134dafe5024515cf86aa8b00f0ed7e8e9,8,configs/s5_analysis_bn.yaml,3.12.13,Linux-6.12.90+-x86_64-with-glibc2.35,rag_neural_symbolic_feedback,0,42,1,0.9999999999428996,0.9842123569652141,0.015787642977685423
2026-08-22T14:47:16.361858+00:00,e85c645134dafe5024515cf86aa8b00f0ed7e8e9,8,configs/s5_analysis_bn.yaml,3.12.13,Linux-6.12.90+-x86_64-with-glibc2.35,rag_neural_loop,1,42,1,0.9371863739857799,0.971573523975566,-0.03438714998978609
2026-08-22T14:47:16.361858+00:00,e85c645134dafe5024515cf86aa8b00f0ed7e8e9,8,configs/s5_analysis_bn.yaml,3.12.13,Linux-6.12.90+-x86_64-with-glibc2.35,rag_symbolic_loop,1,42,1,0.9371863739857799,0.971573523975566,-0.03438714998978609
2026-08-22T14:47:16.361858+00:00,e85c645134dafe5024515cf86aa8b00f0ed7e8e9,8,configs/s5_analysis_bn.yaml,3.12.13,Linux-6.12.90+-x86_64-with-glibc2.35,rag_neural_symbolic_feedback,1,42,1,0.9371863739857799,0.971573523975566,-0.03438714998978609
2026-08-22T14:47:16.361858+00:00,e85c645134dafe5024515cf86aa8b00f0ed7e8e9,8,configs/s5_analysis_bn.yaml,3.12.13,Linux-6.12.90+-x86_64-with-glibc2.35,rag_neural_loop,0,42,1,1.6193557605959086e-10,0.023789289259033453,-0.023789289097097877
2026-08-22T14:47:16.361858+00:00,e85c645134dafe5024515cf86aa8b00f0ed7e8e9,8,configs/s5_analysis_bn.yaml,3.12.13,Linux-6.12.90+-x86_64-with-glibc2.35,rag_neural_loop,0,42,2,0.002645336234974205,0.01875556777606513,-0.016110231541090925
2026-08-22T14:47:16.361858+00:00,e85c645134dafe5024515cf86aa8b00f0ed7e8e9,8,configs/s5_analysis_bn.yaml,3.12.13,Linux-6.12.90+-x86_64-with-glibc2.35,rag_neural_loop,0,42,3,0.003041968386607752,0.024144716281251477,-0.021102747894643725
2026-08-22T14:47:16.361858+00:00,e85c645134dafe5024515cf86aa8b00f0ed7e8e9,8,configs/s5_analysis_bn.yaml,3.12.13,Linux-6.12.90+-x86_64-with-glibc2.35,rag_symbolic_loop,0,42,1,1.6193557605959086e-10,0.023789289259033453,-0.023789289097097877
2026-08-22T14:47:16.361858+00:00,e85c645134dafe5024515cf86aa8b00f0ed7e8e9,8,configs/s5_analysis_bn.yaml,3.12.13,Linux-6.12.90+-x86_64-with-glibc2.35,rag_neural_symbolic_feedback,0,42,1,1.6193557605959086e-10,0.023789289259033453,-0.023789289097097877
2026-08-22T14:47:16.361858+00:00,e85c645134dafe5024515cf86aa8b00f0ed7e8e9,8,configs/s5_analysis_bn.yaml,3.12.13,Linux-6.12.90+-x86_64-with-glibc2.35,rag_neural_symbolic_feedback,0,42,2,2.660716091895665e-11,0.020086987640143383,-0.020086987613536222
2026-08-22T14:47:16.361858+00:00,e85c645134dafe5024515cf86aa8b00f0ed7e8e9,8,configs/s5_analysis_bn.yaml,3.12.13,Linux-6.12.90+-x86_64-with-glibc2.35,rag_neural_symbolic_feedback,0,42,3,3.74309887188895e-05,0.018879526027050453,-0.018842095038331563
2026-08-22T14:47:16.361858+00:00,e85c645134dafe5024515cf86aa8b00f0ed7e8e9,8,configs/s5_analysis_bn.yaml,3.12.13,Linux-6.12.90+-x86_64-with-glibc2.35,rag_neural_loop,1,42,1,0.9978473611806083,0.9633658581609488,0.034481503019659576
2026-08-22T14:47:16.361858+00:00,e85c645134dafe5024515cf86aa8b00f0ed7e8e9,8,configs/s5_analysis_bn.yaml,3.12.13,Linux-6.12.90+-x86_64-with-glibc2.35,rag_symbolic_loop,1,42,1,0.9978473611806083,0.9633658581609488,0.034481503019659576
2026-08-22T14:47:16.361858+00:00,e85c645134dafe5024515cf86aa8b00f0ed7e8e9,8,configs/s5_analysis_bn.yaml,3.12.13,Linux-6.12.90+-x86_64-with-glibc2.35,rag_symbolic_loop,1,42,2,0.9920698814389943,0.9631252845053303,0.028944596933664024
2026-08-22T14:47:16.361858+00:00,e85c645134dafe5024515cf86aa8b00f0ed7e8e9,8,configs/s5_analysis_bn.yaml,3.12.13,Linux-6.12.90+-x86_64-with-glibc2.35,rag_neural_symbolic_feedback,1,42,1,0.9978473611806083,0.9633658581609488,0.034481503019659576
2026-08-22T14:47:16.361858+00:00,e85c645134dafe5024515cf86aa8b00f0ed7e8e9,8,configs/s5_analysis_bn.yaml,3.12.13,Linux-6.12.90+-x86_64-with-glibc2.35,rag_neural_loop,0,42,1,0.9999999999009827,0.9824556356093789,0.017544364291603776
2026-08-22T14:47:16.361858+00:00,e85c645134dafe5024515cf86aa8b00f0ed7e8e9,8,configs/s5_analysis_bn.yaml,3.12.13,Linux-6.12.90+-x86_64-with-glibc2.35,rag_symbolic_loop,0,42,1,0.9999999999009827,0.9824556356093789,0.017544364291603776
2026-08-22T14:47:16.361858+00:00,e85c645134dafe5024515cf86aa8b00f0ed7e8e9,8,configs/s5_analysis_bn.yaml,3.12.13,Linux-6.12.90+-x86_64-with-glibc2.35,rag_neural_symbolic_feedback,0,42,1,0.9999999999009827,0.9824556356093789,0.017544364291603776
2026-08-22T14:47:16.361858+00:00,e85c645134dafe5024515cf86aa8b00f0ed7e8e9,8,configs/s5_analysis_bn.yaml,3.12.13,Linux-6.12.90+-x86_64-with-glibc2.35,rag_neural_loop,1,42,1,0.9999999999999998,0.9638766596021892,0.03612334039781062
2026-08-22T14:47:16.361858+00:00,e85c645134dafe5024515cf86aa8b00f0ed7e8e9,8,configs/s5_analysis_bn.yaml,3.12.13,Linux-6.12.90+-x86_64-with-glibc2.35,rag_symbolic_loop,1,42,1,0.9999999999999998,0.9638766596021892,0.03612334039781062
2026-08-22T14:47:16.361858+00:00,e85c645134dafe5024515cf86aa8b00f0ed7e8e9,8,configs/s5_analysis_bn.yaml,3.12.13,Linux-6.12.90+-x86_64-with-glibc2.35,rag_neural_symbolic_feedback,1,42,1,0.9999999999999998,0.9638766596021892,0.03612334039781062
2026-08-22T14:47:16.361858+00:00,e85c645134dafe5024515cf86aa8b00f0ed7e8e9,8,configs/s5_analysis_bn.yaml,3.12.13,Linux-6.12.90+-x86_64-with-glibc2.35,rag_neural_loop,0,42,1,0.9999999999987995,0.9790293638647728,0.02097063613402672
2026-08-22T14:47:16.361858+00:00,e85c645134dafe5024515cf86aa8b00f0ed7e8e9,8,configs/s5_analysis_bn.yaml,3.12.13,Linux-6.12.90+-x86_64-with-glibc2.35,rag_symbolic_loop,0,42,1,0.9999999999987995,0.9790293638647728,0.02097063613402672
2026-08-22T14:47:16.361858+00:00,e85c645134dafe5024515cf86aa8b00f0ed7e8e9,8,configs/s5_analysis_bn.yaml,3.12.13,Linux-6.12.90+-x86_64-with-glibc2.35,rag_neural_symbolic_feedback,0,42,1,0.9999999999987995,0.9790293638647728,0.02097063613402672
2026-08-22T14:47:16.361858+00:00,e85c645134dafe5024515cf86aa8b00f0ed7e8e9,8,configs/s5_analysis_bn.yaml,3.12.13,Linux-6.12.90+-x86_64-with-glibc2.35,rag_neural_loop,1,42,1,8.506702232259683e-06,0.02140438176929,-0.02139587506705774
2026-08-22T14:47:16.361858+00:00,e85c645134dafe5024515cf86aa8b00f0ed7e8e9,8,configs/s5_analysis_bn.yaml,3.12.13,Linux-6.12.90+-x86_64-with-glibc2.35,rag_neural_loop,1,42,2,7.828186291058718e-07,0.022153475454410973,-0.022152692635781866
2026-08-22T14:47:16.361858+00:00,e85c645134dafe5024515cf86aa8b00f0ed7e8e9,8,configs/s5_analysis_bn.yaml,3.12.13,Linux-6.12.90+-x86_64-with-glibc2.35,rag_neural_loop,1,42,3,0.9999999934502104,0.9404353138743566,0.05956467957585376
2026-08-22T14:47:16.361858+00:00,e85c645134dafe5024515cf86aa8b00f0ed7e8e9,8,configs/s5_analysis_bn.yaml,3.12.13,Linux-6.12.90+-x86_64-with-glibc2.35,rag_symbolic_loop,1,42,1,8.506702232259683e-06,0.02140438176929,-0.02139587506705774
2026-08-22T14:47:16.361858+00:00,e85c645134dafe5024515cf86aa8b00f0ed7e8e9,8,configs/s5_analysis_bn.yaml,3.12.13,Linux-6.12.90+-x86_64-with-glibc2.35,rag_symbolic_loop,1,42,2,0.0017327162197926015,0.03448604010993562,-0.032753323890143016
2026-08-22T14:47:16.361858+00:00,e85c645134dafe5024515cf86aa8b00f0ed7e8e9,8,configs/s5_analysis_bn.yaml,3.12.13,Linux-6.12.90+-x86_64-with-glibc2.35,rag_symbolic_loop,1,42,3,0.99992698861586,0.9508885065907499,0.049038482025110186
2026-08-22T14:47:16.361858+00:00,e85c645134dafe5024515cf86aa8b00f0ed7e8e9,8,configs/s5_analysis_bn.yaml,3.12.13,Linux-6.12.90+-x86_64-with-glibc2.35,rag_neural_symbolic_feedback,1,42,1,8.506702232259683e-06,0.02140438176929,-0.02139587506705774
2026-08-22T14:47:16.361858+00:00,e85c645134dafe5024515cf86aa8b00f0ed7e8e9,8,configs/s5_analysis_bn.yaml,3.12.13,Linux-6.12.90+-x86_64-with-glibc2.35,rag_neural_symbolic_feedback,1,42,2,6.325425473669336e-07,0.03931745367118418,-0.03931682112863681
2026-08-22T14:47:16.361858+00:00,e85c645134dafe5024515cf86aa8b00f0ed7e8e9,8,configs/s5_analysis_bn.yaml,3.12.13,Linux-6.12.90+-x86_64-with-glibc2.35,rag_neural_symbolic_feedback,1,42,3,0.9999828328608623,0.8234113491497062,0.17657148371115616
2026-08-22T14:47:16.361858+00:00,e85c645134dafe5024515cf86aa8b00f0ed7e8e9,8,configs/s5_analysis_bn.yaml,3.12.13,Linux-6.12.90+-x86_64-with-glibc2.35,rag_neural_loop,0,42,1,0.7602039434444207,0.024307248109797452,0.7358966953346232
2026-08-22T14:47:16.361858+00:00,e85c645134dafe5024515cf86aa8b00f0ed7e8e9,8,configs/s5_analysis_bn.yaml,3.12.13,Linux-6.12.90+-x86_64-with-glibc2.35,rag_symbolic_loop,0,42,1,0.7602039434444207,0.024307248109797452,0.7358966953346232
2026-08-22T14:47:16.361858+00:00,e85c645134dafe5024515cf86aa8b00f0ed7e8e9,8,configs/s5_analysis_bn.yaml,3.12.13,Linux-6.12.90+-x86_64-with-glibc2.35,rag_neural_symbolic_feedback,0,42,1,0.7602039434444207,0.024307248109797452,0.7358966953346232
2026-08-22T14:47:16.361858+00:00,e85c645134dafe5024515cf86aa8b00f0ed7e8e9,8,configs/s5_analysis_bn.yaml,3.12.13,Linux-6.12.90+-x86_64-with-glibc2.35,rag_neural_loop,1,42,1,0.9037042737958701,0.9396940589249664,-0.03598978512909623
2026-08-22T14:47:16.361858+00:00,e85c645134dafe5024515cf86aa8b00f0ed7e8e9,8,configs/s5_analysis_bn.yaml,3.12.13,Linux-6.12.90+-x86_64-with-glibc2.35,rag_symbolic_loop,1,42,1,0.9037042737958701,0.9396940589249664,-0.03598978512909623
2026-08-22T14:47:16.361858+00:00,e85c645134dafe5024515cf86aa8b00f0ed7e8e9,8,configs/s5_analysis_bn.yaml,3.12.13,Linux-6.12.90+-x86_64-with-glibc2.35,rag_symbolic_loop,1,42,2,0.010891044418160292,0.7743993921228721,-0.7635083477047119
2026-08-22T14:47:16.361858+00:00,e85c645134dafe5024515cf86aa8b00f0ed7e8e9,8,configs/s5_analysis_bn.yaml,3.12.13,Linux-6.12.90+-x86_64-with-glibc2.35,rag_symbolic_loop,1,42,3,0.007815744548950362,0.9303502582983028,-0.9225345137493524
2026-08-22T14:47:16.361858+00:00,e85c645134dafe5024515cf86aa8b00f0ed7e8e9,8,configs/s5_analysis_bn.yaml,3.12.13,Linux-6.12.90+-x86_64-with-glibc2.35,rag_neural_symbolic_feedback,1,42,1,0.9037042737958701,0.9396940589249664,-0.03598978512909623
2026-08-22T14:47:16.361858+00:00,e85c645134dafe5024515cf86aa8b00f0ed7e8e9,8,configs/s5_analysis_bn.yaml,3.12.13,Linux-6.12.90+-x86_64-with-glibc2.35,rag_neural_loop,0,42,1,0.998651847450825,0.9815046147145141,0.017147232736310913
2026-08-22T14:47:16.361858+00:00,e85c645134dafe5024515cf86aa8b00f0ed7e8e9,8,configs/s5_analysis_bn.yaml,3.12.13,Linux-6.12.90+-x86_64-with-glibc2.35,rag_symbolic_loop,0,42,1,0.998651847450825,0.9815046147145141,0.017147232736310913
2026-08-22T14:47:16.361858+00:00,e85c645134dafe5024515cf86aa8b00f0ed7e8e9,8,configs/s5_analysis_bn.yaml,3.12.13,Linux-6.12.90+-x86_64-with-glibc2.35,rag_neural_symbolic_feedback,0,42,1,0.998651847450825,0.9815046147145141,0.017147232736310913
2026-08-22T14:47:16.361858+00:00,e85c645134dafe5024515cf86aa8b00f0ed7e8e9,8,configs/s5_analysis_bn.yaml,3.12.13,Linux-6.12.90+-x86_64-with-glibc2.35,rag_neural_loop,1,42,1,0.9996164410577683,0.9613109911943222,0.038305449863446084
2026-08-22T14:47:16.361858+00:00,e85c645134dafe5024515cf86aa8b00f0ed7e8e9,8,configs/s5_analysis_bn.yaml,3.12.13,Linux-6.12.90+-x86_64-with-glibc2.35,rag_symbolic_loop,1,42,1,0.9996164410577683,0.9613109911943222,0.038305449863446084
2026-08-22T14:47:16.361858+00:00,e85c645134dafe5024515cf86aa8b00f0ed7e8e9,8,configs/s5_analysis_bn.yaml,3.12.13,Linux-6.12.90+-x86_64-with-glibc2.35,rag_symbolic_loop,1,42,2,0.9904276963547038,0.9638494091518957,0.026578287202808193
2026-08-22T14:47:16.361858+00:00,e85c645134dafe5024515cf86aa8b00f0ed7e8e9,8,configs/s5_analysis_bn.yaml,3.12.13,Linux-6.12.90+-x86_64-with-glibc2.35,rag_symbolic_loop,1,42,3,0.8693751387137281,0.9772733476291197,-0.10789820891539159
2026-08-22T14:47:16.361858+00:00,e85c645134dafe5024515cf86aa8b00f0ed7e8e9,8,configs/s5_analysis_bn.yaml,3.12.13,Linux-6.12.90+-x86_64-with-glibc2.35,rag_neural_symbolic_feedback,1,42,1,0.9996164410577683,0.9613109911943222,0.038305449863446084
2026-08-22T14:47:16.361858+00:00,e85c645134dafe5024515cf86aa8b00f0ed7e8e9,8,configs/s5_analysis_bn.yaml,3.12.13,Linux-6.12.90+-x86_64-with-glibc2.35,rag_neural_loop,0,42,1,1.1177517428295758e-06,0.022536666462565247,-0.022535548710822417
2026-08-22T14:47:16.361858+00:00,e85c645134dafe5024515cf86aa8b00f0ed7e8e9,8,configs/s5_analysis_bn.yaml,3.12.13,Linux-6.12.90+-x86_64-with-glibc2.35,rag_neural_loop,0,42,2,0.999321205259485,0.08460564159920625,0.9147155636602787
2026-08-22T14:47:16.361858+00:00,e85c645134dafe5024515cf86aa8b00f0ed7e8e9,8,configs/s5_analysis_bn.yaml,3.12.13,Linux-6.12.90+-x86_64-with-glibc2.35,rag_symbolic_loop,0,42,1,1.1177517428295758e-06,0.022536666462565247,-0.022535548710822417
2026-08-22T14:47:16.361858+00:00,e85c645134dafe5024515cf86aa8b00f0ed7e8e9,8,configs/s5_analysis_bn.yaml,3.12.13,Linux-6.12.90+-x86_64-with-glibc2.35,rag_neural_symbolic_feedback,0,42,1,1.1177517428295758e-06,0.022536666462565247,-0.022535548710822417
2026-08-22T14:47:16.361858+00:00,e85c645134dafe5024515cf86aa8b00f0ed7e8e9,8,configs/s5_analysis_bn.yaml,3.12.13,Linux-6.12.90+-x86_64-with-glibc2.35,rag_neural_symbolic_feedback,0,42,2,0.9876346150748748,0.034110082962646726,0.9535245321122281
2026-08-22T14:47:16.361858+00:00,e85c645134dafe5024515cf86aa8b00f0ed7e8e9,8,configs/s5_analysis_bn.yaml,3.12.13,Linux-6.12.90+-x86_64-with-glibc2.35,rag_neural_loop,1,42,1,7.33343752879132e-05,0.9671678025209114,-0.9670944681456235
2026-08-22T14:47:16.361858+00:00,e85c645134dafe5024515cf86aa8b00f0ed7e8e9,8,configs/s5_analysis_bn.yaml,3.12.13,Linux-6.12.90+-x86_64-with-glibc2.35,rag_neural_loop,1,42,2,0.8910927687028709,0.9442617027819017,-0.05316893407903078
2026-08-22T14:47:16.361858+00:00,e85c645134dafe5024515cf86aa8b00f0ed7e8e9,8,configs/s5_analysis_bn.yaml,3.12.13,Linux-6.12.90+-x86_64-with-glibc2.35,rag_symbolic_loop,1,42,1,7.33343752879132e-05,0.9671678025209114,-0.9670944681456235
2026-08-22T14:47:16.361858+00:00,e85c645134dafe5024515cf86aa8b00f0ed7e8e9,8,configs/s5_analysis_bn.yaml,3.12.13,Linux-6.12.90+-x86_64-with-glibc2.35,rag_symbolic_loop,1,42,2,0.004327608191720042,0.9435132837342224,-0.9391856755425023
2026-08-22T14:47:16.361858+00:00,e85c645134dafe5024515cf86aa8b00f0ed7e8e9,8,configs/s5_analysis_bn.yaml,3.12.13,Linux-6.12.90+-x86_64-with-glibc2.35,rag_symbolic_loop,1,42,3,0.4936092271703418,0.7390222272799415,-0.2454130001095997
2026-08-22T14:47:16.361858+00:00,e85c645134dafe5024515cf86aa8b00f0ed7e8e9,8,configs/s5_analysis_bn.yaml,3.12.13,Linux-6.12.90+-x86_64-with-glibc2.35,rag_neural_symbolic_feedback,1,42,1,7.33343752879132e-05,0.9671678025209114,-0.9670944681456235
2026-08-22T14:47:16.361858+00:00,e85c645134dafe5024515cf86aa8b00f0ed7e8e9,8,configs/s5_analysis_bn.yaml,3.12.13,Linux-6.12.90+-x86_64-with-glibc2.35,rag_neural_symbolic_feedback,1,42,2,0.0001053574117916402,0.8706486103122414,-0.8705432529004498
2026-08-22T14:47:16.361858+00:00,e85c645134dafe5024515cf86aa8b00f0ed7e8e9,8,configs/s5_analysis_bn.yaml,3.12.13,Linux-6.12.90+-x86_64-with-glibc2.35,rag_neural_symbolic_feedback,1,42,3,0.013377600982147119,0.9254012787354186,-0.9120236777532714
2026-08-22T14:47:16.361858+00:00,e85c645134dafe5024515cf86aa8b00f0ed7e8e9,8,configs/s5_analysis_bn.yaml,3.12.13,Linux-6.12.90+-x86_64-with-glibc2.35,rag_neural_loop,0,42,1,0.35811636691629667,0.05349466865853936,0.3046216982577573
2026-08-22T14:47:16.361858+00:00,e85c645134dafe5024515cf86aa8b00f0ed7e8e9,8,configs/s5_analysis_bn.yaml,3.12.13,Linux-6.12.90+-x86_64-with-glibc2.35,rag_neural_loop,0,42,2,0.013812604570046405,0.16139970747983046,-0.14758710290978405
2026-08-22T14:47:16.361858+00:00,e85c645134dafe5024515cf86aa8b00f0ed7e8e9,8,configs/s5_analysis_bn.yaml,3.12.13,Linux-6.12.90+-x86_64-with-glibc2.35,rag_neural_loop,0,42,3,0.04393486247388789,0.20106510340159356,-0.15713024092770567
2026-08-22T14:47:16.361858+00:00,e85c645134dafe5024515cf86aa8b00f0ed7e8e9,8,configs/s5_analysis_bn.yaml,3.12.13,Linux-6.12.90+-x86_64-with-glibc2.35,rag_symbolic_loop,0,42,1,0.35811636691629667,0.05349466865853936,0.3046216982577573
2026-08-22T14:47:16.361858+00:00,e85c645134dafe5024515cf86aa8b00f0ed7e8e9,8,configs/s5_analysis_bn.yaml,3.12.13,Linux-6.12.90+-x86_64-with-glibc2.35,rag_neural_symbolic_feedback,0,42,1,0.35811636691629667,0.053494528173308575,0.3046218387429881
2026-08-22T14:47:16.361858+00:00,e85c645134dafe5024515cf86aa8b00f0ed7e8e9,8,configs/s5_analysis_bn.yaml,3.12.13,Linux-6.12.90+-x86_64-with-glibc2.35,rag_neural_symbolic_feedback,0,42,2,6.067731634995521e-05,0.04628087477668663,-0.046220197460336676
2026-08-22T14:47:16.361858+00:00,e85c645134dafe5024515cf86aa8b00f0ed7e8e9,8,configs/s5_analysis_bn.yaml,3.12.13,Linux-6.12.90+-x86_64-with-glibc2.35,rag_neural_symbolic_feedback,0,42,3,0.023255723089322222,0.04460700195585643,-0.021351278866534207
2026-08-22T14:47:16.361858+00:00,e85c645134dafe5024515cf86aa8b00f0ed7e8e9,8,configs/s5_analysis_bn.yaml,3.12.13,Linux-6.12.90+-x86_64-with-glibc2.35,rag_neural_loop,1,42,1,0.9863155760453338,0.9453594260476491,0.04095614999768471
2026-08-22T14:47:16.361858+00:00,e85c645134dafe5024515cf86aa8b00f0ed7e8e9,8,configs/s5_analysis_bn.yaml,3.12.13,Linux-6.12.90+-x86_64-with-glibc2.35,rag_symbolic_loop,1,42,1,0.9863155760453338,0.9453594260476491,0.04095614999768471
2026-08-22T14:47:16.361858+00:00,e85c645134dafe5024515cf86aa8b00f0ed7e8e9,8,configs/s5_analysis_bn.yaml,3.12.13,Linux-6.12.90+-x86_64-with-glibc2.35,rag_symbolic_loop,1,42,2,0.9999999890240815,0.9458752905909404,0.05412469843314105
2026-08-22T14:47:16.361858+00:00,e85c645134dafe5024515cf86aa8b00f0ed7e8e9,8,configs/s5_analysis_bn.yaml,3.12.13,Linux-6.12.90+-x86_64-with-glibc2.35,rag_symbolic_loop,1,42,3,0.9999911690474831,0.9748238541447777,0.025167314902705407
2026-08-22T14:47:16.361858+00:00,e85c645134dafe5024515cf86aa8b00f0ed7e8e9,8,configs/s5_analysis_bn.yaml,3.12.13,Linux-6.12.90+-x86_64-with-glibc2.35,rag_neural_symbolic_feedback,1,42,1,0.9863155760453338,0.9453594260476491,0.04095614999768471
2026-08-22T14:47:16.361858+00:00,e85c645134dafe5024515cf86aa8b00f0ed7e8e9,8,configs/s5_analysis_bn.yaml,3.12.13,Linux-6.12.90+-x86_64-with-glibc2.35,rag_neural_loop,0,42,1,0.8245078582909295,0.07494727795811307,0.7495605803328165
2026-08-22T14:47:16.361858+00:00,e85c645134dafe5024515cf86aa8b00f0ed7e8e9,8,configs/s5_analysis_bn.yaml,3.12.13,Linux-6.12.90+-x86_64-with-glibc2.35,rag_symbolic_loop,0,42,1,0.8245078582909295,0.07494727795811307,0.7495605803328165
2026-08-22T14:47:16.361858+00:00,e85c645134dafe5024515cf86aa8b00f0ed7e8e9,8,configs/s5_analysis_bn.yaml,3.12.13,Linux-6.12.90+-x86_64-with-glibc2.35,rag_neural_symbolic_feedback,0,42,1,0.8245078582909295,0.07494727795811307,0.7495605803328165
2026-08-22T14:47:16.361858+00:00,e85c645134dafe5024515cf86aa8b00f0ed7e8e9,8,configs/s5_analysis_bn.yaml,3.12.13,Linux-6.12.90+-x86_64-with-glibc2.35,rag_neural_loop,1,42,1,0.9770255293714324,0.9637055375081844,0.013319991863247949
2026-08-22T14:47:16.361858+00:00,e85c645134dafe5024515cf86aa8b00f0ed7e8e9,8,configs/s5_analysis_bn.yaml,3.12.13,Linux-6.12.90+-x86_64-with-glibc2.35,rag_symbolic_loop,1,42,1,0.9770255293714324,0.9637055375081844,0.013319991863247949
2026-08-22T14:47:16.361858+00:00,e85c645134dafe5024515cf86aa8b00f0ed7e8e9,8,configs/s5_analysis_bn.yaml,3.12.13,Linux-6.12.90+-x86_64-with-glibc2.35,rag_symbolic_loop,1,42,2,0.9880004414033194,0.9401328002832376,0.047867641120081794
2026-08-22T14:47:16.361858+00:00,e85c645134dafe5024515cf86aa8b00f0ed7e8e9,8,configs/s5_analysis_bn.yaml,3.12.13,Linux-6.12.90+-x86_64-with-glibc2.35,rag_symbolic_loop,1,42,3,0.9982315979684816,0.9549709394828427,0.04326065848563887
2026-08-22T14:47:16.361858+00:00,e85c645134dafe5024515cf86aa8b00f0ed7e8e9,8,configs/s5_analysis_bn.yaml,3.12.13,Linux-6.12.90+-x86_64-with-glibc2.35,rag_neural_symbolic_feedback,1,42,1,0.9770255293714324,0.9637055375081844,0.013319991863247949
2026-08-22T14:47:16.361858+00:00,e85c645134dafe5024515cf86aa8b00f0ed7e8e9,8,configs/s5_analysis_bn.yaml,3.12.13,Linux-6.12.90+-x86_64-with-glibc2.35,rag_neural_loop,0,42,1,1.4092293998402283e-09,0.025872114573954108,-0.025872113164724708
2026-08-22T14:47:16.361858+00:00,e85c645134dafe5024515cf86aa8b00f0ed7e8e9,8,configs/s5_analysis_bn.yaml,3.12.13,Linux-6.12.90+-x86_64-with-glibc2.35,rag_neural_loop,0,42,2,0.9999999953343442,0.9818443117532327,0.018155683581111526
2026-08-22T14:47:16.361858+00:00,e85c645134dafe5024515cf86aa8b00f0ed7e8e9,8,configs/s5_analysis_bn.yaml,3.12.13,Linux-6.12.90+-x86_64-with-glibc2.35,rag_symbolic_loop,0,42,1,1.4092293998402283e-09,0.025872114573954108,-0.025872113164724708
2026-08-22T14:47:16.361858+00:00,e85c645134dafe5024515cf86aa8b00f0ed7e8e9,8,configs/s5_analysis_bn.yaml,3.12.13,Linux-6.12.90+-x86_64-with-glibc2.35,rag_neural_symbolic_feedback,0,42,1,1.4092293998402283e-09,0.025872114573954108,-0.025872113164724708
2026-08-22T14:47:16.361858+00:00,e85c645134dafe5024515cf86aa8b00f0ed7e8e9,8,configs/s5_analysis_bn.yaml,3.12.13,Linux-6.12.90+-x86_64-with-glibc2.35,rag_neural_symbolic_feedback,0,42,2,1.4420024113892538e-05,0.03246437377804967,-0.03244995375393578
2026-08-22T14:47:16.361858+00:00,e85c645134dafe5024515cf86aa8b00f0ed7e8e9,8,configs/s5_analysis_bn.yaml,3.12.13,Linux-6.12.90+-x86_64-with-glibc2.35,rag_neural_symbolic_feedback,0,42,3,0.999999999786732,0.9809834264142832,0.019016573372448886
2026-08-22T14:47:16.361858+00:00,e85c645134dafe5024515cf86aa8b00f0ed7e8e9,8,configs/s5_analysis_bn.yaml,3.12.13,Linux-6.12.90+-x86_64-with-glibc2.35,rag_neural_loop,1,42,1,0.9997858630439377,0.8790655988464215,0.12072026419751614
2026-08-22T14:47:16.361858+00:00,e85c645134dafe5024515cf86aa8b00f0ed7e8e9,8,configs/s5_analysis_bn.yaml,3.12.13,Linux-6.12.90+-x86_64-with-glibc2.35,rag_symbolic_loop,1,42,1,0.9997858630439377,0.8790655988464215,0.12072026419751614
2026-08-22T14:47:16.361858+00:00,e85c645134dafe5024515cf86aa8b00f0ed7e8e9,8,configs/s5_analysis_bn.yaml,3.12.13,Linux-6.12.90+-x86_64-with-glibc2.35,rag_symbolic_loop,1,42,2,0.6523644035579395,0.6598551683965908,-0.007490764838651298
2026-08-22T14:47:16.361858+00:00,e85c645134dafe5024515cf86aa8b00f0ed7e8e9,8,configs/s5_analysis_bn.yaml,3.12.13,Linux-6.12.90+-x86_64-with-glibc2.35,rag_symbolic_loop,1,42,3,0.5679463701402334,0.9567531317235135,-0.3888067615832801
2026-08-22T14:47:16.361858+00:00,e85c645134dafe5024515cf86aa8b00f0ed7e8e9,8,configs/s5_analysis_bn.yaml,3.12.13,Linux-6.12.90+-x86_64-with-glibc2.35,rag_neural_symbolic_feedback,1,42,1,0.9997858630439377,0.8790655988464215,0.12072026419751614
2026-08-22T14:47:16.361858+00:00,e85c645134dafe5024515cf86aa8b00f0ed7e8e9,8,configs/s5_analysis_bn.yaml,3.12.13,Linux-6.12.90+-x86_64-with-glibc2.35,rag_neural_loop,0,42,1,5.111022716164371e-12,0.01911679456715676,-0.019116794562045736
2026-08-22T14:47:16.361858+00:00,e85c645134dafe5024515cf86aa8b00f0ed7e8e9,8,configs/s5_analysis_bn.yaml,3.12.13,Linux-6.12.90+-x86_64-with-glibc2.35,rag_neural_loop,0,42,2,0.0013963735006751188,0.017985955485971705,-0.016589581985296586
2026-08-22T14:47:16.361858+00:00,e85c645134dafe5024515cf86aa8b00f0ed7e8e9,8,configs/s5_analysis_bn.yaml,3.12.13,Linux-6.12.90+-x86_64-with-glibc2.35,rag_neural_loop,0,42,3,0.0017357794539131222,0.05531710474266116,-0.05358132528874804
2026-08-22T14:47:16.361858+00:00,e85c645134dafe5024515cf86aa8b00f0ed7e8e9,8,configs/s5_analysis_bn.yaml,3.12.13,Linux-6.12.90+-x86_64-with-glibc2.35,rag_symbolic_loop,0,42,1,5.111022716164371e-12,0.01911679456715676,-0.019116794562045736
2026-08-22T14:47:16.361858+00:00,e85c645134dafe5024515cf86aa8b00f0ed7e8e9,8,configs/s5_analysis_bn.yaml,3.12.13,Linux-6.12.90+-x86_64-with-glibc2.35,rag_neural_symbolic_feedback,0,42,1,5.111022716164371e-12,0.01911679456715676,-0.019116794562045736
2026-08-22T14:47:16.361858+00:00,e85c645134dafe5024515cf86aa8b00f0ed7e8e9,8,configs/s5_analysis_bn.yaml,3.12.13,Linux-6.12.90+-x86_64-with-glibc2.35,rag_neural_symbolic_feedback,0,42,2,0.9999999998554573,0.9822328064339024,0.01776719342155486
2026-08-22T14:47:16.361858+00:00,e85c645134dafe5024515cf86aa8b00f0ed7e8e9,8,configs/s5_analysis_bn.yaml,3.12.13,Linux-6.12.90+-x86_64-with-glibc2.35,rag_neural_loop,1,42,1,0.9466869237433726,0.9570285438633319,-0.010341620119959316
2026-08-22T14:47:16.361858+00:00,e85c645134dafe5024515cf86aa8b00f0ed7e8e9,8,configs/s5_analysis_bn.yaml,3.12.13,Linux-6.12.90+-x86_64-with-glibc2.35,rag_symbolic_loop,1,42,1,0.9466869237433726,0.9570285438633319,-0.010341620119959316
2026-08-22T14:47:16.361858+00:00,e85c645134dafe5024515cf86aa8b00f0ed7e8e9,8,configs/s5_analysis_bn.yaml,3.12.13,Linux-6.12.90+-x86_64-with-glibc2.35,rag_symbolic_loop,1,42,2,0.1156019659838199,0.9480973074160791,-0.8324953414322592
2026-08-22T14:47:16.361858+00:00,e85c645134dafe5024515cf86aa8b00f0ed7e8e9,8,configs/s5_analysis_bn.yaml,3.12.13,Linux-6.12.90+-x86_64-with-glibc2.35,rag_symbolic_loop,1,42,3,0.9975966182125562,0.9482795310011071,0.04931708721144912
2026-08-22T14:47:16.361858+00:00,e85c645134dafe5024515cf86aa8b00f0ed7e8e9,8,configs/s5_analysis_bn.yaml,3.12.13,Linux-6.12.90+-x86_64-with-glibc2.35,rag_neural_symbolic_feedback,1,42,1,0.9466869237433726,0.9570285438633319,-0.010341620119959316
2026-08-22T14:47:16.361858+00:00,e85c645134dafe5024515cf86aa8b00f0ed7e8e9,8,configs/s5_analysis_bn.yaml,3.12.13,Linux-6.12.90+-x86_64-with-glibc2.35,rag_neural_loop,0,42,1,0.9999960598961309,0.7634051980800998,0.23659086181603117
2026-08-22T14:47:16.361858+00:00,e85c645134dafe5024515cf86aa8b00f0ed7e8e9,8,configs/s5_analysis_bn.yaml,3.12.13,Linux-6.12.90+-x86_64-with-glibc2.35,rag_symbolic_loop,0,42,1,0.9999960598961309,0.7634051980800998,0.23659086181603117
2026-08-22T14:47:16.361858+00:00,e85c645134dafe5024515cf86aa8b00f0ed7e8e9,8,configs/s5_analysis_bn.yaml,3.12.13,Linux-6.12.90+-x86_64-with-glibc2.35,rag_neural_symbolic_feedback,0,42,1,0.9999960598961309,0.7634051980800998,0.23659086181603117
2026-08-22T14:47:16.361858+00:00,e85c645134dafe5024515cf86aa8b00f0ed7e8e9,8,configs/s5_analysis_bn.yaml,3.12.13,Linux-6.12.90+-x86_64-with-glibc2.35,rag_neural_loop,1,42,1,0.9993256957483667,0.9587051827478064,0.040620513000560354
2026-08-22T14:47:16.361858+00:00,e85c645134dafe5024515cf86aa8b00f0ed7e8e9,8,configs/s5_analysis_bn.yaml,3.12.13,Linux-6.12.90+-x86_64-with-glibc2.35,rag_symbolic_loop,1,42,1,0.9993256957483667,0.9587051827478064,0.040620513000560354
2026-08-22T14:47:16.361858+00:00,e85c645134dafe5024515cf86aa8b00f0ed7e8e9,8,configs/s5_analysis_bn.yaml,3.12.13,Linux-6.12.90+-x86_64-with-glibc2.35,rag_symbolic_loop,1,42,2,0.4500258405795361,0.9124729849652827,-0.46244714438574663
2026-08-22T14:47:16.361858+00:00,e85c645134dafe5024515cf86aa8b00f0ed7e8e9,8,configs/s5_analysis_bn.yaml,3.12.13,Linux-6.12.90+-x86_64-with-glibc2.35,rag_symbolic_loop,1,42,3,0.9964990368757694,0.9604180002169163,0.036081036658853094
2026-08-22T14:47:16.361858+00:00,e85c645134dafe5024515cf86aa8b00f0ed7e8e9,8,configs/s5_analysis_bn.yaml,3.12.13,Linux-6.12.90+-x86_64-with-glibc2.35,rag_neural_symbolic_feedback,1,42,1,0.9993256957483667,0.9587051827478064,0.040620513000560354
2026-08-22T14:47:16.361858+00:00,e85c645134dafe5024515cf86aa8b00f0ed7e8e9,8,configs/s5_analysis_bn.yaml,3.12.13,Linux-6.12.90+-x86_64-with-glibc2.35,rag_neural_loop,0,42,1,0.9999999988158225,0.9861905571138849,0.013809441701937542
2026-08-22T14:47:16.361858+00:00,e85c645134dafe5024515cf86aa8b00f0ed7e8e9,8,configs/s5_analysis_bn.yaml,3.12.13,Linux-6.12.90+-x86_64-with-glibc2.35,rag_symbolic_loop,0,42,1,0.9999999988158225,0.9861905571138849,0.013809441701937542
2026-08-22T14:47:16.361858+00:00,e85c645134dafe5024515cf86aa8b00f0ed7e8e9,8,configs/s5_analysis_bn.yaml,3.12.13,Linux-6.12.90+-x86_64-with-glibc2.35,rag_neural_symbolic_feedback,0,42,1,0.9999999988158225,0.9861905571138849,0.013809441701937542
2026-08-22T14:47:16.361858+00:00,e85c645134dafe5024515cf86aa8b00f0ed7e8e9,8,configs/s5_analysis_bn.yaml,3.12.13,Linux-6.12.90+-x86_64-with-glibc2.35,rag_neural_loop,1,42,1,0.9999996531299615,0.9759679794594959,0.02403167367046566
2026-08-22T14:47:16.361858+00:00,e85c645134dafe5024515cf86aa8b00f0ed7e8e9,8,configs/s5_analysis_bn.yaml,3.12.13,Linux-6.12.90+-x86_64-with-glibc2.35,rag_symbolic_loop,1,42,1,0.9999996531299615,0.9759679794594959,0.02403167367046566
2026-08-22T14:47:16.361858+00:00,e85c645134dafe5024515cf86aa8b00f0ed7e8e9,8,configs/s5_analysis_bn.yaml,3.12.13,Linux-6.12.90+-x86_64-with-glibc2.35,rag_symbolic_loop,1,42,2,0.9999999997492703,0.97686064364898,0.023139356100290387
2026-08-22T14:47:16.361858+00:00,e85c645134dafe5024515cf86aa8b00f0ed7e8e9,8,configs/s5_analysis_bn.yaml,3.12.13,Linux-6.12.90+-x86_64-with-glibc2.35,rag_symbolic_loop,1,42,3,0.9979307565345426,0.9338715669788031,0.06405918955573942
2026-08-22T14:47:16.361858+00:00,e85c645134dafe5024515cf86aa8b00f0ed7e8e9,8,configs/s5_analysis_bn.yaml,3.12.13,Linux-6.12.90+-x86_64-with-glibc2.35,rag_neural_symbolic_feedback,1,42,1,0.9999996531299615,0.9759679794594959,0.02403167367046566
2026-08-22T14:47:16.361858+00:00,e85c645134dafe5024515cf86aa8b00f0ed7e8e9,8,configs/s5_analysis_bn.yaml,3.12.13,Linux-6.12.90+-x86_64-with-glibc2.35,rag_neural_loop,0,42,1,5.196043595390165e-11,0.019013302597485127,-0.01901330254552469
2026-08-22T14:47:16.361858+00:00,e85c645134dafe5024515cf86aa8b00f0ed7e8e9,8,configs/s5_analysis_bn.yaml,3.12.13,Linux-6.12.90+-x86_64-with-glibc2.35,rag_neural_loop,0,42,2,0.9999999999999563,0.9853670173387119,0.014632982661244354
2026-08-22T14:47:16.361858+00:00,e85c645134dafe5024515cf86aa8b00f0ed7e8e9,8,configs/s5_analysis_bn.yaml,3.12.13,Linux-6.12.90+-x86_64-with-glibc2.35,rag_symbolic_loop,0,42,1,5.196043595390165e-11,0.019013302597485127,-0.01901330254552469
2026-08-22T14:47:16.361858+00:00,e85c645134dafe5024515cf86aa8b00f0ed7e8e9,8,configs/s5_analysis_bn.yaml,3.12.13,Linux-6.12.90+-x86_64-with-glibc2.35,rag_neural_symbolic_feedback,0,42,1,5.196043595390165e-11,0.019013302597485127,-0.01901330254552469
2026-08-22T14:47:16.361858+00:00,e85c645134dafe5024515cf86aa8b00f0ed7e8e9,8,configs/s5_analysis_bn.yaml,3.12.13,Linux-6.12.90+-x86_64-with-glibc2.35,rag_neural_symbolic_feedback,0,42,2,4.130904507348987e-10,0.019022893686002518,-0.019022893272912067
2026-08-22T14:47:16.361858+00:00,e85c645134dafe5024515cf86aa8b00f0ed7e8e9,8,configs/s5_analysis_bn.yaml,3.12.13,Linux-6.12.90+-x86_64-with-glibc2.35,rag_neural_symbolic_feedback,0,42,3,1.209321531803198e-11,0.021240125038199165,-0.02124012502610595
2026-08-22T14:47:16.361858+00:00,e85c645134dafe5024515cf86aa8b00f0ed7e8e9,8,configs/s5_analysis_bn.yaml,3.12.13,Linux-6.12.90+-x86_64-with-glibc2.35,rag_neural_loop,1,42,1,0.9462894071887643,0.9778022436956918,-0.03151283650692749
2026-08-22T14:47:16.361858+00:00,e85c645134dafe5024515cf86aa8b00f0ed7e8e9,8,configs/s5_analysis_bn.yaml,3.12.13,Linux-6.12.90+-x86_64-with-glibc2.35,rag_symbolic_loop,1,42,1,0.9462894071887643,0.9778022436956918,-0.03151283650692749
2026-08-22T14:47:16.361858+00:00,e85c645134dafe5024515cf86aa8b00f0ed7e8e9,8,configs/s5_analysis_bn.yaml,3.12.13,Linux-6.12.90+-x86_64-with-glibc2.35,rag_symbolic_loop,1,42,2,0.8625989756934501,0.9668124367584542,-0.10421346106500406
2026-08-22T14:47:16.361858+00:00,e85c645134dafe5024515cf86aa8b00f0ed7e8e9,8,configs/s5_analysis_bn.yaml,3.12.13,Linux-6.12.90+-x86_64-with-glibc2.35,rag_symbolic_loop,1,42,3,0.7856731338960893,0.9191991784357193,-0.13352604453963002
2026-08-22T14:47:16.361858+00:00,e85c645134dafe5024515cf86aa8b00f0ed7e8e9,8,configs/s5_analysis_bn.yaml,3.12.13,Linux-6.12.90+-x86_64-with-glibc2.35,rag_neural_symbolic_feedback,1,42,1,0.9462894071887643,0.9778022436956918,-0.03151283650692749
2026-08-22T14:47:16.361858+00:00,e85c645134dafe5024515cf86aa8b00f0ed7e8e9,8,configs/s5_analysis_bn.yaml,3.12.13,Linux-6.12.90+-x86_64-with-glibc2.35,rag_neural_loop,0,42,1,0.9999999999890583,0.9854495876920281,0.014550412297030246
2026-08-22T14:47:16.361858+00:00,e85c645134dafe5024515cf86aa8b00f0ed7e8e9,8,configs/s5_analysis_bn.yaml,3.12.13,Linux-6.12.90+-x86_64-with-glibc2.35,rag_symbolic_loop,0,42,1,0.9999999999890583,0.9854495876920281,0.014550412297030246
2026-08-22T14:47:16.361858+00:00,e85c645134dafe5024515cf86aa8b00f0ed7e8e9,8,configs/s5_analysis_bn.yaml,3.12.13,Linux-6.12.90+-x86_64-with-glibc2.35,rag_neural_symbolic_feedback,0,42,1,0.9999999999890583,0.9854495876920281,0.014550412297030246
2026-08-22T14:47:16.361858+00:00,e85c645134dafe5024515cf86aa8b00f0ed7e8e9,8,configs/s5_analysis_bn.yaml,3.12.13,Linux-6.12.90+-x86_64-with-glibc2.35,rag_neural_loop,1,42,1,0.9999938921703225,0.9793607934050419,0.020633098765280633
2026-08-22T14:47:16.361858+00:00,e85c645134dafe5024515cf86aa8b00f0ed7e8e9,8,configs/s5_analysis_bn.yaml,3.12.13,Linux-6.12.90+-x86_64-with-glibc2.35,rag_symbolic_loop,1,42,1,0.9999938921703225,0.9793607934050419,0.020633098765280633
2026-08-22T14:47:16.361858+00:00,e85c645134dafe5024515cf86aa8b00f0ed7e8e9,8,configs/s5_analysis_bn.yaml,3.12.13,Linux-6.12.90+-x86_64-with-glibc2.35,rag_neural_symbolic_feedback,1,42,1,0.9999938921703225,0.9793607934050419,0.020633098765280633
2026-08-22T14:47:16.361858+00:00,e85c645134dafe5024515cf86aa8b00f0ed7e8e9,8,configs/s5_analysis_bn.yaml,3.12.13,Linux-6.12.90+-x86_64-with-glibc2.35,rag_neural_loop,0,42,1,0.9999999998958943,0.9706585792829369,0.029341420612957414
2026-08-22T14:47:16.361858+00:00,e85c645134dafe5024515cf86aa8b00f0ed7e8e9,8,configs/s5_analysis_bn.yaml,3.12.13,Linux-6.12.90+-x86_64-with-glibc2.35,rag_symbolic_loop,0,42,1,0.9999999998958943,0.9706585792829369,0.029341420612957414
2026-08-22T14:47:16.361858+00:00,e85c645134dafe5024515cf86aa8b00f0ed7e8e9,8,configs/s5_analysis_bn.yaml,3.12.13,Linux-6.12.90+-x86_64-with-glibc2.35,rag_neural_symbolic_feedback,0,42,1,0.9999999998958943,0.9706585792829369,0.029341420612957414
2026-08-22T14:47:16.361858+00:00,e85c645134dafe5024515cf86aa8b00f0ed7e8e9,8,configs/s5_analysis_bn.yaml,3.12.13,Linux-6.12.90+-x86_64-with-glibc2.35,rag_neural_loop,1,42,1,2.6943525183985497e-06,0.04970395953848053,-0.04970126518596213
2026-08-22T14:47:16.361858+00:00,e85c645134dafe5024515cf86aa8b00f0ed7e8e9,8,configs/s5_analysis_bn.yaml,3.12.13,Linux-6.12.90+-x86_64-with-glibc2.35,rag_neural_loop,1,42,2,1.3330376272499736e-07,0.028097238887569948,-0.028097105583807222
2026-08-22T14:47:16.361858+00:00,e85c645134dafe5024515cf86aa8b00f0ed7e8e9,8,configs/s5_analysis_bn.yaml,3.12.13,Linux-6.12.90+-x86_64-with-glibc2.35,rag_neural_loop,1,42,3,0.9999891661627488,0.8868769300293385,0.11311223613341026
2026-08-22T14:47:16.361858+00:00,e85c645134dafe5024515cf86aa8b00f0ed7e8e9,8,configs/s5_analysis_bn.yaml,3.12.13,Linux-6.12.90+-x86_64-with-glibc2.35,rag_symbolic_loop,1,42,1,2.6943525183985497e-06,0.049703853217958005,-0.049701158865439604
2026-08-22T14:47:16.361858+00:00,e85c645134dafe5024515cf86aa8b00f0ed7e8e9,8,configs/s5_analysis_bn.yaml,3.12.13,Linux-6.12.90+-x86_64-with-glibc2.35,rag_symbolic_loop,1,42,2,0.0007951772656131073,0.04310206263800682,-0.04230688537239371
2026-08-22T14:47:16.361858+00:00,e85c645134dafe5024515cf86aa8b00f0ed7e8e9,8,configs/s5_analysis_bn.yaml,3.12.13,Linux-6.12.90+-x86_64-with-glibc2.35,rag_symbolic_loop,1,42,3,3.152993510628341e-05,0.06874563729136729,-0.068714107356261
2026-08-22T14:47:16.361858+00:00,e85c645134dafe5024515cf86aa8b00f0ed7e8e9,8,configs/s5_analysis_bn.yaml,3.12.13,Linux-6.12.90+-x86_64-with-glibc2.35,rag_neural_symbolic_feedback,1,42,1,2.6943525183985497e-06,0.049703853217958005,-0.049701158865439604
2026-08-22T14:47:16.361858+00:00,e85c645134dafe5024515cf86aa8b00f0ed7e8e9,8,configs/s5_analysis_bn.yaml,3.12.13,Linux-6.12.90+-x86_64-with-glibc2.35,rag_neural_symbolic_feedback,1,42,2,0.9999473717899107,0.9700681578232391,0.02987921396667159
2026-08-22T14:47:16.361858+00:00,e85c645134dafe5024515cf86aa8b00f0ed7e8e9,8,configs/s5_analysis_bn.yaml,3.12.13,Linux-6.12.90+-x86_64-with-glibc2.35,rag_neural_loop,0,42,1,0.9999998017477139,0.9732569656915981,0.026742836056115715
2026-08-22T14:47:16.361858+00:00,e85c645134dafe5024515cf86aa8b00f0ed7e8e9,8,configs/s5_analysis_bn.yaml,3.12.13,Linux-6.12.90+-x86_64-with-glibc2.35,rag_symbolic_loop,0,42,1,0.9999998017477139,0.9732569656915981,0.026742836056115715
2026-08-22T14:47:16.361858+00:00,e85c645134dafe5024515cf86aa8b00f0ed7e8e9,8,configs/s5_analysis_bn.yaml,3.12.13,Linux-6.12.90+-x86_64-with-glibc2.35,rag_neural_symbolic_feedback,0,42,1,0.9999998017477139,0.9732569656915981,0.026742836056115715
2026-08-22T14:47:16.361858+00:00,e85c645134dafe5024515cf86aa8b00f0ed7e8e9,8,configs/s5_analysis_bn.yaml,3.12.13,Linux-6.12.90+-x86_64-with-glibc2.35,rag_neural_loop,1,42,1,0.5140124555231774,0.9450269821985108,-0.43101452667533335
2026-08-22T14:47:16.361858+00:00,e85c645134dafe5024515cf86aa8b00f0ed7e8e9,8,configs/s5_analysis_bn.yaml,3.12.13,Linux-6.12.90+-x86_64-with-glibc2.35,rag_symbolic_loop,1,42,1,0.5140124555231774,0.9450269821985108,-0.43101452667533335
2026-08-22T14:47:16.361858+00:00,e85c645134dafe5024515cf86aa8b00f0ed7e8e9,8,configs/s5_analysis_bn.yaml,3.12.13,Linux-6.12.90+-x86_64-with-glibc2.35,rag_neural_symbolic_feedback,1,42,1,0.5140124555231774,0.9450269821985108,-0.43101452667533335
2026-08-22T14:47:16.361858+00:00,e85c645134dafe5024515cf86aa8b00f0ed7e8e9,8,configs/s5_analysis_bn.yaml,3.12.13,Linux-6.12.90+-x86_64-with-glibc2.35,rag_neural_loop,0,42,1,0.9999999990543766,0.9851568150114128,0.014843184042963808
2026-08-22T14:47:16.361858+00:00,e85c645134dafe5024515cf86aa8b00f0ed7e8e9,8,configs/s5_analysis_bn.yaml,3.12.13,Linux-6.12.90+-x86_64-with-glibc2.35,rag_symbolic_loop,0,42,1,0.9999999990543766,0.9851568150114128,0.014843184042963808
2026-08-22T14:47:16.361858+00:00,e85c645134dafe5024515cf86aa8b00f0ed7e8e9,8,configs/s5_analysis_bn.yaml,3.12.13,Linux-6.12.90+-x86_64-with-glibc2.35,rag_neural_symbolic_feedback,0,42,1,0.9999999990543766,0.9851568150114128,0.014843184042963808
2026-08-22T14:47:16.361858+00:00,e85c645134dafe5024515cf86aa8b00f0ed7e8e9,8,configs/s5_analysis_bn.yaml,3.12.13,Linux-6.12.90+-x86_64-with-glibc2.35,rag_neural_loop,1,42,1,0.007791933856017801,0.5361549207155556,-0.5283629868595378
2026-08-22T14:47:16.361858+00:00,e85c645134dafe5024515cf86aa8b00f0ed7e8e9,8,configs/s5_analysis_bn.yaml,3.12.13,Linux-6.12.90+-x86_64-with-glibc2.35,rag_neural_loop,1,42,2,9.528525272977607e-08,0.14983453747442718,-0.14983444218917444
2026-08-22T14:47:16.361858+00:00,e85c645134dafe5024515cf86aa8b00f0ed7e8e9,8,configs/s5_analysis_bn.yaml,3.12.13,Linux-6.12.90+-x86_64-with-glibc2.35,rag_neural_loop,1,42,3,0.9098165261037724,0.7002064911435983,0.20961003496017405
2026-08-22T14:47:16.361858+00:00,e85c645134dafe5024515cf86aa8b00f0ed7e8e9,8,configs/s5_analysis_bn.yaml,3.12.13,Linux-6.12.90+-x86_64-with-glibc2.35,rag_symbolic_loop,1,42,1,0.007791933856017801,0.5361549207155556,-0.5283629868595378
2026-08-22T14:47:16.361858+00:00,e85c645134dafe5024515cf86aa8b00f0ed7e8e9,8,configs/s5_analysis_bn.yaml,3.12.13,Linux-6.12.90+-x86_64-with-glibc2.35,rag_symbolic_loop,1,42,2,5.059202438307695e-06,0.016059158271643618,-0.01605409906920531
2026-08-22T14:47:16.361858+00:00,e85c645134dafe5024515cf86aa8b00f0ed7e8e9,8,configs/s5_analysis_bn.yaml,3.12.13,Linux-6.12.90+-x86_64-with-glibc2.35,rag_symbolic_loop,1,42,3,6.299176213415642e-06,0.015992063970602193,-0.015985764794388777
2026-08-22T14:47:16.361858+00:00,e85c645134dafe5024515cf86aa8b00f0ed7e8e9,8,configs/s5_analysis_bn.yaml,3.12.13,Linux-6.12.90+-x86_64-with-glibc2.35,rag_neural_symbolic_feedback,1,42,1,0.007791933856017801,0.5361549207155556,-0.5283629868595378
2026-08-22T14:47:16.361858+00:00,e85c645134dafe5024515cf86aa8b00f0ed7e8e9,8,configs/s5_analysis_bn.yaml,3.12.13,Linux-6.12.90+-x86_64-with-glibc2.35,rag_neural_symbolic_feedback,1,42,2,0.0017557237570987305,0.11035267125573282,-0.10859694749863409
2026-08-22T14:47:16.361858+00:00,e85c645134dafe5024515cf86aa8b00f0ed7e8e9,8,configs/s5_analysis_bn.yaml,3.12.13,Linux-6.12.90+-x86_64-with-glibc2.35,rag_neural_symbolic_feedback,1,42,3,9.738126163244326e-07,0.016080662873286213,-0.01607968906066989
2026-08-22T14:47:16.361858+00:00,e85c645134dafe5024515cf86aa8b00f0ed7e8e9,8,configs/s5_analysis_bn.yaml,3.12.13,Linux-6.12.90+-x86_64-with-glibc2.35,rag_neural_loop,0,42,1,0.9999999999999898,0.9857441483131589,0.014255851686830856
2026-08-22T14:47:16.361858+00:00,e85c645134dafe5024515cf86aa8b00f0ed7e8e9,8,configs/s5_analysis_bn.yaml,3.12.13,Linux-6.12.90+-x86_64-with-glibc2.35,rag_symbolic_loop,0,42,1,0.9999999999999898,0.9857441483131589,0.014255851686830856
2026-08-22T14:47:16.361858+00:00,e85c645134dafe5024515cf86aa8b00f0ed7e8e9,8,configs/s5_analysis_bn.yaml,3.12.13,Linux-6.12.90+-x86_64-with-glibc2.35,rag_neural_symbolic_feedback,0,42,1,0.9999999999999898,0.9857441483131589,0.014255851686830856
2026-08-22T14:47:16.361858+00:00,e85c645134dafe5024515cf86aa8b00f0ed7e8e9,8,configs/s5_analysis_bn.yaml,3.12.13,Linux-6.12.90+-x86_64-with-glibc2.35,rag_neural_loop,1,42,1,1.4315008657470844e-07,0.6480352859348986,-0.648035142784812
2026-08-22T14:47:16.361858+00:00,e85c645134dafe5024515cf86aa8b00f0ed7e8e9,8,configs/s5_analysis_bn.yaml,3.12.13,Linux-6.12.90+-x86_64-with-glibc2.35,rag_neural_loop,1,42,2,5.3741163731419074e-05,0.02624317907036668,-0.02618943790663526
2026-08-22T14:47:16.361858+00:00,e85c645134dafe5024515cf86aa8b00f0ed7e8e9,8,configs/s5_analysis_bn.yaml,3.12.13,Linux-6.12.90+-x86_64-with-glibc2.35,rag_neural_loop,1,42,3,0.07363652158201413,0.8345005423980268,-0.7608640208160127
2026-08-22T14:47:16.361858+00:00,e85c645134dafe5024515cf86aa8b00f0ed7e8e9,8,configs/s5_analysis_bn.yaml,3.12.13,Linux-6.12.90+-x86_64-with-glibc2.35,rag_symbolic_loop,1,42,1,1.4315008657470844e-07,0.6480352859348986,-0.648035142784812
2026-08-22T14:47:16.361858+00:00,e85c645134dafe5024515cf86aa8b00f0ed7e8e9,8,configs/s5_analysis_bn.yaml,3.12.13,Linux-6.12.90+-x86_64-with-glibc2.35,rag_symbolic_loop,1,42,2,0.0031714636786638077,0.9408998518095336,-0.9377283881308698
2026-08-22T14:47:16.361858+00:00,e85c645134dafe5024515cf86aa8b00f0ed7e8e9,8,configs/s5_analysis_bn.yaml,3.12.13,Linux-6.12.90+-x86_64-with-glibc2.35,rag_symbolic_loop,1,42,3,4.735583860280774e-05,0.057429006284260835,-0.057381650445658024
2026-08-22T14:47:16.361858+00:00,e85c645134dafe5024515cf86aa8b00f0ed7e8e9,8,configs/s5_analysis_bn.yaml,3.12.13,Linux-6.12.90+-x86_64-with-glibc2.35,rag_neural_symbolic_feedback,1,42,1,1.4315008657470844e-07,0.6480352859348986,-0.648035142784812
2026-08-22T14:47:16.361858+00:00,e85c645134dafe5024515cf86aa8b00f0ed7e8e9,8,configs/s5_analysis_bn.yaml,3.12.13,Linux-6.12.90+-x86_64-with-glibc2.35,rag_neural_symbolic_feedback,1,42,2,0.8659489593986166,0.8843515871470796,-0.01840262774846302
2026-08-22T14:47:16.361858+00:00,e85c645134dafe5024515cf86aa8b00f0ed7e8e9,8,configs/s5_analysis_bn.yaml,3.12.13,Linux-6.12.90+-x86_64-with-glibc2.35,rag_neural_loop,0,42,1,0.13809995685571919,0.02577868761457036,0.11232126924114882
2026-08-22T14:47:16.361858+00:00,e85c645134dafe5024515cf86aa8b00f0ed7e8e9,8,configs/s5_analysis_bn.yaml,3.12.13,Linux-6.12.90+-x86_64-with-glibc2.35,rag_neural_loop,0,42,2,0.04995534230640386,0.01736271955893165,0.03259262274747221
2026-08-22T14:47:16.361858+00:00,e85c645134dafe5024515cf86aa8b00f0ed7e8e9,8,configs/s5_analysis_bn.yaml,3.12.13,Linux-6.12.90+-x86_64-with-glibc2.35,rag_neural_loop,0,42,3,0.618822153333427,0.22692277768343894,0.3918993756499881
2026-08-22T14:47:16.361858+00:00,e85c645134dafe5024515cf86aa8b00f0ed7e8e9,8,configs/s5_analysis_bn.yaml,3.12.13,Linux-6.12.90+-x86_64-with-glibc2.35,rag_symbolic_loop,0,42,1,0.13809995685571919,0.02577868761457036,0.11232126924114882
2026-08-22T14:47:16.361858+00:00,e85c645134dafe5024515cf86aa8b00f0ed7e8e9,8,configs/s5_analysis_bn.yaml,3.12.13,Linux-6.12.90+-x86_64-with-glibc2.35,rag_neural_symbolic_feedback,0,42,1,0.13809995685571919,0.02577868761457036,0.11232126924114882
2026-08-22T14:47:16.361858+00:00,e85c645134dafe5024515cf86aa8b00f0ed7e8e9,8,configs/s5_analysis_bn.yaml,3.12.13,Linux-6.12.90+-x86_64-with-glibc2.35,rag_neural_symbolic_feedback,0,42,2,0.9502537802817059,0.027448292226555093,0.9228054880551508
2026-08-22T14:47:16.361858+00:00,e85c645134dafe5024515cf86aa8b00f0ed7e8e9,8,configs/s5_analysis_bn.yaml,3.12.13,Linux-6.12.90+-x86_64-with-glibc2.35,rag_neural_loop,1,42,1,0.9999982797992094,0.9709975763192752,0.02900070347993422
2026-08-22T14:47:16.361858+00:00,e85c645134dafe5024515cf86aa8b00f0ed7e8e9,8,configs/s5_analysis_bn.yaml,3.12.13,Linux-6.12.90+-x86_64-with-glibc2.35,rag_symbolic_loop,1,42,1,0.9999982797992094,0.9709975763192752,0.02900070347993422
2026-08-22T14:47:16.361858+00:00,e85c645134dafe5024515cf86aa8b00f0ed7e8e9,8,configs/s5_analysis_bn.yaml,3.12.13,Linux-6.12.90+-x86_64-with-glibc2.35,rag_symbolic_loop,1,42,2,0.01315771187241831,0.8413350735220839,-0.8281773616496656
2026-08-22T14:47:16.361858+00:00,e85c645134dafe5024515cf86aa8b00f0ed7e8e9,8,configs/s5_analysis_bn.yaml,3.12.13,Linux-6.12.90+-x86_64-with-glibc2.35,rag_symbolic_loop,1,42,3,0.010133241814813286,0.9005250358677459,-0.8903917940529327
2026-08-22T14:47:16.361858+00:00,e85c645134dafe5024515cf86aa8b00f0ed7e8e9,8,configs/s5_analysis_bn.yaml,3.12.13,Linux-6.12.90+-x86_64-with-glibc2.35,rag_neural_symbolic_feedback,1,42,1,0.9999982797992094,0.9709975763192752,0.02900070347993422
2026-08-22T14:47:16.361858+00:00,e85c645134dafe5024515cf86aa8b00f0ed7e8e9,8,configs/s5_analysis_bn.yaml,3.12.13,Linux-6.12.90+-x86_64-with-glibc2.35,rag_neural_loop,0,42,1,2.5522205340244852e-05,0.0224914755153508,-0.022465953310010556
2026-08-22T14:47:16.361858+00:00,e85c645134dafe5024515cf86aa8b00f0ed7e8e9,8,configs/s5_analysis_bn.yaml,3.12.13,Linux-6.12.90+-x86_64-with-glibc2.35,rag_neural_loop,0,42,2,0.9999999996696995,0.9172959195158853,0.08270408015381425
2026-08-22T14:47:16.361858+00:00,e85c645134dafe5024515cf86aa8b00f0ed7e8e9,8,configs/s5_analysis_bn.yaml,3.12.13,Linux-6.12.90+-x86_64-with-glibc2.35,rag_symbolic_loop,0,42,1,2.5522205340244852e-05,0.0224914755153508,-0.022465953310010556
2026-08-22T14:47:16.361858+00:00,e85c645134dafe5024515cf86aa8b00f0ed7e8e9,8,configs/s5_analysis_bn.yaml,3.12.13,Linux-6.12.90+-x86_64-with-glibc2.35,rag_neural_symbolic_feedback,0,42,1,2.5522205340244852e-05,0.0224914755153508,-0.022465953310010556
2026-08-22T14:47:16.361858+00:00,e85c645134dafe5024515cf86aa8b00f0ed7e8e9,8,configs/s5_analysis_bn.yaml,3.12.13,Linux-6.12.90+-x86_64-with-glibc2.35,rag_neural_symbolic_feedback,0,42,2,0.9999999976112447,0.9833107020750931,0.016689295536151616
2026-08-22T14:47:16.361858+00:00,e85c645134dafe5024515cf86aa8b00f0ed7e8e9,8,configs/s5_analysis_bn.yaml,3.12.13,Linux-6.12.90+-x86_64-with-glibc2.35,rag_neural_loop,1,42,1,0.999920791043748,0.9721764062233607,0.027744384820387324
2026-08-22T14:47:16.361858+00:00,e85c645134dafe5024515cf86aa8b00f0ed7e8e9,8,configs/s5_analysis_bn.yaml,3.12.13,Linux-6.12.90+-x86_64-with-glibc2.35,rag_symbolic_loop,1,42,1,0.999920791043748,0.9721764062233607,0.027744384820387324
2026-08-22T14:47:16.361858+00:00,e85c645134dafe5024515cf86aa8b00f0ed7e8e9,8,configs/s5_analysis_bn.yaml,3.12.13,Linux-6.12.90+-x86_64-with-glibc2.35,rag_neural_symbolic_feedback,1,42,1,0.999920791043748,0.9721764062233607,0.027744384820387324
2026-08-22T14:47:16.361858+00:00,e85c645134dafe5024515cf86aa8b00f0ed7e8e9,8,configs/s5_analysis_bn.yaml,3.12.13,Linux-6.12.90+-x86_64-with-glibc2.35,rag_neural_loop,0,42,1,0.7580083648185285,0.029196855380900333,0.7288115094376282
2026-08-22T14:47:16.361858+00:00,e85c645134dafe5024515cf86aa8b00f0ed7e8e9,8,configs/s5_analysis_bn.yaml,3.12.13,Linux-6.12.90+-x86_64-with-glibc2.35,rag_symbolic_loop,0,42,1,0.7580083648185285,0.029196855380900333,0.7288115094376282
2026-08-22T14:47:16.361858+00:00,e85c645134dafe5024515cf86aa8b00f0ed7e8e9,8,configs/s5_analysis_bn.yaml,3.12.13,Linux-6.12.90+-x86_64-with-glibc2.35,rag_neural_symbolic_feedback,0,42,1,0.7580083648185285,0.029196855380900333,0.7288115094376282
2026-08-22T14:47:16.361858+00:00,e85c645134dafe5024515cf86aa8b00f0ed7e8e9,8,configs/s5_analysis_bn.yaml,3.12.13,Linux-6.12.90+-x86_64-with-glibc2.35,rag_neural_loop,1,42,1,0.9999965206923802,0.9151354141098577,0.08486110658252255
2026-08-22T14:47:16.361858+00:00,e85c645134dafe5024515cf86aa8b00f0ed7e8e9,8,configs/s5_analysis_bn.yaml,3.12.13,Linux-6.12.90+-x86_64-with-glibc2.35,rag_symbolic_loop,1,42,1,0.9999965206923802,0.9151354141098577,0.08486110658252255
2026-08-22T14:47:16.361858+00:00,e85c645134dafe5024515cf86aa8b00f0ed7e8e9,8,configs/s5_analysis_bn.yaml,3.12.13,Linux-6.12.90+-x86_64-with-glibc2.35,rag_neural_symbolic_feedback,1,42,1,0.9999965206923802,0.9151354141098577,0.08486110658252255
2026-08-22T14:47:16.361858+00:00,e85c645134dafe5024515cf86aa8b00f0ed7e8e9,8,configs/s5_analysis_bn.yaml,3.12.13,Linux-6.12.90+-x86_64-with-glibc2.35,rag_neural_loop,0,42,1,0.9999999999409197,0.9857069235146864,0.014293076426233342
2026-08-22T14:47:16.361858+00:00,e85c645134dafe5024515cf86aa8b00f0ed7e8e9,8,configs/s5_analysis_bn.yaml,3.12.13,Linux-6.12.90+-x86_64-with-glibc2.35,rag_symbolic_loop,0,42,1,0.9999999999409197,0.9857069235146864,0.014293076426233342
2026-08-22T14:47:16.361858+00:00,e85c645134dafe5024515cf86aa8b00f0ed7e8e9,8,configs/s5_analysis_bn.yaml,3.12.13,Linux-6.12.90+-x86_64-with-glibc2.35,rag_neural_symbolic_feedback,0,42,1,0.9999999999409197,0.9857069235146864,0.014293076426233342
2026-08-22T14:47:16.361858+00:00,e85c645134dafe5024515cf86aa8b00f0ed7e8e9,8,configs/s5_analysis_bn.yaml,3.12.13,Linux-6.12.90+-x86_64-with-glibc2.35,rag_neural_loop,1,42,1,0.9086855141193194,0.9589206175563817,-0.05023510343706228
2026-08-22T14:47:16.361858+00:00,e85c645134dafe5024515cf86aa8b00f0ed7e8e9,8,configs/s5_analysis_bn.yaml,3.12.13,Linux-6.12.90+-x86_64-with-glibc2.35,rag_symbolic_loop,1,42,1,0.9086855141193194,0.9589206175563817,-0.05023510343706228
2026-08-22T14:47:16.361858+00:00,e85c645134dafe5024515cf86aa8b00f0ed7e8e9,8,configs/s5_analysis_bn.yaml,3.12.13,Linux-6.12.90+-x86_64-with-glibc2.35,rag_symbolic_loop,1,42,2,0.0012851770442562816,0.690643789159911,-0.6893586121156547
2026-08-22T14:47:16.361858+00:00,e85c645134dafe5024515cf86aa8b00f0ed7e8e9,8,configs/s5_analysis_bn.yaml,3.12.13,Linux-6.12.90+-x86_64-with-glibc2.35,rag_symbolic_loop,1,42,3,0.0004340935592814413,0.22449407338031785,-0.2240599798210364
2026-08-22T14:47:16.361858+00:00,e85c645134dafe5024515cf86aa8b00f0ed7e8e9,8,configs/s5_analysis_bn.yaml,3.12.13,Linux-6.12.90+-x86_64-with-glibc2.35,rag_neural_symbolic_feedback,1,42,1,0.9086855141193194,0.9589206175563817,-0.05023510343706228
2026-08-22T14:47:16.361858+00:00,e85c645134dafe5024515cf86aa8b00f0ed7e8e9,8,configs/s5_analysis_bn.yaml,3.12.13,Linux-6.12.90+-x86_64-with-glibc2.35,rag_neural_loop,0,42,1,0.9999999996347,0.9835595908998159,0.01644040873488406
2026-08-22T14:47:16.361858+00:00,e85c645134dafe5024515cf86aa8b00f0ed7e8e9,8,configs/s5_analysis_bn.yaml,3.12.13,Linux-6.12.90+-x86_64-with-glibc2.35,rag_symbolic_loop,0,42,1,0.9999999996347,0.9835595908998159,0.01644040873488406
2026-08-22T14:47:16.361858+00:00,e85c645134dafe5024515cf86aa8b00f0ed7e8e9,8,configs/s5_analysis_bn.yaml,3.12.13,Linux-6.12.90+-x86_64-with-glibc2.35,rag_neural_symbolic_feedback,0,42,1,0.9999999996347,0.9835595908998159,0.01644040873488406
2026-08-22T14:47:16.361858+00:00,e85c645134dafe5024515cf86aa8b00f0ed7e8e9,8,configs/s5_analysis_bn.yaml,3.12.13,Linux-6.12.90+-x86_64-with-glibc2.35,rag_neural_loop,1,42,1,0.9999999765080999,0.9764983808951289,0.02350159561297105
2026-08-22T14:47:16.361858+00:00,e85c645134dafe5024515cf86aa8b00f0ed7e8e9,8,configs/s5_analysis_bn.yaml,3.12.13,Linux-6.12.90+-x86_64-with-glibc2.35,rag_symbolic_loop,1,42,1,0.9999999765080999,0.9764983808951289,0.02350159561297105
2026-08-22T14:47:16.361858+00:00,e85c645134dafe5024515cf86aa8b00f0ed7e8e9,8,configs/s5_analysis_bn.yaml,3.12.13,Linux-6.12.90+-x86_64-with-glibc2.35,rag_symbolic_loop,1,42,2,0.9998849243087328,0.9639915801210348,0.03589334418769796
2026-08-22T14:47:16.361858+00:00,e85c645134dafe5024515cf86aa8b00f0ed7e8e9,8,configs/s5_analysis_bn.yaml,3.12.13,Linux-6.12.90+-x86_64-with-glibc2.35,rag_symbolic_loop,1,42,3,0.9939109904591666,0.9651786251479365,0.028732365311230135
2026-08-22T14:47:16.361858+00:00,e85c645134dafe5024515cf86aa8b00f0ed7e8e9,8,configs/s5_analysis_bn.yaml,3.12.13,Linux-6.12.90+-x86_64-with-glibc2.35,rag_neural_symbolic_feedback,1,42,1,0.9999999765080999,0.9764983808951289,0.02350159561297105
2026-08-22T14:47:16.361858+00:00,e85c645134dafe5024515cf86aa8b00f0ed7e8e9,8,configs/s5_analysis_bn.yaml,3.12.13,Linux-6.12.90+-x86_64-with-glibc2.35,rag_neural_loop,0,42,1,0.9999954185299418,0.246508614872901,0.7534868036570408
2026-08-22T14:47:16.361858+00:00,e85c645134dafe5024515cf86aa8b00f0ed7e8e9,8,configs/s5_analysis_bn.yaml,3.12.13,Linux-6.12.90+-x86_64-with-glibc2.35,rag_symbolic_loop,0,42,1,0.9999954185299418,0.246508614872901,0.7534868036570408
2026-08-22T14:47:16.361858+00:00,e85c645134dafe5024515cf86aa8b00f0ed7e8e9,8,configs/s5_analysis_bn.yaml,3.12.13,Linux-6.12.90+-x86_64-with-glibc2.35,rag_neural_symbolic_feedback,0,42,1,0.9999954185299418,0.246508614872901,0.7534868036570408
2026-08-22T14:47:16.361858+00:00,e85c645134dafe5024515cf86aa8b00f0ed7e8e9,8,configs/s5_analysis_bn.yaml,3.12.13,Linux-6.12.90+-x86_64-with-glibc2.35,rag_neural_loop,1,42,1,0.9997867976230538,0.938546507573611,0.06124029004944276
2026-08-22T14:47:16.361858+00:00,e85c645134dafe5024515cf86aa8b00f0ed7e8e9,8,configs/s5_analysis_bn.yaml,3.12.13,Linux-6.12.90+-x86_64-with-glibc2.35,rag_symbolic_loop,1,42,1,0.9997867976230538,0.938546507573611,0.06124029004944276
2026-08-22T14:47:16.361858+00:00,e85c645134dafe5024515cf86aa8b00f0ed7e8e9,8,configs/s5_analysis_bn.yaml,3.12.13,Linux-6.12.90+-x86_64-with-glibc2.35,rag_symbolic_loop,1,42,2,3.006924618027742e-07,0.015371223828761351,-0.015370923136299548
2026-08-22T14:47:16.361858+00:00,e85c645134dafe5024515cf86aa8b00f0ed7e8e9,8,configs/s5_analysis_bn.yaml,3.12.13,Linux-6.12.90+-x86_64-with-glibc2.35,rag_neural_symbolic_feedback,1,42,1,0.9997867976230538,0.938546507573611,0.06124029004944276
2026-08-22T14:47:16.361858+00:00,e85c645134dafe5024515cf86aa8b00f0ed7e8e9,8,configs/s5_analysis_bn.yaml,3.12.13,Linux-6.12.90+-x86_64-with-glibc2.35,rag_neural_loop,0,42,1,0.0018043620056333864,0.026420798036814408,-0.02461643603118102
2026-08-22T14:47:16.361858+00:00,e85c645134dafe5024515cf86aa8b00f0ed7e8e9,8,configs/s5_analysis_bn.yaml,3.12.13,Linux-6.12.90+-x86_64-with-glibc2.35,rag_neural_loop,0,42,2,0.9999999999087275,0.9701520736399608,0.029847926268766645
2026-08-22T14:47:16.361858+00:00,e85c645134dafe5024515cf86aa8b00f0ed7e8e9,8,configs/s5_analysis_bn.yaml,3.12.13,Linux-6.12.90+-x86_64-with-glibc2.35,rag_symbolic_loop,0,42,1,0.0018043620056333864,0.026420798036814408,-0.02461643603118102
2026-08-22T14:47:16.361858+00:00,e85c645134dafe5024515cf86aa8b00f0ed7e8e9,8,configs/s5_analysis_bn.yaml,3.12.13,Linux-6.12.90+-x86_64-with-glibc2.35,rag_neural_symbolic_feedback,0,42,1,0.0018043620056333864,0.026420798036814408,-0.02461643603118102
2026-08-22T14:47:16.361858+00:00,e85c645134dafe5024515cf86aa8b00f0ed7e8e9,8,configs/s5_analysis_bn.yaml,3.12.13,Linux-6.12.90+-x86_64-with-glibc2.35,rag_neural_symbolic_feedback,0,42,2,0.9999999952293233,0.9758073337862707,0.024192661443052543
2026-08-22T14:47:16.361858+00:00,e85c645134dafe5024515cf86aa8b00f0ed7e8e9,8,configs/s5_analysis_bn.yaml,3.12.13,Linux-6.12.90+-x86_64-with-glibc2.35,rag_neural_loop,1,42,1,0.9851370647738558,0.9469871832661579,0.038149881507697825
2026-08-22T14:47:16.361858+00:00,e85c645134dafe5024515cf86aa8b00f0ed7e8e9,8,configs/s5_analysis_bn.yaml,3.12.13,Linux-6.12.90+-x86_64-with-glibc2.35,rag_symbolic_loop,1,42,1,0.9851370647738558,0.9469871832661579,0.038149881507697825
2026-08-22T14:47:16.361858+00:00,e85c645134dafe5024515cf86aa8b00f0ed7e8e9,8,configs/s5_analysis_bn.yaml,3.12.13,Linux-6.12.90+-x86_64-with-glibc2.35,rag_symbolic_loop,1,42,2,0.24287173374140858,0.9669452557553982,-0.7240735220139897
2026-08-22T14:47:16.361858+00:00,e85c645134dafe5024515cf86aa8b00f0ed7e8e9,8,configs/s5_analysis_bn.yaml,3.12.13,Linux-6.12.90+-x86_64-with-glibc2.35,rag_symbolic_loop,1,42,3,0.0006506599964288917,0.9728530436867646,-0.9722023836903357
2026-08-22T14:47:16.361858+00:00,e85c645134dafe5024515cf86aa8b00f0ed7e8e9,8,configs/s5_analysis_bn.yaml,3.12.13,Linux-6.12.90+-x86_64-with-glibc2.35,rag_neural_symbolic_feedback,1,42,1,0.9851370647738558,0.9469871832661579,0.038149881507697825
2026-08-22T14:47:16.361858+00:00,e85c645134dafe5024515cf86aa8b00f0ed7e8e9,8,configs/s5_analysis_bn.yaml,3.12.13,Linux-6.12.90+-x86_64-with-glibc2.35,rag_neural_loop,0,42,1,0.01084972886022273,0.19988864975515086,-0.18903892089492813
2026-08-22T14:47:16.361858+00:00,e85c645134dafe5024515cf86aa8b00f0ed7e8e9,8,configs/s5_analysis_bn.yaml,3.12.13,Linux-6.12.90+-x86_64-with-glibc2.35,rag_neural_loop,0,42,2,0.9999999999921412,0.9809501454042844,0.019049854587856796
2026-08-22T14:47:16.361858+00:00,e85c645134dafe5024515cf86aa8b00f0ed7e8e9,8,configs/s5_analysis_bn.yaml,3.12.13,Linux-6.12.90+-x86_64-with-glibc2.35,rag_symbolic_loop,0,42,1,0.01084972886022273,0.19988864975515086,-0.18903892089492813
2026-08-22T14:47:16.361858+00:00,e85c645134dafe5024515cf86aa8b00f0ed7e8e9,8,configs/s5_analysis_bn.yaml,3.12.13,Linux-6.12.90+-x86_64-with-glibc2.35,rag_neural_symbolic_feedback,0,42,1,0.01084972886022273,0.19988864975515086,-0.18903892089492813
2026-08-22T14:47:16.361858+00:00,e85c645134dafe5024515cf86aa8b00f0ed7e8e9,8,configs/s5_analysis_bn.yaml,3.12.13,Linux-6.12.90+-x86_64-with-glibc2.35,rag_neural_symbolic_feedback,0,42,2,0.999999999998686,0.9812220711656594,0.018777928833026647
2026-08-22T14:47:16.361858+00:00,e85c645134dafe5024515cf86aa8b00f0ed7e8e9,8,configs/s5_analysis_bn.yaml,3.12.13,Linux-6.12.90+-x86_64-with-glibc2.35,rag_neural_loop,1,42,1,0.9999926470491669,0.9667200582352491,0.033272588813917814
2026-08-22T14:47:16.361858+00:00,e85c645134dafe5024515cf86aa8b00f0ed7e8e9,8,configs/s5_analysis_bn.yaml,3.12.13,Linux-6.12.90+-x86_64-with-glibc2.35,rag_symbolic_loop,1,42,1,0.9999926470491669,0.9667200582352491,0.033272588813917814
2026-08-22T14:47:16.361858+00:00,e85c645134dafe5024515cf86aa8b00f0ed7e8e9,8,configs/s5_analysis_bn.yaml,3.12.13,Linux-6.12.90+-x86_64-with-glibc2.35,rag_symbolic_loop,1,42,2,0.9999947345759229,0.9719756592558558,0.02801907532006709
2026-08-22T14:47:16.361858+00:00,e85c645134dafe5024515cf86aa8b00f0ed7e8e9,8,configs/s5_analysis_bn.yaml,3.12.13,Linux-6.12.90+-x86_64-with-glibc2.35,rag_symbolic_loop,1,42,3,0.9999999215439718,0.934202818547767,0.06579710299620478
2026-08-22T14:47:16.361858+00:00,e85c645134dafe5024515cf86aa8b00f0ed7e8e9,8,configs/s5_analysis_bn.yaml,3.12.13,Linux-6.12.90+-x86_64-with-glibc2.35,rag_neural_symbolic_feedback,1,42,1,0.9999926470491669,0.9667202069687802,0.033272440080386656
2026-08-22T14:47:16.361858+00:00,e85c645134dafe5024515cf86aa8b00f0ed7e8e9,8,configs/s5_analysis_bn.yaml,3.12.13,Linux-6.12.90+-x86_64-with-glibc2.35,rag_neural_loop,0,42,1,0.999999802862994,0.9796292108392579,0.020370592023736034
2026-08-22T14:47:16.361858+00:00,e85c645134dafe5024515cf86aa8b00f0ed7e8e9,8,configs/s5_analysis_bn.yaml,3.12.13,Linux-6.12.90+-x86_64-with-glibc2.35,rag_symbolic_loop,0,42,1,0.999999802862994,0.9796292108392579,0.020370592023736034
2026-08-22T14:47:16.361858+00:00,e85c645134dafe5024515cf86aa8b00f0ed7e8e9,8,configs/s5_analysis_bn.yaml,3.12.13,Linux-6.12.90+-x86_64-with-glibc2.35,rag_neural_symbolic_feedback,0,42,1,0.999999802862994,0.9796292108392579,0.020370592023736034
2026-08-22T14:47:16.361858+00:00,e85c645134dafe5024515cf86aa8b00f0ed7e8e9,8,configs/s5_analysis_bn.yaml,3.12.13,Linux-6.12.90+-x86_64-with-glibc2.35,rag_neural_loop,1,42,1,4.410337375678937e-09,0.02634792937793398,-0.026347924967596602
2026-08-22T14:47:16.361858+00:00,e85c645134dafe5024515cf86aa8b00f0ed7e8e9,8,configs/s5_analysis_bn.yaml,3.12.13,Linux-6.12.90+-x86_64-with-glibc2.35,rag_neural_loop,1,42,2,0.0013281611856995055,0.14326112437248822,-0.14193296318678872
2026-08-22T14:47:16.361858+00:00,e85c645134dafe5024515cf86aa8b00f0ed7e8e9,8,configs/s5_analysis_bn.yaml,3.12.13,Linux-6.12.90+-x86_64-with-glibc2.35,rag_neural_loop,1,42,3,0.999999959013591,0.8838645050872184,0.11613545392637259
2026-08-22T14:47:16.361858+00:00,e85c645134dafe5024515cf86aa8b00f0ed7e8e9,8,configs/s5_analysis_bn.yaml,3.12.13,Linux-6.12.90+-x86_64-with-glibc2.35,rag_symbolic_loop,1,42,1,4.410337375678937e-09,0.02634792937793398,-0.026347924967596602
2026-08-22T14:47:16.361858+00:00,e85c645134dafe5024515cf86aa8b00f0ed7e8e9,8,configs/s5_analysis_bn.yaml,3.12.13,Linux-6.12.90+-x86_64-with-glibc2.35,rag_neural_symbolic_feedback,1,42,1,4.410337375678937e-09,0.02634792937793398,-0.026347924967596602
2026-08-22T14:47:16.361858+00:00,e85c645134dafe5024515cf86aa8b00f0ed7e8e9,8,configs/s5_analysis_bn.yaml,3.12.13,Linux-6.12.90+-x86_64-with-glibc2.35,rag_neural_symbolic_feedback,1,42,2,0.0006814395671203622,0.7008978791864724,-0.700216439619352
2026-08-22T14:47:16.361858+00:00,e85c645134dafe5024515cf86aa8b00f0ed7e8e9,8,configs/s5_analysis_bn.yaml,3.12.13,Linux-6.12.90+-x86_64-with-glibc2.35,rag_neural_symbolic_feedback,1,42,3,0.0002838987286621127,0.3120277156064665,-0.3117438168778044
2026-08-22T14:47:16.361858+00:00,e85c645134dafe5024515cf86aa8b00f0ed7e8e9,8,configs/s5_analysis_bn.yaml,3.12.13,Linux-6.12.90+-x86_64-with-glibc2.35,rag_neural_loop,0,42,1,0.18616929282500572,0.02449107581753973,0.16167821700746599
2026-08-22T14:47:16.361858+00:00,e85c645134dafe5024515cf86aa8b00f0ed7e8e9,8,configs/s5_analysis_bn.yaml,3.12.13,Linux-6.12.90+-x86_64-with-glibc2.35,rag_neural_loop,0,42,2,0.01954415812684429,0.021910932590514798,-0.002366774463670507
2026-08-22T14:47:16.361858+00:00,e85c645134dafe5024515cf86aa8b00f0ed7e8e9,8,configs/s5_analysis_bn.yaml,3.12.13,Linux-6.12.90+-x86_64-with-glibc2.35,rag_neural_loop,0,42,3,5.432954340856e-07,0.016650876572549933,-0.016650333277115847
2026-08-22T14:47:16.361858+00:00,e85c645134dafe5024515cf86aa8b00f0ed7e8e9,8,configs/s5_analysis_bn.yaml,3.12.13,Linux-6.12.90+-x86_64-with-glibc2.35,rag_symbolic_loop,0,42,1,0.18616929282500572,0.02449107581753973,0.16167821700746599
2026-08-22T14:47:16.361858+00:00,e85c645134dafe5024515cf86aa8b00f0ed7e8e9,8,configs/s5_analysis_bn.yaml,3.12.13,Linux-6.12.90+-x86_64-with-glibc2.35,rag_neural_symbolic_feedback,0,42,1,0.18616929282500572,0.02449107581753973,0.16167821700746599
2026-08-22T14:47:16.361858+00:00,e85c645134dafe5024515cf86aa8b00f0ed7e8e9,8,configs/s5_analysis_bn.yaml,3.12.13,Linux-6.12.90+-x86_64-with-glibc2.35,rag_neural_symbolic_feedback,0,42,2,1.7929022222418212e-07,0.018508251901995898,-0.018508072611773674
2026-08-22T14:47:16.361858+00:00,e85c645134dafe5024515cf86aa8b00f0ed7e8e9,8,configs/s5_analysis_bn.yaml,3.12.13,Linux-6.12.90+-x86_64-with-glibc2.35,rag_neural_symbolic_feedback,0,42,3,0.001742648063125074,0.05745960636783132,-0.05571695830470624
2026-08-22T14:47:16.361858+00:00,e85c645134dafe5024515cf86aa8b00f0ed7e8e9,8,configs/s5_analysis_bn.yaml,3.12.13,Linux-6.12.90+-x86_64-with-glibc2.35,rag_neural_loop,1,42,1,0.7958216124258605,0.9815804991503828,-0.18575888672452234
2026-08-22T14:47:16.361858+00:00,e85c645134dafe5024515cf86aa8b00f0ed7e8e9,8,configs/s5_analysis_bn.yaml,3.12.13,Linux-6.12.90+-x86_64-with-glibc2.35,rag_symbolic_loop,1,42,1,0.7958216124258605,0.9815804991503828,-0.18575888672452234
2026-08-22T14:47:16.361858+00:00,e85c645134dafe5024515cf86aa8b00f0ed7e8e9,8,configs/s5_analysis_bn.yaml,3.12.13,Linux-6.12.90+-x86_64-with-glibc2.35,rag_neural_symbolic_feedback,1,42,1,0.7958216124258605,0.9815804991503828,-0.18575888672452234
2026-08-22T14:47:16.361858+00:00,e85c645134dafe5024515cf86aa8b00f0ed7e8e9,8,configs/s5_analysis_bn.yaml,3.12.13,Linux-6.12.90+-x86_64-with-glibc2.35,rag_neural_loop,0,42,1,0.9999999999999994,0.9851185879320183,0.014881412067981103
2026-08-22T14:47:16.361858+00:00,e85c645134dafe5024515cf86aa8b00f0ed7e8e9,8,configs/s5_analysis_bn.yaml,3.12.13,Linux-6.12.90+-x86_64-with-glibc2.35,rag_symbolic_loop,0,42,1,0.9999999999999994,0.9851185879320183,0.014881412067981103
2026-08-22T14:47:16.361858+00:00,e85c645134dafe5024515cf86aa8b00f0ed7e8e9,8,configs/s5_analysis_bn.yaml,3.12.13,Linux-6.12.90+-x86_64-with-glibc2.35,rag_neural_symbolic_feedback,0,42,1,0.9999999999999994,0.9851185879320183,0.014881412067981103
2026-08-22T14:47:16.361858+00:00,e85c645134dafe5024515cf86aa8b00f0ed7e8e9,8,configs/s5_analysis_bn.yaml,3.12.13,Linux-6.12.90+-x86_64-with-glibc2.35,rag_neural_loop,1,42,1,0.9928245473916016,0.8953552753065454,0.09746927208505629
2026-08-22T14:47:16.361858+00:00,e85c645134dafe5024515cf86aa8b00f0ed7e8e9,8,configs/s5_analysis_bn.yaml,3.12.13,Linux-6.12.90+-x86_64-with-glibc2.35,rag_symbolic_loop,1,42,1,0.9928245473916016,0.8953552753065454,0.09746927208505629
2026-08-22T14:47:16.361858+00:00,e85c645134dafe5024515cf86aa8b00f0ed7e8e9,8,configs/s5_analysis_bn.yaml,3.12.13,Linux-6.12.90+-x86_64-with-glibc2.35,rag_symbolic_loop,1,42,2,0.9996831817515682,0.9629087581239404,0.03677442362762784
2026-08-22T14:47:16.361858+00:00,e85c645134dafe5024515cf86aa8b00f0ed7e8e9,8,configs/s5_analysis_bn.yaml,3.12.13,Linux-6.12.90+-x86_64-with-glibc2.35,rag_symbolic_loop,1,42,3,0.9332804792202116,0.9272493931471024,0.006031086073109204
2026-08-22T14:47:16.361858+00:00,e85c645134dafe5024515cf86aa8b00f0ed7e8e9,8,configs/s5_analysis_bn.yaml,3.12.13,Linux-6.12.90+-x86_64-with-glibc2.35,rag_neural_symbolic_feedback,1,42,1,0.9928245473916016,0.8953552753065454,0.09746927208505629
2026-08-22T14:47:16.361858+00:00,e85c645134dafe5024515cf86aa8b00f0ed7e8e9,8,configs/s5_analysis_bn.yaml,3.12.13,Linux-6.12.90+-x86_64-with-glibc2.35,rag_neural_loop,0,42,1,8.233844417393499e-08,0.019472678247549724,-0.01947259590910555
2026-08-22T14:47:16.361858+00:00,e85c645134dafe5024515cf86aa8b00f0ed7e8e9,8,configs/s5_analysis_bn.yaml,3.12.13,Linux-6.12.90+-x86_64-with-glibc2.35,rag_neural_loop,0,42,2,0.9999999997513015,0.9828553754335462,0.01714462431775532
2026-08-22T14:47:16.361858+00:00,e85c645134dafe5024515cf86aa8b00f0ed7e8e9,8,configs/s5_analysis_bn.yaml,3.12.13,Linux-6.12.90+-x86_64-with-glibc2.35,rag_symbolic_loop,0,42,1,8.233844417393499e-08,0.019472678247549724,-0.01947259590910555
2026-08-22T14:47:16.361858+00:00,e85c645134dafe5024515cf86aa8b00f0ed7e8e9,8,configs/s5_analysis_bn.yaml,3.12.13,Linux-6.12.90+-x86_64-with-glibc2.35,rag_neural_symbolic_feedback,0,42,1,8.233844417393499e-08,0.019472678247549724,-0.01947259590910555
2026-08-22T14:47:16.361858+00:00,e85c645134dafe5024515cf86aa8b00f0ed7e8e9,8,configs/s5_analysis_bn.yaml,3.12.13,Linux-6.12.90+-x86_64-with-glibc2.35,rag_neural_symbolic_feedback,0,42,2,0.9999999999999938,0.9842266511820885,0.015773348817905264
2026-08-22T14:47:16.361858+00:00,e85c645134dafe5024515cf86aa8b00f0ed7e8e9,8,configs/s5_analysis_bn.yaml,3.12.13,Linux-6.12.90+-x86_64-with-glibc2.35,rag_neural_loop,1,42,1,0.9999999469901898,0.9728035557506555,0.027196391239534323
2026-08-22T14:47:16.361858+00:00,e85c645134dafe5024515cf86aa8b00f0ed7e8e9,8,configs/s5_analysis_bn.yaml,3.12.13,Linux-6.12.90+-x86_64-with-glibc2.35,rag_symbolic_loop,1,42,1,0.9999999469901898,0.9728035557506555,0.027196391239534323
2026-08-22T14:47:16.361858+00:00,e85c645134dafe5024515cf86aa8b00f0ed7e8e9,8,configs/s5_analysis_bn.yaml,3.12.13,Linux-6.12.90+-x86_64-with-glibc2.35,rag_neural_symbolic_feedback,1,42,1,0.9999999469901898,0.9728035557506555,0.027196391239534323
2026-08-22T14:47:16.361858+00:00,e85c645134dafe5024515cf86aa8b00f0ed7e8e9,8,configs/s5_analysis_bn.yaml,3.12.13,Linux-6.12.90+-x86_64-with-glibc2.35,rag_neural_loop,0,42,1,0.08074602525761498,0.08214412717782338,-0.0013981019202083944
2026-08-22T14:47:16.361858+00:00,e85c645134dafe5024515cf86aa8b00f0ed7e8e9,8,configs/s5_analysis_bn.yaml,3.12.13,Linux-6.12.90+-x86_64-with-glibc2.35,rag_neural_loop,0,42,2,0.9999999688917967,0.2704798377011516,0.7295201311906451
2026-08-22T14:47:16.361858+00:00,e85c645134dafe5024515cf86aa8b00f0ed7e8e9,8,configs/s5_analysis_bn.yaml,3.12.13,Linux-6.12.90+-x86_64-with-glibc2.35,rag_symbolic_loop,0,42,1,0.08074602525761498,0.08214412717782338,-0.0013981019202083944
2026-08-22T14:47:16.361858+00:00,e85c645134dafe5024515cf86aa8b00f0ed7e8e9,8,configs/s5_analysis_bn.yaml,3.12.13,Linux-6.12.90+-x86_64-with-glibc2.35,rag_neural_symbolic_feedback,0,42,1,0.08074602525761498,0.08214412717782338,-0.0013981019202083944
2026-08-22T14:47:16.361858+00:00,e85c645134dafe5024515cf86aa8b00f0ed7e8e9,8,configs/s5_analysis_bn.yaml,3.12.13,Linux-6.12.90+-x86_64-with-glibc2.35,rag_neural_symbolic_feedback,0,42,2,0.9999999999999387,0.9852135174846303,0.014786482515308452
2026-08-22T14:47:16.361858+00:00,e85c645134dafe5024515cf86aa8b00f0ed7e8e9,8,configs/s5_analysis_bn.yaml,3.12.13,Linux-6.12.90+-x86_64-with-glibc2.35,rag_neural_loop,1,42,1,1.5300046214650418e-07,0.038303649368205704,-0.03830349636774356
2026-08-22T14:47:16.361858+00:00,e85c645134dafe5024515cf86aa8b00f0ed7e8e9,8,configs/s5_analysis_bn.yaml,3.12.13,Linux-6.12.90+-x86_64-with-glibc2.35,rag_neural_loop,1,42,2,4.267173085592064e-05,0.03910164638329354,-0.03905897465243762
2026-08-22T14:47:16.361858+00:00,e85c645134dafe5024515cf86aa8b00f0ed7e8e9,8,configs/s5_analysis_bn.yaml,3.12.13,Linux-6.12.90+-x86_64-with-glibc2.35,rag_neural_loop,1,42,3,0.9983905092675214,0.949612233721995,0.048778275545526384
2026-08-22T14:47:16.361858+00:00,e85c645134dafe5024515cf86aa8b00f0ed7e8e9,8,configs/s5_analysis_bn.yaml,3.12.13,Linux-6.12.90+-x86_64-with-glibc2.35,rag_symbolic_loop,1,42,1,1.5300046214650418e-07,0.038303649368205704,-0.03830349636774356
2026-08-22T14:47:16.361858+00:00,e85c645134dafe5024515cf86aa8b00f0ed7e8e9,8,configs/s5_analysis_bn.yaml,3.12.13,Linux-6.12.90+-x86_64-with-glibc2.35,rag_symbolic_loop,1,42,2,0.11671969193295254,0.9715440624688032,-0.8548243705358507
2026-08-22T14:47:16.361858+00:00,e85c645134dafe5024515cf86aa8b00f0ed7e8e9,8,configs/s5_analysis_bn.yaml,3.12.13,Linux-6.12.90+-x86_64-with-glibc2.35,rag_symbolic_loop,1,42,3,0.9999995993196311,0.9787425730607049,0.021257026258926226
2026-08-22T14:47:16.361858+00:00,e85c645134dafe5024515cf86aa8b00f0ed7e8e9,8,configs/s5_analysis_bn.yaml,3.12.13,Linux-6.12.90+-x86_64-with-glibc2.35,rag_neural_symbolic_feedback,1,42,1,1.5300046214650418e-07,0.038303649368205704,-0.03830349636774356
2026-08-22T14:47:16.361858+00:00,e85c645134dafe5024515cf86aa8b00f0ed7e8e9,8,configs/s5_analysis_bn.yaml,3.12.13,Linux-6.12.90+-x86_64-with-glibc2.35,rag_neural_symbolic_feedback,1,42,2,0.036273974811961304,0.9505571458259532,-0.9142831710139919
2026-08-22T14:47:16.361858+00:00,e85c645134dafe5024515cf86aa8b00f0ed7e8e9,8,configs/s5_analysis_bn.yaml,3.12.13,Linux-6.12.90+-x86_64-with-glibc2.35,rag_neural_symbolic_feedback,1,42,3,0.8223494570321682,0.875709372412642,-0.0533599153804738
2026-08-22T14:47:16.361858+00:00,e85c645134dafe5024515cf86aa8b00f0ed7e8e9,8,configs/s5_analysis_bn.yaml,3.12.13,Linux-6.12.90+-x86_64-with-glibc2.35,rag_neural_loop,0,42,1,0.0026582823939714784,0.02446603516996748,-0.021807752775996003
2026-08-22T14:47:16.361858+00:00,e85c645134dafe5024515cf86aa8b00f0ed7e8e9,8,configs/s5_analysis_bn.yaml,3.12.13,Linux-6.12.90+-x86_64-with-glibc2.35,rag_neural_loop,0,42,2,0.9997097489102967,0.9832642708904787,0.016445478019817994
2026-08-22T14:47:16.361858+00:00,e85c645134dafe5024515cf86aa8b00f0ed7e8e9,8,configs/s5_analysis_bn.yaml,3.12.13,Linux-6.12.90+-x86_64-with-glibc2.35,rag_symbolic_loop,0,42,1,0.0026582823939714784,0.02446603516996748,-0.021807752775996003
2026-08-22T14:47:16.361858+00:00,e85c645134dafe5024515cf86aa8b00f0ed7e8e9,8,configs/s5_analysis_bn.yaml,3.12.13,Linux-6.12.90+-x86_64-with-glibc2.35,rag_neural_symbolic_feedback,0,42,1,0.0026582823939714784,0.02446603516996748,-0.021807752775996003
2026-08-22T14:47:16.361858+00:00,e85c645134dafe5024515cf86aa8b00f0ed7e8e9,8,configs/s5_analysis_bn.yaml,3.12.13,Linux-6.12.90+-x86_64-with-glibc2.35,rag_neural_symbolic_feedback,0,42,2,6.956716032457955e-06,0.023128190132246873,-0.023121233416214415
2026-08-22T14:47:16.361858+00:00,e85c645134dafe5024515cf86aa8b00f0ed7e8e9,8,configs/s5_analysis_bn.yaml,3.12.13,Linux-6.12.90+-x86_64-with-glibc2.35,rag_neural_symbolic_feedback,0,42,3,0.9999999999998223,0.985174674880798,0.014825325119024235
2026-08-22T14:47:16.361858+00:00,e85c645134dafe5024515cf86aa8b00f0ed7e8e9,8,configs/s5_analysis_bn.yaml,3.12.13,Linux-6.12.90+-x86_64-with-glibc2.35,rag_neural_loop,1,42,1,0.9999999470115325,0.9547237411410867,0.045276205870445785
2026-08-22T14:47:16.361858+00:00,e85c645134dafe5024515cf86aa8b00f0ed7e8e9,8,configs/s5_analysis_bn.yaml,3.12.13,Linux-6.12.90+-x86_64-with-glibc2.35,rag_symbolic_loop,1,42,1,0.9999999470115325,0.9547237411410867,0.045276205870445785
2026-08-22T14:47:16.361858+00:00,e85c645134dafe5024515cf86aa8b00f0ed7e8e9,8,configs/s5_analysis_bn.yaml,3.12.13,Linux-6.12.90+-x86_64-with-glibc2.35,rag_neural_symbolic_feedback,1,42,1,0.9999999470115325,0.9547237411410867,0.045276205870445785
2026-08-22T14:47:16.361858+00:00,e85c645134dafe5024515cf86aa8b00f0ed7e8e9,8,configs/s5_analysis_bn.yaml,3.12.13,Linux-6.12.90+-x86_64-with-glibc2.35,rag_neural_loop,0,42,1,1.1473044736476368e-12,0.01878811362069821,-0.018788113619550906
2026-08-22T14:47:16.361858+00:00,e85c645134dafe5024515cf86aa8b00f0ed7e8e9,8,configs/s5_analysis_bn.yaml,3.12.13,Linux-6.12.90+-x86_64-with-glibc2.35,rag_neural_loop,0,42,2,0.013032569654914838,0.02387939975325115,-0.010846830098336313
2026-08-22T14:47:16.361858+00:00,e85c645134dafe5024515cf86aa8b00f0ed7e8e9,8,configs/s5_analysis_bn.yaml,3.12.13,Linux-6.12.90+-x86_64-with-glibc2.35,rag_neural_loop,0,42,3,0.0002936704364195908,0.021908045842728208,-0.021614375406308617
2026-08-22T14:47:16.361858+00:00,e85c645134dafe5024515cf86aa8b00f0ed7e8e9,8,configs/s5_analysis_bn.yaml,3.12.13,Linux-6.12.90+-x86_64-with-glibc2.35,rag_symbolic_loop,0,42,1,1.1473044736476368e-12,0.01878811362069821,-0.018788113619550906
2026-08-22T14:47:16.361858+00:00,e85c645134dafe5024515cf86aa8b00f0ed7e8e9,8,configs/s5_analysis_bn.yaml,3.12.13,Linux-6.12.90+-x86_64-with-glibc2.35,rag_neural_symbolic_feedback,0,42,1,1.1473044736476368e-12,0.01878811362069821,-0.018788113619550906
2026-08-22T14:47:16.361858+00:00,e85c645134dafe5024515cf86aa8b00f0ed7e8e9,8,configs/s5_analysis_bn.yaml,3.12.13,Linux-6.12.90+-x86_64-with-glibc2.35,rag_neural_symbolic_feedback,0,42,2,2.55351295663786e-13,0.02081059082939729,-0.02081059082914194
2026-08-22T14:47:16.361858+00:00,e85c645134dafe5024515cf86aa8b00f0ed7e8e9,8,configs/s5_analysis_bn.yaml,3.12.13,Linux-6.12.90+-x86_64-with-glibc2.35,rag_neural_symbolic_feedback,0,42,3,1.068272779236601e-06,0.029559410492396965,-0.029558342219617728
2026-08-22T14:47:16.361858+00:00,e85c645134dafe5024515cf86aa8b00f0ed7e8e9,8,configs/s5_analysis_bn.yaml,3.12.13,Linux-6.12.90+-x86_64-with-glibc2.35,rag_neural_loop,1,42,1,0.9300236381655222,0.9695971896187033,-0.03957355145318109
2026-08-22T14:47:16.361858+00:00,e85c645134dafe5024515cf86aa8b00f0ed7e8e9,8,configs/s5_analysis_bn.yaml,3.12.13,Linux-6.12.90+-x86_64-with-glibc2.35,rag_symbolic_loop,1,42,1,0.9300236381655222,0.9695971896187033,-0.03957355145318109
2026-08-22T14:47:16.361858+00:00,e85c645134dafe5024515cf86aa8b00f0ed7e8e9,8,configs/s5_analysis_bn.yaml,3.12.13,Linux-6.12.90+-x86_64-with-glibc2.35,rag_symbolic_loop,1,42,2,0.9571841094526793,0.9666548460769423,-0.00947073662426301
2026-08-22T14:47:16.361858+00:00,e85c645134dafe5024515cf86aa8b00f0ed7e8e9,8,configs/s5_analysis_bn.yaml,3.12.13,Linux-6.12.90+-x86_64-with-glibc2.35,rag_neural_symbolic_feedback,1,42,1,0.9300236381655222,0.9695971896187033,-0.03957355145318109
2026-08-22T14:47:16.361858+00:00,e85c645134dafe5024515cf86aa8b00f0ed7e8e9,8,configs/s5_analysis_bn.yaml,3.12.13,Linux-6.12.90+-x86_64-with-glibc2.35,rag_neural_loop,0,42,1,0.30537770400336994,0.03754745562002004,0.2678302483833499
2026-08-22T14:47:16.361858+00:00,e85c645134dafe5024515cf86aa8b00f0ed7e8e9,8,configs/s5_analysis_bn.yaml,3.12.13,Linux-6.12.90+-x86_64-with-glibc2.35,rag_neural_loop,0,42,2,0.0009463806197089752,0.018914268870049322,-0.017967888250340347
2026-08-22T14:47:16.361858+00:00,e85c645134dafe5024515cf86aa8b00f0ed7e8e9,8,configs/s5_analysis_bn.yaml,3.12.13,Linux-6.12.90+-x86_64-with-glibc2.35,rag_neural_loop,0,42,3,0.0005240398750799846,0.017500298362060906,-0.016976258486980922
2026-08-22T14:47:16.361858+00:00,e85c645134dafe5024515cf86aa8b00f0ed7e8e9,8,configs/s5_analysis_bn.yaml,3.12.13,Linux-6.12.90+-x86_64-with-glibc2.35,rag_symbolic_loop,0,42,1,0.30537770400336994,0.03754745562002004,0.2678302483833499
2026-08-22T14:47:16.361858+00:00,e85c645134dafe5024515cf86aa8b00f0ed7e8e9,8,configs/s5_analysis_bn.yaml,3.12.13,Linux-6.12.90+-x86_64-with-glibc2.35,rag_neural_symbolic_feedback,0,42,1,0.30537770400336994,0.03754745562002004,0.2678302483833499
2026-08-22T14:47:16.361858+00:00,e85c645134dafe5024515cf86aa8b00f0ed7e8e9,8,configs/s5_analysis_bn.yaml,3.12.13,Linux-6.12.90+-x86_64-with-glibc2.35,rag_neural_symbolic_feedback,0,42,2,0.9998471874946369,0.9831774607380843,0.01666972675655254
2026-08-22T14:47:16.361858+00:00,e85c645134dafe5024515cf86aa8b00f0ed7e8e9,8,configs/s5_analysis_bn.yaml,3.12.13,Linux-6.12.90+-x86_64-with-glibc2.35,rag_neural_loop,1,42,1,0.8200725725669105,0.1019414663724879,0.7181311061944226
2026-08-22T14:47:16.361858+00:00,e85c645134dafe5024515cf86aa8b00f0ed7e8e9,8,configs/s5_analysis_bn.yaml,3.12.13,Linux-6.12.90+-x86_64-with-glibc2.35,rag_symbolic_loop,1,42,1,0.8200725725669105,0.1019414663724879,0.7181311061944226
2026-08-22T14:47:16.361858+00:00,e85c645134dafe5024515cf86aa8b00f0ed7e8e9,8,configs/s5_analysis_bn.yaml,3.12.13,Linux-6.12.90+-x86_64-with-glibc2.35,rag_symbolic_loop,1,42,2,0.9531288534680856,0.9037563224386671,0.04937253102941852
2026-08-22T14:47:16.361858+00:00,e85c645134dafe5024515cf86aa8b00f0ed7e8e9,8,configs/s5_analysis_bn.yaml,3.12.13,Linux-6.12.90+-x86_64-with-glibc2.35,rag_symbolic_loop,1,42,3,0.9998943629001887,0.9508490411949022,0.049045321705286526
2026-08-22T14:47:16.361858+00:00,e85c645134dafe5024515cf86aa8b00f0ed7e8e9,8,configs/s5_analysis_bn.yaml,3.12.13,Linux-6.12.90+-x86_64-with-glibc2.35,rag_neural_symbolic_feedback,1,42,1,0.8200725725669105,0.10194139362049746,0.718131178946413
2026-08-22T14:47:16.361858+00:00,e85c645134dafe5024515cf86aa8b00f0ed7e8e9,8,configs/s5_analysis_bn.yaml,3.12.13,Linux-6.12.90+-x86_64-with-glibc2.35,rag_neural_loop,0,42,1,0.9999999999999735,0.9836843882900769,0.016315611709896594
2026-08-22T14:47:16.361858+00:00,e85c645134dafe5024515cf86aa8b00f0ed7e8e9,8,configs/s5_analysis_bn.yaml,3.12.13,Linux-6.12.90+-x86_64-with-glibc2.35,rag_symbolic_loop,0,42,1,0.9999999999999735,0.9836843882900769,0.016315611709896594
2026-08-22T14:47:16.361858+00:00,e85c645134dafe5024515cf86aa8b00f0ed7e8e9,8,configs/s5_analysis_bn.yaml,3.12.13,Linux-6.12.90+-x86_64-with-glibc2.35,rag_neural_symbolic_feedback,0,42,1,0.9999999999999735,0.9836843882900769,0.016315611709896594
2026-08-22T14:47:16.361858+00:00,e85c645134dafe5024515cf86aa8b00f0ed7e8e9,8,configs/s5_analysis_bn.yaml,3.12.13,Linux-6.12.90+-x86_64-with-glibc2.35,rag_neural_loop,1,42,1,0.9999842772790615,0.9718592336258605,0.02812504365320101
2026-08-22T14:47:16.361858+00:00,e85c645134dafe5024515cf86aa8b00f0ed7e8e9,8,configs/s5_analysis_bn.yaml,3.12.13,Linux-6.12.90+-x86_64-with-glibc2.35,rag_symbolic_loop,1,42,1,0.9999842772790615,0.9718592336258605,0.02812504365320101
2026-08-22T14:47:16.361858+00:00,e85c645134dafe5024515cf86aa8b00f0ed7e8e9,8,configs/s5_analysis_bn.yaml,3.12.13,Linux-6.12.90+-x86_64-with-glibc2.35,rag_symbolic_loop,1,42,2,0.9959527317064885,0.9500335534268196,0.04591917827966885
2026-08-22T14:47:16.361858+00:00,e85c645134dafe5024515cf86aa8b00f0ed7e8e9,8,configs/s5_analysis_bn.yaml,3.12.13,Linux-6.12.90+-x86_64-with-glibc2.35,rag_symbolic_loop,1,42,3,0.9990076854061886,0.9421887252013789,0.0568189602048097
2026-08-22T14:47:16.361858+00:00,e85c645134dafe5024515cf86aa8b00f0ed7e8e9,8,configs/s5_analysis_bn.yaml,3.12.13,Linux-6.12.90+-x86_64-with-glibc2.35,rag_neural_symbolic_feedback,1,42,1,0.9999842772790615,0.9718592336258605,0.02812504365320101
2026-08-22T14:47:16.361858+00:00,e85c645134dafe5024515cf86aa8b00f0ed7e8e9,8,configs/s5_analysis_bn.yaml,3.12.13,Linux-6.12.90+-x86_64-with-glibc2.35,rag_neural_loop,0,42,1,0.9999996809134325,0.9842157262065195,0.01578395470691296
2026-08-22T14:47:16.361858+00:00,e85c645134dafe5024515cf86aa8b00f0ed7e8e9,8,configs/s5_analysis_bn.yaml,3.12.13,Linux-6.12.90+-x86_64-with-glibc2.35,rag_symbolic_loop,0,42,1,0.9999996809134325,0.9842157262065195,0.01578395470691296
2026-08-22T14:47:16.361858+00:00,e85c645134dafe5024515cf86aa8b00f0ed7e8e9,8,configs/s5_analysis_bn.yaml,3.12.13,Linux-6.12.90+-x86_64-with-glibc2.35,rag_symbolic_loop,0,42,2,0.9999999999995544,0.9851807279885357,0.014819272011018625
2026-08-22T14:47:16.361858+00:00,e85c645134dafe5024515cf86aa8b00f0ed7e8e9,8,configs/s5_analysis_bn.yaml,3.12.13,Linux-6.12.90+-x86_64-with-glibc2.35,rag_neural_symbolic_feedback,0,42,1,0.9999996809134325,0.9842157262065195,0.01578395470691296
2026-08-22T14:47:16.361858+00:00,e85c645134dafe5024515cf86aa8b00f0ed7e8e9,8,configs/s5_analysis_bn.yaml,3.12.13,Linux-6.12.90+-x86_64-with-glibc2.35,rag_neural_loop,1,42,1,0.9975399846523808,0.828773889730965,0.1687660949214158
2026-08-22T14:47:16.361858+00:00,e85c645134dafe5024515cf86aa8b00f0ed7e8e9,8,configs/s5_analysis_bn.yaml,3.12.13,Linux-6.12.90+-x86_64-with-glibc2.35,rag_symbolic_loop,1,42,1,0.9975399846523808,0.828773889730965,0.1687660949214158
2026-08-22T14:47:16.361858+00:00,e85c645134dafe5024515cf86aa8b00f0ed7e8e9,8,configs/s5_analysis_bn.yaml,3.12.13,Linux-6.12.90+-x86_64-with-glibc2.35,rag_symbolic_loop,1,42,2,0.9999988398500811,0.9769647302655012,0.023034109584579854
2026-08-22T14:47:16.361858+00:00,e85c645134dafe5024515cf86aa8b00f0ed7e8e9,8,configs/s5_analysis_bn.yaml,3.12.13,Linux-6.12.90+-x86_64-with-glibc2.35,rag_symbolic_loop,1,42,3,0.9999997795784994,0.9691278166035245,0.030871962974974854
2026-08-22T14:47:16.361858+00:00,e85c645134dafe5024515cf86aa8b00f0ed7e8e9,8,configs/s5_analysis_bn.yaml,3.12.13,Linux-6.12.90+-x86_64-with-glibc2.35,rag_neural_symbolic_feedback,1,42,1,0.9975399846523808,0.828773889730965,0.1687660949214158
2026-08-22T14:47:16.361858+00:00,e85c645134dafe5024515cf86aa8b00f0ed7e8e9,8,configs/s5_analysis_bn.yaml,3.12.13,Linux-6.12.90+-x86_64-with-glibc2.35,rag_neural_loop,0,42,1,0.7386054691956399,0.12342511791673749,0.6151803512789024
2026-08-22T14:47:16.361858+00:00,e85c645134dafe5024515cf86aa8b00f0ed7e8e9,8,configs/s5_analysis_bn.yaml,3.12.13,Linux-6.12.90+-x86_64-with-glibc2.35,rag_symbolic_loop,0,42,1,0.7386054691956399,0.12342511791673749,0.6151803512789024
2026-08-22T14:47:16.361858+00:00,e85c645134dafe5024515cf86aa8b00f0ed7e8e9,8,configs/s5_analysis_bn.yaml,3.12.13,Linux-6.12.90+-x86_64-with-glibc2.35,rag_neural_symbolic_feedback,0,42,1,0.7386054691956399,0.12342511791673749,0.6151803512789024
2026-08-22T14:47:16.361858+00:00,e85c645134dafe5024515cf86aa8b00f0ed7e8e9,8,configs/s5_analysis_bn.yaml,3.12.13,Linux-6.12.90+-x86_64-with-glibc2.35,rag_neural_loop,1,42,1,0.9509807761547523,0.9576669428380903,-0.006686166683337991
2026-08-22T14:47:16.361858+00:00,e85c645134dafe5024515cf86aa8b00f0ed7e8e9,8,configs/s5_analysis_bn.yaml,3.12.13,Linux-6.12.90+-x86_64-with-glibc2.35,rag_symbolic_loop,1,42,1,0.9509807761547523,0.9576669428380903,-0.006686166683337991
2026-08-22T14:47:16.361858+00:00,e85c645134dafe5024515cf86aa8b00f0ed7e8e9,8,configs/s5_analysis_bn.yaml,3.12.13,Linux-6.12.90+-x86_64-with-glibc2.35,rag_symbolic_loop,1,42,2,0.9921327772753565,0.8715235012796554,0.12060927599570115
2026-08-22T14:47:16.361858+00:00,e85c645134dafe5024515cf86aa8b00f0ed7e8e9,8,configs/s5_analysis_bn.yaml,3.12.13,Linux-6.12.90+-x86_64-with-glibc2.35,rag_symbolic_loop,1,42,3,0.023810071360390116,0.8775408425275317,-0.8537307711671416
2026-08-22T14:47:16.361858+00:00,e85c645134dafe5024515cf86aa8b00f0ed7e8e9,8,configs/s5_analysis_bn.yaml,3.12.13,Linux-6.12.90+-x86_64-with-glibc2.35,rag_neural_symbolic_feedback,1,42,1,0.9509807761547523,0.9576669428380903,-0.006686166683337991
2026-08-22T14:47:16.361858+00:00,e85c645134dafe5024515cf86aa8b00f0ed7e8e9,8,configs/s5_analysis_bn.yaml,3.12.13,Linux-6.12.90+-x86_64-with-glibc2.35,rag_neural_loop,0,42,1,0.8044878085693545,0.037122078074633746,0.7673657304947208
2026-08-22T14:47:16.361858+00:00,e85c645134dafe5024515cf86aa8b00f0ed7e8e9,8,configs/s5_analysis_bn.yaml,3.12.13,Linux-6.12.90+-x86_64-with-glibc2.35,rag_symbolic_loop,0,42,1,0.8044878085693545,0.037122078074633746,0.7673657304947208
2026-08-22T14:47:16.361858+00:00,e85c645134dafe5024515cf86aa8b00f0ed7e8e9,8,configs/s5_analysis_bn.yaml,3.12.13,Linux-6.12.90+-x86_64-with-glibc2.35,rag_neural_symbolic_feedback,0,42,1,0.8044878085693545,0.037122078074633746,0.7673657304947208
2026-08-22T14:47:16.361858+00:00,e85c645134dafe5024515cf86aa8b00f0ed7e8e9,8,configs/s5_analysis_bn.yaml,3.12.13,Linux-6.12.90+-x86_64-with-glibc2.35,rag_neural_loop,1,42,1,0.00012364717469664282,0.01821304018599483,-0.018089393011298187
2026-08-22T14:47:16.361858+00:00,e85c645134dafe5024515cf86aa8b00f0ed7e8e9,8,configs/s5_analysis_bn.yaml,3.12.13,Linux-6.12.90+-x86_64-with-glibc2.35,rag_neural_loop,1,42,2,0.9999999530842583,0.9644260920142863,0.03557386106997196
2026-08-22T14:47:16.361858+00:00,e85c645134dafe5024515cf86aa8b00f0ed7e8e9,8,configs/s5_analysis_bn.yaml,3.12.13,Linux-6.12.90+-x86_64-with-glibc2.35,rag_symbolic_loop,1,42,1,0.00012364717469664282,0.01821304018599483,-0.018089393011298187
2026-08-22T14:47:16.361858+00:00,e85c645134dafe5024515cf86aa8b00f0ed7e8e9,8,configs/s5_analysis_bn.yaml,3.12.13,Linux-6.12.90+-x86_64-with-glibc2.35,rag_symbolic_loop,1,42,2,0.9999038028975665,0.973568203478272,0.02633559941929453
2026-08-22T14:47:16.361858+00:00,e85c645134dafe5024515cf86aa8b00f0ed7e8e9,8,configs/s5_analysis_bn.yaml,3.12.13,Linux-6.12.90+-x86_64-with-glibc2.35,rag_symbolic_loop,1,42,3,0.9823682528933895,0.854922408161958,0.1274458447314315
2026-08-22T14:47:16.361858+00:00,e85c645134dafe5024515cf86aa8b00f0ed7e8e9,8,configs/s5_analysis_bn.yaml,3.12.13,Linux-6.12.90+-x86_64-with-glibc2.35,rag_neural_symbolic_feedback,1,42,1,0.00012364717469664282,0.01821304018599483,-0.018089393011298187
2026-08-22T14:47:16.361858+00:00,e85c645134dafe5024515cf86aa8b00f0ed7e8e9,8,configs/s5_analysis_bn.yaml,3.12.13,Linux-6.12.90+-x86_64-with-glibc2.35,rag_neural_symbolic_feedback,1,42,2,0.9999992118983358,0.9736495588434497,0.026349653054886124
2026-08-22T14:47:16.361858+00:00,e85c645134dafe5024515cf86aa8b00f0ed7e8e9,8,configs/s5_analysis_bn.yaml,3.12.13,Linux-6.12.90+-x86_64-with-glibc2.35,rag_neural_loop,0,42,1,0.9999999976723771,0.981477331014133,0.01852266665824409
2026-08-22T14:47:16.361858+00:00,e85c645134dafe5024515cf86aa8b00f0ed7e8e9,8,configs/s5_analysis_bn.yaml,3.12.13,Linux-6.12.90+-x86_64-with-glibc2.35,rag_symbolic_loop,0,42,1,0.9999999976723771,0.981477331014133,0.01852266665824409
2026-08-22T14:47:16.361858+00:00,e85c645134dafe5024515cf86aa8b00f0ed7e8e9,8,configs/s5_analysis_bn.yaml,3.12.13,Linux-6.12.90+-x86_64-with-glibc2.35,rag_neural_symbolic_feedback,0,42,1,0.9999999976723771,0.981477331014133,0.01852266665824409
2026-08-22T14:47:16.361858+00:00,e85c645134dafe5024515cf86aa8b00f0ed7e8e9,8,configs/s5_analysis_bn.yaml,3.12.13,Linux-6.12.90+-x86_64-with-glibc2.35,rag_neural_loop,1,42,1,0.9999999302732527,0.9638844669353726,0.03611546333788018
2026-08-22T14:47:16.361858+00:00,e85c645134dafe5024515cf86aa8b00f0ed7e8e9,8,configs/s5_analysis_bn.yaml,3.12.13,Linux-6.12.90+-x86_64-with-glibc2.35,rag_symbolic_loop,1,42,1,0.9999999302732527,0.9638844669353726,0.03611546333788018
2026-08-22T14:47:16.361858+00:00,e85c645134dafe5024515cf86aa8b00f0ed7e8e9,8,configs/s5_analysis_bn.yaml,3.12.13,Linux-6.12.90+-x86_64-with-glibc2.35,rag_symbolic_loop,1,42,2,0.8712204639663563,0.030673873102184977,0.8405465908641714
2026-08-22T14:47:16.361858+00:00,e85c645134dafe5024515cf86aa8b00f0ed7e8e9,8,configs/s5_analysis_bn.yaml,3.12.13,Linux-6.12.90+-x86_64-with-glibc2.35,rag_symbolic_loop,1,42,3,0.9911841235020835,0.9771177767667186,0.014066346735364887
2026-08-22T14:47:16.361858+00:00,e85c645134dafe5024515cf86aa8b00f0ed7e8e9,8,configs/s5_analysis_bn.yaml,3.12.13,Linux-6.12.90+-x86_64-with-glibc2.35,rag_neural_symbolic_feedback,1,42,1,0.9999999302732527,0.9638844669353726,0.03611546333788018
2026-08-22T14:47:16.361858+00:00,e85c645134dafe5024515cf86aa8b00f0ed7e8e9,8,configs/s5_analysis_bn.yaml,3.12.13,Linux-6.12.90+-x86_64-with-glibc2.35,rag_neural_loop,0,42,1,0.999998720082367,0.9832373448677001,0.016761375214666918
2026-08-22T14:47:16.361858+00:00,e85c645134dafe5024515cf86aa8b00f0ed7e8e9,8,configs/s5_analysis_bn.yaml,3.12.13,Linux-6.12.90+-x86_64-with-glibc2.35,rag_symbolic_loop,0,42,1,0.999998720082367,0.9832373448677001,0.016761375214666918
2026-08-22T14:47:16.361858+00:00,e85c645134dafe5024515cf86aa8b00f0ed7e8e9,8,configs/s5_analysis_bn.yaml,3.12.13,Linux-6.12.90+-x86_64-with-glibc2.35,rag_neural_symbolic_feedback,0,42,1,0.999998720082367,0.9832373448677001,0.016761375214666918
2026-08-22T14:47:16.361858+00:00,e85c645134dafe5024515cf86aa8b00f0ed7e8e9,8,configs/s5_analysis_bn.yaml,3.12.13,Linux-6.12.90+-x86_64-with-glibc2.35,rag_neural_loop,1,42,1,0.9452651207678959,0.9164490282820587,0.028816092485837275
2026-08-22T14:47:16.361858+00:00,e85c645134dafe5024515cf86aa8b00f0ed7e8e9,8,configs/s5_analysis_bn.yaml,3.12.13,Linux-6.12.90+-x86_64-with-glibc2.35,rag_symbolic_loop,1,42,1,0.9452651207678959,0.9164490282820587,0.028816092485837275
2026-08-22T14:47:16.361858+00:00,e85c645134dafe5024515cf86aa8b00f0ed7e8e9,8,configs/s5_analysis_bn.yaml,3.12.13,Linux-6.12.90+-x86_64-with-glibc2.35,rag_neural_symbolic_feedback,1,42,1,0.9452651207678959,0.9164490282820587,0.028816092485837275
2026-08-22T14:47:16.361858+00:00,e85c645134dafe5024515cf86aa8b00f0ed7e8e9,8,configs/s5_analysis_bn.yaml,3.12.13,Linux-6.12.90+-x86_64-with-glibc2.35,rag_neural_loop,0,42,1,0.9999999999967725,0.9849910733503191,0.015008926646453369
2026-08-22T14:47:16.361858+00:00,e85c645134dafe5024515cf86aa8b00f0ed7e8e9,8,configs/s5_analysis_bn.yaml,3.12.13,Linux-6.12.90+-x86_64-with-glibc2.35,rag_symbolic_loop,0,42,1,0.9999999999967725,0.9849910733503191,0.015008926646453369
2026-08-22T14:47:16.361858+00:00,e85c645134dafe5024515cf86aa8b00f0ed7e8e9,8,configs/s5_analysis_bn.yaml,3.12.13,Linux-6.12.90+-x86_64-with-glibc2.35,rag_neural_symbolic_feedback,0,42,1,0.9999999999967725,0.9849910733503191,0.015008926646453369
2026-08-22T14:47:16.361858+00:00,e85c645134dafe5024515cf86aa8b00f0ed7e8e9,8,configs/s5_analysis_bn.yaml,3.12.13,Linux-6.12.90+-x86_64-with-glibc2.35,rag_neural_loop,1,42,1,0.9067959310971742,0.9761292541245288,-0.06933332302735462
2026-08-22T14:47:16.361858+00:00,e85c645134dafe5024515cf86aa8b00f0ed7e8e9,8,configs/s5_analysis_bn.yaml,3.12.13,Linux-6.12.90+-x86_64-with-glibc2.35,rag_symbolic_loop,1,42,1,0.9067959310971742,0.9761292541245288,-0.06933332302735462
2026-08-22T14:47:16.361858+00:00,e85c645134dafe5024515cf86aa8b00f0ed7e8e9,8,configs/s5_analysis_bn.yaml,3.12.13,Linux-6.12.90+-x86_64-with-glibc2.35,rag_neural_symbolic_feedback,1,42,1,0.9067959310971742,0.9761292541245288,-0.06933332302735462
2026-08-22T14:47:16.361858+00:00,e85c645134dafe5024515cf86aa8b00f0ed7e8e9,8,configs/s5_analysis_bn.yaml,3.12.13,Linux-6.12.90+-x86_64-with-glibc2.35,rag_neural_loop,0,42,1,0.0007624809461440618,0.046047428008352265,-0.0452849470622082
2026-08-22T14:47:16.361858+00:00,e85c645134dafe5024515cf86aa8b00f0ed7e8e9,8,configs/s5_analysis_bn.yaml,3.12.13,Linux-6.12.90+-x86_64-with-glibc2.35,rag_neural_loop,0,42,2,0.00018180595556049894,0.018596240585991075,-0.018414434630430576
2026-08-22T14:47:16.361858+00:00,e85c645134dafe5024515cf86aa8b00f0ed7e8e9,8,configs/s5_analysis_bn.yaml,3.12.13,Linux-6.12.90+-x86_64-with-glibc2.35,rag_neural_loop,0,42,3,6.639269356512045e-09,0.01690589720449953,-0.016905890565230175
2026-08-22T14:47:16.361858+00:00,e85c645134dafe5024515cf86aa8b00f0ed7e8e9,8,configs/s5_analysis_bn.yaml,3.12.13,Linux-6.12.90+-x86_64-with-glibc2.35,rag_symbolic_loop,0,42,1,0.0007624809461440618,0.046047428008352265,-0.0452849470622082
2026-08-22T14:47:16.361858+00:00,e85c645134dafe5024515cf86aa8b00f0ed7e8e9,8,configs/s5_analysis_bn.yaml,3.12.13,Linux-6.12.90+-x86_64-with-glibc2.35,rag_neural_symbolic_feedback,0,42,1,0.0007624809461440618,0.046047428008352265,-0.0452849470622082
2026-08-22T14:47:16.361858+00:00,e85c645134dafe5024515cf86aa8b00f0ed7e8e9,8,configs/s5_analysis_bn.yaml,3.12.13,Linux-6.12.90+-x86_64-with-glibc2.35,rag_neural_symbolic_feedback,0,42,2,0.6152758833636871,0.05189253978273789,0.5633833435809492
2026-08-22T14:47:16.361858+00:00,e85c645134dafe5024515cf86aa8b00f0ed7e8e9,8,configs/s5_analysis_bn.yaml,3.12.13,Linux-6.12.90+-x86_64-with-glibc2.35,rag_neural_loop,1,42,1,0.9530113818365916,0.9730408114295341,-0.020029429592942516
2026-08-22T14:47:16.361858+00:00,e85c645134dafe5024515cf86aa8b00f0ed7e8e9,8,configs/s5_analysis_bn.yaml,3.12.13,Linux-6.12.90+-x86_64-with-glibc2.35,rag_symbolic_loop,1,42,1,0.9530113818365916,0.9730408114295341,-0.020029429592942516
2026-08-22T14:47:16.361858+00:00,e85c645134dafe5024515cf86aa8b00f0ed7e8e9,8,configs/s5_analysis_bn.yaml,3.12.13,Linux-6.12.90+-x86_64-with-glibc2.35,rag_symbolic_loop,1,42,2,0.9909280399223378,0.9736571993197602,0.017270840602577553
2026-08-22T14:47:16.361858+00:00,e85c645134dafe5024515cf86aa8b00f0ed7e8e9,8,configs/s5_analysis_bn.yaml,3.12.13,Linux-6.12.90+-x86_64-with-glibc2.35,rag_symbolic_loop,1,42,3,0.9961983003384266,0.9737677854327349,0.0224305149056917
2026-08-22T14:47:16.361858+00:00,e85c645134dafe5024515cf86aa8b00f0ed7e8e9,8,configs/s5_analysis_bn.yaml,3.12.13,Linux-6.12.90+-x86_64-with-glibc2.35,rag_neural_symbolic_feedback,1,42,1,0.9530113818365916,0.9730408114295341,-0.020029429592942516
2026-08-22T14:47:16.361858+00:00,e85c645134dafe5024515cf86aa8b00f0ed7e8e9,8,configs/s5_analysis_bn.yaml,3.12.13,Linux-6.12.90+-x86_64-with-glibc2.35,rag_neural_loop,0,42,1,0.9999999999963329,0.9821030434294236,0.017896956566909372
2026-08-22T14:47:16.361858+00:00,e85c645134dafe5024515cf86aa8b00f0ed7e8e9,8,configs/s5_analysis_bn.yaml,3.12.13,Linux-6.12.90+-x86_64-with-glibc2.35,rag_symbolic_loop,0,42,1,0.9999999999963329,0.9821030434294236,0.017896956566909372
2026-08-22T14:47:16.361858+00:00,e85c645134dafe5024515cf86aa8b00f0ed7e8e9,8,configs/s5_analysis_bn.yaml,3.12.13,Linux-6.12.90+-x86_64-with-glibc2.35,rag_neural_symbolic_feedback,0,42,1,0.9999999999963329,0.9821030434294236,0.017896956566909372
2026-08-22T14:47:16.361858+00:00,e85c645134dafe5024515cf86aa8b00f0ed7e8e9,8,configs/s5_analysis_bn.yaml,3.12.13,Linux-6.12.90+-x86_64-with-glibc2.35,rag_neural_loop,1,42,1,0.6735055693029599,0.9721232623145674,-0.29861769301160745
2026-08-22T14:47:16.361858+00:00,e85c645134dafe5024515cf86aa8b00f0ed7e8e9,8,configs/s5_analysis_bn.yaml,3.12.13,Linux-6.12.90+-x86_64-with-glibc2.35,rag_symbolic_loop,1,42,1,0.6735055693029599,0.9721232623145674,-0.29861769301160745
2026-08-22T14:47:16.361858+00:00,e85c645134dafe5024515cf86aa8b00f0ed7e8e9,8,configs/s5_analysis_bn.yaml,3.12.13,Linux-6.12.90+-x86_64-with-glibc2.35,rag_neural_symbolic_feedback,1,42,1,0.6735055693029599,0.9721232623145674,-0.29861769301160745
2026-08-22T14:47:16.361858+00:00,e85c645134dafe5024515cf86aa8b00f0ed7e8e9,8,configs/s5_analysis_bn.yaml,3.12.13,Linux-6.12.90+-x86_64-with-glibc2.35,rag_neural_loop,0,42,1,0.9999983813373895,0.5211045604663849,0.4788938208710046
2026-08-22T14:47:16.361858+00:00,e85c645134dafe5024515cf86aa8b00f0ed7e8e9,8,configs/s5_analysis_bn.yaml,3.12.13,Linux-6.12.90+-x86_64-with-glibc2.35,rag_symbolic_loop,0,42,1,0.9999983813373895,0.5211033402561475,0.47889504108124203
2026-08-22T14:47:16.361858+00:00,e85c645134dafe5024515cf86aa8b00f0ed7e8e9,8,configs/s5_analysis_bn.yaml,3.12.13,Linux-6.12.90+-x86_64-with-glibc2.35,rag_neural_symbolic_feedback,0,42,1,0.9999983813373895,0.5211033402561475,0.47889504108124203
2026-08-22T14:47:16.361858+00:00,e85c645134dafe5024515cf86aa8b00f0ed7e8e9,8,configs/s5_analysis_bn.yaml,3.12.13,Linux-6.12.90+-x86_64-with-glibc2.35,rag_neural_loop,1,42,1,0.6322362052016277,0.9646697598407643,-0.3324335546391366
2026-08-22T14:47:16.361858+00:00,e85c645134dafe5024515cf86aa8b00f0ed7e8e9,8,configs/s5_analysis_bn.yaml,3.12.13,Linux-6.12.90+-x86_64-with-glibc2.35,rag_symbolic_loop,1,42,1,0.6322362052016277,0.9646697598407643,-0.3324335546391366
2026-08-22T14:47:16.361858+00:00,e85c645134dafe5024515cf86aa8b00f0ed7e8e9,8,configs/s5_analysis_bn.yaml,3.12.13,Linux-6.12.90+-x86_64-with-glibc2.35,rag_symbolic_loop,1,42,2,0.990849403537938,0.789084756535021,0.20176464700291707
2026-08-22T14:47:16.361858+00:00,e85c645134dafe5024515cf86aa8b00f0ed7e8e9,8,configs/s5_analysis_bn.yaml,3.12.13,Linux-6.12.90+-x86_64-with-glibc2.35,rag_symbolic_loop,1,42,3,0.0002186486124156714,0.9577658277078598,-0.9575471790954441
2026-08-22T14:47:16.361858+00:00,e85c645134dafe5024515cf86aa8b00f0ed7e8e9,8,configs/s5_analysis_bn.yaml,3.12.13,Linux-6.12.90+-x86_64-with-glibc2.35,rag_neural_symbolic_feedback,1,42,1,0.6322362052016277,0.9646697598407643,-0.3324335546391366
2026-08-22T14:47:16.361858+00:00,e85c645134dafe5024515cf86aa8b00f0ed7e8e9,8,configs/s5_analysis_bn.yaml,3.12.13,Linux-6.12.90+-x86_64-with-glibc2.35,rag_neural_loop,0,42,1,0.9999999906675718,0.9651944695719301,0.03480552109564172
2026-08-22T14:47:16.361858+00:00,e85c645134dafe5024515cf86aa8b00f0ed7e8e9,8,configs/s5_analysis_bn.yaml,3.12.13,Linux-6.12.90+-x86_64-with-glibc2.35,rag_symbolic_loop,0,42,1,0.9999999906675718,0.9651944695719301,0.03480552109564172
2026-08-22T14:47:16.361858+00:00,e85c645134dafe5024515cf86aa8b00f0ed7e8e9,8,configs/s5_analysis_bn.yaml,3.12.13,Linux-6.12.90+-x86_64-with-glibc2.35,rag_neural_symbolic_feedback,0,42,1,0.9999999906675718,0.9651944695719301,0.03480552109564172
2026-08-22T14:47:16.361858+00:00,e85c645134dafe5024515cf86aa8b00f0ed7e8e9,8,configs/s5_analysis_bn.yaml,3.12.13,Linux-6.12.90+-x86_64-with-glibc2.35,rag_neural_loop,1,42,1,0.9999897877374458,0.9344599045731832,0.06552988316426267
2026-08-22T14:47:16.361858+00:00,e85c645134dafe5024515cf86aa8b00f0ed7e8e9,8,configs/s5_analysis_bn.yaml,3.12.13,Linux-6.12.90+-x86_64-with-glibc2.35,rag_symbolic_loop,1,42,1,0.9999897877374458,0.9344599045731832,0.06552988316426267
2026-08-22T14:47:16.361858+00:00,e85c645134dafe5024515cf86aa8b00f0ed7e8e9,8,configs/s5_analysis_bn.yaml,3.12.13,Linux-6.12.90+-x86_64-with-glibc2.35,rag_symbolic_loop,1,42,2,0.9999999470994868,0.9455751196335282,0.05442482746595856
2026-08-22T14:47:16.361858+00:00,e85c645134dafe5024515cf86aa8b00f0ed7e8e9,8,configs/s5_analysis_bn.yaml,3.12.13,Linux-6.12.90+-x86_64-with-glibc2.35,rag_neural_symbolic_feedback,1,42,1,0.9999897877374458,0.9344599045731832,0.06552988316426267
2026-08-22T14:47:16.361858+00:00,e85c645134dafe5024515cf86aa8b00f0ed7e8e9,8,configs/s5_analysis_bn.yaml,3.12.13,Linux-6.12.90+-x86_64-with-glibc2.35,rag_neural_loop,0,42,1,0.47008312360580895,0.1111444715880987,0.35893865201771025
2026-08-22T14:47:16.361858+00:00,e85c645134dafe5024515cf86aa8b00f0ed7e8e9,8,configs/s5_analysis_bn.yaml,3.12.13,Linux-6.12.90+-x86_64-with-glibc2.35,rag_symbolic_loop,0,42,1,0.47008312360580895,0.1111444715880987,0.35893865201771025
2026-08-22T14:47:16.361858+00:00,e85c645134dafe5024515cf86aa8b00f0ed7e8e9,8,configs/s5_analysis_bn.yaml,3.12.13,Linux-6.12.90+-x86_64-with-glibc2.35,rag_neural_symbolic_feedback,0,42,1,0.47008312360580895,0.1111444715880987,0.35893865201771025
2026-08-22T14:47:16.361858+00:00,e85c645134dafe5024515cf86aa8b00f0ed7e8e9,8,configs/s5_analysis_bn.yaml,3.12.13,Linux-6.12.90+-x86_64-with-glibc2.35,rag_neural_loop,1,42,1,0.9983313304346243,0.8929799563103737,0.10535137412425055
2026-08-22T14:47:16.361858+00:00,e85c645134dafe5024515cf86aa8b00f0ed7e8e9,8,configs/s5_analysis_bn.yaml,3.12.13,Linux-6.12.90+-x86_64-with-glibc2.35,rag_symbolic_loop,1,42,1,0.9983313304346243,0.8929799563103737,0.10535137412425055
2026-08-22T14:47:16.361858+00:00,e85c645134dafe5024515cf86aa8b00f0ed7e8e9,8,configs/s5_analysis_bn.yaml,3.12.13,Linux-6.12.90+-x86_64-with-glibc2.35,rag_symbolic_loop,1,42,2,0.9984058783324126,0.9745057372413855,0.023900141091027116
2026-08-22T14:47:16.361858+00:00,e85c645134dafe5024515cf86aa8b00f0ed7e8e9,8,configs/s5_analysis_bn.yaml,3.12.13,Linux-6.12.90+-x86_64-with-glibc2.35,rag_symbolic_loop,1,42,3,0.9937117645125835,0.9320855485253452,0.061626215987238275
2026-08-22T14:47:16.361858+00:00,e85c645134dafe5024515cf86aa8b00f0ed7e8e9,8,configs/s5_analysis_bn.yaml,3.12.13,Linux-6.12.90+-x86_64-with-glibc2.35,rag_neural_symbolic_feedback,1,42,1,0.9983313304346243,0.8929799563103737,0.10535137412425055
2026-08-22T14:47:16.361858+00:00,e85c645134dafe5024515cf86aa8b00f0ed7e8e9,8,configs/s5_analysis_bn.yaml,3.12.13,Linux-6.12.90+-x86_64-with-glibc2.35,rag_neural_loop,0,42,1,0.99536169481978,0.024130593996464667,0.9712311008233153
2026-08-22T14:47:16.361858+00:00,e85c645134dafe5024515cf86aa8b00f0ed7e8e9,8,configs/s5_analysis_bn.yaml,3.12.13,Linux-6.12.90+-x86_64-with-glibc2.35,rag_symbolic_loop,0,42,1,0.99536169481978,0.024130593996464667,0.9712311008233153
2026-08-22T14:47:16.361858+00:00,e85c645134dafe5024515cf86aa8b00f0ed7e8e9,8,configs/s5_analysis_bn.yaml,3.12.13,Linux-6.12.90+-x86_64-with-glibc2.35,rag_neural_symbolic_feedback,0,42,1,0.99536169481978,0.024130593996464667,0.9712311008233153
2026-08-22T14:47:16.361858+00:00,e85c645134dafe5024515cf86aa8b00f0ed7e8e9,8,configs/s5_analysis_bn.yaml,3.12.13,Linux-6.12.90+-x86_64-with-glibc2.35,rag_neural_loop,1,42,1,0.014894259259498529,0.36816317916499747,-0.3532689199054989
2026-08-22T14:47:16.361858+00:00,e85c645134dafe5024515cf86aa8b00f0ed7e8e9,8,configs/s5_analysis_bn.yaml,3.12.13,Linux-6.12.90+-x86_64-with-glibc2.35,rag_neural_loop,1,42,2,1.570248105783196e-11,0.017586665418101676,-0.017586665402399195
2026-08-22T14:47:16.361858+00:00,e85c645134dafe5024515cf86aa8b00f0ed7e8e9,8,configs/s5_analysis_bn.yaml,3.12.13,Linux-6.12.90+-x86_64-with-glibc2.35,rag_neural_loop,1,42,3,1.5678396853348077e-10,0.018721152155154828,-0.01872115199837086
2026-08-22T14:47:16.361858+00:00,e85c645134dafe5024515cf86aa8b00f0ed7e8e9,8,configs/s5_analysis_bn.yaml,3.12.13,Linux-6.12.90+-x86_64-with-glibc2.35,rag_symbolic_loop,1,42,1,0.014894259259498529,0.36816317916499747,-0.3532689199054989
2026-08-22T14:47:16.361858+00:00,e85c645134dafe5024515cf86aa8b00f0ed7e8e9,8,configs/s5_analysis_bn.yaml,3.12.13,Linux-6.12.90+-x86_64-with-glibc2.35,rag_neural_symbolic_feedback,1,42,1,0.014894259259498529,0.36816317916499747,-0.3532689199054989
2026-08-22T14:47:16.361858+00:00,e85c645134dafe5024515cf86aa8b00f0ed7e8e9,8,configs/s5_analysis_bn.yaml,3.12.13,Linux-6.12.90+-x86_64-with-glibc2.35,rag_neural_symbolic_feedback,1,42,2,3.7454438531718076e-11,0.016022469620545647,-0.016022469583091208
2026-08-22T14:47:16.361858+00:00,e85c645134dafe5024515cf86aa8b00f0ed7e8e9,8,configs/s5_analysis_bn.yaml,3.12.13,Linux-6.12.90+-x86_64-with-glibc2.35,rag_neural_symbolic_feedback,1,42,3,1.8023376292099586e-08,0.017926512783305412,-0.01792649475992912
2026-08-22T14:47:16.361858+00:00,e85c645134dafe5024515cf86aa8b00f0ed7e8e9,8,configs/s5_analysis_bn.yaml,3.12.13,Linux-6.12.90+-x86_64-with-glibc2.35,rag_neural_loop,0,42,1,0.9999999997740666,0.9826877771582153,0.017312222615851303
2026-08-22T14:47:16.361858+00:00,e85c645134dafe5024515cf86aa8b00f0ed7e8e9,8,configs/s5_analysis_bn.yaml,3.12.13,Linux-6.12.90+-x86_64-with-glibc2.35,rag_symbolic_loop,0,42,1,0.9999999997740666,0.9826877771582153,0.017312222615851303
2026-08-22T14:47:16.361858+00:00,e85c645134dafe5024515cf86aa8b00f0ed7e8e9,8,configs/s5_analysis_bn.yaml,3.12.13,Linux-6.12.90+-x86_64-with-glibc2.35,rag_neural_symbolic_feedback,0,42,1,0.9999999997740666,0.9826877771582153,0.017312222615851303
2026-08-22T14:47:16.361858+00:00,e85c645134dafe5024515cf86aa8b00f0ed7e8e9,8,configs/s5_analysis_bn.yaml,3.12.13,Linux-6.12.90+-x86_64-with-glibc2.35,rag_neural_loop,1,42,1,0.9992812599054575,0.9560402319010726,0.043241028004384896
2026-08-22T14:47:16.361858+00:00,e85c645134dafe5024515cf86aa8b00f0ed7e8e9,8,configs/s5_analysis_bn.yaml,3.12.13,Linux-6.12.90+-x86_64-with-glibc2.35,rag_symbolic_loop,1,42,1,0.9992812599054575,0.9560402319010726,0.043241028004384896
2026-08-22T14:47:16.361858+00:00,e85c645134dafe5024515cf86aa8b00f0ed7e8e9,8,configs/s5_analysis_bn.yaml,3.12.13,Linux-6.12.90+-x86_64-with-glibc2.35,rag_symbolic_loop,1,42,2,0.9923941336099542,0.8342845816830633,0.1581095519268909
2026-08-22T14:47:16.361858+00:00,e85c645134dafe5024515cf86aa8b00f0ed7e8e9,8,configs/s5_analysis_bn.yaml,3.12.13,Linux-6.12.90+-x86_64-with-glibc2.35,rag_symbolic_loop,1,42,3,0.9982690310261609,0.9393265912300149,0.058942439796145996
2026-08-22T14:47:16.361858+00:00,e85c645134dafe5024515cf86aa8b00f0ed7e8e9,8,configs/s5_analysis_bn.yaml,3.12.13,Linux-6.12.90+-x86_64-with-glibc2.35,rag_neural_symbolic_feedback,1,42,1,0.9992812599054575,0.9560402319010726,0.043241028004384896
2026-08-22T14:47:16.361858+00:00,e85c645134dafe5024515cf86aa8b00f0ed7e8e9,8,configs/s5_analysis_bn.yaml,3.12.13,Linux-6.12.90+-x86_64-with-glibc2.35,rag_neural_loop,0,42,1,0.9999865605938613,0.9734388983313946,0.02654766226246663
2026-08-22T14:47:16.361858+00:00,e85c645134dafe5024515cf86aa8b00f0ed7e8e9,8,configs/s5_analysis_bn.yaml,3.12.13,Linux-6.12.90+-x86_64-with-glibc2.35,rag_symbolic_loop,0,42,1,0.9999865605938613,0.9734388983313946,0.02654766226246663
2026-08-22T14:47:16.361858+00:00,e85c645134dafe5024515cf86aa8b00f0ed7e8e9,8,configs/s5_analysis_bn.yaml,3.12.13,Linux-6.12.90+-x86_64-with-glibc2.35,rag_symbolic_loop,0,42,2,0.9999999997639326,0.9795933232307837,0.02040667653314887
2026-08-22T14:47:16.361858+00:00,e85c645134dafe5024515cf86aa8b00f0ed7e8e9,8,configs/s5_analysis_bn.yaml,3.12.13,Linux-6.12.90+-x86_64-with-glibc2.35,rag_neural_symbolic_feedback,0,42,1,0.9999865605938613,0.9734388983313946,0.02654766226246663
2026-08-22T14:47:16.361858+00:00,e85c645134dafe5024515cf86aa8b00f0ed7e8e9,8,configs/s5_analysis_bn.yaml,3.12.13,Linux-6.12.90+-x86_64-with-glibc2.35,rag_neural_loop,1,42,1,0.9896489737217555,0.9686440691999764,0.021004904521779166
2026-08-22T14:47:16.361858+00:00,e85c645134dafe5024515cf86aa8b00f0ed7e8e9,8,configs/s5_analysis_bn.yaml,3.12.13,Linux-6.12.90+-x86_64-with-glibc2.35,rag_symbolic_loop,1,42,1,0.9896489737217555,0.9686440691999764,0.021004904521779166
2026-08-22T14:47:16.361858+00:00,e85c645134dafe5024515cf86aa8b00f0ed7e8e9,8,configs/s5_analysis_bn.yaml,3.12.13,Linux-6.12.90+-x86_64-with-glibc2.35,rag_neural_symbolic_feedback,1,42,1,0.9896489737217555,0.9686440691999764,0.021004904521779166
2026-08-22T14:47:16.361858+00:00,e85c645134dafe5024515cf86aa8b00f0ed7e8e9,8,configs/s5_analysis_bn.yaml,3.12.13,Linux-6.12.90+-x86_64-with-glibc2.35,rag_neural_loop,0,42,1,0.9997310263021203,0.0319026422088472,0.9678283840932731
2026-08-22T14:47:16.361858+00:00,e85c645134dafe5024515cf86aa8b00f0ed7e8e9,8,configs/s5_analysis_bn.yaml,3.12.13,Linux-6.12.90+-x86_64-with-glibc2.35,rag_symbolic_loop,0,42,1,0.9997310263021203,0.0319026422088472,0.9678283840932731
2026-08-22T14:47:16.361858+00:00,e85c645134dafe5024515cf86aa8b00f0ed7e8e9,8,configs/s5_analysis_bn.yaml,3.12.13,Linux-6.12.90+-x86_64-with-glibc2.35,rag_neural_symbolic_feedback,0,42,1,0.9997310263021203,0.0319026422088472,0.9678283840932731
2026-08-22T14:47:16.361858+00:00,e85c645134dafe5024515cf86aa8b00f0ed7e8e9,8,configs/s5_analysis_bn.yaml,3.12.13,Linux-6.12.90+-x86_64-with-glibc2.35,rag_neural_loop,1,42,1,0.6403124676624526,0.9196487674778964,-0.2793362998154437
2026-08-22T14:47:16.361858+00:00,e85c645134dafe5024515cf86aa8b00f0ed7e8e9,8,configs/s5_analysis_bn.yaml,3.12.13,Linux-6.12.90+-x86_64-with-glibc2.35,rag_symbolic_loop,1,42,1,0.6403124676624526,0.9196487674778964,-0.2793362998154437
2026-08-22T14:47:16.361858+00:00,e85c645134dafe5024515cf86aa8b00f0ed7e8e9,8,configs/s5_analysis_bn.yaml,3.12.13,Linux-6.12.90+-x86_64-with-glibc2.35,rag_neural_symbolic_feedback,1,42,1,0.6403124676624526,0.9196487674778964,-0.2793362998154437
2026-08-22T14:47:16.361858+00:00,e85c645134dafe5024515cf86aa8b00f0ed7e8e9,8,configs/s5_analysis_bn.yaml,3.12.13,Linux-6.12.90+-x86_64-with-glibc2.35,rag_neural_loop,0,42,1,0.1133898180429983,0.1693360476082698,-0.05594622956527151
2026-08-22T14:47:16.361858+00:00,e85c645134dafe5024515cf86aa8b00f0ed7e8e9,8,configs/s5_analysis_bn.yaml,3.12.13,Linux-6.12.90+-x86_64-with-glibc2.35,rag_neural_loop,0,42,2,0.7095496300363006,0.022350703405028427,0.6871989266312721
2026-08-22T14:47:16.361858+00:00,e85c645134dafe5024515cf86aa8b00f0ed7e8e9,8,configs/s5_analysis_bn.yaml,3.12.13,Linux-6.12.90+-x86_64-with-glibc2.35,rag_symbolic_loop,0,42,1,0.1133898180429983,0.1693360476082698,-0.05594622956527151
2026-08-22T14:47:16.361858+00:00,e85c645134dafe5024515cf86aa8b00f0ed7e8e9,8,configs/s5_analysis_bn.yaml,3.12.13,Linux-6.12.90+-x86_64-with-glibc2.35,rag_neural_symbolic_feedback,0,42,1,0.1133898180429983,0.1693360476082698,-0.05594622956527151
2026-08-22T14:47:16.361858+00:00,e85c645134dafe5024515cf86aa8b00f0ed7e8e9,8,configs/s5_analysis_bn.yaml,3.12.13,Linux-6.12.90+-x86_64-with-glibc2.35,rag_neural_symbolic_feedback,0,42,2,0.3559856732121104,0.033373033695298204,0.3226126395168122
2026-08-22T14:47:16.361858+00:00,e85c645134dafe5024515cf86aa8b00f0ed7e8e9,8,configs/s5_analysis_bn.yaml,3.12.13,Linux-6.12.90+-x86_64-with-glibc2.35,rag_neural_symbolic_feedback,0,42,3,0.8872987850261631,0.01908653002539973,0.8682122550007634
2026-08-22T14:47:16.361858+00:00,e85c645134dafe5024515cf86aa8b00f0ed7e8e9,8,configs/s5_analysis_bn.yaml,3.12.13,Linux-6.12.90+-x86_64-with-glibc2.35,rag_neural_loop,1,42,1,0.9999996651539955,0.9687972537579074,0.031202411396088148
2026-08-22T14:47:16.361858+00:00,e85c645134dafe5024515cf86aa8b00f0ed7e8e9,8,configs/s5_analysis_bn.yaml,3.12.13,Linux-6.12.90+-x86_64-with-glibc2.35,rag_symbolic_loop,1,42,1,0.9999996651539955,0.9687972537579074,0.031202411396088148
2026-08-22T14:47:16.361858+00:00,e85c645134dafe5024515cf86aa8b00f0ed7e8e9,8,configs/s5_analysis_bn.yaml,3.12.13,Linux-6.12.90+-x86_64-with-glibc2.35,rag_symbolic_loop,1,42,2,0.9882607491690988,0.970109119263891,0.0181516299052078
2026-08-22T14:47:16.361858+00:00,e85c645134dafe5024515cf86aa8b00f0ed7e8e9,8,configs/s5_analysis_bn.yaml,3.12.13,Linux-6.12.90+-x86_64-with-glibc2.35,rag_symbolic_loop,1,42,3,0.010736159619063499,0.943195589799181,-0.9324594301801175
2026-08-22T14:47:16.361858+00:00,e85c645134dafe5024515cf86aa8b00f0ed7e8e9,8,configs/s5_analysis_bn.yaml,3.12.13,Linux-6.12.90+-x86_64-with-glibc2.35,rag_neural_symbolic_feedback,1,42,1,0.9999996651539955,0.9687972537579074,0.031202411396088148
2026-08-22T14:47:16.361858+00:00,e85c645134dafe5024515cf86aa8b00f0ed7e8e9,8,configs/s5_analysis_bn.yaml,3.12.13,Linux-6.12.90+-x86_64-with-glibc2.35,rag_neural_loop,0,42,1,0.0002792966214170134,0.08660714337284292,-0.08632784675142591
2026-08-22T14:47:16.361858+00:00,e85c645134dafe5024515cf86aa8b00f0ed7e8e9,8,configs/s5_analysis_bn.yaml,3.12.13,Linux-6.12.90+-x86_64-with-glibc2.35,rag_neural_loop,0,42,2,0.9999999999815254,0.9834973269143586,0.016502673067166795
2026-08-22T14:47:16.361858+00:00,e85c645134dafe5024515cf86aa8b00f0ed7e8e9,8,configs/s5_analysis_bn.yaml,3.12.13,Linux-6.12.90+-x86_64-with-glibc2.35,rag_symbolic_loop,0,42,1,0.0002792966214170134,0.08660714337284292,-0.08632784675142591
2026-08-22T14:47:16.361858+00:00,e85c645134dafe5024515cf86aa8b00f0ed7e8e9,8,configs/s5_analysis_bn.yaml,3.12.13,Linux-6.12.90+-x86_64-with-glibc2.35,rag_neural_symbolic_feedback,0,42,1,0.0002792966214170134,0.08660714337284292,-0.08632784675142591
2026-08-22T14:47:16.361858+00:00,e85c645134dafe5024515cf86aa8b00f0ed7e8e9,8,configs/s5_analysis_bn.yaml,3.12.13,Linux-6.12.90+-x86_64-with-glibc2.35,rag_neural_symbolic_feedback,0,42,2,0.9999999998843223,0.9835530814148333,0.01644691846948898
2026-08-22T14:47:16.361858+00:00,e85c645134dafe5024515cf86aa8b00f0ed7e8e9,8,configs/s5_analysis_bn.yaml,3.12.13,Linux-6.12.90+-x86_64-with-glibc2.35,rag_neural_loop,1,42,1,0.9958138761926826,0.9141046970761482,0.08170917911653441
2026-08-22T14:47:16.361858+00:00,e85c645134dafe5024515cf86aa8b00f0ed7e8e9,8,configs/s5_analysis_bn.yaml,3.12.13,Linux-6.12.90+-x86_64-with-glibc2.35,rag_symbolic_loop,1,42,1,0.9958138761926826,0.9141046970761482,0.08170917911653441
2026-08-22T14:47:16.361858+00:00,e85c645134dafe5024515cf86aa8b00f0ed7e8e9,8,configs/s5_analysis_bn.yaml,3.12.13,Linux-6.12.90+-x86_64-with-glibc2.35,rag_symbolic_loop,1,42,2,0.016909383020655123,0.8387944086470563,-0.8218850256264012
2026-08-22T14:47:16.361858+00:00,e85c645134dafe5024515cf86aa8b00f0ed7e8e9,8,configs/s5_analysis_bn.yaml,3.12.13,Linux-6.12.90+-x86_64-with-glibc2.35,rag_symbolic_loop,1,42,3,0.6244030737053675,0.9710779158137826,-0.34667484210841504
2026-08-22T14:47:16.361858+00:00,e85c645134dafe5024515cf86aa8b00f0ed7e8e9,8,configs/s5_analysis_bn.yaml,3.12.13,Linux-6.12.90+-x86_64-with-glibc2.35,rag_neural_symbolic_feedback,1,42,1,0.9958138761926826,0.9141046970761482,0.08170917911653441
2026-08-22T14:47:16.361858+00:00,e85c645134dafe5024515cf86aa8b00f0ed7e8e9,8,configs/s5_analysis_bn.yaml,3.12.13,Linux-6.12.90+-x86_64-with-glibc2.35,rag_neural_loop,0,42,1,0.021487950417047763,0.22082272664204783,-0.19933477622500007
2026-08-22T14:47:16.361858+00:00,e85c645134dafe5024515cf86aa8b00f0ed7e8e9,8,configs/s5_analysis_bn.yaml,3.12.13,Linux-6.12.90+-x86_64-with-glibc2.35,rag_neural_loop,0,42,2,0.21415108160335017,0.9609224189905676,-0.7467713373872175
2026-08-22T14:47:16.361858+00:00,e85c645134dafe5024515cf86aa8b00f0ed7e8e9,8,configs/s5_analysis_bn.yaml,3.12.13,Linux-6.12.90+-x86_64-with-glibc2.35,rag_neural_loop,0,42,3,1.9545237095464074e-08,0.025000967276889607,-0.025000947731652512
2026-08-22T14:47:16.361858+00:00,e85c645134dafe5024515cf86aa8b00f0ed7e8e9,8,configs/s5_analysis_bn.yaml,3.12.13,Linux-6.12.90+-x86_64-with-glibc2.35,rag_symbolic_loop,0,42,1,0.021487950417047763,0.22082272664204783,-0.19933477622500007
2026-08-22T14:47:16.361858+00:00,e85c645134dafe5024515cf86aa8b00f0ed7e8e9,8,configs/s5_analysis_bn.yaml,3.12.13,Linux-6.12.90+-x86_64-with-glibc2.35,rag_neural_symbolic_feedback,0,42,1,0.021487950417047763,0.22082272664204783,-0.19933477622500007
2026-08-22T14:47:16.361858+00:00,e85c645134dafe5024515cf86aa8b00f0ed7e8e9,8,configs/s5_analysis_bn.yaml,3.12.13,Linux-6.12.90+-x86_64-with-glibc2.35,rag_neural_symbolic_feedback,0,42,2,0.9999999999997049,0.9851754857651714,0.014824514234533459
2026-08-22T14:47:16.361858+00:00,e85c645134dafe5024515cf86aa8b00f0ed7e8e9,8,configs/s5_analysis_bn.yaml,3.12.13,Linux-6.12.90+-x86_64-with-glibc2.35,rag_neural_loop,1,42,1,0.9935119842034409,0.9631300603557902,0.030381923847650705
2026-08-22T14:47:16.361858+00:00,e85c645134dafe5024515cf86aa8b00f0ed7e8e9,8,configs/s5_analysis_bn.yaml,3.12.13,Linux-6.12.90+-x86_64-with-glibc2.35,rag_symbolic_loop,1,42,1,0.9935119842034409,0.9631300603557902,0.030381923847650705
2026-08-22T14:47:16.361858+00:00,e85c645134dafe5024515cf86aa8b00f0ed7e8e9,8,configs/s5_analysis_bn.yaml,3.12.13,Linux-6.12.90+-x86_64-with-glibc2.35,rag_symbolic_loop,1,42,2,0.996042616100578,0.9698396757854386,0.026202940315139367
2026-08-22T14:47:16.361858+00:00,e85c645134dafe5024515cf86aa8b00f0ed7e8e9,8,configs/s5_analysis_bn.yaml,3.12.13,Linux-6.12.90+-x86_64-with-glibc2.35,rag_symbolic_loop,1,42,3,0.9979228679673152,0.9485825186201252,0.049340349347190005
2026-08-22T14:47:16.361858+00:00,e85c645134dafe5024515cf86aa8b00f0ed7e8e9,8,configs/s5_analysis_bn.yaml,3.12.13,Linux-6.12.90+-x86_64-with-glibc2.35,rag_neural_symbolic_feedback,1,42,1,0.9935119842034409,0.9631300603557902,0.030381923847650705
2026-08-22T14:47:16.361858+00:00,e85c645134dafe5024515cf86aa8b00f0ed7e8e9,8,configs/s5_analysis_bn.yaml,3.12.13,Linux-6.12.90+-x86_64-with-glibc2.35,rag_neural_loop,0,42,1,0.999999999678197,0.9837369452965946,0.01626305438160236
2026-08-22T14:47:16.361858+00:00,e85c645134dafe5024515cf86aa8b00f0ed7e8e9,8,configs/s5_analysis_bn.yaml,3.12.13,Linux-6.12.90+-x86_64-with-glibc2.35,rag_symbolic_loop,0,42,1,0.999999999678197,0.9837369452965946,0.01626305438160236
2026-08-22T14:47:16.361858+00:00,e85c645134dafe5024515cf86aa8b00f0ed7e8e9,8,configs/s5_analysis_bn.yaml,3.12.13,Linux-6.12.90+-x86_64-with-glibc2.35,rag_neural_symbolic_feedback,0,42,1,0.999999999678197,0.9837369452965946,0.01626305438160236
2026-08-22T14:47:16.361858+00:00,e85c645134dafe5024515cf86aa8b00f0ed7e8e9,8,configs/s5_analysis_bn.yaml,3.12.13,Linux-6.12.90+-x86_64-with-glibc2.35,rag_neural_loop,1,42,1,0.009625537951405817,0.9791781879729055,-0.9695526500214996
2026-08-22T14:47:16.361858+00:00,e85c645134dafe5024515cf86aa8b00f0ed7e8e9,8,configs/s5_analysis_bn.yaml,3.12.13,Linux-6.12.90+-x86_64-with-glibc2.35,rag_neural_loop,1,42,2,0.9325075932491831,0.9453453444641512,-0.012837751214968107
2026-08-22T14:47:16.361858+00:00,e85c645134dafe5024515cf86aa8b00f0ed7e8e9,8,configs/s5_analysis_bn.yaml,3.12.13,Linux-6.12.90+-x86_64-with-glibc2.35,rag_symbolic_loop,1,42,1,0.009625537951405817,0.9791781879729055,-0.9695526500214996
2026-08-22T14:47:16.361858+00:00,e85c645134dafe5024515cf86aa8b00f0ed7e8e9,8,configs/s5_analysis_bn.yaml,3.12.13,Linux-6.12.90+-x86_64-with-glibc2.35,rag_symbolic_loop,1,42,2,0.12047927710983868,0.9777530135824809,-0.8572737364726423
2026-08-22T14:47:16.361858+00:00,e85c645134dafe5024515cf86aa8b00f0ed7e8e9,8,configs/s5_analysis_bn.yaml,3.12.13,Linux-6.12.90+-x86_64-with-glibc2.35,rag_symbolic_loop,1,42,3,0.012178325978117395,0.9257460680303028,-0.9135677420521854
2026-08-22T14:47:16.361858+00:00,e85c645134dafe5024515cf86aa8b00f0ed7e8e9,8,configs/s5_analysis_bn.yaml,3.12.13,Linux-6.12.90+-x86_64-with-glibc2.35,rag_neural_symbolic_feedback,1,42,1,0.009625537951405817,0.9791781879729055,-0.9695526500214996
2026-08-22T14:47:16.361858+00:00,e85c645134dafe5024515cf86aa8b00f0ed7e8e9,8,configs/s5_analysis_bn.yaml,3.12.13,Linux-6.12.90+-x86_64-with-glibc2.35,rag_neural_symbolic_feedback,1,42,2,0.9743958428897262,0.9739022878199188,0.0004935550698074165
2026-08-22T14:47:16.361858+00:00,e85c645134dafe5024515cf86aa8b00f0ed7e8e9,8,configs/s5_analysis_bn.yaml,3.12.13,Linux-6.12.90+-x86_64-with-glibc2.35,rag_neural_loop,0,42,1,0.999999999340467,0.9805221855905976,0.019477813749869455
2026-08-22T14:47:16.361858+00:00,e85c645134dafe5024515cf86aa8b00f0ed7e8e9,8,configs/s5_analysis_bn.yaml,3.12.13,Linux-6.12.90+-x86_64-with-glibc2.35,rag_symbolic_loop,0,42,1,0.999999999340467,0.9805221855905976,0.019477813749869455
2026-08-22T14:47:16.361858+00:00,e85c645134dafe5024515cf86aa8b00f0ed7e8e9,8,configs/s5_analysis_bn.yaml,3.12.13,Linux-6.12.90+-x86_64-with-glibc2.35,rag_neural_symbolic_feedback,0,42,1,0.999999999340467,0.9805221855905976,0.019477813749869455
2026-08-22T14:47:16.361858+00:00,e85c645134dafe5024515cf86aa8b00f0ed7e8e9,8,configs/s5_analysis_bn.yaml,3.12.13,Linux-6.12.90+-x86_64-with-glibc2.35,rag_neural_loop,1,42,1,0.99985865304401,0.9701982931259304,0.029660359918079582
2026-08-22T14:47:16.361858+00:00,e85c645134dafe5024515cf86aa8b00f0ed7e8e9,8,configs/s5_analysis_bn.yaml,3.12.13,Linux-6.12.90+-x86_64-with-glibc2.35,rag_symbolic_loop,1,42,1,0.99985865304401,0.9701982931259304,0.029660359918079582
2026-08-22T14:47:16.361858+00:00,e85c645134dafe5024515cf86aa8b00f0ed7e8e9,8,configs/s5_analysis_bn.yaml,3.12.13,Linux-6.12.90+-x86_64-with-glibc2.35,rag_symbolic_loop,1,42,2,0.6390213623282005,0.9225481337298459,-0.2835267714016454
2026-08-22T14:47:16.361858+00:00,e85c645134dafe5024515cf86aa8b00f0ed7e8e9,8,configs/s5_analysis_bn.yaml,3.12.13,Linux-6.12.90+-x86_64-with-glibc2.35,rag_symbolic_loop,1,42,3,0.9925658459364881,0.9171690750697213,0.07539677086676677
2026-08-22T14:47:16.361858+00:00,e85c645134dafe5024515cf86aa8b00f0ed7e8e9,8,configs/s5_analysis_bn.yaml,3.12.13,Linux-6.12.90+-x86_64-with-glibc2.35,rag_neural_symbolic_feedback,1,42,1,0.99985865304401,0.9701982931259304,0.029660359918079582
2026-08-22T14:47:16.361858+00:00,e85c645134dafe5024515cf86aa8b00f0ed7e8e9,8,configs/s5_analysis_bn.yaml,3.12.13,Linux-6.12.90+-x86_64-with-glibc2.35,rag_neural_loop,0,42,1,0.9998666618678158,0.9830829169670099,0.01678374490080592
2026-08-22T14:47:16.361858+00:00,e85c645134dafe5024515cf86aa8b00f0ed7e8e9,8,configs/s5_analysis_bn.yaml,3.12.13,Linux-6.12.90+-x86_64-with-glibc2.35,rag_symbolic_loop,0,42,1,0.9998666618678158,0.9830829169670099,0.01678374490080592
2026-08-22T14:47:16.361858+00:00,e85c645134dafe5024515cf86aa8b00f0ed7e8e9,8,configs/s5_analysis_bn.yaml,3.12.13,Linux-6.12.90+-x86_64-with-glibc2.35,rag_neural_symbolic_feedback,0,42,1,0.9998666618678158,0.9830829169670099,0.01678374490080592
2026-08-22T14:47:16.361858+00:00,e85c645134dafe5024515cf86aa8b00f0ed7e8e9,8,configs/s5_analysis_bn.yaml,3.12.13,Linux-6.12.90+-x86_64-with-glibc2.35,rag_neural_loop,1,42,1,0.999996303176793,0.9631645221249846,0.0368317810518084
2026-08-22T14:47:16.361858+00:00,e85c645134dafe5024515cf86aa8b00f0ed7e8e9,8,configs/s5_analysis_bn.yaml,3.12.13,Linux-6.12.90+-x86_64-with-glibc2.35,rag_symbolic_loop,1,42,1,0.999996303176793,0.9631645221249846,0.0368317810518084
2026-08-22T14:47:16.361858+00:00,e85c645134dafe5024515cf86aa8b00f0ed7e8e9,8,configs/s5_analysis_bn.yaml,3.12.13,Linux-6.12.90+-x86_64-with-glibc2.35,rag_symbolic_loop,1,42,2,0.9999999685042565,0.9600737785319269,0.03992618997232966
2026-08-22T14:47:16.361858+00:00,e85c645134dafe5024515cf86aa8b00f0ed7e8e9,8,configs/s5_analysis_bn.yaml,3.12.13,Linux-6.12.90+-x86_64-with-glibc2.35,rag_symbolic_loop,1,42,3,0.9999994297695921,0.9600993990440991,0.039900030725492974
2026-08-22T14:47:16.361858+00:00,e85c645134dafe5024515cf86aa8b00f0ed7e8e9,8,configs/s5_analysis_bn.yaml,3.12.13,Linux-6.12.90+-x86_64-with-glibc2.35,rag_neural_symbolic_feedback,1,42,1,0.999996303176793,0.9631645221249846,0.0368317810518084
2026-08-22T14:47:16.361858+00:00,e85c645134dafe5024515cf86aa8b00f0ed7e8e9,8,configs/s5_analysis_bn.yaml,3.12.13,Linux-6.12.90+-x86_64-with-glibc2.35,rag_neural_loop,0,42,1,0.9999999898446625,0.9506964774969917,0.04930351234767083
2026-08-22T14:47:16.361858+00:00,e85c645134dafe5024515cf86aa8b00f0ed7e8e9,8,configs/s5_analysis_bn.yaml,3.12.13,Linux-6.12.90+-x86_64-with-glibc2.35,rag_symbolic_loop,0,42,1,0.9999999898446625,0.9506964774969917,0.04930351234767083
2026-08-22T14:47:16.361858+00:00,e85c645134dafe5024515cf86aa8b00f0ed7e8e9,8,configs/s5_analysis_bn.yaml,3.12.13,Linux-6.12.90+-x86_64-with-glibc2.35,rag_neural_symbolic_feedback,0,42,1,0.9999999898446625,0.9506964774969917,0.04930351234767083
2026-08-22T14:47:16.361858+00:00,e85c645134dafe5024515cf86aa8b00f0ed7e8e9,8,configs/s5_analysis_bn.yaml,3.12.13,Linux-6.12.90+-x86_64-with-glibc2.35,rag_neural_loop,1,42,1,0.903131079842969,0.9779712153586352,-0.07484013551566615
2026-08-22T14:47:16.361858+00:00,e85c645134dafe5024515cf86aa8b00f0ed7e8e9,8,configs/s5_analysis_bn.yaml,3.12.13,Linux-6.12.90+-x86_64-with-glibc2.35,rag_symbolic_loop,1,42,1,0.903131079842969,0.9779712153586352,-0.07484013551566615
2026-08-22T14:47:16.361858+00:00,e85c645134dafe5024515cf86aa8b00f0ed7e8e9,8,configs/s5_analysis_bn.yaml,3.12.13,Linux-6.12.90+-x86_64-with-glibc2.35,rag_neural_symbolic_feedback,1,42,1,0.903131079842969,0.9779712153586352,-0.07484013551566615
2026-08-22T14:47:16.361858+00:00,e85c645134dafe5024515cf86aa8b00f0ed7e8e9,8,configs/s5_analysis_bn.yaml,3.12.13,Linux-6.12.90+-x86_64-with-glibc2.35,rag_neural_loop,0,42,1,0.9999999998409915,0.9858309830108037,0.014169016830187786
2026-08-22T14:47:16.361858+00:00,e85c645134dafe5024515cf86aa8b00f0ed7e8e9,8,configs/s5_analysis_bn.yaml,3.12.13,Linux-6.12.90+-x86_64-with-glibc2.35,rag_symbolic_loop,0,42,1,0.9999999998409915,0.9858309830108037,0.014169016830187786
2026-08-22T14:47:16.361858+00:00,e85c645134dafe5024515cf86aa8b00f0ed7e8e9,8,configs/s5_analysis_bn.yaml,3.12.13,Linux-6.12.90+-x86_64-with-glibc2.35,rag_neural_symbolic_feedback,0,42,1,0.9999999998409915,0.9858309830108037,0.014169016830187786
2026-08-22T14:47:16.361858+00:00,e85c645134dafe5024515cf86aa8b00f0ed7e8e9,8,configs/s5_analysis_bn.yaml,3.12.13,Linux-6.12.90+-x86_64-with-glibc2.35,rag_neural_loop,1,42,1,0.9999167094914445,0.970761316827012,0.029155392664432456
2026-08-22T14:47:16.361858+00:00,e85c645134dafe5024515cf86aa8b00f0ed7e8e9,8,configs/s5_analysis_bn.yaml,3.12.13,Linux-6.12.90+-x86_64-with-glibc2.35,rag_symbolic_loop,1,42,1,0.9999167094914445,0.970761316827012,0.029155392664432456
2026-08-22T14:47:16.361858+00:00,e85c645134dafe5024515cf86aa8b00f0ed7e8e9,8,configs/s5_analysis_bn.yaml,3.12.13,Linux-6.12.90+-x86_64-with-glibc2.35,rag_neural_symbolic_feedback,1,42,1,0.9999167094914445,0.970761316827012,0.029155392664432456
2026-08-22T14:47:16.361858+00:00,e85c645134dafe5024515cf86aa8b00f0ed7e8e9,8,configs/s5_analysis_bn.yaml,3.12.13,Linux-6.12.90+-x86_64-with-glibc2.35,rag_neural_loop,0,42,1,0.9999999999999944,0.9847342546415436,0.015265745358450822
2026-08-22T14:47:16.361858+00:00,e85c645134dafe5024515cf86aa8b00f0ed7e8e9,8,configs/s5_analysis_bn.yaml,3.12.13,Linux-6.12.90+-x86_64-with-glibc2.35,rag_symbolic_loop,0,42,1,0.9999999999999944,0.9847342546415436,0.015265745358450822
2026-08-22T14:47:16.361858+00:00,e85c645134dafe5024515cf86aa8b00f0ed7e8e9,8,configs/s5_analysis_bn.yaml,3.12.13,Linux-6.12.90+-x86_64-with-glibc2.35,rag_neural_symbolic_feedback,0,42,1,0.9999999999999944,0.9847342546415436,0.015265745358450822
2026-08-22T14:47:16.361858+00:00,e85c645134dafe5024515cf86aa8b00f0ed7e8e9,8,configs/s5_analysis_bn.yaml,3.12.13,Linux-6.12.90+-x86_64-with-glibc2.35,rag_neural_loop,1,42,1,0.9971052368851022,0.8986293883840913,0.09847584850101088
2026-08-22T14:47:16.361858+00:00,e85c645134dafe5024515cf86aa8b00f0ed7e8e9,8,configs/s5_analysis_bn.yaml,3.12.13,Linux-6.12.90+-x86_64-with-glibc2.35,rag_symbolic_loop,1,42,1,0.9971052368851022,0.8986293883840913,0.09847584850101088
2026-08-22T14:47:16.361858+00:00,e85c645134dafe5024515cf86aa8b00f0ed7e8e9,8,configs/s5_analysis_bn.yaml,3.12.13,Linux-6.12.90+-x86_64-with-glibc2.35,rag_symbolic_loop,1,42,2,0.9999962758775143,0.9650603666154585,0.03493590926205581
2026-08-22T14:47:16.361858+00:00,e85c645134dafe5024515cf86aa8b00f0ed7e8e9,8,configs/s5_analysis_bn.yaml,3.12.13,Linux-6.12.90+-x86_64-with-glibc2.35,rag_symbolic_loop,1,42,3,0.9999966615883189,0.9677472985059096,0.03224936308240933
2026-08-22T14:47:16.361858+00:00,e85c645134dafe5024515cf86aa8b00f0ed7e8e9,8,configs/s5_analysis_bn.yaml,3.12.13,Linux-6.12.90+-x86_64-with-glibc2.35,rag_neural_symbolic_feedback,1,42,1,0.9971052368851022,0.8986293883840913,0.09847584850101088
2026-08-22T14:47:16.361858+00:00,e85c645134dafe5024515cf86aa8b00f0ed7e8e9,8,configs/s5_analysis_bn.yaml,3.12.13,Linux-6.12.90+-x86_64-with-glibc2.35,rag_neural_loop,0,42,1,0.9999999165130388,0.9816563573510078,0.01834355916203101
2026-08-22T14:47:16.361858+00:00,e85c645134dafe5024515cf86aa8b00f0ed7e8e9,8,configs/s5_analysis_bn.yaml,3.12.13,Linux-6.12.90+-x86_64-with-glibc2.35,rag_symbolic_loop,0,42,1,0.9999999165130388,0.9816563573510078,0.01834355916203101
2026-08-22T14:47:16.361858+00:00,e85c645134dafe5024515cf86aa8b00f0ed7e8e9,8,configs/s5_analysis_bn.yaml,3.12.13,Linux-6.12.90+-x86_64-with-glibc2.35,rag_neural_symbolic_feedback,0,42,1,0.9999999165130388,0.9816563573510078,0.01834355916203101
2026-08-22T14:47:16.361858+00:00,e85c645134dafe5024515cf86aa8b00f0ed7e8e9,8,configs/s5_analysis_bn.yaml,3.12.13,Linux-6.12.90+-x86_64-with-glibc2.35,rag_neural_loop,1,42,1,1.834979333073418e-05,0.014264630288382563,-0.01424628049505183
2026-08-22T14:47:16.361858+00:00,e85c645134dafe5024515cf86aa8b00f0ed7e8e9,8,configs/s5_analysis_bn.yaml,3.12.13,Linux-6.12.90+-x86_64-with-glibc2.35,rag_neural_loop,1,42,2,9.768338415099438e-09,0.01629759588370899,-0.016297586115370574
2026-08-22T14:47:16.361858+00:00,e85c645134dafe5024515cf86aa8b00f0ed7e8e9,8,configs/s5_analysis_bn.yaml,3.12.13,Linux-6.12.90+-x86_64-with-glibc2.35,rag_neural_loop,1,42,3,0.4775578362964768,0.7002618068625965,-0.22270397056611974
2026-08-22T14:47:16.361858+00:00,e85c645134dafe5024515cf86aa8b00f0ed7e8e9,8,configs/s5_analysis_bn.yaml,3.12.13,Linux-6.12.90+-x86_64-with-glibc2.35,rag_symbolic_loop,1,42,1,1.834979333073418e-05,0.014264630288382563,-0.01424628049505183
2026-08-22T14:47:16.361858+00:00,e85c645134dafe5024515cf86aa8b00f0ed7e8e9,8,configs/s5_analysis_bn.yaml,3.12.13,Linux-6.12.90+-x86_64-with-glibc2.35,rag_symbolic_loop,1,42,2,0.9998196922142089,0.9159970623642643,0.0838226298499446
2026-08-22T14:47:16.361858+00:00,e85c645134dafe5024515cf86aa8b00f0ed7e8e9,8,configs/s5_analysis_bn.yaml,3.12.13,Linux-6.12.90+-x86_64-with-glibc2.35,rag_symbolic_loop,1,42,3,0.3635486300945971,0.9675382366339806,-0.6039896065393835
2026-08-22T14:47:16.361858+00:00,e85c645134dafe5024515cf86aa8b00f0ed7e8e9,8,configs/s5_analysis_bn.yaml,3.12.13,Linux-6.12.90+-x86_64-with-glibc2.35,rag_neural_symbolic_feedback,1,42,1,1.834979333073418e-05,0.014264630288382563,-0.01424628049505183
2026-08-22T14:47:16.361858+00:00,e85c645134dafe5024515cf86aa8b00f0ed7e8e9,8,configs/s5_analysis_bn.yaml,3.12.13,Linux-6.12.90+-x86_64-with-glibc2.35,rag_neural_symbolic_feedback,1,42,2,0.9761466190292453,0.9728063724787228,0.003340246550522452
2026-08-22T14:47:16.361858+00:00,e85c645134dafe5024515cf86aa8b00f0ed7e8e9,8,configs/s5_analysis_bn.yaml,3.12.13,Linux-6.12.90+-x86_64-with-glibc2.35,rag_neural_loop,0,42,1,0.011149097263144725,0.11125032987784955,-0.10010123261470483
2026-08-22T14:47:16.361858+00:00,e85c645134dafe5024515cf86aa8b00f0ed7e8e9,8,configs/s5_analysis_bn.yaml,3.12.13,Linux-6.12.90+-x86_64-with-glibc2.35,rag_neural_loop,0,42,2,0.13345075032239062,0.02306001644328015,0.11039073387911047
2026-08-22T14:47:16.361858+00:00,e85c645134dafe5024515cf86aa8b00f0ed7e8e9,8,configs/s5_analysis_bn.yaml,3.12.13,Linux-6.12.90+-x86_64-with-glibc2.35,rag_neural_loop,0,42,3,0.9520998478918627,0.11310725301908053,0.8389925948727822
2026-08-22T14:47:16.361858+00:00,e85c645134dafe5024515cf86aa8b00f0ed7e8e9,8,configs/s5_analysis_bn.yaml,3.12.13,Linux-6.12.90+-x86_64-with-glibc2.35,rag_symbolic_loop,0,42,1,0.011149097263144725,0.11125032987784955,-0.10010123261470483
2026-08-22T14:47:16.361858+00:00,e85c645134dafe5024515cf86aa8b00f0ed7e8e9,8,configs/s5_analysis_bn.yaml,3.12.13,Linux-6.12.90+-x86_64-with-glibc2.35,rag_neural_symbolic_feedback,0,42,1,0.011149097263144725,0.11125032987784955,-0.10010123261470483
2026-08-22T14:47:16.361858+00:00,e85c645134dafe5024515cf86aa8b00f0ed7e8e9,8,configs/s5_analysis_bn.yaml,3.12.13,Linux-6.12.90+-x86_64-with-glibc2.35,rag_neural_symbolic_feedback,0,42,2,0.9999999997451908,0.9849106197619203,0.015089379983270534
2026-08-22T14:47:16.361858+00:00,e85c645134dafe5024515cf86aa8b00f0ed7e8e9,8,configs/s5_analysis_bn.yaml,3.12.13,Linux-6.12.90+-x86_64-with-glibc2.35,rag_neural_loop,1,42,1,0.8175356850822106,0.8339625589136196,-0.01642687383140895
2026-08-22T14:47:16.361858+00:00,e85c645134dafe5024515cf86aa8b00f0ed7e8e9,8,configs/s5_analysis_bn.yaml,3.12.13,Linux-6.12.90+-x86_64-with-glibc2.35,rag_symbolic_loop,1,42,1,0.8175356850822106,0.8339625589136196,-0.01642687383140895
2026-08-22T14:47:16.361858+00:00,e85c645134dafe5024515cf86aa8b00f0ed7e8e9,8,configs/s5_analysis_bn.yaml,3.12.13,Linux-6.12.90+-x86_64-with-glibc2.35,rag_symbolic_loop,1,42,2,0.9996896445913004,0.9396597353307452,0.06002990926055518
2026-08-22T14:47:16.361858+00:00,e85c645134dafe5024515cf86aa8b00f0ed7e8e9,8,configs/s5_analysis_bn.yaml,3.12.13,Linux-6.12.90+-x86_64-with-glibc2.35,rag_neural_symbolic_feedback,1,42,1,0.8175356850822106,0.8339625589136196,-0.01642687383140895
2026-08-22T14:47:16.361858+00:00,e85c645134dafe5024515cf86aa8b00f0ed7e8e9,8,configs/s5_analysis_bn.yaml,3.12.13,Linux-6.12.90+-x86_64-with-glibc2.35,rag_neural_loop,0,42,1,0.564452079389488,0.0403528209147932,0.5240992584746949
2026-08-22T14:47:16.361858+00:00,e85c645134dafe5024515cf86aa8b00f0ed7e8e9,8,configs/s5_analysis_bn.yaml,3.12.13,Linux-6.12.90+-x86_64-with-glibc2.35,rag_symbolic_loop,0,42,1,0.564452079389488,0.0403528209147932,0.5240992584746949
2026-08-22T14:47:16.361858+00:00,e85c645134dafe5024515cf86aa8b00f0ed7e8e9,8,configs/s5_analysis_bn.yaml,3.12.13,Linux-6.12.90+-x86_64-with-glibc2.35,rag_neural_symbolic_feedback,0,42,1,0.564452079389488,0.0403528209147932,0.5240992584746949
2026-08-22T14:47:16.361858+00:00,e85c645134dafe5024515cf86aa8b00f0ed7e8e9,8,configs/s5_analysis_bn.yaml,3.12.13,Linux-6.12.90+-x86_64-with-glibc2.35,rag_neural_loop,1,42,1,0.999993458054786,0.9781436107765411,0.021849847278244905
2026-08-22T14:47:16.361858+00:00,e85c645134dafe5024515cf86aa8b00f0ed7e8e9,8,configs/s5_analysis_bn.yaml,3.12.13,Linux-6.12.90+-x86_64-with-glibc2.35,rag_symbolic_loop,1,42,1,0.999993458054786,0.9781436107765411,0.021849847278244905
2026-08-22T14:47:16.361858+00:00,e85c645134dafe5024515cf86aa8b00f0ed7e8e9,8,configs/s5_analysis_bn.yaml,3.12.13,Linux-6.12.90+-x86_64-with-glibc2.35,rag_symbolic_loop,1,42,2,0.9999453834219652,0.9716245787252527,0.028320804696712498
2026-08-22T14:47:16.361858+00:00,e85c645134dafe5024515cf86aa8b00f0ed7e8e9,8,configs/s5_analysis_bn.yaml,3.12.13,Linux-6.12.90+-x86_64-with-glibc2.35,rag_symbolic_loop,1,42,3,0.0004068360807332399,0.8030338301373416,-0.8026269940566084
2026-08-22T14:47:16.361858+00:00,e85c645134dafe5024515cf86aa8b00f0ed7e8e9,8,configs/s5_analysis_bn.yaml,3.12.13,Linux-6.12.90+-x86_64-with-glibc2.35,rag_neural_symbolic_feedback,1,42,1,0.999993458054786,0.9781436107765411,0.021849847278244905
2026-08-22T14:47:16.361858+00:00,e85c645134dafe5024515cf86aa8b00f0ed7e8e9,8,configs/s5_analysis_bn.yaml,3.12.13,Linux-6.12.90+-x86_64-with-glibc2.35,rag_neural_loop,0,43,1,0.5684987391635017,0.01938680117321845,0.5491119379902832
2026-08-22T14:47:16.361858+00:00,e85c645134dafe5024515cf86aa8b00f0ed7e8e9,8,configs/s5_analysis_bn.yaml,3.12.13,Linux-6.12.90+-x86_64-with-glibc2.35,rag_symbolic_loop,0,43,1,0.5684987391635017,0.01938680117321845,0.5491119379902832
2026-08-22T14:47:16.361858+00:00,e85c645134dafe5024515cf86aa8b00f0ed7e8e9,8,configs/s5_analysis_bn.yaml,3.12.13,Linux-6.12.90+-x86_64-with-glibc2.35,rag_neural_symbolic_feedback,0,43,1,0.5684987391635017,0.01938680117321845,0.5491119379902832
2026-08-22T14:47:16.361858+00:00,e85c645134dafe5024515cf86aa8b00f0ed7e8e9,8,configs/s5_analysis_bn.yaml,3.12.13,Linux-6.12.90+-x86_64-with-glibc2.35,rag_neural_loop,1,43,1,0.44381730281326964,0.9746097562919959,-0.5307924534787263
2026-08-22T14:47:16.361858+00:00,e85c645134dafe5024515cf86aa8b00f0ed7e8e9,8,configs/s5_analysis_bn.yaml,3.12.13,Linux-6.12.90+-x86_64-with-glibc2.35,rag_symbolic_loop,1,43,1,0.44381730281326964,0.9746097562919959,-0.5307924534787263
2026-08-22T14:47:16.361858+00:00,e85c645134dafe5024515cf86aa8b00f0ed7e8e9,8,configs/s5_analysis_bn.yaml,3.12.13,Linux-6.12.90+-x86_64-with-glibc2.35,rag_symbolic_loop,1,43,2,0.015044901779395763,0.9418991974386978,-0.926854295659302
2026-08-22T14:47:16.361858+00:00,e85c645134dafe5024515cf86aa8b00f0ed7e8e9,8,configs/s5_analysis_bn.yaml,3.12.13,Linux-6.12.90+-x86_64-with-glibc2.35,rag_symbolic_loop,1,43,3,0.9999926586132432,0.9719134575441758,0.02807920106906736
2026-08-22T14:47:16.361858+00:00,e85c645134dafe5024515cf86aa8b00f0ed7e8e9,8,configs/s5_analysis_bn.yaml,3.12.13,Linux-6.12.90+-x86_64-with-glibc2.35,rag_neural_symbolic_feedback,1,43,1,0.44381730281326964,0.9746097562919959,-0.5307924534787263
2026-08-22T14:47:16.361858+00:00,e85c645134dafe5024515cf86aa8b00f0ed7e8e9,8,configs/s5_analysis_bn.yaml,3.12.13,Linux-6.12.90+-x86_64-with-glibc2.35,rag_neural_loop,0,43,1,4.664451269675851e-09,0.026273031396012114,-0.026273026731560845
2026-08-22T14:47:16.361858+00:00,e85c645134dafe5024515cf86aa8b00f0ed7e8e9,8,configs/s5_analysis_bn.yaml,3.12.13,Linux-6.12.90+-x86_64-with-glibc2.35,rag_neural_loop,0,43,2,0.9999999998867984,0.9829835098977264,0.017016489989072014
2026-08-22T14:47:16.361858+00:00,e85c645134dafe5024515cf86aa8b00f0ed7e8e9,8,configs/s5_analysis_bn.yaml,3.12.13,Linux-6.12.90+-x86_64-with-glibc2.35,rag_symbolic_loop,0,43,1,4.664451269675851e-09,0.026273031396012114,-0.026273026731560845
2026-08-22T14:47:16.361858+00:00,e85c645134dafe5024515cf86aa8b00f0ed7e8e9,8,configs/s5_analysis_bn.yaml,3.12.13,Linux-6.12.90+-x86_64-with-glibc2.35,rag_neural_symbolic_feedback,0,43,1,4.664451269675851e-09,0.026273031396012114,-0.026273026731560845
2026-08-22T14:47:16.361858+00:00,e85c645134dafe5024515cf86aa8b00f0ed7e8e9,8,configs/s5_analysis_bn.yaml,3.12.13,Linux-6.12.90+-x86_64-with-glibc2.35,rag_neural_symbolic_feedback,0,43,2,0.9999999907625697,0.9837191104882819,0.016280880274287868
2026-08-22T14:47:16.361858+00:00,e85c645134dafe5024515cf86aa8b00f0ed7e8e9,8,configs/s5_analysis_bn.yaml,3.12.13,Linux-6.12.90+-x86_64-with-glibc2.35,rag_neural_loop,1,43,1,0.7723920006872976,0.9622665208942779,-0.18987452020698026
2026-08-22T14:47:16.361858+00:00,e85c645134dafe5024515cf86aa8b00f0ed7e8e9,8,configs/s5_analysis_bn.yaml,3.12.13,Linux-6.12.90+-x86_64-with-glibc2.35,rag_symbolic_loop,1,43,1,0.7723920006872976,0.9622665208942779,-0.18987452020698026
2026-08-22T14:47:16.361858+00:00,e85c645134dafe5024515cf86aa8b00f0ed7e8e9,8,configs/s5_analysis_bn.yaml,3.12.13,Linux-6.12.90+-x86_64-with-glibc2.35,rag_symbolic_loop,1,43,2,0.999876663301578,0.9628187542881552,0.03705790901342276
2026-08-22T14:47:16.361858+00:00,e85c645134dafe5024515cf86aa8b00f0ed7e8e9,8,configs/s5_analysis_bn.yaml,3.12.13,Linux-6.12.90+-x86_64-with-glibc2.35,rag_symbolic_loop,1,43,3,0.9984255270887602,0.9690583561626848,0.029367170926075437
2026-08-22T14:47:16.361858+00:00,e85c645134dafe5024515cf86aa8b00f0ed7e8e9,8,configs/s5_analysis_bn.yaml,3.12.13,Linux-6.12.90+-x86_64-with-glibc2.35,rag_neural_symbolic_feedback,1,43,1,0.7723920006872976,0.9622665208942779,-0.18987452020698026
2026-08-22T14:47:16.361858+00:00,e85c645134dafe5024515cf86aa8b00f0ed7e8e9,8,configs/s5_analysis_bn.yaml,3.12.13,Linux-6.12.90+-x86_64-with-glibc2.35,rag_neural_loop,0,43,1,0.9999999491974331,0.9542666715636812,0.0457332776337519
2026-08-22T14:47:16.361858+00:00,e85c645134dafe5024515cf86aa8b00f0ed7e8e9,8,configs/s5_analysis_bn.yaml,3.12.13,Linux-6.12.90+-x86_64-with-glibc2.35,rag_symbolic_loop,0,43,1,0.9999999491974331,0.9542666715636812,0.0457332776337519
2026-08-22T14:47:16.361858+00:00,e85c645134dafe5024515cf86aa8b00f0ed7e8e9,8,configs/s5_analysis_bn.yaml,3.12.13,Linux-6.12.90+-x86_64-with-glibc2.35,rag_neural_symbolic_feedback,0,43,1,0.9999999491974331,0.9542666715636812,0.0457332776337519
2026-08-22T14:47:16.361858+00:00,e85c645134dafe5024515cf86aa8b00f0ed7e8e9,8,configs/s5_analysis_bn.yaml,3.12.13,Linux-6.12.90+-x86_64-with-glibc2.35,rag_neural_loop,1,43,1,0.9999998040495124,0.9725430385941775,0.02745676545533493
2026-08-22T14:47:16.361858+00:00,e85c645134dafe5024515cf86aa8b00f0ed7e8e9,8,configs/s5_analysis_bn.yaml,3.12.13,Linux-6.12.90+-x86_64-with-glibc2.35,rag_symbolic_loop,1,43,1,0.9999998040495124,0.9725430385941775,0.02745676545533493
2026-08-22T14:47:16.361858+00:00,e85c645134dafe5024515cf86aa8b00f0ed7e8e9,8,configs/s5_analysis_bn.yaml,3.12.13,Linux-6.12.90+-x86_64-with-glibc2.35,rag_neural_symbolic_feedback,1,43,1,0.9999998040495124,0.9725430385941775,0.02745676545533493
2026-08-22T14:47:16.361858+00:00,e85c645134dafe5024515cf86aa8b00f0ed7e8e9,8,configs/s5_analysis_bn.yaml,3.12.13,Linux-6.12.90+-x86_64-with-glibc2.35,rag_neural_loop,0,43,1,4.981736800857561e-08,0.019910267826556693,-0.019910218009188685
2026-08-22T14:47:16.361858+00:00,e85c645134dafe5024515cf86aa8b00f0ed7e8e9,8,configs/s5_analysis_bn.yaml,3.12.13,Linux-6.12.90+-x86_64-with-glibc2.35,rag_neural_loop,0,43,2,0.41176343363691137,0.02824409979320175,0.3835193338437096
2026-08-22T14:47:16.361858+00:00,e85c645134dafe5024515cf86aa8b00f0ed7e8e9,8,configs/s5_analysis_bn.yaml,3.12.13,Linux-6.12.90+-x86_64-with-glibc2.35,rag_neural_loop,0,43,3,3.3667801879744275e-09,0.021428091038744546,-0.021428087671964358
2026-08-22T14:47:16.361858+00:00,e85c645134dafe5024515cf86aa8b00f0ed7e8e9,8,configs/s5_analysis_bn.yaml,3.12.13,Linux-6.12.90+-x86_64-with-glibc2.35,rag_symbolic_loop,0,43,1,4.981736800857561e-08,0.019910267826556693,-0.019910218009188685
2026-08-22T14:47:16.361858+00:00,e85c645134dafe5024515cf86aa8b00f0ed7e8e9,8,configs/s5_analysis_bn.yaml,3.12.13,Linux-6.12.90+-x86_64-with-glibc2.35,rag_neural_symbolic_feedback,0,43,1,4.981736800857561e-08,0.019910267826556693,-0.019910218009188685
2026-08-22T14:47:16.361858+00:00,e85c645134dafe5024515cf86aa8b00f0ed7e8e9,8,configs/s5_analysis_bn.yaml,3.12.13,Linux-6.12.90+-x86_64-with-glibc2.35,rag_neural_symbolic_feedback,0,43,2,0.9994913657631364,0.9370420665027407,0.06244929926039566
2026-08-22T14:47:16.361858+00:00,e85c645134dafe5024515cf86aa8b00f0ed7e8e9,8,configs/s5_analysis_bn.yaml,3.12.13,Linux-6.12.90+-x86_64-with-glibc2.35,rag_neural_loop,1,43,1,0.10822236259677942,0.13788539741871714,-0.029663034821937717
2026-08-22T14:47:16.361858+00:00,e85c645134dafe5024515cf86aa8b00f0ed7e8e9,8,configs/s5_analysis_bn.yaml,3.12.13,Linux-6.12.90+-x86_64-with-glibc2.35,rag_neural_loop,1,43,2,0.9646533638611395,0.5715302711548516,0.393123092706288
2026-08-22T14:47:16.361858+00:00,e85c645134dafe5024515cf86aa8b00f0ed7e8e9,8,configs/s5_analysis_bn.yaml,3.12.13,Linux-6.12.90+-x86_64-with-glibc2.35,rag_symbolic_loop,1,43,1,0.10822236259677942,0.13788539741871714,-0.029663034821937717
2026-08-22T14:47:16.361858+00:00,e85c645134dafe5024515cf86aa8b00f0ed7e8e9,8,configs/s5_analysis_bn.yaml,3.12.13,Linux-6.12.90+-x86_64-with-glibc2.35,rag_neural_symbolic_feedback,1,43,1,0.10822236259677942,0.13788539741871714,-0.029663034821937717
2026-08-22T14:47:16.361858+00:00,e85c645134dafe5024515cf86aa8b00f0ed7e8e9,8,configs/s5_analysis_bn.yaml,3.12.13,Linux-6.12.90+-x86_64-with-glibc2.35,rag_neural_symbolic_feedback,1,43,2,0.41971149240535566,0.05919142396302033,0.3605200684423353
2026-08-22T14:47:16.361858+00:00,e85c645134dafe5024515cf86aa8b00f0ed7e8e9,8,configs/s5_analysis_bn.yaml,3.12.13,Linux-6.12.90+-x86_64-with-glibc2.35,rag_neural_symbolic_feedback,1,43,3,5.3200630588147866e-05,0.022853550557539543,-0.022800349926951395
2026-08-22T14:47:16.361858+00:00,e85c645134dafe5024515cf86aa8b00f0ed7e8e9,8,configs/s5_analysis_bn.yaml,3.12.13,Linux-6.12.90+-x86_64-with-glibc2.35,rag_neural_loop,0,43,1,0.9999677822641079,0.040546921188361895,0.959420861075746
2026-08-22T14:47:16.361858+00:00,e85c645134dafe5024515cf86aa8b00f0ed7e8e9,8,configs/s5_analysis_bn.yaml,3.12.13,Linux-6.12.90+-x86_64-with-glibc2.35,rag_symbolic_loop,0,43,1,0.9999677822641079,0.040546921188361895,0.959420861075746
2026-08-22T14:47:16.361858+00:00,e85c645134dafe5024515cf86aa8b00f0ed7e8e9,8,configs/s5_analysis_bn.yaml,3.12.13,Linux-6.12.90+-x86_64-with-glibc2.35,rag_neural_symbolic_feedback,0,43,1,0.9999677822641079,0.040546921188361895,0.959420861075746
2026-08-22T14:47:16.361858+00:00,e85c645134dafe5024515cf86aa8b00f0ed7e8e9,8,configs/s5_analysis_bn.yaml,3.12.13,Linux-6.12.90+-x86_64-with-glibc2.35,rag_neural_loop,1,43,1,0.9713464259854305,0.9299137520199119,0.04143267396551864
2026-08-22T14:47:16.361858+00:00,e85c645134dafe5024515cf86aa8b00f0ed7e8e9,8,configs/s5_analysis_bn.yaml,3.12.13,Linux-6.12.90+-x86_64-with-glibc2.35,rag_symbolic_loop,1,43,1,0.9713464259854305,0.9299137520199119,0.04143267396551864
2026-08-22T14:47:16.361858+00:00,e85c645134dafe5024515cf86aa8b00f0ed7e8e9,8,configs/s5_analysis_bn.yaml,3.12.13,Linux-6.12.90+-x86_64-with-glibc2.35,rag_symbolic_loop,1,43,2,0.9984435026865569,0.09992063010925087,0.898522872577306
2026-08-22T14:47:16.361858+00:00,e85c645134dafe5024515cf86aa8b00f0ed7e8e9,8,configs/s5_analysis_bn.yaml,3.12.13,Linux-6.12.90+-x86_64-with-glibc2.35,rag_symbolic_loop,1,43,3,0.9999664083804697,0.9287085323729172,0.07125787600755251
2026-08-22T14:47:16.361858+00:00,e85c645134dafe5024515cf86aa8b00f0ed7e8e9,8,configs/s5_analysis_bn.yaml,3.12.13,Linux-6.12.90+-x86_64-with-glibc2.35,rag_neural_symbolic_feedback,1,43,1,0.9713464259854305,0.9299137520199119,0.04143267396551864
2026-08-22T14:47:16.361858+00:00,e85c645134dafe5024515cf86aa8b00f0ed7e8e9,8,configs/s5_analysis_bn.yaml,3.12.13,Linux-6.12.90+-x86_64-with-glibc2.35,rag_neural_loop,0,43,1,0.9999999999995514,0.9843401982577362,0.015659801741815138
2026-08-22T14:47:16.361858+00:00,e85c645134dafe5024515cf86aa8b00f0ed7e8e9,8,configs/s5_analysis_bn.yaml,3.12.13,Linux-6.12.90+-x86_64-with-glibc2.35,rag_symbolic_loop,0,43,1,0.9999999999995514,0.9843401982577362,0.015659801741815138
2026-08-22T14:47:16.361858+00:00,e85c645134dafe5024515cf86aa8b00f0ed7e8e9,8,configs/s5_analysis_bn.yaml,3.12.13,Linux-6.12.90+-x86_64-with-glibc2.35,rag_neural_symbolic_feedback,0,43,1,0.9999999999995514,0.9843401982577362,0.015659801741815138
2026-08-22T14:47:16.361858+00:00,e85c645134dafe5024515cf86aa8b00f0ed7e8e9,8,configs/s5_analysis_bn.yaml,3.12.13,Linux-6.12.90+-x86_64-with-glibc2.35,rag_neural_loop,1,43,1,1.809405118647114e-07,0.09275330595303251,-0.09275312501252064
2026-08-22T14:47:16.361858+00:00,e85c645134dafe5024515cf86aa8b00f0ed7e8e9,8,configs/s5_analysis_bn.yaml,3.12.13,Linux-6.12.90+-x86_64-with-glibc2.35,rag_neural_loop,1,43,2,5.672236850538128e-08,0.03578799514720695,-0.03578793842483845
2026-08-22T14:47:16.361858+00:00,e85c645134dafe5024515cf86aa8b00f0ed7e8e9,8,configs/s5_analysis_bn.yaml,3.12.13,Linux-6.12.90+-x86_64-with-glibc2.35,rag_neural_loop,1,43,3,1.4947168689843248e-06,0.03510451302833798,-0.035103018311468996
2026-08-22T14:47:16.361858+00:00,e85c645134dafe5024515cf86aa8b00f0ed7e8e9,8,configs/s5_analysis_bn.yaml,3.12.13,Linux-6.12.90+-x86_64-with-glibc2.35,rag_symbolic_loop,1,43,1,1.809405118647114e-07,0.09275330595303251,-0.09275312501252064
2026-08-22T14:47:16.361858+00:00,e85c645134dafe5024515cf86aa8b00f0ed7e8e9,8,configs/s5_analysis_bn.yaml,3.12.13,Linux-6.12.90+-x86_64-with-glibc2.35,rag_symbolic_loop,1,43,2,7.489548509733393e-08,0.03010473913974193,-0.030104664244256833
2026-08-22T14:47:16.361858+00:00,e85c645134dafe5024515cf86aa8b00f0ed7e8e9,8,configs/s5_analysis_bn.yaml,3.12.13,Linux-6.12.90+-x86_64-with-glibc2.35,rag_symbolic_loop,1,43,3,0.9888573318620257,0.9587946468507784,0.030062685011247314
2026-08-22T14:47:16.361858+00:00,e85c645134dafe5024515cf86aa8b00f0ed7e8e9,8,configs/s5_analysis_bn.yaml,3.12.13,Linux-6.12.90+-x86_64-with-glibc2.35,rag_neural_symbolic_feedback,1,43,1,1.809405118647114e-07,0.09275330595303251,-0.09275312501252064
2026-08-22T14:47:16.361858+00:00,e85c645134dafe5024515cf86aa8b00f0ed7e8e9,8,configs/s5_analysis_bn.yaml,3.12.13,Linux-6.12.90+-x86_64-with-glibc2.35,rag_neural_symbolic_feedback,1,43,2,1.9731845734295722e-08,0.021870395951047287,-0.021870376219201553
2026-08-22T14:47:16.361858+00:00,e85c645134dafe5024515cf86aa8b00f0ed7e8e9,8,configs/s5_analysis_bn.yaml,3.12.13,Linux-6.12.90+-x86_64-with-glibc2.35,rag_neural_symbolic_feedback,1,43,3,1.6381027374488554e-06,0.03497949526213274,-0.03497785715939529
2026-08-22T14:47:16.361858+00:00,e85c645134dafe5024515cf86aa8b00f0ed7e8e9,8,configs/s5_analysis_bn.yaml,3.12.13,Linux-6.12.90+-x86_64-with-glibc2.35,rag_neural_loop,0,43,1,0.40985121791244716,0.06508291324905591,0.34476830466339126
2026-08-22T14:47:16.361858+00:00,e85c645134dafe5024515cf86aa8b00f0ed7e8e9,8,configs/s5_analysis_bn.yaml,3.12.13,Linux-6.12.90+-x86_64-with-glibc2.35,rag_neural_loop,0,43,2,0.19096585147919531,0.046927186927228415,0.1440386645519669
2026-08-22T14:47:16.361858+00:00,e85c645134dafe5024515cf86aa8b00f0ed7e8e9,8,configs/s5_analysis_bn.yaml,3.12.13,Linux-6.12.90+-x86_64-with-glibc2.35,rag_neural_loop,0,43,3,0.9999999995494001,0.9848915048785981,0.015108494670801997
2026-08-22T14:47:16.361858+00:00,e85c645134dafe5024515cf86aa8b00f0ed7e8e9,8,configs/s5_analysis_bn.yaml,3.12.13,Linux-6.12.90+-x86_64-with-glibc2.35,rag_symbolic_loop,0,43,1,0.40985121791244716,0.06508291324905591,0.34476830466339126
2026-08-22T14:47:16.361858+00:00,e85c645134dafe5024515cf86aa8b00f0ed7e8e9,8,configs/s5_analysis_bn.yaml,3.12.13,Linux-6.12.90+-x86_64-with-glibc2.35,rag_neural_symbolic_feedback,0,43,1,0.40985121791244716,0.06508291324905591,0.34476830466339126
2026-08-22T14:47:16.361858+00:00,e85c645134dafe5024515cf86aa8b00f0ed7e8e9,8,configs/s5_analysis_bn.yaml,3.12.13,Linux-6.12.90+-x86_64-with-glibc2.35,rag_neural_symbolic_feedback,0,43,2,0.44667063558299247,0.05971922343756675,0.3869514121454257
2026-08-22T14:47:16.361858+00:00,e85c645134dafe5024515cf86aa8b00f0ed7e8e9,8,configs/s5_analysis_bn.yaml,3.12.13,Linux-6.12.90+-x86_64-with-glibc2.35,rag_neural_loop,1,43,1,0.5478235910967765,0.9466672005702004,-0.3988436094734239
2026-08-22T14:47:16.361858+00:00,e85c645134dafe5024515cf86aa8b00f0ed7e8e9,8,configs/s5_analysis_bn.yaml,3.12.13,Linux-6.12.90+-x86_64-with-glibc2.35,rag_symbolic_loop,1,43,1,0.5478235910967765,0.9466672005702004,-0.3988436094734239
2026-08-22T14:47:16.361858+00:00,e85c645134dafe5024515cf86aa8b00f0ed7e8e9,8,configs/s5_analysis_bn.yaml,3.12.13,Linux-6.12.90+-x86_64-with-glibc2.35,rag_symbolic_loop,1,43,2,0.13356555907648124,0.9596346038828537,-0.8260690448063724
2026-08-22T14:47:16.361858+00:00,e85c645134dafe5024515cf86aa8b00f0ed7e8e9,8,configs/s5_analysis_bn.yaml,3.12.13,Linux-6.12.90+-x86_64-with-glibc2.35,rag_symbolic_loop,1,43,3,0.8364184322023492,0.9778355121425297,-0.1414170799401805
2026-08-22T14:47:16.361858+00:00,e85c645134dafe5024515cf86aa8b00f0ed7e8e9,8,configs/s5_analysis_bn.yaml,3.12.13,Linux-6.12.90+-x86_64-with-glibc2.35,rag_neural_symbolic_feedback,1,43,1,0.5478235910967765,0.9466672005702004,-0.3988436094734239
2026-08-22T14:47:16.361858+00:00,e85c645134dafe5024515cf86aa8b00f0ed7e8e9,8,configs/s5_analysis_bn.yaml,3.12.13,Linux-6.12.90+-x86_64-with-glibc2.35,rag_neural_loop,0,43,1,0.9935470083888843,0.9061671222183312,0.08737988617055314
2026-08-22T14:47:16.361858+00:00,e85c645134dafe5024515cf86aa8b00f0ed7e8e9,8,configs/s5_analysis_bn.yaml,3.12.13,Linux-6.12.90+-x86_64-with-glibc2.35,rag_symbolic_loop,0,43,1,0.9935470083888843,0.9061671222183312,0.08737988617055314
2026-08-22T14:47:16.361858+00:00,e85c645134dafe5024515cf86aa8b00f0ed7e8e9,8,configs/s5_analysis_bn.yaml,3.12.13,Linux-6.12.90+-x86_64-with-glibc2.35,rag_neural_symbolic_feedback,0,43,1,0.9935470083888843,0.9061671222183312,0.08737988617055314
2026-08-22T14:47:16.361858+00:00,e85c645134dafe5024515cf86aa8b00f0ed7e8e9,8,configs/s5_analysis_bn.yaml,3.12.13,Linux-6.12.90+-x86_64-with-glibc2.35,rag_neural_loop,1,43,1,0.7435508639930768,0.9710252349908836,-0.22747437099780676
2026-08-22T14:47:16.361858+00:00,e85c645134dafe5024515cf86aa8b00f0ed7e8e9,8,configs/s5_analysis_bn.yaml,3.12.13,Linux-6.12.90+-x86_64-with-glibc2.35,rag_symbolic_loop,1,43,1,0.7435508639930768,0.9710252349908836,-0.22747437099780676
2026-08-22T14:47:16.361858+00:00,e85c645134dafe5024515cf86aa8b00f0ed7e8e9,8,configs/s5_analysis_bn.yaml,3.12.13,Linux-6.12.90+-x86_64-with-glibc2.35,rag_symbolic_loop,1,43,2,0.1115830611446458,0.9773607001417346,-0.8657776389970888
2026-08-22T14:47:16.361858+00:00,e85c645134dafe5024515cf86aa8b00f0ed7e8e9,8,configs/s5_analysis_bn.yaml,3.12.13,Linux-6.12.90+-x86_64-with-glibc2.35,rag_symbolic_loop,1,43,3,0.7635660439305157,0.9401252502875863,-0.17655920635707056
2026-08-22T14:47:16.361858+00:00,e85c645134dafe5024515cf86aa8b00f0ed7e8e9,8,configs/s5_analysis_bn.yaml,3.12.13,Linux-6.12.90+-x86_64-with-glibc2.35,rag_neural_symbolic_feedback,1,43,1,0.7435508639930768,0.9710252349908836,-0.22747437099780676
2026-08-22T14:47:16.361858+00:00,e85c645134dafe5024515cf86aa8b00f0ed7e8e9,8,configs/s5_analysis_bn.yaml,3.12.13,Linux-6.12.90+-x86_64-with-glibc2.35,rag_neural_loop,0,43,1,0.9999999777381623,0.9855345245113469,0.014465453226815361
2026-08-22T14:47:16.361858+00:00,e85c645134dafe5024515cf86aa8b00f0ed7e8e9,8,configs/s5_analysis_bn.yaml,3.12.13,Linux-6.12.90+-x86_64-with-glibc2.35,rag_symbolic_loop,0,43,1,0.9999999777381623,0.9855345245113469,0.014465453226815361
2026-08-22T14:47:16.361858+00:00,e85c645134dafe5024515cf86aa8b00f0ed7e8e9,8,configs/s5_analysis_bn.yaml,3.12.13,Linux-6.12.90+-x86_64-with-glibc2.35,rag_neural_symbolic_feedback,0,43,1,0.9999999777381623,0.9855345245113469,0.014465453226815361
2026-08-22T14:47:16.361858+00:00,e85c645134dafe5024515cf86aa8b00f0ed7e8e9,8,configs/s5_analysis_bn.yaml,3.12.13,Linux-6.12.90+-x86_64-with-glibc2.35,rag_neural_loop,1,43,1,0.30535775698478174,0.9584204875414437,-0.653062730556662
2026-08-22T14:47:16.361858+00:00,e85c645134dafe5024515cf86aa8b00f0ed7e8e9,8,configs/s5_analysis_bn.yaml,3.12.13,Linux-6.12.90+-x86_64-with-glibc2.35,rag_neural_loop,1,43,2,0.9959520292670412,0.7198089565072059,0.2761430727598353
2026-08-22T14:47:16.361858+00:00,e85c645134dafe5024515cf86aa8b00f0ed7e8e9,8,configs/s5_analysis_bn.yaml,3.12.13,Linux-6.12.90+-x86_64-with-glibc2.35,rag_symbolic_loop,1,43,1,0.30535775698478174,0.9584204875414437,-0.653062730556662
2026-08-22T14:47:16.361858+00:00,e85c645134dafe5024515cf86aa8b00f0ed7e8e9,8,configs/s5_analysis_bn.yaml,3.12.13,Linux-6.12.90+-x86_64-with-glibc2.35,rag_symbolic_loop,1,43,2,0.9936361172188359,0.9699750398744259,0.02366107734441003
2026-08-22T14:47:16.361858+00:00,e85c645134dafe5024515cf86aa8b00f0ed7e8e9,8,configs/s5_analysis_bn.yaml,3.12.13,Linux-6.12.90+-x86_64-with-glibc2.35,rag_symbolic_loop,1,43,3,0.8183535764699083,0.7828434456258905,0.03551013084401777
2026-08-22T14:47:16.361858+00:00,e85c645134dafe5024515cf86aa8b00f0ed7e8e9,8,configs/s5_analysis_bn.yaml,3.12.13,Linux-6.12.90+-x86_64-with-glibc2.35,rag_neural_symbolic_feedback,1,43,1,0.30535775698478174,0.9584204875414437,-0.653062730556662
2026-08-22T14:47:16.361858+00:00,e85c645134dafe5024515cf86aa8b00f0ed7e8e9,8,configs/s5_analysis_bn.yaml,3.12.13,Linux-6.12.90+-x86_64-with-glibc2.35,rag_neural_symbolic_feedback,1,43,2,0.9789150473157071,0.9562743494510706,0.022640697864636516
2026-08-22T14:47:16.361858+00:00,e85c645134dafe5024515cf86aa8b00f0ed7e8e9,8,configs/s5_analysis_bn.yaml,3.12.13,Linux-6.12.90+-x86_64-with-glibc2.35,rag_neural_loop,0,43,1,0.9999999990387749,0.9837080911268499,0.01629190791192503
2026-08-22T14:47:16.361858+00:00,e85c645134dafe5024515cf86aa8b00f0ed7e8e9,8,configs/s5_analysis_bn.yaml,3.12.13,Linux-6.12.90+-x86_64-with-glibc2.35,rag_symbolic_loop,0,43,1,0.9999999990387749,0.9837080911268499,0.01629190791192503
2026-08-22T14:47:16.361858+00:00,e85c645134dafe5024515cf86aa8b00f0ed7e8e9,8,configs/s5_analysis_bn.yaml,3.12.13,Linux-6.12.90+-x86_64-with-glibc2.35,rag_neural_symbolic_feedback,0,43,1,0.9999999990387749,0.9837080911268499,0.01629190791192503
2026-08-22T14:47:16.361858+00:00,e85c645134dafe5024515cf86aa8b00f0ed7e8e9,8,configs/s5_analysis_bn.yaml,3.12.13,Linux-6.12.90+-x86_64-with-glibc2.35,rag_neural_loop,1,43,1,8.196211378650604e-05,0.015084126548254377,-0.015002164434467872
2026-08-22T14:47:16.361858+00:00,e85c645134dafe5024515cf86aa8b00f0ed7e8e9,8,configs/s5_analysis_bn.yaml,3.12.13,Linux-6.12.90+-x86_64-with-glibc2.35,rag_neural_loop,1,43,2,0.9259300152211637,0.9551905221902729,-0.0292605069691092
2026-08-22T14:47:16.361858+00:00,e85c645134dafe5024515cf86aa8b00f0ed7e8e9,8,configs/s5_analysis_bn.yaml,3.12.13,Linux-6.12.90+-x86_64-with-glibc2.35,rag_symbolic_loop,1,43,1,8.196211378650604e-05,0.015084126548254377,-0.015002164434467872
2026-08-22T14:47:16.361858+00:00,e85c645134dafe5024515cf86aa8b00f0ed7e8e9,8,configs/s5_analysis_bn.yaml,3.12.13,Linux-6.12.90+-x86_64-with-glibc2.35,rag_neural_symbolic_feedback,1,43,1,8.196211378650604e-05,0.015084126548254377,-0.015002164434467872
2026-08-22T14:47:16.361858+00:00,e85c645134dafe5024515cf86aa8b00f0ed7e8e9,8,configs/s5_analysis_bn.yaml,3.12.13,Linux-6.12.90+-x86_64-with-glibc2.35,rag_neural_symbolic_feedback,1,43,2,0.49362411827362124,0.9320121986492612,-0.43838808037564
2026-08-22T14:47:16.361858+00:00,e85c645134dafe5024515cf86aa8b00f0ed7e8e9,8,configs/s5_analysis_bn.yaml,3.12.13,Linux-6.12.90+-x86_64-with-glibc2.35,rag_neural_loop,0,43,1,2.308982571808116e-08,0.04635329714404712,-0.046353274054221405
2026-08-22T14:47:16.361858+00:00,e85c645134dafe5024515cf86aa8b00f0ed7e8e9,8,configs/s5_analysis_bn.yaml,3.12.13,Linux-6.12.90+-x86_64-with-glibc2.35,rag_neural_loop,0,43,2,0.9981464469807277,0.9759179271568467,0.022228519823881077
2026-08-22T14:47:16.361858+00:00,e85c645134dafe5024515cf86aa8b00f0ed7e8e9,8,configs/s5_analysis_bn.yaml,3.12.13,Linux-6.12.90+-x86_64-with-glibc2.35,rag_symbolic_loop,0,43,1,2.308982571808116e-08,0.04635329714404712,-0.046353274054221405
2026-08-22T14:47:16.361858+00:00,e85c645134dafe5024515cf86aa8b00f0ed7e8e9,8,configs/s5_analysis_bn.yaml,3.12.13,Linux-6.12.90+-x86_64-with-glibc2.35,rag_neural_symbolic_feedback,0,43,1,2.308982571808116e-08,0.04635329714404712,-0.046353274054221405
2026-08-22T14:47:16.361858+00:00,e85c645134dafe5024515cf86aa8b00f0ed7e8e9,8,configs/s5_analysis_bn.yaml,3.12.13,Linux-6.12.90+-x86_64-with-glibc2.35,rag_neural_symbolic_feedback,0,43,2,0.9999999999958703,0.9778484397561171,0.022151560239753176
2026-08-22T14:47:16.361858+00:00,e85c645134dafe5024515cf86aa8b00f0ed7e8e9,8,configs/s5_analysis_bn.yaml,3.12.13,Linux-6.12.90+-x86_64-with-glibc2.35,rag_neural_loop,1,43,1,0.999595307363585,0.9734361097756307,0.026159197587954375
2026-08-22T14:47:16.361858+00:00,e85c645134dafe5024515cf86aa8b00f0ed7e8e9,8,configs/s5_analysis_bn.yaml,3.12.13,Linux-6.12.90+-x86_64-with-glibc2.35,rag_symbolic_loop,1,43,1,0.999595307363585,0.9734361097756307,0.026159197587954375
2026-08-22T14:47:16.361858+00:00,e85c645134dafe5024515cf86aa8b00f0ed7e8e9,8,configs/s5_analysis_bn.yaml,3.12.13,Linux-6.12.90+-x86_64-with-glibc2.35,rag_neural_symbolic_feedback,1,43,1,0.999595307363585,0.9734361097756307,0.026159197587954375
2026-08-22T14:47:16.361858+00:00,e85c645134dafe5024515cf86aa8b00f0ed7e8e9,8,configs/s5_analysis_bn.yaml,3.12.13,Linux-6.12.90+-x86_64-with-glibc2.35,rag_neural_loop,0,43,1,1.1504073991197572e-06,0.05320510196355599,-0.05320395155615687
2026-08-22T14:47:16.361858+00:00,e85c645134dafe5024515cf86aa8b00f0ed7e8e9,8,configs/s5_analysis_bn.yaml,3.12.13,Linux-6.12.90+-x86_64-with-glibc2.35,rag_neural_loop,0,43,2,0.017122889192274338,0.06302426854650078,-0.045901379354226446
2026-08-22T14:47:16.361858+00:00,e85c645134dafe5024515cf86aa8b00f0ed7e8e9,8,configs/s5_analysis_bn.yaml,3.12.13,Linux-6.12.90+-x86_64-with-glibc2.35,rag_neural_loop,0,43,3,0.15889754084185825,0.024804724259460342,0.1340928165823979
2026-08-22T14:47:16.361858+00:00,e85c645134dafe5024515cf86aa8b00f0ed7e8e9,8,configs/s5_analysis_bn.yaml,3.12.13,Linux-6.12.90+-x86_64-with-glibc2.35,rag_symbolic_loop,0,43,1,1.1504073991197572e-06,0.05320510196355599,-0.05320395155615687
2026-08-22T14:47:16.361858+00:00,e85c645134dafe5024515cf86aa8b00f0ed7e8e9,8,configs/s5_analysis_bn.yaml,3.12.13,Linux-6.12.90+-x86_64-with-glibc2.35,rag_neural_symbolic_feedback,0,43,1,1.1504073991197572e-06,0.05320510196355599,-0.05320395155615687
2026-08-22T14:47:16.361858+00:00,e85c645134dafe5024515cf86aa8b00f0ed7e8e9,8,configs/s5_analysis_bn.yaml,3.12.13,Linux-6.12.90+-x86_64-with-glibc2.35,rag_neural_symbolic_feedback,0,43,2,0.9999999706288107,0.9841059079735488,0.015894062655261942
2026-08-22T14:47:16.361858+00:00,e85c645134dafe5024515cf86aa8b00f0ed7e8e9,8,configs/s5_analysis_bn.yaml,3.12.13,Linux-6.12.90+-x86_64-with-glibc2.35,rag_neural_loop,1,43,1,0.9999984377771223,0.667719393932258,0.3322790438448643
2026-08-22T14:47:16.361858+00:00,e85c645134dafe5024515cf86aa8b00f0ed7e8e9,8,configs/s5_analysis_bn.yaml,3.12.13,Linux-6.12.90+-x86_64-with-glibc2.35,rag_symbolic_loop,1,43,1,0.9999984377771223,0.667719393932258,0.3322790438448643
2026-08-22T14:47:16.361858+00:00,e85c645134dafe5024515cf86aa8b00f0ed7e8e9,8,configs/s5_analysis_bn.yaml,3.12.13,Linux-6.12.90+-x86_64-with-glibc2.35,rag_symbolic_loop,1,43,2,0.9835938968519846,0.9090814582568516,0.07451243859513301
2026-08-22T14:47:16.361858+00:00,e85c645134dafe5024515cf86aa8b00f0ed7e8e9,8,configs/s5_analysis_bn.yaml,3.12.13,Linux-6.12.90+-x86_64-with-glibc2.35,rag_symbolic_loop,1,43,3,0.023343137489063776,0.06948379107141683,-0.04614065358235306
2026-08-22T14:47:16.361858+00:00,e85c645134dafe5024515cf86aa8b00f0ed7e8e9,8,configs/s5_analysis_bn.yaml,3.12.13,Linux-6.12.90+-x86_64-with-glibc2.35,rag_neural_symbolic_feedback,1,43,1,0.9999984377771223,0.667719393932258,0.3322790438448643
2026-08-22T14:47:16.361858+00:00,e85c645134dafe5024515cf86aa8b00f0ed7e8e9,8,configs/s5_analysis_bn.yaml,3.12.13,Linux-6.12.90+-x86_64-with-glibc2.35,rag_neural_loop,0,43,1,0.9975647134945873,0.046239259650314724,0.9513254538442726
2026-08-22T14:47:16.361858+00:00,e85c645134dafe5024515cf86aa8b00f0ed7e8e9,8,configs/s5_analysis_bn.yaml,3.12.13,Linux-6.12.90+-x86_64-with-glibc2.35,rag_symbolic_loop,0,43,1,0.9975647134945873,0.046239259650314724,0.9513254538442726
2026-08-22T14:47:16.361858+00:00,e85c645134dafe5024515cf86aa8b00f0ed7e8e9,8,configs/s5_analysis_bn.yaml,3.12.13,Linux-6.12.90+-x86_64-with-glibc2.35,rag_neural_symbolic_feedback,0,43,1,0.9975647134945873,0.046239259650314724,0.9513254538442726
2026-08-22T14:47:16.361858+00:00,e85c645134dafe5024515cf86aa8b00f0ed7e8e9,8,configs/s5_analysis_bn.yaml,3.12.13,Linux-6.12.90+-x86_64-with-glibc2.35,rag_neural_loop,1,43,1,0.9999999101344402,0.9591460589646186,0.04085385116982165
2026-08-22T14:47:16.361858+00:00,e85c645134dafe5024515cf86aa8b00f0ed7e8e9,8,configs/s5_analysis_bn.yaml,3.12.13,Linux-6.12.90+-x86_64-with-glibc2.35,rag_symbolic_loop,1,43,1,0.9999999101344402,0.9591460589646186,0.04085385116982165
2026-08-22T14:47:16.361858+00:00,e85c645134dafe5024515cf86aa8b00f0ed7e8e9,8,configs/s5_analysis_bn.yaml,3.12.13,Linux-6.12.90+-x86_64-with-glibc2.35,rag_symbolic_loop,1,43,2,0.9999652401998622,0.9754415215046736,0.024523718695188657
2026-08-22T14:47:16.361858+00:00,e85c645134dafe5024515cf86aa8b00f0ed7e8e9,8,configs/s5_analysis_bn.yaml,3.12.13,Linux-6.12.90+-x86_64-with-glibc2.35,rag_symbolic_loop,1,43,3,0.9997035563316392,0.9656316111513532,0.034071945180286
2026-08-22T14:47:16.361858+00:00,e85c645134dafe5024515cf86aa8b00f0ed7e8e9,8,configs/s5_analysis_bn.yaml,3.12.13,Linux-6.12.90+-x86_64-with-glibc2.35,rag_neural_symbolic_feedback,1,43,1,0.9999999101344402,0.9591460589646186,0.04085385116982165
2026-08-22T14:47:16.361858+00:00,e85c645134dafe5024515cf86aa8b00f0ed7e8e9,8,configs/s5_analysis_bn.yaml,3.12.13,Linux-6.12.90+-x86_64-with-glibc2.35,rag_neural_loop,0,43,1,0.9999999994490256,0.9857435321171766,0.014256467331849043
2026-08-22T14:47:16.361858+00:00,e85c645134dafe5024515cf86aa8b00f0ed7e8e9,8,configs/s5_analysis_bn.yaml,3.12.13,Linux-6.12.90+-x86_64-with-glibc2.35,rag_symbolic_loop,0,43,1,0.9999999994490256,0.9857435321171766,0.014256467331849043
2026-08-22T14:47:16.361858+00:00,e85c645134dafe5024515cf86aa8b00f0ed7e8e9,8,configs/s5_analysis_bn.yaml,3.12.13,Linux-6.12.90+-x86_64-with-glibc2.35,rag_neural_symbolic_feedback,0,43,1,0.9999999994490256,0.9857435321171766,0.014256467331849043
2026-08-22T14:47:16.361858+00:00,e85c645134dafe5024515cf86aa8b00f0ed7e8e9,8,configs/s5_analysis_bn.yaml,3.12.13,Linux-6.12.90+-x86_64-with-glibc2.35,rag_neural_loop,1,43,1,0.9999975262272396,0.9684739828392679,0.0315235433879717
2026-08-22T14:47:16.361858+00:00,e85c645134dafe5024515cf86aa8b00f0ed7e8e9,8,configs/s5_analysis_bn.yaml,3.12.13,Linux-6.12.90+-x86_64-with-glibc2.35,rag_symbolic_loop,1,43,1,0.9999975262272396,0.9684739828392679,0.0315235433879717
2026-08-22T14:47:16.361858+00:00,e85c645134dafe5024515cf86aa8b00f0ed7e8e9,8,configs/s5_analysis_bn.yaml,3.12.13,Linux-6.12.90+-x86_64-with-glibc2.35,rag_symbolic_loop,1,43,2,0.06464968893966878,0.06570735702508425,-0.001057668085415464
2026-08-22T14:47:16.361858+00:00,e85c645134dafe5024515cf86aa8b00f0ed7e8e9,8,configs/s5_analysis_bn.yaml,3.12.13,Linux-6.12.90+-x86_64-with-glibc2.35,rag_symbolic_loop,1,43,3,2.1803063161620432e-05,0.01674610844574819,-0.016724305382586572
2026-08-22T14:47:16.361858+00:00,e85c645134dafe5024515cf86aa8b00f0ed7e8e9,8,configs/s5_analysis_bn.yaml,3.12.13,Linux-6.12.90+-x86_64-with-glibc2.35,rag_neural_symbolic_feedback,1,43,1,0.9999975262272396,0.9684739828392679,0.0315235433879717
2026-08-22T14:47:16.361858+00:00,e85c645134dafe5024515cf86aa8b00f0ed7e8e9,8,configs/s5_analysis_bn.yaml,3.12.13,Linux-6.12.90+-x86_64-with-glibc2.35,rag_neural_loop,0,43,1,0.9980151953102382,0.9659365532589825,0.03207864205125566
2026-08-22T14:47:16.361858+00:00,e85c645134dafe5024515cf86aa8b00f0ed7e8e9,8,configs/s5_analysis_bn.yaml,3.12.13,Linux-6.12.90+-x86_64-with-glibc2.35,rag_symbolic_loop,0,43,1,0.9980151953102382,0.9659365532589825,0.03207864205125566
2026-08-22T14:47:16.361858+00:00,e85c645134dafe5024515cf86aa8b00f0ed7e8e9,8,configs/s5_analysis_bn.yaml,3.12.13,Linux-6.12.90+-x86_64-with-glibc2.35,rag_neural_symbolic_feedback,0,43,1,0.9980151953102382,0.9659365532589825,0.03207864205125566
2026-08-22T14:47:16.361858+00:00,e85c645134dafe5024515cf86aa8b00f0ed7e8e9,8,configs/s5_analysis_bn.yaml,3.12.13,Linux-6.12.90+-x86_64-with-glibc2.35,rag_neural_loop,1,43,1,0.9572435997331508,0.9406490460930204,0.016594553640130405
2026-08-22T14:47:16.361858+00:00,e85c645134dafe5024515cf86aa8b00f0ed7e8e9,8,configs/s5_analysis_bn.yaml,3.12.13,Linux-6.12.90+-x86_64-with-glibc2.35,rag_symbolic_loop,1,43,1,0.9572435997331508,0.9406490460930204,0.016594553640130405
2026-08-22T14:47:16.361858+00:00,e85c645134dafe5024515cf86aa8b00f0ed7e8e9,8,configs/s5_analysis_bn.yaml,3.12.13,Linux-6.12.90+-x86_64-with-glibc2.35,rag_symbolic_loop,1,43,2,0.9221151913993573,0.9669041756575968,-0.04478898425823952
2026-08-22T14:47:16.361858+00:00,e85c645134dafe5024515cf86aa8b00f0ed7e8e9,8,configs/s5_analysis_bn.yaml,3.12.13,Linux-6.12.90+-x86_64-with-glibc2.35,rag_symbolic_loop,1,43,3,0.9984594317804695,0.9284763892621806,0.06998304251828891
2026-08-22T14:47:16.361858+00:00,e85c645134dafe5024515cf86aa8b00f0ed7e8e9,8,configs/s5_analysis_bn.yaml,3.12.13,Linux-6.12.90+-x86_64-with-glibc2.35,rag_neural_symbolic_feedback,1,43,1,0.9572435997331508,0.9406490460930204,0.016594553640130405
2026-08-22T14:47:16.361858+00:00,e85c645134dafe5024515cf86aa8b00f0ed7e8e9,8,configs/s5_analysis_bn.yaml,3.12.13,Linux-6.12.90+-x86_64-with-glibc2.35,rag_neural_loop,0,43,1,0.9999999999999961,0.9849976370225796,0.015002362977416528
2026-08-22T14:47:16.361858+00:00,e85c645134dafe5024515cf86aa8b00f0ed7e8e9,8,configs/s5_analysis_bn.yaml,3.12.13,Linux-6.12.90+-x86_64-with-glibc2.35,rag_symbolic_loop,0,43,1,0.9999999999999961,0.9849976370225796,0.015002362977416528
2026-08-22T14:47:16.361858+00:00,e85c645134dafe5024515cf86aa8b00f0ed7e8e9,8,configs/s5_analysis_bn.yaml,3.12.13,Linux-6.12.90+-x86_64-with-glibc2.35,rag_neural_symbolic_feedback,0,43,1,0.9999999999999961,0.9849976370225796,0.015002362977416528
2026-08-22T14:47:16.361858+00:00,e85c645134dafe5024515cf86aa8b00f0ed7e8e9,8,configs/s5_analysis_bn.yaml,3.12.13,Linux-6.12.90+-x86_64-with-glibc2.35,rag_neural_loop,1,43,1,0.9904420218620131,0.9803106812138447,0.010131340648168452
2026-08-22T14:47:16.361858+00:00,e85c645134dafe5024515cf86aa8b00f0ed7e8e9,8,configs/s5_analysis_bn.yaml,3.12.13,Linux-6.12.90+-x86_64-with-glibc2.35,rag_symbolic_loop,1,43,1,0.9904420218620131,0.9803106812138447,0.010131340648168452
2026-08-22T14:47:16.361858+00:00,e85c645134dafe5024515cf86aa8b00f0ed7e8e9,8,configs/s5_analysis_bn.yaml,3.12.13,Linux-6.12.90+-x86_64-with-glibc2.35,rag_neural_symbolic_feedback,1,43,1,0.9904420218620131,0.9803106812138447,0.010131340648168452
2026-08-22T14:47:16.361858+00:00,e85c645134dafe5024515cf86aa8b00f0ed7e8e9,8,configs/s5_analysis_bn.yaml,3.12.13,Linux-6.12.90+-x86_64-with-glibc2.35,rag_neural_loop,0,43,1,0.08735469194150125,0.02363401673785559,0.06372067520364566
2026-08-22T14:47:16.361858+00:00,e85c645134dafe5024515cf86aa8b00f0ed7e8e9,8,configs/s5_analysis_bn.yaml,3.12.13,Linux-6.12.90+-x86_64-with-glibc2.35,rag_neural_loop,0,43,2,0.971824240612013,0.02513090472632462,0.9466933358856884
2026-08-22T14:47:16.361858+00:00,e85c645134dafe5024515cf86aa8b00f0ed7e8e9,8,configs/s5_analysis_bn.yaml,3.12.13,Linux-6.12.90+-x86_64-with-glibc2.35,rag_symbolic_loop,0,43,1,0.08735469194150125,0.02363401673785559,0.06372067520364566
2026-08-22T14:47:16.361858+00:00,e85c645134dafe5024515cf86aa8b00f0ed7e8e9,8,configs/s5_analysis_bn.yaml,3.12.13,Linux-6.12.90+-x86_64-with-glibc2.35,rag_neural_symbolic_feedback,0,43,1,0.08735469194150125,0.02363401673785559,0.06372067520364566
2026-08-22T14:47:16.361858+00:00,e85c645134dafe5024515cf86aa8b00f0ed7e8e9,8,configs/s5_analysis_bn.yaml,3.12.13,Linux-6.12.90+-x86_64-with-glibc2.35,rag_neural_symbolic_feedback,0,43,2,0.9999999955341412,0.983881539175887,0.016118456358254152
2026-08-22T14:47:16.361858+00:00,e85c645134dafe5024515cf86aa8b00f0ed7e8e9,8,configs/s5_analysis_bn.yaml,3.12.13,Linux-6.12.90+-x86_64-with-glibc2.35,rag_neural_loop,1,43,1,0.9617348792167689,0.9753907715409018,-0.01365589232413289
2026-08-22T14:47:16.361858+00:00,e85c645134dafe5024515cf86aa8b00f0ed7e8e9,8,configs/s5_analysis_bn.yaml,3.12.13,Linux-6.12.90+-x86_64-with-glibc2.35,rag_symbolic_loop,1,43,1,0.9617348792167689,0.9753907715409018,-0.01365589232413289
2026-08-22T14:47:16.361858+00:00,e85c645134dafe5024515cf86aa8b00f0ed7e8e9,8,configs/s5_analysis_bn.yaml,3.12.13,Linux-6.12.90+-x86_64-with-glibc2.35,rag_symbolic_loop,1,43,2,0.8999123851090882,0.875739475490108,0.02417290961898022
2026-08-22T14:47:16.361858+00:00,e85c645134dafe5024515cf86aa8b00f0ed7e8e9,8,configs/s5_analysis_bn.yaml,3.12.13,Linux-6.12.90+-x86_64-with-glibc2.35,rag_neural_symbolic_feedback,1,43,1,0.9617348792167689,0.9753907715409018,-0.01365589232413289
2026-08-22T14:47:16.361858+00:00,e85c645134dafe5024515cf86aa8b00f0ed7e8e9,8,configs/s5_analysis_bn.yaml,3.12.13,Linux-6.12.90+-x86_64-with-glibc2.35,rag_neural_loop,0,43,1,0.9999975762667912,0.9818362697969274,0.018161306469863803
2026-08-22T14:47:16.361858+00:00,e85c645134dafe5024515cf86aa8b00f0ed7e8e9,8,configs/s5_analysis_bn.yaml,3.12.13,Linux-6.12.90+-x86_64-with-glibc2.35,rag_symbolic_loop,0,43,1,0.9999975762667912,0.9818362697969274,0.018161306469863803
2026-08-22T14:47:16.361858+00:00,e85c645134dafe5024515cf86aa8b00f0ed7e8e9,8,configs/s5_analysis_bn.yaml,3.12.13,Linux-6.12.90+-x86_64-with-glibc2.35,rag_neural_symbolic_feedback,0,43,1,0.9999975762667912,0.9818362697969274,0.018161306469863803
2026-08-22T14:47:16.361858+00:00,e85c645134dafe5024515cf86aa8b00f0ed7e8e9,8,configs/s5_analysis_bn.yaml,3.12.13,Linux-6.12.90+-x86_64-with-glibc2.35,rag_neural_loop,1,43,1,0.999997541038244,0.9525848860807484,0.04741265495749558
2026-08-22T14:47:16.361858+00:00,e85c645134dafe5024515cf86aa8b00f0ed7e8e9,8,configs/s5_analysis_bn.yaml,3.12.13,Linux-6.12.90+-x86_64-with-glibc2.35,rag_symbolic_loop,1,43,1,0.999997541038244,0.9525848860807484,0.04741265495749558
2026-08-22T14:47:16.361858+00:00,e85c645134dafe5024515cf86aa8b00f0ed7e8e9,8,configs/s5_analysis_bn.yaml,3.12.13,Linux-6.12.90+-x86_64-with-glibc2.35,rag_symbolic_loop,1,43,2,0.9969336933527322,0.9778131507639181,0.019120542588814127
2026-08-22T14:47:16.361858+00:00,e85c645134dafe5024515cf86aa8b00f0ed7e8e9,8,configs/s5_analysis_bn.yaml,3.12.13,Linux-6.12.90+-x86_64-with-glibc2.35,rag_symbolic_loop,1,43,3,0.9903444740768584,0.9661500855910498,0.024194388485808682
2026-08-22T14:47:16.361858+00:00,e85c645134dafe5024515cf86aa8b00f0ed7e8e9,8,configs/s5_analysis_bn.yaml,3.12.13,Linux-6.12.90+-x86_64-with-glibc2.35,rag_neural_symbolic_feedback,1,43,1,0.999997541038244,0.9525848860807484,0.04741265495749558
2026-08-22T14:47:16.361858+00:00,e85c645134dafe5024515cf86aa8b00f0ed7e8e9,8,configs/s5_analysis_bn.yaml,3.12.13,Linux-6.12.90+-x86_64-with-glibc2.35,rag_neural_loop,0,43,1,1.2408584049161675e-08,0.016866703351973822,-0.016866690943389773
2026-08-22T14:47:16.361858+00:00,e85c645134dafe5024515cf86aa8b00f0ed7e8e9,8,configs/s5_analysis_bn.yaml,3.12.13,Linux-6.12.90+-x86_64-with-glibc2.35,rag_neural_loop,0,43,2,0.9999999989819055,0.9849644926028278,0.01503550637907769
2026-08-22T14:47:16.361858+00:00,e85c645134dafe5024515cf86aa8b00f0ed7e8e9,8,configs/s5_analysis_bn.yaml,3.12.13,Linux-6.12.90+-x86_64-with-glibc2.35,rag_symbolic_loop,0,43,1,1.2408584049161675e-08,0.016866703351973822,-0.016866690943389773
2026-08-22T14:47:16.361858+00:00,e85c645134dafe5024515cf86aa8b00f0ed7e8e9,8,configs/s5_analysis_bn.yaml,3.12.13,Linux-6.12.90+-x86_64-with-glibc2.35,rag_neural_symbolic_feedback,0,43,1,1.2408584049161675e-08,0.016866703351973822,-0.016866690943389773
2026-08-22T14:47:16.361858+00:00,e85c645134dafe5024515cf86aa8b00f0ed7e8e9,8,configs/s5_analysis_bn.yaml,3.12.13,Linux-6.12.90+-x86_64-with-glibc2.35,rag_neural_symbolic_feedback,0,43,2,0.9999999999312659,0.9755751533997369,0.024424846531528988
2026-08-22T14:47:16.361858+00:00,e85c645134dafe5024515cf86aa8b00f0ed7e8e9,8,configs/s5_analysis_bn.yaml,3.12.13,Linux-6.12.90+-x86_64-with-glibc2.35,rag_neural_loop,1,43,1,0.9999998971192562,0.9788117901621285,0.021188106957127695
2026-08-22T14:47:16.361858+00:00,e85c645134dafe5024515cf86aa8b00f0ed7e8e9,8,configs/s5_analysis_bn.yaml,3.12.13,Linux-6.12.90+-x86_64-with-glibc2.35,rag_symbolic_loop,1,43,1,0.9999998971192562,0.9788117901621285,0.021188106957127695
2026-08-22T14:47:16.361858+00:00,e85c645134dafe5024515cf86aa8b00f0ed7e8e9,8,configs/s5_analysis_bn.yaml,3.12.13,Linux-6.12.90+-x86_64-with-glibc2.35,rag_symbolic_loop,1,43,2,0.9997544502514774,0.9798632280284203,0.01989122222305706
2026-08-22T14:47:16.361858+00:00,e85c645134dafe5024515cf86aa8b00f0ed7e8e9,8,configs/s5_analysis_bn.yaml,3.12.13,Linux-6.12.90+-x86_64-with-glibc2.35,rag_symbolic_loop,1,43,3,0.999915949376673,0.9775451670030285,0.022370782373644538
2026-08-22T14:47:16.361858+00:00,e85c645134dafe5024515cf86aa8b00f0ed7e8e9,8,configs/s5_analysis_bn.yaml,3.12.13,Linux-6.12.90+-x86_64-with-glibc2.35,rag_neural_symbolic_feedback,1,43,1,0.9999998971192562,0.9788117901621285,0.021188106957127695
2026-08-22T14:47:16.361858+00:00,e85c645134dafe5024515cf86aa8b00f0ed7e8e9,8,configs/s5_analysis_bn.yaml,3.12.13,Linux-6.12.90+-x86_64-with-glibc2.35,rag_neural_loop,0,43,1,0.5467071908987589,0.05102483738747454,0.4956823535112843
2026-08-22T14:47:16.361858+00:00,e85c645134dafe5024515cf86aa8b00f0ed7e8e9,8,configs/s5_analysis_bn.yaml,3.12.13,Linux-6.12.90+-x86_64-with-glibc2.35,rag_symbolic_loop,0,43,1,0.5467071908987589,0.05102483738747454,0.4956823535112843
2026-08-22T14:47:16.361858+00:00,e85c645134dafe5024515cf86aa8b00f0ed7e8e9,8,configs/s5_analysis_bn.yaml,3.12.13,Linux-6.12.90+-x86_64-with-glibc2.35,rag_neural_symbolic_feedback,0,43,1,0.5467071908987589,0.05102483738747454,0.4956823535112843
2026-08-22T14:47:16.361858+00:00,e85c645134dafe5024515cf86aa8b00f0ed7e8e9,8,configs/s5_analysis_bn.yaml,3.12.13,Linux-6.12.90+-x86_64-with-glibc2.35,rag_neural_loop,1,43,1,0.9973204368364886,0.9123486895386389,0.08497174729784973
2026-08-22T14:47:16.361858+00:00,e85c645134dafe5024515cf86aa8b00f0ed7e8e9,8,configs/s5_analysis_bn.yaml,3.12.13,Linux-6.12.90+-x86_64-with-glibc2.35,rag_symbolic_loop,1,43,1,0.9973204368364886,0.9123486895386389,0.08497174729784973
2026-08-22T14:47:16.361858+00:00,e85c645134dafe5024515cf86aa8b00f0ed7e8e9,8,configs/s5_analysis_bn.yaml,3.12.13,Linux-6.12.90+-x86_64-with-glibc2.35,rag_neural_symbolic_feedback,1,43,1,0.9973204368364886,0.9123486895386389,0.08497174729784973
2026-08-22T14:47:16.361858+00:00,e85c645134dafe5024515cf86aa8b00f0ed7e8e9,8,configs/s5_analysis_bn.yaml,3.12.13,Linux-6.12.90+-x86_64-with-glibc2.35,rag_neural_loop,0,43,1,0.0034663181182337244,0.030742890589444016,-0.027276572471210292
2026-08-22T14:47:16.361858+00:00,e85c645134dafe5024515cf86aa8b00f0ed7e8e9,8,configs/s5_analysis_bn.yaml,3.12.13,Linux-6.12.90+-x86_64-with-glibc2.35,rag_neural_loop,0,43,2,0.9999999998128899,0.9835473990624277,0.016452600750462176
2026-08-22T14:47:16.361858+00:00,e85c645134dafe5024515cf86aa8b00f0ed7e8e9,8,configs/s5_analysis_bn.yaml,3.12.13,Linux-6.12.90+-x86_64-with-glibc2.35,rag_symbolic_loop,0,43,1,0.0034663181182337244,0.030742890589444016,-0.027276572471210292
2026-08-22T14:47:16.361858+00:00,e85c645134dafe5024515cf86aa8b00f0ed7e8e9,8,configs/s5_analysis_bn.yaml,3.12.13,Linux-6.12.90+-x86_64-with-glibc2.35,rag_neural_symbolic_feedback,0,43,1,0.0034663181182337244,0.030742890589444016,-0.027276572471210292
2026-08-22T14:47:16.361858+00:00,e85c645134dafe5024515cf86aa8b00f0ed7e8e9,8,configs/s5_analysis_bn.yaml,3.12.13,Linux-6.12.90+-x86_64-with-glibc2.35,rag_neural_symbolic_feedback,0,43,2,0.9997288065192615,0.9752197584064874,0.0245090481127741
2026-08-22T14:47:16.361858+00:00,e85c645134dafe5024515cf86aa8b00f0ed7e8e9,8,configs/s5_analysis_bn.yaml,3.12.13,Linux-6.12.90+-x86_64-with-glibc2.35,rag_neural_loop,1,43,1,1.1982082961331412e-09,0.018095984910225647,-0.01809598371201735
2026-08-22T14:47:16.361858+00:00,e85c645134dafe5024515cf86aa8b00f0ed7e8e9,8,configs/s5_analysis_bn.yaml,3.12.13,Linux-6.12.90+-x86_64-with-glibc2.35,rag_neural_loop,1,43,2,0.7703779701179356,0.9718684091350799,-0.20149043901714425
2026-08-22T14:47:16.361858+00:00,e85c645134dafe5024515cf86aa8b00f0ed7e8e9,8,configs/s5_analysis_bn.yaml,3.12.13,Linux-6.12.90+-x86_64-with-glibc2.35,rag_symbolic_loop,1,43,1,1.1982082961331412e-09,0.018095984910225647,-0.01809598371201735
2026-08-22T14:47:16.361858+00:00,e85c645134dafe5024515cf86aa8b00f0ed7e8e9,8,configs/s5_analysis_bn.yaml,3.12.13,Linux-6.12.90+-x86_64-with-glibc2.35,rag_symbolic_loop,1,43,2,0.00029152837444546876,0.9259307768181245,-0.9256392484436791
2026-08-22T14:47:16.361858+00:00,e85c645134dafe5024515cf86aa8b00f0ed7e8e9,8,configs/s5_analysis_bn.yaml,3.12.13,Linux-6.12.90+-x86_64-with-glibc2.35,rag_symbolic_loop,1,43,3,3.986768950144943e-05,0.9566156850930504,-0.9565758174035489
2026-08-22T14:47:16.361858+00:00,e85c645134dafe5024515cf86aa8b00f0ed7e8e9,8,configs/s5_analysis_bn.yaml,3.12.13,Linux-6.12.90+-x86_64-with-glibc2.35,rag_neural_symbolic_feedback,1,43,1,1.1982082961331412e-09,0.018095984910225647,-0.01809598371201735
2026-08-22T14:47:16.361858+00:00,e85c645134dafe5024515cf86aa8b00f0ed7e8e9,8,configs/s5_analysis_bn.yaml,3.12.13,Linux-6.12.90+-x86_64-with-glibc2.35,rag_neural_symbolic_feedback,1,43,2,0.8881811127466499,0.954512457758737,-0.06633134501208715
2026-08-22T14:47:16.361858+00:00,e85c645134dafe5024515cf86aa8b00f0ed7e8e9,8,configs/s5_analysis_bn.yaml,3.12.13,Linux-6.12.90+-x86_64-with-glibc2.35,rag_neural_loop,0,43,1,1.2439962393528958e-09,0.026294965533581793,-0.026294964289585554
2026-08-22T14:47:16.361858+00:00,e85c645134dafe5024515cf86aa8b00f0ed7e8e9,8,configs/s5_analysis_bn.yaml,3.12.13,Linux-6.12.90+-x86_64-with-glibc2.35,rag_neural_loop,0,43,2,0.9999999996084172,0.9847774954468254,0.015222504161591877
2026-08-22T14:47:16.361858+00:00,e85c645134dafe5024515cf86aa8b00f0ed7e8e9,8,configs/s5_analysis_bn.yaml,3.12.13,Linux-6.12.90+-x86_64-with-glibc2.35,rag_symbolic_loop,0,43,1,1.2439962393528958e-09,0.026294965533581793,-0.026294964289585554
2026-08-22T14:47:16.361858+00:00,e85c645134dafe5024515cf86aa8b00f0ed7e8e9,8,configs/s5_analysis_bn.yaml,3.12.13,Linux-6.12.90+-x86_64-with-glibc2.35,rag_neural_symbolic_feedback,0,43,1,1.2439962393528958e-09,0.026294965533581793,-0.026294964289585554
2026-08-22T14:47:16.361858+00:00,e85c645134dafe5024515cf86aa8b00f0ed7e8e9,8,configs/s5_analysis_bn.yaml,3.12.13,Linux-6.12.90+-x86_64-with-glibc2.35,rag_neural_symbolic_feedback,0,43,2,8.945827008055574e-07,0.02547662282300034,-0.025475728240299533
2026-08-22T14:47:16.361858+00:00,e85c645134dafe5024515cf86aa8b00f0ed7e8e9,8,configs/s5_analysis_bn.yaml,3.12.13,Linux-6.12.90+-x86_64-with-glibc2.35,rag_neural_symbolic_feedback,0,43,3,0.9999999997878533,0.9806364410026605,0.019363558785192803
2026-08-22T14:47:16.361858+00:00,e85c645134dafe5024515cf86aa8b00f0ed7e8e9,8,configs/s5_analysis_bn.yaml,3.12.13,Linux-6.12.90+-x86_64-with-glibc2.35,rag_neural_loop,1,43,1,0.99805296240467,0.9756821881302884,0.02237077427438161
2026-08-22T14:47:16.361858+00:00,e85c645134dafe5024515cf86aa8b00f0ed7e8e9,8,configs/s5_analysis_bn.yaml,3.12.13,Linux-6.12.90+-x86_64-with-glibc2.35,rag_symbolic_loop,1,43,1,0.99805296240467,0.9756821881302884,0.02237077427438161
2026-08-22T14:47:16.361858+00:00,e85c645134dafe5024515cf86aa8b00f0ed7e8e9,8,configs/s5_analysis_bn.yaml,3.12.13,Linux-6.12.90+-x86_64-with-glibc2.35,rag_neural_symbolic_feedback,1,43,1,0.99805296240467,0.9756821881302884,0.02237077427438161
2026-08-22T14:47:16.361858+00:00,e85c645134dafe5024515cf86aa8b00f0ed7e8e9,8,configs/s5_analysis_bn.yaml,3.12.13,Linux-6.12.90+-x86_64-with-glibc2.35,rag_neural_loop,0,43,1,9.176312526948394e-06,0.05897559762428828,-0.05896642131176133
2026-08-22T14:47:16.361858+00:00,e85c645134dafe5024515cf86aa8b00f0ed7e8e9,8,configs/s5_analysis_bn.yaml,3.12.13,Linux-6.12.90+-x86_64-with-glibc2.35,rag_neural_loop,0,43,2,0.999999984415728,0.97946229538163,0.020537689034098028
2026-08-22T14:47:16.361858+00:00,e85c645134dafe5024515cf86aa8b00f0ed7e8e9,8,configs/s5_analysis_bn.yaml,3.12.13,Linux-6.12.90+-x86_64-with-glibc2.35,rag_symbolic_loop,0,43,1,9.176312526948394e-06,0.05897559762428828,-0.05896642131176133
2026-08-22T14:47:16.361858+00:00,e85c645134dafe5024515cf86aa8b00f0ed7e8e9,8,configs/s5_analysis_bn.yaml,3.12.13,Linux-6.12.90+-x86_64-with-glibc2.35,rag_neural_symbolic_feedback,0,43,1,9.176312526948394e-06,0.05897559762428828,-0.05896642131176133
2026-08-22T14:47:16.361858+00:00,e85c645134dafe5024515cf86aa8b00f0ed7e8e9,8,configs/s5_analysis_bn.yaml,3.12.13,Linux-6.12.90+-x86_64-with-glibc2.35,rag_neural_symbolic_feedback,0,43,2,0.9998928356549882,0.9448717269898412,0.05502110866514698
2026-08-22T14:47:16.361858+00:00,e85c645134dafe5024515cf86aa8b00f0ed7e8e9,8,configs/s5_analysis_bn.yaml,3.12.13,Linux-6.12.90+-x86_64-with-glibc2.35,rag_neural_loop,1,43,1,0.9335858944668902,0.9680418353765738,-0.034455940909683624
2026-08-22T14:47:16.361858+00:00,e85c645134dafe5024515cf86aa8b00f0ed7e8e9,8,configs/s5_analysis_bn.yaml,3.12.13,Linux-6.12.90+-x86_64-with-glibc2.35,rag_symbolic_loop,1,43,1,0.9335858944668902,0.9680418353765738,-0.034455940909683624
2026-08-22T14:47:16.361858+00:00,e85c645134dafe5024515cf86aa8b00f0ed7e8e9,8,configs/s5_analysis_bn.yaml,3.12.13,Linux-6.12.90+-x86_64-with-glibc2.35,rag_neural_symbolic_feedback,1,43,1,0.9335858944668902,0.9680418353765738,-0.034455940909683624
2026-08-22T14:47:16.361858+00:00,e85c645134dafe5024515cf86aa8b00f0ed7e8e9,8,configs/s5_analysis_bn.yaml,3.12.13,Linux-6.12.90+-x86_64-with-glibc2.35,rag_neural_loop,0,43,1,0.5578918355016098,0.031066791928415216,0.5268250435731946
2026-08-22T14:47:16.361858+00:00,e85c645134dafe5024515cf86aa8b00f0ed7e8e9,8,configs/s5_analysis_bn.yaml,3.12.13,Linux-6.12.90+-x86_64-with-glibc2.35,rag_symbolic_loop,0,43,1,0.5578918355016098,0.031066791928415216,0.5268250435731946
2026-08-22T14:47:16.361858+00:00,e85c645134dafe5024515cf86aa8b00f0ed7e8e9,8,configs/s5_analysis_bn.yaml,3.12.13,Linux-6.12.90+-x86_64-with-glibc2.35,rag_neural_symbolic_feedback,0,43,1,0.5578918355016098,0.031066791928415216,0.5268250435731946
2026-08-22T14:47:16.361858+00:00,e85c645134dafe5024515cf86aa8b00f0ed7e8e9,8,configs/s5_analysis_bn.yaml,3.12.13,Linux-6.12.90+-x86_64-with-glibc2.35,rag_neural_loop,1,43,1,0.9632918037069919,0.9751327387678106,-0.011840935060818736
2026-08-22T14:47:16.361858+00:00,e85c645134dafe5024515cf86aa8b00f0ed7e8e9,8,configs/s5_analysis_bn.yaml,3.12.13,Linux-6.12.90+-x86_64-with-glibc2.35,rag_symbolic_loop,1,43,1,0.9632918037069919,0.9751327387678106,-0.011840935060818736
2026-08-22T14:47:16.361858+00:00,e85c645134dafe5024515cf86aa8b00f0ed7e8e9,8,configs/s5_analysis_bn.yaml,3.12.13,Linux-6.12.90+-x86_64-with-glibc2.35,rag_symbolic_loop,1,43,2,0.5139555368711869,0.43130589061703867,0.08264964625414822
2026-08-22T14:47:16.361858+00:00,e85c645134dafe5024515cf86aa8b00f0ed7e8e9,8,configs/s5_analysis_bn.yaml,3.12.13,Linux-6.12.90+-x86_64-with-glibc2.35,rag_symbolic_loop,1,43,3,0.9934210047391562,0.9186731020519275,0.07474790268722864
2026-08-22T14:47:16.361858+00:00,e85c645134dafe5024515cf86aa8b00f0ed7e8e9,8,configs/s5_analysis_bn.yaml,3.12.13,Linux-6.12.90+-x86_64-with-glibc2.35,rag_neural_symbolic_feedback,1,43,1,0.9632918037069919,0.9751327387678106,-0.011840935060818736
2026-08-22T14:47:16.361858+00:00,e85c645134dafe5024515cf86aa8b00f0ed7e8e9,8,configs/s5_analysis_bn.yaml,3.12.13,Linux-6.12.90+-x86_64-with-glibc2.35,rag_neural_loop,0,43,1,0.9753801972306619,0.030033088478240932,0.945347108752421
2026-08-22T14:47:16.361858+00:00,e85c645134dafe5024515cf86aa8b00f0ed7e8e9,8,configs/s5_analysis_bn.yaml,3.12.13,Linux-6.12.90+-x86_64-with-glibc2.35,rag_symbolic_loop,0,43,1,0.9753801972306619,0.030033088478240932,0.945347108752421
2026-08-22T14:47:16.361858+00:00,e85c645134dafe5024515cf86aa8b00f0ed7e8e9,8,configs/s5_analysis_bn.yaml,3.12.13,Linux-6.12.90+-x86_64-with-glibc2.35,rag_symbolic_loop,0,43,2,0.9143989801522405,0.023145482003904205,0.8912534981483363
2026-08-22T14:47:16.361858+00:00,e85c645134dafe5024515cf86aa8b00f0ed7e8e9,8,configs/s5_analysis_bn.yaml,3.12.13,Linux-6.12.90+-x86_64-with-glibc2.35,rag_neural_symbolic_feedback,0,43,1,0.9753801972306619,0.030033088478240932,0.945347108752421
2026-08-22T14:47:16.361858+00:00,e85c645134dafe5024515cf86aa8b00f0ed7e8e9,8,configs/s5_analysis_bn.yaml,3.12.13,Linux-6.12.90+-x86_64-with-glibc2.35,rag_neural_loop,1,43,1,0.00041784170917805055,0.8945755669337077,-0.8941577252245296
2026-08-22T14:47:16.361858+00:00,e85c645134dafe5024515cf86aa8b00f0ed7e8e9,8,configs/s5_analysis_bn.yaml,3.12.13,Linux-6.12.90+-x86_64-with-glibc2.35,rag_neural_loop,1,43,2,0.9999998879420054,0.9738941802622851,0.026105707679720314
2026-08-22T14:47:16.361858+00:00,e85c645134dafe5024515cf86aa8b00f0ed7e8e9,8,configs/s5_analysis_bn.yaml,3.12.13,Linux-6.12.90+-x86_64-with-glibc2.35,rag_symbolic_loop,1,43,1,0.00041784170917805055,0.8945755669337077,-0.8941577252245296
2026-08-22T14:47:16.361858+00:00,e85c645134dafe5024515cf86aa8b00f0ed7e8e9,8,configs/s5_analysis_bn.yaml,3.12.13,Linux-6.12.90+-x86_64-with-glibc2.35,rag_symbolic_loop,1,43,2,0.999979383065286,0.9364298641011561,0.06354951896412986
2026-08-22T14:47:16.361858+00:00,e85c645134dafe5024515cf86aa8b00f0ed7e8e9,8,configs/s5_analysis_bn.yaml,3.12.13,Linux-6.12.90+-x86_64-with-glibc2.35,rag_symbolic_loop,1,43,3,0.002430069116398375,0.8570460926287325,-0.8546160235123341
2026-08-22T14:47:16.361858+00:00,e85c645134dafe5024515cf86aa8b00f0ed7e8e9,8,configs/s5_analysis_bn.yaml,3.12.13,Linux-6.12.90+-x86_64-with-glibc2.35,rag_neural_symbolic_feedback,1,43,1,0.00041784170917805055,0.8945755669337077,-0.8941577252245296
2026-08-22T14:47:16.361858+00:00,e85c645134dafe5024515cf86aa8b00f0ed7e8e9,8,configs/s5_analysis_bn.yaml,3.12.13,Linux-6.12.90+-x86_64-with-glibc2.35,rag_neural_symbolic_feedback,1,43,2,0.9997829934643515,0.9689141673103431,0.030868826154008433
2026-08-22T14:47:16.361858+00:00,e85c645134dafe5024515cf86aa8b00f0ed7e8e9,8,configs/s5_analysis_bn.yaml,3.12.13,Linux-6.12.90+-x86_64-with-glibc2.35,rag_neural_loop,0,43,1,0.9999999969327938,0.9807822301103654,0.019217766822428484
2026-08-22T14:47:16.361858+00:00,e85c645134dafe5024515cf86aa8b00f0ed7e8e9,8,configs/s5_analysis_bn.yaml,3.12.13,Linux-6.12.90+-x86_64-with-glibc2.35,rag_symbolic_loop,0,43,1,0.9999999969327938,0.9807822301103654,0.019217766822428484
2026-08-22T14:47:16.361858+00:00,e85c645134dafe5024515cf86aa8b00f0ed7e8e9,8,configs/s5_analysis_bn.yaml,3.12.13,Linux-6.12.90+-x86_64-with-glibc2.35,rag_neural_symbolic_feedback,0,43,1,0.9999999969327938,0.9807822301103654,0.019217766822428484
2026-08-22T14:47:16.361858+00:00,e85c645134dafe5024515cf86aa8b00f0ed7e8e9,8,configs/s5_analysis_bn.yaml,3.12.13,Linux-6.12.90+-x86_64-with-glibc2.35,rag_neural_loop,1,43,1,0.9995773969710761,0.9333833863511757,0.06619401061990038
2026-08-22T14:47:16.361858+00:00,e85c645134dafe5024515cf86aa8b00f0ed7e8e9,8,configs/s5_analysis_bn.yaml,3.12.13,Linux-6.12.90+-x86_64-with-glibc2.35,rag_symbolic_loop,1,43,1,0.9995773969710761,0.9333833863511757,0.06619401061990038
2026-08-22T14:47:16.361858+00:00,e85c645134dafe5024515cf86aa8b00f0ed7e8e9,8,configs/s5_analysis_bn.yaml,3.12.13,Linux-6.12.90+-x86_64-with-glibc2.35,rag_symbolic_loop,1,43,2,0.9990646787837142,0.9706816819301456,0.0283829968535686
2026-08-22T14:47:16.361858+00:00,e85c645134dafe5024515cf86aa8b00f0ed7e8e9,8,configs/s5_analysis_bn.yaml,3.12.13,Linux-6.12.90+-x86_64-with-glibc2.35,rag_symbolic_loop,1,43,3,0.9999491437408703,0.9732665597572168,0.02668258398365353
2026-08-22T14:47:16.361858+00:00,e85c645134dafe5024515cf86aa8b00f0ed7e8e9,8,configs/s5_analysis_bn.yaml,3.12.13,Linux-6.12.90+-x86_64-with-glibc2.35,rag_neural_symbolic_feedback,1,43,1,0.9995773969710761,0.9333833863511757,0.06619401061990038
2026-08-22T14:47:16.361858+00:00,e85c645134dafe5024515cf86aa8b00f0ed7e8e9,8,configs/s5_analysis_bn.yaml,3.12.13,Linux-6.12.90+-x86_64-with-glibc2.35,rag_neural_loop,0,43,1,0.9999909030705104,0.981055604596446,0.018935298474064388
2026-08-22T14:47:16.361858+00:00,e85c645134dafe5024515cf86aa8b00f0ed7e8e9,8,configs/s5_analysis_bn.yaml,3.12.13,Linux-6.12.90+-x86_64-with-glibc2.35,rag_symbolic_loop,0,43,1,0.9999909030705104,0.981055604596446,0.018935298474064388
2026-08-22T14:47:16.361858+00:00,e85c645134dafe5024515cf86aa8b00f0ed7e8e9,8,configs/s5_analysis_bn.yaml,3.12.13,Linux-6.12.90+-x86_64-with-glibc2.35,rag_neural_symbolic_feedback,0,43,1,0.9999909030705104,0.981055604596446,0.018935298474064388
2026-08-22T14:47:16.361858+00:00,e85c645134dafe5024515cf86aa8b00f0ed7e8e9,8,configs/s5_analysis_bn.yaml,3.12.13,Linux-6.12.90+-x86_64-with-glibc2.35,rag_neural_loop,1,43,1,0.9999672790983185,0.9507541555485907,0.049213123549727844
2026-08-22T14:47:16.361858+00:00,e85c645134dafe5024515cf86aa8b00f0ed7e8e9,8,configs/s5_analysis_bn.yaml,3.12.13,Linux-6.12.90+-x86_64-with-glibc2.35,rag_symbolic_loop,1,43,1,0.9999672790983185,0.9507541555485907,0.049213123549727844
2026-08-22T14:47:16.361858+00:00,e85c645134dafe5024515cf86aa8b00f0ed7e8e9,8,configs/s5_analysis_bn.yaml,3.12.13,Linux-6.12.90+-x86_64-with-glibc2.35,rag_symbolic_loop,1,43,2,0.014517899896210574,0.06763250434305111,-0.05311460444684054
2026-08-22T14:47:16.361858+00:00,e85c645134dafe5024515cf86aa8b00f0ed7e8e9,8,configs/s5_analysis_bn.yaml,3.12.13,Linux-6.12.90+-x86_64-with-glibc2.35,rag_symbolic_loop,1,43,3,0.99903315489052,0.9441959446598058,0.054837210230714195
2026-08-22T14:47:16.361858+00:00,e85c645134dafe5024515cf86aa8b00f0ed7e8e9,8,configs/s5_analysis_bn.yaml,3.12.13,Linux-6.12.90+-x86_64-with-glibc2.35,rag_neural_symbolic_feedback,1,43,1,0.9999672790983185,0.9507541555485907,0.049213123549727844
2026-08-22T14:47:16.361858+00:00,e85c645134dafe5024515cf86aa8b00f0ed7e8e9,8,configs/s5_analysis_bn.yaml,3.12.13,Linux-6.12.90+-x86_64-with-glibc2.35,rag_neural_loop,0,43,1,0.9999999998827404,0.9856098220794346,0.01439017780330576
2026-08-22T14:47:16.361858+00:00,e85c645134dafe5024515cf86aa8b00f0ed7e8e9,8,configs/s5_analysis_bn.yaml,3.12.13,Linux-6.12.90+-x86_64-with-glibc2.35,rag_symbolic_loop,0,43,1,0.9999999998827404,0.9856098220794346,0.01439017780330576
2026-08-22T14:47:16.361858+00:00,e85c645134dafe5024515cf86aa8b00f0ed7e8e9,8,configs/s5_analysis_bn.yaml,3.12.13,Linux-6.12.90+-x86_64-with-glibc2.35,rag_neural_symbolic_feedback,0,43,1,0.9999999998827404,0.9856098220794346,0.01439017780330576
2026-08-22T14:47:16.361858+00:00,e85c645134dafe5024515cf86aa8b00f0ed7e8e9,8,configs/s5_analysis_bn.yaml,3.12.13,Linux-6.12.90+-x86_64-with-glibc2.35,rag_neural_loop,1,43,1,0.18344681010086233,0.9620006478332359,-0.7785538377323735
2026-08-22T14:47:16.361858+00:00,e85c645134dafe5024515cf86aa8b00f0ed7e8e9,8,configs/s5_analysis_bn.yaml,3.12.13,Linux-6.12.90+-x86_64-with-glibc2.35,rag_neural_loop,1,43,2,0.9946181183733238,0.9816018987422783,0.01301621963104549
2026-08-22T14:47:16.361858+00:00,e85c645134dafe5024515cf86aa8b00f0ed7e8e9,8,configs/s5_analysis_bn.yaml,3.12.13,Linux-6.12.90+-x86_64-with-glibc2.35,rag_symbolic_loop,1,43,1,0.18344681010086233,0.9620006478332359,-0.7785538377323735
2026-08-22T14:47:16.361858+00:00,e85c645134dafe5024515cf86aa8b00f0ed7e8e9,8,configs/s5_analysis_bn.yaml,3.12.13,Linux-6.12.90+-x86_64-with-glibc2.35,rag_symbolic_loop,1,43,2,0.9597726245803035,0.9745026695686269,-0.01473004498832331
2026-08-22T14:47:16.361858+00:00,e85c645134dafe5024515cf86aa8b00f0ed7e8e9,8,configs/s5_analysis_bn.yaml,3.12.13,Linux-6.12.90+-x86_64-with-glibc2.35,rag_symbolic_loop,1,43,3,0.8983715161778919,0.97252859066066,-0.07415707448276809
2026-08-22T14:47:16.361858+00:00,e85c645134dafe5024515cf86aa8b00f0ed7e8e9,8,configs/s5_analysis_bn.yaml,3.12.13,Linux-6.12.90+-x86_64-with-glibc2.35,rag_neural_symbolic_feedback,1,43,1,0.18344681010086233,0.9620006478332359,-0.7785538377323735
2026-08-22T14:47:16.361858+00:00,e85c645134dafe5024515cf86aa8b00f0ed7e8e9,8,configs/s5_analysis_bn.yaml,3.12.13,Linux-6.12.90+-x86_64-with-glibc2.35,rag_neural_symbolic_feedback,1,43,2,0.5897581086699876,0.9589769821231214,-0.36921887345313387
2026-08-22T14:47:16.361858+00:00,e85c645134dafe5024515cf86aa8b00f0ed7e8e9,8,configs/s5_analysis_bn.yaml,3.12.13,Linux-6.12.90+-x86_64-with-glibc2.35,rag_neural_loop,0,43,1,0.016837084564684357,0.1167445659043237,-0.09990748133963934
2026-08-22T14:47:16.361858+00:00,e85c645134dafe5024515cf86aa8b00f0ed7e8e9,8,configs/s5_analysis_bn.yaml,3.12.13,Linux-6.12.90+-x86_64-with-glibc2.35,rag_neural_loop,0,43,2,2.557770721123287e-05,0.03270547035289395,-0.03267989264568272
2026-08-22T14:47:16.361858+00:00,e85c645134dafe5024515cf86aa8b00f0ed7e8e9,8,configs/s5_analysis_bn.yaml,3.12.13,Linux-6.12.90+-x86_64-with-glibc2.35,rag_neural_loop,0,43,3,0.9999999950543949,0.9846523302890943,0.015347664765300584
2026-08-22T14:47:16.361858+00:00,e85c645134dafe5024515cf86aa8b00f0ed7e8e9,8,configs/s5_analysis_bn.yaml,3.12.13,Linux-6.12.90+-x86_64-with-glibc2.35,rag_symbolic_loop,0,43,1,0.016837084564684357,0.1167445659043237,-0.09990748133963934
2026-08-22T14:47:16.361858+00:00,e85c645134dafe5024515cf86aa8b00f0ed7e8e9,8,configs/s5_analysis_bn.yaml,3.12.13,Linux-6.12.90+-x86_64-with-glibc2.35,rag_neural_symbolic_feedback,0,43,1,0.016837084564684357,0.1167445659043237,-0.09990748133963934
2026-08-22T14:47:16.361858+00:00,e85c645134dafe5024515cf86aa8b00f0ed7e8e9,8,configs/s5_analysis_bn.yaml,3.12.13,Linux-6.12.90+-x86_64-with-glibc2.35,rag_neural_symbolic_feedback,0,43,2,0.9999999974176048,0.9815306329876272,0.018469364429977597
2026-08-22T14:47:16.361858+00:00,e85c645134dafe5024515cf86aa8b00f0ed7e8e9,8,configs/s5_analysis_bn.yaml,3.12.13,Linux-6.12.90+-x86_64-with-glibc2.35,rag_neural_loop,1,43,1,4.095128674002896e-05,0.1685170663041542,-0.16847611501741416
2026-08-22T14:47:16.361858+00:00,e85c645134dafe5024515cf86aa8b00f0ed7e8e9,8,configs/s5_analysis_bn.yaml,3.12.13,Linux-6.12.90+-x86_64-with-glibc2.35,rag_neural_loop,1,43,2,4.215368918217501e-06,0.9485947302131217,-0.9485905148442034
2026-08-22T14:47:16.361858+00:00,e85c645134dafe5024515cf86aa8b00f0ed7e8e9,8,configs/s5_analysis_bn.yaml,3.12.13,Linux-6.12.90+-x86_64-with-glibc2.35,rag_neural_loop,1,43,3,2.0009546393209163e-12,0.014371405583126488,-0.014371405581125533
2026-08-22T14:47:16.361858+00:00,e85c645134dafe5024515cf86aa8b00f0ed7e8e9,8,configs/s5_analysis_bn.yaml,3.12.13,Linux-6.12.90+-x86_64-with-glibc2.35,rag_symbolic_loop,1,43,1,4.095128674002896e-05,0.1685170663041542,-0.16847611501741416
2026-08-22T14:47:16.361858+00:00,e85c645134dafe5024515cf86aa8b00f0ed7e8e9,8,configs/s5_analysis_bn.yaml,3.12.13,Linux-6.12.90+-x86_64-with-glibc2.35,rag_symbolic_loop,1,43,2,0.7512051336176657,0.9329335541969364,-0.18172842057927063
2026-08-22T14:47:16.361858+00:00,e85c645134dafe5024515cf86aa8b00f0ed7e8e9,8,configs/s5_analysis_bn.yaml,3.12.13,Linux-6.12.90+-x86_64-with-glibc2.35,rag_symbolic_loop,1,43,3,0.8690311620734618,0.9025505050579736,-0.03351934298451187
2026-08-22T14:47:16.361858+00:00,e85c645134dafe5024515cf86aa8b00f0ed7e8e9,8,configs/s5_analysis_bn.yaml,3.12.13,Linux-6.12.90+-x86_64-with-glibc2.35,rag_neural_symbolic_feedback,1,43,1,4.095128674002896e-05,0.1685170663041542,-0.16847611501741416
2026-08-22T14:47:16.361858+00:00,e85c645134dafe5024515cf86aa8b00f0ed7e8e9,8,configs/s5_analysis_bn.yaml,3.12.13,Linux-6.12.90+-x86_64-with-glibc2.35,rag_neural_symbolic_feedback,1,43,2,0.0017644994454800746,0.9283297152716805,-0.9265652158262004
2026-08-22T14:47:16.361858+00:00,e85c645134dafe5024515cf86aa8b00f0ed7e8e9,8,configs/s5_analysis_bn.yaml,3.12.13,Linux-6.12.90+-x86_64-with-glibc2.35,rag_neural_symbolic_feedback,1,43,3,2.3893202201595833e-05,0.4677252122975865,-0.4677013190953849
2026-08-22T14:47:16.361858+00:00,e85c645134dafe5024515cf86aa8b00f0ed7e8e9,8,configs/s5_analysis_bn.yaml,3.12.13,Linux-6.12.90+-x86_64-with-glibc2.35,rag_neural_loop,0,43,1,0.9999999968367391,0.975020942259063,0.02497905457767613
2026-08-22T14:47:16.361858+00:00,e85c645134dafe5024515cf86aa8b00f0ed7e8e9,8,configs/s5_analysis_bn.yaml,3.12.13,Linux-6.12.90+-x86_64-with-glibc2.35,rag_symbolic_loop,0,43,1,0.9999999968367391,0.9750209086280148,0.024979088208724298
2026-08-22T14:47:16.361858+00:00,e85c645134dafe5024515cf86aa8b00f0ed7e8e9,8,configs/s5_analysis_bn.yaml,3.12.13,Linux-6.12.90+-x86_64-with-glibc2.35,rag_neural_symbolic_feedback,0,43,1,0.9999999968367391,0.9750209086280148,0.024979088208724298
2026-08-22T14:47:16.361858+00:00,e85c645134dafe5024515cf86aa8b00f0ed7e8e9,8,configs/s5_analysis_bn.yaml,3.12.13,Linux-6.12.90+-x86_64-with-glibc2.35,rag_neural_loop,1,43,1,0.010117565278713584,0.9222821247183,-0.9121645594395864
2026-08-22T14:47:16.361858+00:00,e85c645134dafe5024515cf86aa8b00f0ed7e8e9,8,configs/s5_analysis_bn.yaml,3.12.13,Linux-6.12.90+-x86_64-with-glibc2.35,rag_neural_loop,1,43,2,0.0015885606583535816,0.5971123622262425,-0.595523801567889
2026-08-22T14:47:16.361858+00:00,e85c645134dafe5024515cf86aa8b00f0ed7e8e9,8,configs/s5_analysis_bn.yaml,3.12.13,Linux-6.12.90+-x86_64-with-glibc2.35,rag_neural_loop,1,43,3,0.9997196326963192,0.9704871155508191,0.029232517145500125
2026-08-22T14:47:16.361858+00:00,e85c645134dafe5024515cf86aa8b00f0ed7e8e9,8,configs/s5_analysis_bn.yaml,3.12.13,Linux-6.12.90+-x86_64-with-glibc2.35,rag_symbolic_loop,1,43,1,0.010117565278713584,0.9222821247183,-0.9121645594395864
2026-08-22T14:47:16.361858+00:00,e85c645134dafe5024515cf86aa8b00f0ed7e8e9,8,configs/s5_analysis_bn.yaml,3.12.13,Linux-6.12.90+-x86_64-with-glibc2.35,rag_symbolic_loop,1,43,2,0.00023384040383726942,0.07008807706384174,-0.06985423666000447
2026-08-22T14:47:16.361858+00:00,e85c645134dafe5024515cf86aa8b00f0ed7e8e9,8,configs/s5_analysis_bn.yaml,3.12.13,Linux-6.12.90+-x86_64-with-glibc2.35,rag_symbolic_loop,1,43,3,0.9717827936665815,0.9471990427046133,0.024583750961968187
2026-08-22T14:47:16.361858+00:00,e85c645134dafe5024515cf86aa8b00f0ed7e8e9,8,configs/s5_analysis_bn.yaml,3.12.13,Linux-6.12.90+-x86_64-with-glibc2.35,rag_neural_symbolic_feedback,1,43,1,0.010117565278713584,0.9222821247183,-0.9121645594395864
2026-08-22T14:47:16.361858+00:00,e85c645134dafe5024515cf86aa8b00f0ed7e8e9,8,configs/s5_analysis_bn.yaml,3.12.13,Linux-6.12.90+-x86_64-with-glibc2.35,rag_neural_symbolic_feedback,1,43,2,0.09152756401681397,0.6778512657581188,-0.5863237017413049
2026-08-22T14:47:16.361858+00:00,e85c645134dafe5024515cf86aa8b00f0ed7e8e9,8,configs/s5_analysis_bn.yaml,3.12.13,Linux-6.12.90+-x86_64-with-glibc2.35,rag_neural_symbolic_feedback,1,43,3,0.9999999996523301,0.9577465256264733,0.042253474025856774
2026-08-22T14:47:16.361858+00:00,e85c645134dafe5024515cf86aa8b00f0ed7e8e9,8,configs/s5_analysis_bn.yaml,3.12.13,Linux-6.12.90+-x86_64-with-glibc2.35,rag_neural_loop,0,43,1,0.9999999989859406,0.9831554907001544,0.01684450828578621
2026-08-22T14:47:16.361858+00:00,e85c645134dafe5024515cf86aa8b00f0ed7e8e9,8,configs/s5_analysis_bn.yaml,3.12.13,Linux-6.12.90+-x86_64-with-glibc2.35,rag_symbolic_loop,0,43,1,0.9999999989859406,0.9831554907001544,0.01684450828578621
2026-08-22T14:47:16.361858+00:00,e85c645134dafe5024515cf86aa8b00f0ed7e8e9,8,configs/s5_analysis_bn.yaml,3.12.13,Linux-6.12.90+-x86_64-with-glibc2.35,rag_neural_symbolic_feedback,0,43,1,0.9999999989859406,0.9831554907001544,0.01684450828578621
2026-08-22T14:47:16.361858+00:00,e85c645134dafe5024515cf86aa8b00f0ed7e8e9,8,configs/s5_analysis_bn.yaml,3.12.13,Linux-6.12.90+-x86_64-with-glibc2.35,rag_neural_loop,1,43,1,3.7794579739604353e-06,0.10942147724252986,-0.1094176977845559
2026-08-22T14:47:16.361858+00:00,e85c645134dafe5024515cf86aa8b00f0ed7e8e9,8,configs/s5_analysis_bn.yaml,3.12.13,Linux-6.12.90+-x86_64-with-glibc2.35,rag_neural_loop,1,43,2,0.8178672886029241,0.9613762371005399,-0.14350894849761575
2026-08-22T14:47:16.361858+00:00,e85c645134dafe5024515cf86aa8b00f0ed7e8e9,8,configs/s5_analysis_bn.yaml,3.12.13,Linux-6.12.90+-x86_64-with-glibc2.35,rag_symbolic_loop,1,43,1,3.7794579739604353e-06,0.10942147724252986,-0.1094176977845559
2026-08-22T14:47:16.361858+00:00,e85c645134dafe5024515cf86aa8b00f0ed7e8e9,8,configs/s5_analysis_bn.yaml,3.12.13,Linux-6.12.90+-x86_64-with-glibc2.35,rag_symbolic_loop,1,43,2,0.9999924644157194,0.9773944389543527,0.02259802546136669
2026-08-22T14:47:16.361858+00:00,e85c645134dafe5024515cf86aa8b00f0ed7e8e9,8,configs/s5_analysis_bn.yaml,3.12.13,Linux-6.12.90+-x86_64-with-glibc2.35,rag_symbolic_loop,1,43,3,0.9995171433922642,0.8832067243160917,0.11631041907617246
2026-08-22T14:47:16.361858+00:00,e85c645134dafe5024515cf86aa8b00f0ed7e8e9,8,configs/s5_analysis_bn.yaml,3.12.13,Linux-6.12.90+-x86_64-with-glibc2.35,rag_neural_symbolic_feedback,1,43,1,3.7794579739604353e-06,0.10942147724252986,-0.1094176977845559
2026-08-22T14:47:16.361858+00:00,e85c645134dafe5024515cf86aa8b00f0ed7e8e9,8,configs/s5_analysis_bn.yaml,3.12.13,Linux-6.12.90+-x86_64-with-glibc2.35,rag_neural_symbolic_feedback,1,43,2,0.9999689267847811,0.9674532989393367,0.03251562784544437
2026-08-22T14:47:16.361858+00:00,e85c645134dafe5024515cf86aa8b00f0ed7e8e9,8,configs/s5_analysis_bn.yaml,3.12.13,Linux-6.12.90+-x86_64-with-glibc2.35,rag_neural_loop,0,43,1,0.9999997972085549,0.9730593725716806,0.026940424636874294
2026-08-22T14:47:16.361858+00:00,e85c645134dafe5024515cf86aa8b00f0ed7e8e9,8,configs/s5_analysis_bn.yaml,3.12.13,Linux-6.12.90+-x86_64-with-glibc2.35,rag_symbolic_loop,0,43,1,0.9999997972085549,0.9730593725716806,0.026940424636874294
2026-08-22T14:47:16.361858+00:00,e85c645134dafe5024515cf86aa8b00f0ed7e8e9,8,configs/s5_analysis_bn.yaml,3.12.13,Linux-6.12.90+-x86_64-with-glibc2.35,rag_neural_symbolic_feedback,0,43,1,0.9999997972085549,0.9730593725716806,0.026940424636874294
2026-08-22T14:47:16.361858+00:00,e85c645134dafe5024515cf86aa8b00f0ed7e8e9,8,configs/s5_analysis_bn.yaml,3.12.13,Linux-6.12.90+-x86_64-with-glibc2.35,rag_neural_loop,1,43,1,0.00281895336262967,0.9467711407754352,-0.9439521874128055
2026-08-22T14:47:16.361858+00:00,e85c645134dafe5024515cf86aa8b00f0ed7e8e9,8,configs/s5_analysis_bn.yaml,3.12.13,Linux-6.12.90+-x86_64-with-glibc2.35,rag_neural_loop,1,43,2,0.9865077936901198,0.9613776985251161,0.02513009516500364
2026-08-22T14:47:16.361858+00:00,e85c645134dafe5024515cf86aa8b00f0ed7e8e9,8,configs/s5_analysis_bn.yaml,3.12.13,Linux-6.12.90+-x86_64-with-glibc2.35,rag_symbolic_loop,1,43,1,0.00281895336262967,0.9467711407754352,-0.9439521874128055
2026-08-22T14:47:16.361858+00:00,e85c645134dafe5024515cf86aa8b00f0ed7e8e9,8,configs/s5_analysis_bn.yaml,3.12.13,Linux-6.12.90+-x86_64-with-glibc2.35,rag_neural_symbolic_feedback,1,43,1,0.00281895336262967,0.9467710002038219,-0.9439520468411922
2026-08-22T14:47:16.361858+00:00,e85c645134dafe5024515cf86aa8b00f0ed7e8e9,8,configs/s5_analysis_bn.yaml,3.12.13,Linux-6.12.90+-x86_64-with-glibc2.35,rag_neural_symbolic_feedback,1,43,2,0.003449296149626788,0.13625639138526632,-0.13280709523563952
2026-08-22T14:47:16.361858+00:00,e85c645134dafe5024515cf86aa8b00f0ed7e8e9,8,configs/s5_analysis_bn.yaml,3.12.13,Linux-6.12.90+-x86_64-with-glibc2.35,rag_neural_symbolic_feedback,1,43,3,0.9181522099974899,0.9078093554524324,0.010342854545057567
2026-08-22T14:47:16.361858+00:00,e85c645134dafe5024515cf86aa8b00f0ed7e8e9,8,configs/s5_analysis_bn.yaml,3.12.13,Linux-6.12.90+-x86_64-with-glibc2.35,rag_neural_loop,0,43,1,0.9999992112496806,0.9620782788179401,0.03792093243174055
2026-08-22T14:47:16.361858+00:00,e85c645134dafe5024515cf86aa8b00f0ed7e8e9,8,configs/s5_analysis_bn.yaml,3.12.13,Linux-6.12.90+-x86_64-with-glibc2.35,rag_symbolic_loop,0,43,1,0.9999992112496806,0.9620782788179401,0.03792093243174055
2026-08-22T14:47:16.361858+00:00,e85c645134dafe5024515cf86aa8b00f0ed7e8e9,8,configs/s5_analysis_bn.yaml,3.12.13,Linux-6.12.90+-x86_64-with-glibc2.35,rag_neural_symbolic_feedback,0,43,1,0.9999992112496806,0.9620782788179401,0.03792093243174055
2026-08-22T14:47:16.361858+00:00,e85c645134dafe5024515cf86aa8b00f0ed7e8e9,8,configs/s5_analysis_bn.yaml,3.12.13,Linux-6.12.90+-x86_64-with-glibc2.35,rag_neural_loop,1,43,1,0.9769828327653062,0.9668620598688268,0.01012077289647939
2026-08-22T14:47:16.361858+00:00,e85c645134dafe5024515cf86aa8b00f0ed7e8e9,8,configs/s5_analysis_bn.yaml,3.12.13,Linux-6.12.90+-x86_64-with-glibc2.35,rag_symbolic_loop,1,43,1,0.9769828327653062,0.9668620598688268,0.01012077289647939
2026-08-22T14:47:16.361858+00:00,e85c645134dafe5024515cf86aa8b00f0ed7e8e9,8,configs/s5_analysis_bn.yaml,3.12.13,Linux-6.12.90+-x86_64-with-glibc2.35,rag_symbolic_loop,1,43,2,0.9992074701905992,0.9669893937498765,0.03221807644072272
2026-08-22T14:47:16.361858+00:00,e85c645134dafe5024515cf86aa8b00f0ed7e8e9,8,configs/s5_analysis_bn.yaml,3.12.13,Linux-6.12.90+-x86_64-with-glibc2.35,rag_symbolic_loop,1,43,3,0.9993560910094004,0.975062530996667,0.024293560012733417
2026-08-22T14:47:16.361858+00:00,e85c645134dafe5024515cf86aa8b00f0ed7e8e9,8,configs/s5_analysis_bn.yaml,3.12.13,Linux-6.12.90+-x86_64-with-glibc2.35,rag_neural_symbolic_feedback,1,43,1,0.9769828327653062,0.9668620598688268,0.01012077289647939
2026-08-22T14:47:16.361858+00:00,e85c645134dafe5024515cf86aa8b00f0ed7e8e9,8,configs/s5_analysis_bn.yaml,3.12.13,Linux-6.12.90+-x86_64-with-glibc2.35,rag_neural_loop,0,43,1,4.969839372259699e-07,0.02169540078721266,-0.021694903803275434
2026-08-22T14:47:16.361858+00:00,e85c645134dafe5024515cf86aa8b00f0ed7e8e9,8,configs/s5_analysis_bn.yaml,3.12.13,Linux-6.12.90+-x86_64-with-glibc2.35,rag_neural_loop,0,43,2,0.006190112928321723,0.07159112888283448,-0.06540101595451275
2026-08-22T14:47:16.361858+00:00,e85c645134dafe5024515cf86aa8b00f0ed7e8e9,8,configs/s5_analysis_bn.yaml,3.12.13,Linux-6.12.90+-x86_64-with-glibc2.35,rag_neural_loop,0,43,3,0.08094048492052508,0.07378543843894203,0.0071550464815830495
2026-08-22T14:47:16.361858+00:00,e85c645134dafe5024515cf86aa8b00f0ed7e8e9,8,configs/s5_analysis_bn.yaml,3.12.13,Linux-6.12.90+-x86_64-with-glibc2.35,rag_symbolic_loop,0,43,1,4.969839372259699e-07,0.02169540078721266,-0.021694903803275434
2026-08-22T14:47:16.361858+00:00,e85c645134dafe5024515cf86aa8b00f0ed7e8e9,8,configs/s5_analysis_bn.yaml,3.12.13,Linux-6.12.90+-x86_64-with-glibc2.35,rag_neural_symbolic_feedback,0,43,1,4.969839372259699e-07,0.02169540078721266,-0.021694903803275434
2026-08-22T14:47:16.361858+00:00,e85c645134dafe5024515cf86aa8b00f0ed7e8e9,8,configs/s5_analysis_bn.yaml,3.12.13,Linux-6.12.90+-x86_64-with-glibc2.35,rag_neural_symbolic_feedback,0,43,2,0.9999999943823353,0.9831447999497203,0.016855194432615073
2026-08-22T14:47:16.361858+00:00,e85c645134dafe5024515cf86aa8b00f0ed7e8e9,8,configs/s5_analysis_bn.yaml,3.12.13,Linux-6.12.90+-x86_64-with-glibc2.35,rag_neural_loop,1,43,1,0.00029302082915728597,0.9349247635797295,-0.9346317427505723
2026-08-22T14:47:16.361858+00:00,e85c645134dafe5024515cf86aa8b00f0ed7e8e9,8,configs/s5_analysis_bn.yaml,3.12.13,Linux-6.12.90+-x86_64-with-glibc2.35,rag_neural_loop,1,43,2,0.1930572601780257,0.8983170002811025,-0.7052597401030768
2026-08-22T14:47:16.361858+00:00,e85c645134dafe5024515cf86aa8b00f0ed7e8e9,8,configs/s5_analysis_bn.yaml,3.12.13,Linux-6.12.90+-x86_64-with-glibc2.35,rag_neural_loop,1,43,3,0.16682485241666195,0.8631936584382665,-0.6963688060216044
2026-08-22T14:47:16.361858+00:00,e85c645134dafe5024515cf86aa8b00f0ed7e8e9,8,configs/s5_analysis_bn.yaml,3.12.13,Linux-6.12.90+-x86_64-with-glibc2.35,rag_symbolic_loop,1,43,1,0.00029302082915728597,0.9349247635797295,-0.9346317427505723
2026-08-22T14:47:16.361858+00:00,e85c645134dafe5024515cf86aa8b00f0ed7e8e9,8,configs/s5_analysis_bn.yaml,3.12.13,Linux-6.12.90+-x86_64-with-glibc2.35,rag_symbolic_loop,1,43,2,0.024661242680324547,0.9054712122394089,-0.8808099695590843
2026-08-22T14:47:16.361858+00:00,e85c645134dafe5024515cf86aa8b00f0ed7e8e9,8,configs/s5_analysis_bn.yaml,3.12.13,Linux-6.12.90+-x86_64-with-glibc2.35,rag_symbolic_loop,1,43,3,4.9463154794382035e-05,0.020019000555200433,-0.01996953740040605
2026-08-22T14:47:16.361858+00:00,e85c645134dafe5024515cf86aa8b00f0ed7e8e9,8,configs/s5_analysis_bn.yaml,3.12.13,Linux-6.12.90+-x86_64-with-glibc2.35,rag_neural_symbolic_feedback,1,43,1,0.00029302082915728597,0.9349247635797295,-0.9346317427505723
2026-08-22T14:47:16.361858+00:00,e85c645134dafe5024515cf86aa8b00f0ed7e8e9,8,configs/s5_analysis_bn.yaml,3.12.13,Linux-6.12.90+-x86_64-with-glibc2.35,rag_neural_symbolic_feedback,1,43,2,0.0025193991080903937,0.8554649029326181,-0.8529455038245277
2026-08-22T14:47:16.361858+00:00,e85c645134dafe5024515cf86aa8b00f0ed7e8e9,8,configs/s5_analysis_bn.yaml,3.12.13,Linux-6.12.90+-x86_64-with-glibc2.35,rag_neural_symbolic_feedback,1,43,3,0.010536740081308883,0.8957750464172435,-0.8852383063359346
2026-08-22T14:47:16.361858+00:00,e85c645134dafe5024515cf86aa8b00f0ed7e8e9,8,configs/s5_analysis_bn.yaml,3.12.13,Linux-6.12.90+-x86_64-with-glibc2.35,rag_neural_loop,0,43,1,0.04240184391347945,0.029183263633452583,0.01321858028002687
2026-08-22T14:47:16.361858+00:00,e85c645134dafe5024515cf86aa8b00f0ed7e8e9,8,configs/s5_analysis_bn.yaml,3.12.13,Linux-6.12.90+-x86_64-with-glibc2.35,rag_neural_loop,0,43,2,4.375116491317499e-09,0.02250882195977233,-0.022508817584655838
2026-08-22T14:47:16.361858+00:00,e85c645134dafe5024515cf86aa8b00f0ed7e8e9,8,configs/s5_analysis_bn.yaml,3.12.13,Linux-6.12.90+-x86_64-with-glibc2.35,rag_neural_loop,0,43,3,1.7306386608240132e-06,0.08882728541249352,-0.0888255547738327
2026-08-22T14:47:16.361858+00:00,e85c645134dafe5024515cf86aa8b00f0ed7e8e9,8,configs/s5_analysis_bn.yaml,3.12.13,Linux-6.12.90+-x86_64-with-glibc2.35,rag_symbolic_loop,0,43,1,0.04240184391347945,0.029183263633452583,0.01321858028002687
2026-08-22T14:47:16.361858+00:00,e85c645134dafe5024515cf86aa8b00f0ed7e8e9,8,configs/s5_analysis_bn.yaml,3.12.13,Linux-6.12.90+-x86_64-with-glibc2.35,rag_neural_symbolic_feedback,0,43,1,0.04240184391347945,0.029183263633452583,0.01321858028002687
2026-08-22T14:47:16.361858+00:00,e85c645134dafe5024515cf86aa8b00f0ed7e8e9,8,configs/s5_analysis_bn.yaml,3.12.13,Linux-6.12.90+-x86_64-with-glibc2.35,rag_neural_symbolic_feedback,0,43,2,1.3845444537530227e-06,0.1683883167344904,-0.16838693219003664
2026-08-22T14:47:16.361858+00:00,e85c645134dafe5024515cf86aa8b00f0ed7e8e9,8,configs/s5_analysis_bn.yaml,3.12.13,Linux-6.12.90+-x86_64-with-glibc2.35,rag_neural_symbolic_feedback,0,43,3,0.4372778728081307,0.021002435211227022,0.41627543759690366
2026-08-22T14:47:16.361858+00:00,e85c645134dafe5024515cf86aa8b00f0ed7e8e9,8,configs/s5_analysis_bn.yaml,3.12.13,Linux-6.12.90+-x86_64-with-glibc2.35,rag_neural_loop,1,43,1,0.9856746108996804,0.9561041980209246,0.029570412878755836
2026-08-22T14:47:16.361858+00:00,e85c645134dafe5024515cf86aa8b00f0ed7e8e9,8,configs/s5_analysis_bn.yaml,3.12.13,Linux-6.12.90+-x86_64-with-glibc2.35,rag_symbolic_loop,1,43,1,0.9856746108996804,0.9561041980209246,0.029570412878755836
2026-08-22T14:47:16.361858+00:00,e85c645134dafe5024515cf86aa8b00f0ed7e8e9,8,configs/s5_analysis_bn.yaml,3.12.13,Linux-6.12.90+-x86_64-with-glibc2.35,rag_symbolic_loop,1,43,2,0.9762587040995148,0.9675454713326066,0.008713232766908163
2026-08-22T14:47:16.361858+00:00,e85c645134dafe5024515cf86aa8b00f0ed7e8e9,8,configs/s5_analysis_bn.yaml,3.12.13,Linux-6.12.90+-x86_64-with-glibc2.35,rag_symbolic_loop,1,43,3,0.33580450436899445,0.8808508077769592,-0.5450463034079648
2026-08-22T14:47:16.361858+00:00,e85c645134dafe5024515cf86aa8b00f0ed7e8e9,8,configs/s5_analysis_bn.yaml,3.12.13,Linux-6.12.90+-x86_64-with-glibc2.35,rag_neural_symbolic_feedback,1,43,1,0.9856746108996804,0.9561041980209246,0.029570412878755836
2026-08-22T14:47:16.361858+00:00,e85c645134dafe5024515cf86aa8b00f0ed7e8e9,8,configs/s5_analysis_bn.yaml,3.12.13,Linux-6.12.90+-x86_64-with-glibc2.35,rag_neural_loop,0,43,1,0.0004439128299237316,0.030046334136423214,-0.029602421306499482
2026-08-22T14:47:16.361858+00:00,e85c645134dafe5024515cf86aa8b00f0ed7e8e9,8,configs/s5_analysis_bn.yaml,3.12.13,Linux-6.12.90+-x86_64-with-glibc2.35,rag_neural_loop,0,43,2,1.0494705076080635e-06,0.028677430209654298,-0.02867638073914669
2026-08-22T14:47:16.361858+00:00,e85c645134dafe5024515cf86aa8b00f0ed7e8e9,8,configs/s5_analysis_bn.yaml,3.12.13,Linux-6.12.90+-x86_64-with-glibc2.35,rag_neural_loop,0,43,3,0.1481847999852528,0.026233666976001047,0.12195113300925176
2026-08-22T14:47:16.361858+00:00,e85c645134dafe5024515cf86aa8b00f0ed7e8e9,8,configs/s5_analysis_bn.yaml,3.12.13,Linux-6.12.90+-x86_64-with-glibc2.35,rag_symbolic_loop,0,43,1,0.0004439128299237316,0.030046334136423214,-0.029602421306499482
2026-08-22T14:47:16.361858+00:00,e85c645134dafe5024515cf86aa8b00f0ed7e8e9,8,configs/s5_analysis_bn.yaml,3.12.13,Linux-6.12.90+-x86_64-with-glibc2.35,rag_neural_symbolic_feedback,0,43,1,0.0004439128299237316,0.030046334136423214,-0.029602421306499482
2026-08-22T14:47:16.361858+00:00,e85c645134dafe5024515cf86aa8b00f0ed7e8e9,8,configs/s5_analysis_bn.yaml,3.12.13,Linux-6.12.90+-x86_64-with-glibc2.35,rag_neural_symbolic_feedback,0,43,2,0.9999999999817089,0.9829177624744364,0.017082237507272446
2026-08-22T14:47:16.361858+00:00,e85c645134dafe5024515cf86aa8b00f0ed7e8e9,8,configs/s5_analysis_bn.yaml,3.12.13,Linux-6.12.90+-x86_64-with-glibc2.35,rag_neural_loop,1,43,1,0.8999935560613265,0.9362299891969473,-0.03623643313562086
2026-08-22T14:47:16.361858+00:00,e85c645134dafe5024515cf86aa8b00f0ed7e8e9,8,configs/s5_analysis_bn.yaml,3.12.13,Linux-6.12.90+-x86_64-with-glibc2.35,rag_symbolic_loop,1,43,1,0.8999935560613265,0.9362299891969473,-0.03623643313562086
2026-08-22T14:47:16.361858+00:00,e85c645134dafe5024515cf86aa8b00f0ed7e8e9,8,configs/s5_analysis_bn.yaml,3.12.13,Linux-6.12.90+-x86_64-with-glibc2.35,rag_symbolic_loop,1,43,2,0.9999999896465687,0.9790333931869156,0.020966596459653042
2026-08-22T14:47:16.361858+00:00,e85c645134dafe5024515cf86aa8b00f0ed7e8e9,8,configs/s5_analysis_bn.yaml,3.12.13,Linux-6.12.90+-x86_64-with-glibc2.35,rag_neural_symbolic_feedback,1,43,1,0.8999935560613265,0.9362299891969473,-0.03623643313562086
2026-08-22T14:47:16.361858+00:00,e85c645134dafe5024515cf86aa8b00f0ed7e8e9,8,configs/s5_analysis_bn.yaml,3.12.13,Linux-6.12.90+-x86_64-with-glibc2.35,rag_neural_loop,0,43,1,0.9999999937923161,0.980030983973073,0.0199690098192431
2026-08-22T14:47:16.361858+00:00,e85c645134dafe5024515cf86aa8b00f0ed7e8e9,8,configs/s5_analysis_bn.yaml,3.12.13,Linux-6.12.90+-x86_64-with-glibc2.35,rag_symbolic_loop,0,43,1,0.9999999937923161,0.980030983973073,0.0199690098192431
2026-08-22T14:47:16.361858+00:00,e85c645134dafe5024515cf86aa8b00f0ed7e8e9,8,configs/s5_analysis_bn.yaml,3.12.13,Linux-6.12.90+-x86_64-with-glibc2.35,rag_neural_symbolic_feedback,0,43,1,0.9999999937923161,0.980030983973073,0.0199690098192431
2026-08-22T14:47:16.361858+00:00,e85c645134dafe5024515cf86aa8b00f0ed7e8e9,8,configs/s5_analysis_bn.yaml,3.12.13,Linux-6.12.90+-x86_64-with-glibc2.35,rag_neural_loop,1,43,1,0.2325685358982807,0.9150890429492969,-0.6825205070510163
2026-08-22T14:47:16.361858+00:00,e85c645134dafe5024515cf86aa8b00f0ed7e8e9,8,configs/s5_analysis_bn.yaml,3.12.13,Linux-6.12.90+-x86_64-with-glibc2.35,rag_neural_loop,1,43,2,0.3865854504372968,0.9705731771659977,-0.5839877267287008
2026-08-22T14:47:16.361858+00:00,e85c645134dafe5024515cf86aa8b00f0ed7e8e9,8,configs/s5_analysis_bn.yaml,3.12.13,Linux-6.12.90+-x86_64-with-glibc2.35,rag_neural_loop,1,43,3,0.9999999867132534,0.9826633851511603,0.017336601562093157
2026-08-22T14:47:16.361858+00:00,e85c645134dafe5024515cf86aa8b00f0ed7e8e9,8,configs/s5_analysis_bn.yaml,3.12.13,Linux-6.12.90+-x86_64-with-glibc2.35,rag_symbolic_loop,1,43,1,0.2325685358982807,0.9150889767071426,-0.6825204408088619
2026-08-22T14:47:16.361858+00:00,e85c645134dafe5024515cf86aa8b00f0ed7e8e9,8,configs/s5_analysis_bn.yaml,3.12.13,Linux-6.12.90+-x86_64-with-glibc2.35,rag_neural_symbolic_feedback,1,43,1,0.2325685358982807,0.9150889767071426,-0.6825204408088619
2026-08-22T14:47:16.361858+00:00,e85c645134dafe5024515cf86aa8b00f0ed7e8e9,8,configs/s5_analysis_bn.yaml,3.12.13,Linux-6.12.90+-x86_64-with-glibc2.35,rag_neural_symbolic_feedback,1,43,2,0.9220385628252193,0.9181402117435481,0.0038983510816712474
2026-08-22T14:47:16.361858+00:00,e85c645134dafe5024515cf86aa8b00f0ed7e8e9,8,configs/s5_analysis_bn.yaml,3.12.13,Linux-6.12.90+-x86_64-with-glibc2.35,rag_neural_loop,0,43,1,0.9999255998891348,0.8484977393169703,0.1514278605721645
2026-08-22T14:47:16.361858+00:00,e85c645134dafe5024515cf86aa8b00f0ed7e8e9,8,configs/s5_analysis_bn.yaml,3.12.13,Linux-6.12.90+-x86_64-with-glibc2.35,rag_symbolic_loop,0,43,1,0.9999255998891348,0.8484977393169703,0.1514278605721645
2026-08-22T14:47:16.361858+00:00,e85c645134dafe5024515cf86aa8b00f0ed7e8e9,8,configs/s5_analysis_bn.yaml,3.12.13,Linux-6.12.90+-x86_64-with-glibc2.35,rag_neural_symbolic_feedback,0,43,1,0.9999255998891348,0.8484977393169703,0.1514278605721645
2026-08-22T14:47:16.361858+00:00,e85c645134dafe5024515cf86aa8b00f0ed7e8e9,8,configs/s5_analysis_bn.yaml,3.12.13,Linux-6.12.90+-x86_64-with-glibc2.35,rag_neural_loop,1,43,1,0.9735823139312109,0.9378025453419149,0.03577976858929599
2026-08-22T14:47:16.361858+00:00,e85c645134dafe5024515cf86aa8b00f0ed7e8e9,8,configs/s5_analysis_bn.yaml,3.12.13,Linux-6.12.90+-x86_64-with-glibc2.35,rag_symbolic_loop,1,43,1,0.9735823139312109,0.9378025453419149,0.03577976858929599
2026-08-22T14:47:16.361858+00:00,e85c645134dafe5024515cf86aa8b00f0ed7e8e9,8,configs/s5_analysis_bn.yaml,3.12.13,Linux-6.12.90+-x86_64-with-glibc2.35,rag_symbolic_loop,1,43,2,0.9939180371386965,0.9091417299711497,0.0847763071675468
2026-08-22T14:47:16.361858+00:00,e85c645134dafe5024515cf86aa8b00f0ed7e8e9,8,configs/s5_analysis_bn.yaml,3.12.13,Linux-6.12.90+-x86_64-with-glibc2.35,rag_symbolic_loop,1,43,3,0.04777756575952255,0.953932039517933,-0.9061544737584105
2026-08-22T14:47:16.361858+00:00,e85c645134dafe5024515cf86aa8b00f0ed7e8e9,8,configs/s5_analysis_bn.yaml,3.12.13,Linux-6.12.90+-x86_64-with-glibc2.35,rag_neural_symbolic_feedback,1,43,1,0.9735823139312109,0.9378025453419149,0.03577976858929599
2026-08-22T14:47:16.361858+00:00,e85c645134dafe5024515cf86aa8b00f0ed7e8e9,8,configs/s5_analysis_bn.yaml,3.12.13,Linux-6.12.90+-x86_64-with-glibc2.35,rag_neural_loop,0,43,1,0.9974352868873382,0.02612379301378065,0.9713114938735575
2026-08-22T14:47:16.361858+00:00,e85c645134dafe5024515cf86aa8b00f0ed7e8e9,8,configs/s5_analysis_bn.yaml,3.12.13,Linux-6.12.90+-x86_64-with-glibc2.35,rag_symbolic_loop,0,43,1,0.9974352868873382,0.02612379301378065,0.9713114938735575
2026-08-22T14:47:16.361858+00:00,e85c645134dafe5024515cf86aa8b00f0ed7e8e9,8,configs/s5_analysis_bn.yaml,3.12.13,Linux-6.12.90+-x86_64-with-glibc2.35,rag_neural_symbolic_feedback,0,43,1,0.9974352868873382,0.02612379301378065,0.9713114938735575
2026-08-22T14:47:16.361858+00:00,e85c645134dafe5024515cf86aa8b00f0ed7e8e9,8,configs/s5_analysis_bn.yaml,3.12.13,Linux-6.12.90+-x86_64-with-glibc2.35,rag_neural_loop,1,43,1,0.9980244278514822,0.8613241326814108,0.13670029517007132
2026-08-22T14:47:16.361858+00:00,e85c645134dafe5024515cf86aa8b00f0ed7e8e9,8,configs/s5_analysis_bn.yaml,3.12.13,Linux-6.12.90+-x86_64-with-glibc2.35,rag_symbolic_loop,1,43,1,0.9980244278514822,0.8613241326814108,0.13670029517007132
2026-08-22T14:47:16.361858+00:00,e85c645134dafe5024515cf86aa8b00f0ed7e8e9,8,configs/s5_analysis_bn.yaml,3.12.13,Linux-6.12.90+-x86_64-with-glibc2.35,rag_neural_symbolic_feedback,1,43,1,0.9980244278514822,0.8613241326814108,0.13670029517007132
2026-08-22T14:47:16.361858+00:00,e85c645134dafe5024515cf86aa8b00f0ed7e8e9,8,configs/s5_analysis_bn.yaml,3.12.13,Linux-6.12.90+-x86_64-with-glibc2.35,rag_neural_loop,0,43,1,0.9694284511972179,0.12221536130107924,0.8472130898961386
2026-08-22T14:47:16.361858+00:00,e85c645134dafe5024515cf86aa8b00f0ed7e8e9,8,configs/s5_analysis_bn.yaml,3.12.13,Linux-6.12.90+-x86_64-with-glibc2.35,rag_symbolic_loop,0,43,1,0.9694284511972179,0.12221536130107924,0.8472130898961386
2026-08-22T14:47:16.361858+00:00,e85c645134dafe5024515cf86aa8b00f0ed7e8e9,8,configs/s5_analysis_bn.yaml,3.12.13,Linux-6.12.90+-x86_64-with-glibc2.35,rag_neural_symbolic_feedback,0,43,1,0.9694284511972179,0.12221536130107924,0.8472130898961386
2026-08-22T14:47:16.361858+00:00,e85c645134dafe5024515cf86aa8b00f0ed7e8e9,8,configs/s5_analysis_bn.yaml,3.12.13,Linux-6.12.90+-x86_64-with-glibc2.35,rag_neural_loop,1,43,1,0.8220278880236762,0.07269688388488778,0.7493310041387884
2026-08-22T14:47:16.361858+00:00,e85c645134dafe5024515cf86aa8b00f0ed7e8e9,8,configs/s5_analysis_bn.yaml,3.12.13,Linux-6.12.90+-x86_64-with-glibc2.35,rag_symbolic_loop,1,43,1,0.8220278880236762,0.07269688388488778,0.7493310041387884
2026-08-22T14:47:16.361858+00:00,e85c645134dafe5024515cf86aa8b00f0ed7e8e9,8,configs/s5_analysis_bn.yaml,3.12.13,Linux-6.12.90+-x86_64-with-glibc2.35,rag_neural_symbolic_feedback,1,43,1,0.8220278880236762,0.07269688388488778,0.7493310041387884
2026-08-22T14:47:16.361858+00:00,e85c645134dafe5024515cf86aa8b00f0ed7e8e9,8,configs/s5_analysis_bn.yaml,3.12.13,Linux-6.12.90+-x86_64-with-glibc2.35,rag_neural_loop,0,43,1,4.3149062101122126e-10,0.03600304112810959,-0.03600304069661897
2026-08-22T14:47:16.361858+00:00,e85c645134dafe5024515cf86aa8b00f0ed7e8e9,8,configs/s5_analysis_bn.yaml,3.12.13,Linux-6.12.90+-x86_64-with-glibc2.35,rag_neural_loop,0,43,2,0.9999996642877009,0.9640628885183206,0.03593677576938037
2026-08-22T14:47:16.361858+00:00,e85c645134dafe5024515cf86aa8b00f0ed7e8e9,8,configs/s5_analysis_bn.yaml,3.12.13,Linux-6.12.90+-x86_64-with-glibc2.35,rag_symbolic_loop,0,43,1,4.3149062101122126e-10,0.03600304112810959,-0.03600304069661897
2026-08-22T14:47:16.361858+00:00,e85c645134dafe5024515cf86aa8b00f0ed7e8e9,8,configs/s5_analysis_bn.yaml,3.12.13,Linux-6.12.90+-x86_64-with-glibc2.35,rag_neural_symbolic_feedback,0,43,1,4.3149062101122126e-10,0.03600304112810959,-0.03600304069661897
2026-08-22T14:47:16.361858+00:00,e85c645134dafe5024515cf86aa8b00f0ed7e8e9,8,configs/s5_analysis_bn.yaml,3.12.13,Linux-6.12.90+-x86_64-with-glibc2.35,rag_neural_symbolic_feedback,0,43,2,0.9999999999483232,0.9856156266843614,0.014384373263961803
2026-08-22T14:47:16.361858+00:00,e85c645134dafe5024515cf86aa8b00f0ed7e8e9,8,configs/s5_analysis_bn.yaml,3.12.13,Linux-6.12.90+-x86_64-with-glibc2.35,rag_neural_loop,1,43,1,0.9997160365807581,0.956146800372784,0.04356923620797415
2026-08-22T14:47:16.361858+00:00,e85c645134dafe5024515cf86aa8b00f0ed7e8e9,8,configs/s5_analysis_bn.yaml,3.12.13,Linux-6.12.90+-x86_64-with-glibc2.35,rag_symbolic_loop,1,43,1,0.9997160365807581,0.956146800372784,0.04356923620797415
2026-08-22T14:47:16.361858+00:00,e85c645134dafe5024515cf86aa8b00f0ed7e8e9,8,configs/s5_analysis_bn.yaml,3.12.13,Linux-6.12.90+-x86_64-with-glibc2.35,rag_symbolic_loop,1,43,2,0.9999953850885318,0.9435151675428036,0.056480217545728184
2026-08-22T14:47:16.361858+00:00,e85c645134dafe5024515cf86aa8b00f0ed7e8e9,8,configs/s5_analysis_bn.yaml,3.12.13,Linux-6.12.90+-x86_64-with-glibc2.35,rag_symbolic_loop,1,43,3,0.9997460234237573,0.9387920059132613,0.060954017510496006
2026-08-22T14:47:16.361858+00:00,e85c645134dafe5024515cf86aa8b00f0ed7e8e9,8,configs/s5_analysis_bn.yaml,3.12.13,Linux-6.12.90+-x86_64-with-glibc2.35,rag_neural_symbolic_feedback,1,43,1,0.9997160365807581,0.956146800372784,0.04356923620797415
2026-08-22T14:47:16.361858+00:00,e85c645134dafe5024515cf86aa8b00f0ed7e8e9,8,configs/s5_analysis_bn.yaml,3.12.13,Linux-6.12.90+-x86_64-with-glibc2.35,rag_neural_loop,0,43,1,0.9999999999996425,0.985468162593575,0.01453183740606756
2026-08-22T14:47:16.361858+00:00,e85c645134dafe5024515cf86aa8b00f0ed7e8e9,8,configs/s5_analysis_bn.yaml,3.12.13,Linux-6.12.90+-x86_64-with-glibc2.35,rag_symbolic_loop,0,43,1,0.9999999999996425,0.985468162593575,0.01453183740606756
2026-08-22T14:47:16.361858+00:00,e85c645134dafe5024515cf86aa8b00f0ed7e8e9,8,configs/s5_analysis_bn.yaml,3.12.13,Linux-6.12.90+-x86_64-with-glibc2.35,rag_neural_symbolic_feedback,0,43,1,0.9999999999996425,0.985468162593575,0.01453183740606756
2026-08-22T14:47:16.361858+00:00,e85c645134dafe5024515cf86aa8b00f0ed7e8e9,8,configs/s5_analysis_bn.yaml,3.12.13,Linux-6.12.90+-x86_64-with-glibc2.35,rag_neural_loop,1,43,1,0.16203226292025713,0.9676202906607517,-0.8055880277404945
2026-08-22T14:47:16.361858+00:00,e85c645134dafe5024515cf86aa8b00f0ed7e8e9,8,configs/s5_analysis_bn.yaml,3.12.13,Linux-6.12.90+-x86_64-with-glibc2.35,rag_neural_loop,1,43,2,0.9995119143822421,0.9787109483301714,0.020800966052070713
2026-08-22T14:47:16.361858+00:00,e85c645134dafe5024515cf86aa8b00f0ed7e8e9,8,configs/s5_analysis_bn.yaml,3.12.13,Linux-6.12.90+-x86_64-with-glibc2.35,rag_symbolic_loop,1,43,1,0.16203226292025713,0.9676202906607517,-0.8055880277404945
2026-08-22T14:47:16.361858+00:00,e85c645134dafe5024515cf86aa8b00f0ed7e8e9,8,configs/s5_analysis_bn.yaml,3.12.13,Linux-6.12.90+-x86_64-with-glibc2.35,rag_neural_symbolic_feedback,1,43,1,0.16203226292025713,0.9676202906607517,-0.8055880277404945
2026-08-22T14:47:16.361858+00:00,e85c645134dafe5024515cf86aa8b00f0ed7e8e9,8,configs/s5_analysis_bn.yaml,3.12.13,Linux-6.12.90+-x86_64-with-glibc2.35,rag_neural_symbolic_feedback,1,43,2,0.9481472755931587,0.9690531061105985,-0.020905830517439772
2026-08-22T14:47:16.361858+00:00,e85c645134dafe5024515cf86aa8b00f0ed7e8e9,8,configs/s5_analysis_bn.yaml,3.12.13,Linux-6.12.90+-x86_64-with-glibc2.35,rag_neural_loop,0,43,1,0.9999999998958943,0.9706585674915961,0.029341432404298207
2026-08-22T14:47:16.361858+00:00,e85c645134dafe5024515cf86aa8b00f0ed7e8e9,8,configs/s5_analysis_bn.yaml,3.12.13,Linux-6.12.90+-x86_64-with-glibc2.35,rag_symbolic_loop,0,43,1,0.9999999998958943,0.9706585674915961,0.029341432404298207
2026-08-22T14:47:16.361858+00:00,e85c645134dafe5024515cf86aa8b00f0ed7e8e9,8,configs/s5_analysis_bn.yaml,3.12.13,Linux-6.12.90+-x86_64-with-glibc2.35,rag_neural_symbolic_feedback,0,43,1,0.9999999998958943,0.9706585674915961,0.029341432404298207
2026-08-22T14:47:16.361858+00:00,e85c645134dafe5024515cf86aa8b00f0ed7e8e9,8,configs/s5_analysis_bn.yaml,3.12.13,Linux-6.12.90+-x86_64-with-glibc2.35,rag_neural_loop,1,43,1,7.87802109376636e-09,0.01987610526645883,-0.019876097388437736
2026-08-22T14:47:16.361858+00:00,e85c645134dafe5024515cf86aa8b00f0ed7e8e9,8,configs/s5_analysis_bn.yaml,3.12.13,Linux-6.12.90+-x86_64-with-glibc2.35,rag_neural_loop,1,43,2,3.193022000674819e-05,0.028836336056672414,-0.028804405836665666
2026-08-22T14:47:16.361858+00:00,e85c645134dafe5024515cf86aa8b00f0ed7e8e9,8,configs/s5_analysis_bn.yaml,3.12.13,Linux-6.12.90+-x86_64-with-glibc2.35,rag_neural_loop,1,43,3,0.9999993576152132,0.9358519686240461,0.06414738899116712
2026-08-22T14:47:16.361858+00:00,e85c645134dafe5024515cf86aa8b00f0ed7e8e9,8,configs/s5_analysis_bn.yaml,3.12.13,Linux-6.12.90+-x86_64-with-glibc2.35,rag_symbolic_loop,1,43,1,7.87802109376636e-09,0.01987610526645883,-0.019876097388437736
2026-08-22T14:47:16.361858+00:00,e85c645134dafe5024515cf86aa8b00f0ed7e8e9,8,configs/s5_analysis_bn.yaml,3.12.13,Linux-6.12.90+-x86_64-with-glibc2.35,rag_symbolic_loop,1,43,2,0.9999930106045436,0.9732205690339918,0.026772441570551808
2026-08-22T14:47:16.361858+00:00,e85c645134dafe5024515cf86aa8b00f0ed7e8e9,8,configs/s5_analysis_bn.yaml,3.12.13,Linux-6.12.90+-x86_64-with-glibc2.35,rag_symbolic_loop,1,43,3,0.47301733624061554,0.9283121115561165,-0.45529477531550094
2026-08-22T14:47:16.361858+00:00,e85c645134dafe5024515cf86aa8b00f0ed7e8e9,8,configs/s5_analysis_bn.yaml,3.12.13,Linux-6.12.90+-x86_64-with-glibc2.35,rag_neural_symbolic_feedback,1,43,1,7.87802109376636e-09,0.01987610526645883,-0.019876097388437736
2026-08-22T14:47:16.361858+00:00,e85c645134dafe5024515cf86aa8b00f0ed7e8e9,8,configs/s5_analysis_bn.yaml,3.12.13,Linux-6.12.90+-x86_64-with-glibc2.35,rag_neural_symbolic_feedback,1,43,2,0.9818977385400341,0.9229165454227659,0.05898119311726824
2026-08-22T14:47:16.361858+00:00,e85c645134dafe5024515cf86aa8b00f0ed7e8e9,8,configs/s5_analysis_bn.yaml,3.12.13,Linux-6.12.90+-x86_64-with-glibc2.35,rag_neural_loop,0,43,1,0.9999999999999917,0.9857032402120377,0.014296759787953972
2026-08-22T14:47:16.361858+00:00,e85c645134dafe5024515cf86aa8b00f0ed7e8e9,8,configs/s5_analysis_bn.yaml,3.12.13,Linux-6.12.90+-x86_64-with-glibc2.35,rag_symbolic_loop,0,43,1,0.9999999999999917,0.9857032402120377,0.014296759787953972
2026-08-22T14:47:16.361858+00:00,e85c645134dafe5024515cf86aa8b00f0ed7e8e9,8,configs/s5_analysis_bn.yaml,3.12.13,Linux-6.12.90+-x86_64-with-glibc2.35,rag_neural_symbolic_feedback,0,43,1,0.9999999999999917,0.9857032402120377,0.014296759787953972
2026-08-22T14:47:16.361858+00:00,e85c645134dafe5024515cf86aa8b00f0ed7e8e9,8,configs/s5_analysis_bn.yaml,3.12.13,Linux-6.12.90+-x86_64-with-glibc2.35,rag_neural_loop,1,43,1,0.8860383256053896,0.9454646668400737,-0.059426341234684044
2026-08-22T14:47:16.361858+00:00,e85c645134dafe5024515cf86aa8b00f0ed7e8e9,8,configs/s5_analysis_bn.yaml,3.12.13,Linux-6.12.90+-x86_64-with-glibc2.35,rag_symbolic_loop,1,43,1,0.8860383256053896,0.9454646668400737,-0.059426341234684044
2026-08-22T14:47:16.361858+00:00,e85c645134dafe5024515cf86aa8b00f0ed7e8e9,8,configs/s5_analysis_bn.yaml,3.12.13,Linux-6.12.90+-x86_64-with-glibc2.35,rag_symbolic_loop,1,43,2,0.9958307803936244,0.8680158932511625,0.12781488714246192
2026-08-22T14:47:16.361858+00:00,e85c645134dafe5024515cf86aa8b00f0ed7e8e9,8,configs/s5_analysis_bn.yaml,3.12.13,Linux-6.12.90+-x86_64-with-glibc2.35,rag_symbolic_loop,1,43,3,0.9999961333555031,0.9563423171706253,0.043653816184877736
2026-08-22T14:47:16.361858+00:00,e85c645134dafe5024515cf86aa8b00f0ed7e8e9,8,configs/s5_analysis_bn.yaml,3.12.13,Linux-6.12.90+-x86_64-with-glibc2.35,rag_neural_symbolic_feedback,1,43,1,0.8860383256053896,0.9454646668400737,-0.059426341234684044
2026-08-22T14:47:16.361858+00:00,e85c645134dafe5024515cf86aa8b00f0ed7e8e9,8,configs/s5_analysis_bn.yaml,3.12.13,Linux-6.12.90+-x86_64-with-glibc2.35,rag_neural_loop,0,43,1,0.001218164673168487,0.0186537619332644,-0.017435597260095914
2026-08-22T14:47:16.361858+00:00,e85c645134dafe5024515cf86aa8b00f0ed7e8e9,8,configs/s5_analysis_bn.yaml,3.12.13,Linux-6.12.90+-x86_64-with-glibc2.35,rag_neural_loop,0,43,2,0.00933910358270118,0.02146132965439307,-0.012122226071691888
2026-08-22T14:47:16.361858+00:00,e85c645134dafe5024515cf86aa8b00f0ed7e8e9,8,configs/s5_analysis_bn.yaml,3.12.13,Linux-6.12.90+-x86_64-with-glibc2.35,rag_neural_loop,0,43,3,0.9994582004103005,0.9816575834415797,0.017800616968720817
2026-08-22T14:47:16.361858+00:00,e85c645134dafe5024515cf86aa8b00f0ed7e8e9,8,configs/s5_analysis_bn.yaml,3.12.13,Linux-6.12.90+-x86_64-with-glibc2.35,rag_symbolic_loop,0,43,1,0.001218164673168487,0.0186537619332644,-0.017435597260095914
2026-08-22T14:47:16.361858+00:00,e85c645134dafe5024515cf86aa8b00f0ed7e8e9,8,configs/s5_analysis_bn.yaml,3.12.13,Linux-6.12.90+-x86_64-with-glibc2.35,rag_neural_symbolic_feedback,0,43,1,0.001218164673168487,0.0186537619332644,-0.017435597260095914
2026-08-22T14:47:16.361858+00:00,e85c645134dafe5024515cf86aa8b00f0ed7e8e9,8,configs/s5_analysis_bn.yaml,3.12.13,Linux-6.12.90+-x86_64-with-glibc2.35,rag_neural_symbolic_feedback,0,43,2,0.9999999999584074,0.9827277521155509,0.017272247842856525
2026-08-22T14:47:16.361858+00:00,e85c645134dafe5024515cf86aa8b00f0ed7e8e9,8,configs/s5_analysis_bn.yaml,3.12.13,Linux-6.12.90+-x86_64-with-glibc2.35,rag_neural_loop,1,43,1,0.005689211818265627,0.015618286569496535,-0.009929074751230909
2026-08-22T14:47:16.361858+00:00,e85c645134dafe5024515cf86aa8b00f0ed7e8e9,8,configs/s5_analysis_bn.yaml,3.12.13,Linux-6.12.90+-x86_64-with-glibc2.35,rag_neural_loop,1,43,2,0.9999998473367573,0.9735152042315828,0.02648464310517451
2026-08-22T14:47:16.361858+00:00,e85c645134dafe5024515cf86aa8b00f0ed7e8e9,8,configs/s5_analysis_bn.yaml,3.12.13,Linux-6.12.90+-x86_64-with-glibc2.35,rag_symbolic_loop,1,43,1,0.005689211818265627,0.015618286569496535,-0.009929074751230909
2026-08-22T14:47:16.361858+00:00,e85c645134dafe5024515cf86aa8b00f0ed7e8e9,8,configs/s5_analysis_bn.yaml,3.12.13,Linux-6.12.90+-x86_64-with-glibc2.35,rag_symbolic_loop,1,43,2,0.3516540972095164,0.954058542953238,-0.6024044457437217
2026-08-22T14:47:16.361858+00:00,e85c645134dafe5024515cf86aa8b00f0ed7e8e9,8,configs/s5_analysis_bn.yaml,3.12.13,Linux-6.12.90+-x86_64-with-glibc2.35,rag_symbolic_loop,1,43,3,0.5146975212555502,0.4272594621968316,0.08743805905871865
2026-08-22T14:47:16.361858+00:00,e85c645134dafe5024515cf86aa8b00f0ed7e8e9,8,configs/s5_analysis_bn.yaml,3.12.13,Linux-6.12.90+-x86_64-with-glibc2.35,rag_neural_symbolic_feedback,1,43,1,0.005689211818265627,0.015618286569496535,-0.009929074751230909
2026-08-22T14:47:16.361858+00:00,e85c645134dafe5024515cf86aa8b00f0ed7e8e9,8,configs/s5_analysis_bn.yaml,3.12.13,Linux-6.12.90+-x86_64-with-glibc2.35,rag_neural_symbolic_feedback,1,43,2,0.9967831582732797,0.9712534222083445,0.025529736064935138
2026-08-22T14:47:16.361858+00:00,e85c645134dafe5024515cf86aa8b00f0ed7e8e9,8,configs/s5_analysis_bn.yaml,3.12.13,Linux-6.12.90+-x86_64-with-glibc2.35,rag_neural_loop,0,43,1,2.0863346383848125e-08,0.04510208248267278,-0.045102061619326395
2026-08-22T14:47:16.361858+00:00,e85c645134dafe5024515cf86aa8b00f0ed7e8e9,8,configs/s5_analysis_bn.yaml,3.12.13,Linux-6.12.90+-x86_64-with-glibc2.35,rag_neural_loop,0,43,2,0.9999999999860416,0.9840431818042057,0.01595681818183592
2026-08-22T14:47:16.361858+00:00,e85c645134dafe5024515cf86aa8b00f0ed7e8e9,8,configs/s5_analysis_bn.yaml,3.12.13,Linux-6.12.90+-x86_64-with-glibc2.35,rag_symbolic_loop,0,43,1,2.0863346383848125e-08,0.04510208248267278,-0.045102061619326395
2026-08-22T14:47:16.361858+00:00,e85c645134dafe5024515cf86aa8b00f0ed7e8e9,8,configs/s5_analysis_bn.yaml,3.12.13,Linux-6.12.90+-x86_64-with-glibc2.35,rag_neural_symbolic_feedback,0,43,1,2.0863346383848125e-08,0.04510208248267278,-0.045102061619326395
2026-08-22T14:47:16.361858+00:00,e85c645134dafe5024515cf86aa8b00f0ed7e8e9,8,configs/s5_analysis_bn.yaml,3.12.13,Linux-6.12.90+-x86_64-with-glibc2.35,rag_neural_symbolic_feedback,0,43,2,0.9999999999999838,0.9848455985364957,0.01515440146348812
2026-08-22T14:47:16.361858+00:00,e85c645134dafe5024515cf86aa8b00f0ed7e8e9,8,configs/s5_analysis_bn.yaml,3.12.13,Linux-6.12.90+-x86_64-with-glibc2.35,rag_neural_loop,1,43,1,2.4202574739462345e-09,0.02118731656411672,-0.021187314143859246
2026-08-22T14:47:16.361858+00:00,e85c645134dafe5024515cf86aa8b00f0ed7e8e9,8,configs/s5_analysis_bn.yaml,3.12.13,Linux-6.12.90+-x86_64-with-glibc2.35,rag_neural_loop,1,43,2,8.125902961227312e-07,0.015561631067275008,-0.015560818476978886
2026-08-22T14:47:16.361858+00:00,e85c645134dafe5024515cf86aa8b00f0ed7e8e9,8,configs/s5_analysis_bn.yaml,3.12.13,Linux-6.12.90+-x86_64-with-glibc2.35,rag_neural_loop,1,43,3,2.1796608035668985e-09,0.017187737142890822,-0.01718773496323002
2026-08-22T14:47:16.361858+00:00,e85c645134dafe5024515cf86aa8b00f0ed7e8e9,8,configs/s5_analysis_bn.yaml,3.12.13,Linux-6.12.90+-x86_64-with-glibc2.35,rag_symbolic_loop,1,43,1,2.4202574739462345e-09,0.02118731656411672,-0.021187314143859246
2026-08-22T14:47:16.361858+00:00,e85c645134dafe5024515cf86aa8b00f0ed7e8e9,8,configs/s5_analysis_bn.yaml,3.12.13,Linux-6.12.90+-x86_64-with-glibc2.35,rag_neural_symbolic_feedback,1,43,1,2.4202574739462345e-09,0.02118731656411672,-0.021187314143859246
2026-08-22T14:47:16.361858+00:00,e85c645134dafe5024515cf86aa8b00f0ed7e8e9,8,configs/s5_analysis_bn.yaml,3.12.13,Linux-6.12.90+-x86_64-with-glibc2.35,rag_neural_symbolic_feedback,1,43,2,0.9718994830357539,0.9708905976553481,0.0010088853804057774
2026-08-22T14:47:16.361858+00:00,e85c645134dafe5024515cf86aa8b00f0ed7e8e9,8,configs/s5_analysis_bn.yaml,3.12.13,Linux-6.12.90+-x86_64-with-glibc2.35,rag_neural_loop,0,43,1,0.05188784945909086,0.05059391437935168,0.0012939350797391835
2026-08-22T14:47:16.361858+00:00,e85c645134dafe5024515cf86aa8b00f0ed7e8e9,8,configs/s5_analysis_bn.yaml,3.12.13,Linux-6.12.90+-x86_64-with-glibc2.35,rag_neural_loop,0,43,2,0.9999980181456246,0.020790108433762833,0.9792079097118618
2026-08-22T14:47:16.361858+00:00,e85c645134dafe5024515cf86aa8b00f0ed7e8e9,8,configs/s5_analysis_bn.yaml,3.12.13,Linux-6.12.90+-x86_64-with-glibc2.35,rag_symbolic_loop,0,43,1,0.05188784945909086,0.05059391437935168,0.0012939350797391835
2026-08-22T14:47:16.361858+00:00,e85c645134dafe5024515cf86aa8b00f0ed7e8e9,8,configs/s5_analysis_bn.yaml,3.12.13,Linux-6.12.90+-x86_64-with-glibc2.35,rag_neural_symbolic_feedback,0,43,1,0.05188784945909086,0.05059391437935168,0.0012939350797391835
2026-08-22T14:47:16.361858+00:00,e85c645134dafe5024515cf86aa8b00f0ed7e8e9,8,configs/s5_analysis_bn.yaml,3.12.13,Linux-6.12.90+-x86_64-with-glibc2.35,rag_neural_symbolic_feedback,0,43,2,0.0030103195521050674,0.03111506586486712,-0.028104746312762052
2026-08-22T14:47:16.361858+00:00,e85c645134dafe5024515cf86aa8b00f0ed7e8e9,8,configs/s5_analysis_bn.yaml,3.12.13,Linux-6.12.90+-x86_64-with-glibc2.35,rag_neural_symbolic_feedback,0,43,3,0.9999999999993193,0.9837531817048011,0.01624681829451824
2026-08-22T14:47:16.361858+00:00,e85c645134dafe5024515cf86aa8b00f0ed7e8e9,8,configs/s5_analysis_bn.yaml,3.12.13,Linux-6.12.90+-x86_64-with-glibc2.35,rag_neural_loop,1,43,1,0.9940264857469788,0.8831338235061001,0.11089266224087868
2026-08-22T14:47:16.361858+00:00,e85c645134dafe5024515cf86aa8b00f0ed7e8e9,8,configs/s5_analysis_bn.yaml,3.12.13,Linux-6.12.90+-x86_64-with-glibc2.35,rag_symbolic_loop,1,43,1,0.9940264857469788,0.8831338235061001,0.11089266224087868
2026-08-22T14:47:16.361858+00:00,e85c645134dafe5024515cf86aa8b00f0ed7e8e9,8,configs/s5_analysis_bn.yaml,3.12.13,Linux-6.12.90+-x86_64-with-glibc2.35,rag_symbolic_loop,1,43,2,0.9518257582069762,0.9522914973913167,-0.00046573918434045236
2026-08-22T14:47:16.361858+00:00,e85c645134dafe5024515cf86aa8b00f0ed7e8e9,8,configs/s5_analysis_bn.yaml,3.12.13,Linux-6.12.90+-x86_64-with-glibc2.35,rag_symbolic_loop,1,43,3,0.7288296856542,0.9703000824795698,-0.24147039682536975
2026-08-22T14:47:16.361858+00:00,e85c645134dafe5024515cf86aa8b00f0ed7e8e9,8,configs/s5_analysis_bn.yaml,3.12.13,Linux-6.12.90+-x86_64-with-glibc2.35,rag_neural_symbolic_feedback,1,43,1,0.9940264857469788,0.8831338235061001,0.11089266224087868
2026-08-22T14:47:16.361858+00:00,e85c645134dafe5024515cf86aa8b00f0ed7e8e9,8,configs/s5_analysis_bn.yaml,3.12.13,Linux-6.12.90+-x86_64-with-glibc2.35,rag_neural_loop,0,43,1,0.9999999999999766,0.985943141401375,0.014056858598601618
2026-08-22T14:47:16.361858+00:00,e85c645134dafe5024515cf86aa8b00f0ed7e8e9,8,configs/s5_analysis_bn.yaml,3.12.13,Linux-6.12.90+-x86_64-with-glibc2.35,rag_symbolic_loop,0,43,1,0.9999999999999766,0.985943141401375,0.014056858598601618
2026-08-22T14:47:16.361858+00:00,e85c645134dafe5024515cf86aa8b00f0ed7e8e9,8,configs/s5_analysis_bn.yaml,3.12.13,Linux-6.12.90+-x86_64-with-glibc2.35,rag_neural_symbolic_feedback,0,43,1,0.9999999999999766,0.985943141401375,0.014056858598601618
2026-08-22T14:47:16.361858+00:00,e85c645134dafe5024515cf86aa8b00f0ed7e8e9,8,configs/s5_analysis_bn.yaml,3.12.13,Linux-6.12.90+-x86_64-with-glibc2.35,rag_neural_loop,1,43,1,0.9977073232396867,0.9653606537255056,0.03234666951418108
2026-08-22T14:47:16.361858+00:00,e85c645134dafe5024515cf86aa8b00f0ed7e8e9,8,configs/s5_analysis_bn.yaml,3.12.13,Linux-6.12.90+-x86_64-with-glibc2.35,rag_symbolic_loop,1,43,1,0.9977073232396867,0.9653606537255056,0.03234666951418108
2026-08-22T14:47:16.361858+00:00,e85c645134dafe5024515cf86aa8b00f0ed7e8e9,8,configs/s5_analysis_bn.yaml,3.12.13,Linux-6.12.90+-x86_64-with-glibc2.35,rag_neural_symbolic_feedback,1,43,1,0.9977073232396867,0.9653606537255056,0.03234666951418108
2026-08-22T14:47:16.361858+00:00,e85c645134dafe5024515cf86aa8b00f0ed7e8e9,8,configs/s5_analysis_bn.yaml,3.12.13,Linux-6.12.90+-x86_64-with-glibc2.35,rag_neural_loop,0,43,1,0.0009605022388969875,0.031410142487848014,-0.030449640248951026
2026-08-22T14:47:16.361858+00:00,e85c645134dafe5024515cf86aa8b00f0ed7e8e9,8,configs/s5_analysis_bn.yaml,3.12.13,Linux-6.12.90+-x86_64-with-glibc2.35,rag_neural_loop,0,43,2,0.9999999996084172,0.9847774954468254,0.015222504161591877
2026-08-22T14:47:16.361858+00:00,e85c645134dafe5024515cf86aa8b00f0ed7e8e9,8,configs/s5_analysis_bn.yaml,3.12.13,Linux-6.12.90+-x86_64-with-glibc2.35,rag_symbolic_loop,0,43,1,0.0009605022388969875,0.031410142487848014,-0.030449640248951026
2026-08-22T14:47:16.361858+00:00,e85c645134dafe5024515cf86aa8b00f0ed7e8e9,8,configs/s5_analysis_bn.yaml,3.12.13,Linux-6.12.90+-x86_64-with-glibc2.35,rag_neural_symbolic_feedback,0,43,1,0.0009605022388969875,0.031410142487848014,-0.030449640248951026
2026-08-22T14:47:16.361858+00:00,e85c645134dafe5024515cf86aa8b00f0ed7e8e9,8,configs/s5_analysis_bn.yaml,3.12.13,Linux-6.12.90+-x86_64-with-glibc2.35,rag_neural_symbolic_feedback,0,43,2,5.888219523075833e-08,0.024957381457702876,-0.024957322575507646
2026-08-22T14:47:16.361858+00:00,e85c645134dafe5024515cf86aa8b00f0ed7e8e9,8,configs/s5_analysis_bn.yaml,3.12.13,Linux-6.12.90+-x86_64-with-glibc2.35,rag_neural_symbolic_feedback,0,43,3,4.346834725499349e-08,0.021507306726270103,-0.02150726325792285
2026-08-22T14:47:16.361858+00:00,e85c645134dafe5024515cf86aa8b00f0ed7e8e9,8,configs/s5_analysis_bn.yaml,3.12.13,Linux-6.12.90+-x86_64-with-glibc2.35,rag_neural_loop,1,43,1,0.996029970050444,0.95229292211378,0.043737047936664
2026-08-22T14:47:16.361858+00:00,e85c645134dafe5024515cf86aa8b00f0ed7e8e9,8,configs/s5_analysis_bn.yaml,3.12.13,Linux-6.12.90+-x86_64-with-glibc2.35,rag_symbolic_loop,1,43,1,0.996029970050444,0.95229292211378,0.043737047936664
2026-08-22T14:47:16.361858+00:00,e85c645134dafe5024515cf86aa8b00f0ed7e8e9,8,configs/s5_analysis_bn.yaml,3.12.13,Linux-6.12.90+-x86_64-with-glibc2.35,rag_neural_symbolic_feedback,1,43,1,0.996029970050444,0.95229292211378,0.043737047936664
2026-08-22T14:47:16.361858+00:00,e85c645134dafe5024515cf86aa8b00f0ed7e8e9,8,configs/s5_analysis_bn.yaml,3.12.13,Linux-6.12.90+-x86_64-with-glibc2.35,rag_neural_loop,0,43,1,0.999999947643932,0.9855578525282204,0.014442095115711595
2026-08-22T14:47:16.361858+00:00,e85c645134dafe5024515cf86aa8b00f0ed7e8e9,8,configs/s5_analysis_bn.yaml,3.12.13,Linux-6.12.90+-x86_64-with-glibc2.35,rag_symbolic_loop,0,43,1,0.999999947643932,0.9855578525282204,0.014442095115711595
2026-08-22T14:47:16.361858+00:00,e85c645134dafe5024515cf86aa8b00f0ed7e8e9,8,configs/s5_analysis_bn.yaml,3.12.13,Linux-6.12.90+-x86_64-with-glibc2.35,rag_neural_symbolic_feedback,0,43,1,0.999999947643932,0.9855578525282204,0.014442095115711595
2026-08-22T14:47:16.361858+00:00,e85c645134dafe5024515cf86aa8b00f0ed7e8e9,8,configs/s5_analysis_bn.yaml,3.12.13,Linux-6.12.90+-x86_64-with-glibc2.35,rag_neural_loop,1,43,1,0.09613752842942007,0.8992344699219099,-0.8030969414924899
2026-08-22T14:47:16.361858+00:00,e85c645134dafe5024515cf86aa8b00f0ed7e8e9,8,configs/s5_analysis_bn.yaml,3.12.13,Linux-6.12.90+-x86_64-with-glibc2.35,rag_neural_loop,1,43,2,0.5524938361072159,0.6536773516362802,-0.10118351552906424
2026-08-22T14:47:16.361858+00:00,e85c645134dafe5024515cf86aa8b00f0ed7e8e9,8,configs/s5_analysis_bn.yaml,3.12.13,Linux-6.12.90+-x86_64-with-glibc2.35,rag_symbolic_loop,1,43,1,0.09613752842942007,0.8992344699219099,-0.8030969414924899
2026-08-22T14:47:16.361858+00:00,e85c645134dafe5024515cf86aa8b00f0ed7e8e9,8,configs/s5_analysis_bn.yaml,3.12.13,Linux-6.12.90+-x86_64-with-glibc2.35,rag_symbolic_loop,1,43,2,0.9993404817908264,0.9736986151148229,0.025641866676003433
2026-08-22T14:47:16.361858+00:00,e85c645134dafe5024515cf86aa8b00f0ed7e8e9,8,configs/s5_analysis_bn.yaml,3.12.13,Linux-6.12.90+-x86_64-with-glibc2.35,rag_neural_symbolic_feedback,1,43,1,0.09613752842942007,0.8992344699219099,-0.8030969414924899
2026-08-22T14:47:16.361858+00:00,e85c645134dafe5024515cf86aa8b00f0ed7e8e9,8,configs/s5_analysis_bn.yaml,3.12.13,Linux-6.12.90+-x86_64-with-glibc2.35,rag_neural_symbolic_feedback,1,43,2,0.9970612886101985,0.941657656352198,0.05540363225800049
2026-08-22T14:47:16.361858+00:00,e85c645134dafe5024515cf86aa8b00f0ed7e8e9,8,configs/s5_analysis_bn.yaml,3.12.13,Linux-6.12.90+-x86_64-with-glibc2.35,rag_neural_loop,0,43,1,0.9999996245010696,0.9829337758600244,0.01706584864104521
2026-08-22T14:47:16.361858+00:00,e85c645134dafe5024515cf86aa8b00f0ed7e8e9,8,configs/s5_analysis_bn.yaml,3.12.13,Linux-6.12.90+-x86_64-with-glibc2.35,rag_symbolic_loop,0,43,1,0.9999996245010696,0.9829337758600244,0.01706584864104521
2026-08-22T14:47:16.361858+00:00,e85c645134dafe5024515cf86aa8b00f0ed7e8e9,8,configs/s5_analysis_bn.yaml,3.12.13,Linux-6.12.90+-x86_64-with-glibc2.35,rag_neural_symbolic_feedback,0,43,1,0.9999996245010696,0.9829337758600244,0.01706584864104521
2026-08-22T14:47:16.361858+00:00,e85c645134dafe5024515cf86aa8b00f0ed7e8e9,8,configs/s5_analysis_bn.yaml,3.12.13,Linux-6.12.90+-x86_64-with-glibc2.35,rag_neural_loop,1,43,1,0.29656615386145296,0.8399780294772627,-0.5434118756158097
2026-08-22T14:47:16.361858+00:00,e85c645134dafe5024515cf86aa8b00f0ed7e8e9,8,configs/s5_analysis_bn.yaml,3.12.13,Linux-6.12.90+-x86_64-with-glibc2.35,rag_neural_loop,1,43,2,0.18789422724636132,0.9367218458627002,-0.748827618616339
2026-08-22T14:47:16.361858+00:00,e85c645134dafe5024515cf86aa8b00f0ed7e8e9,8,configs/s5_analysis_bn.yaml,3.12.13,Linux-6.12.90+-x86_64-with-glibc2.35,rag_neural_loop,1,43,3,0.999920352101988,0.9728357598013689,0.027084592300619104
2026-08-22T14:47:16.361858+00:00,e85c645134dafe5024515cf86aa8b00f0ed7e8e9,8,configs/s5_analysis_bn.yaml,3.12.13,Linux-6.12.90+-x86_64-with-glibc2.35,rag_symbolic_loop,1,43,1,0.29656615386145296,0.8399777251777507,-0.5434115713162977
2026-08-22T14:47:16.361858+00:00,e85c645134dafe5024515cf86aa8b00f0ed7e8e9,8,configs/s5_analysis_bn.yaml,3.12.13,Linux-6.12.90+-x86_64-with-glibc2.35,rag_symbolic_loop,1,43,2,4.253814349551723e-06,0.1140186533994208,-0.11401439958507124
2026-08-22T14:47:16.361858+00:00,e85c645134dafe5024515cf86aa8b00f0ed7e8e9,8,configs/s5_analysis_bn.yaml,3.12.13,Linux-6.12.90+-x86_64-with-glibc2.35,rag_neural_symbolic_feedback,1,43,1,0.29656615386145296,0.8399777251777507,-0.5434115713162977
2026-08-22T14:47:16.361858+00:00,e85c645134dafe5024515cf86aa8b00f0ed7e8e9,8,configs/s5_analysis_bn.yaml,3.12.13,Linux-6.12.90+-x86_64-with-glibc2.35,rag_neural_symbolic_feedback,1,43,2,0.00026854480353329926,0.05329229190451305,-0.053023747100979755
2026-08-22T14:47:16.361858+00:00,e85c645134dafe5024515cf86aa8b00f0ed7e8e9,8,configs/s5_analysis_bn.yaml,3.12.13,Linux-6.12.90+-x86_64-with-glibc2.35,rag_neural_symbolic_feedback,1,43,3,0.9999985180952831,0.9695058174850323,0.030492700610250778
2026-08-22T14:47:16.361858+00:00,e85c645134dafe5024515cf86aa8b00f0ed7e8e9,8,configs/s5_analysis_bn.yaml,3.12.13,Linux-6.12.90+-x86_64-with-glibc2.35,rag_neural_loop,0,43,1,0.9999999999434515,0.9852927357333825,0.01470726421006896
2026-08-22T14:47:16.361858+00:00,e85c645134dafe5024515cf86aa8b00f0ed7e8e9,8,configs/s5_analysis_bn.yaml,3.12.13,Linux-6.12.90+-x86_64-with-glibc2.35,rag_symbolic_loop,0,43,1,0.9999999999434515,0.9852927357333825,0.01470726421006896
2026-08-22T14:47:16.361858+00:00,e85c645134dafe5024515cf86aa8b00f0ed7e8e9,8,configs/s5_analysis_bn.yaml,3.12.13,Linux-6.12.90+-x86_64-with-glibc2.35,rag_neural_symbolic_feedback,0,43,1,0.9999999999434515,0.9852927357333825,0.01470726421006896
2026-08-22T14:47:16.361858+00:00,e85c645134dafe5024515cf86aa8b00f0ed7e8e9,8,configs/s5_analysis_bn.yaml,3.12.13,Linux-6.12.90+-x86_64-with-glibc2.35,rag_neural_loop,1,43,1,0.9998188455491848,0.9623562940255702,0.03746255152361455
2026-08-22T14:47:16.361858+00:00,e85c645134dafe5024515cf86aa8b00f0ed7e8e9,8,configs/s5_analysis_bn.yaml,3.12.13,Linux-6.12.90+-x86_64-with-glibc2.35,rag_symbolic_loop,1,43,1,0.9998188455491848,0.9623562940255702,0.03746255152361455
2026-08-22T14:47:16.361858+00:00,e85c645134dafe5024515cf86aa8b00f0ed7e8e9,8,configs/s5_analysis_bn.yaml,3.12.13,Linux-6.12.90+-x86_64-with-glibc2.35,rag_symbolic_loop,1,43,2,0.962998782991706,0.9403762650053162,0.022622517986389812
2026-08-22T14:47:16.361858+00:00,e85c645134dafe5024515cf86aa8b00f0ed7e8e9,8,configs/s5_analysis_bn.yaml,3.12.13,Linux-6.12.90+-x86_64-with-glibc2.35,rag_symbolic_loop,1,43,3,0.0001286175504714059,0.9419801329994534,-0.9418515154489819
2026-08-22T14:47:16.361858+00:00,e85c645134dafe5024515cf86aa8b00f0ed7e8e9,8,configs/s5_analysis_bn.yaml,3.12.13,Linux-6.12.90+-x86_64-with-glibc2.35,rag_neural_symbolic_feedback,1,43,1,0.9998188455491848,0.9623562940255702,0.03746255152361455
2026-08-22T14:47:16.361858+00:00,e85c645134dafe5024515cf86aa8b00f0ed7e8e9,8,configs/s5_analysis_bn.yaml,3.12.13,Linux-6.12.90+-x86_64-with-glibc2.35,rag_neural_loop,0,43,1,0.010226070208530724,0.0333302835949012,-0.023104213386370476
2026-08-22T14:47:16.361858+00:00,e85c645134dafe5024515cf86aa8b00f0ed7e8e9,8,configs/s5_analysis_bn.yaml,3.12.13,Linux-6.12.90+-x86_64-with-glibc2.35,rag_neural_loop,0,43,2,7.858548537464927e-06,0.016604616746598744,-0.01659675819806128
2026-08-22T14:47:16.361858+00:00,e85c645134dafe5024515cf86aa8b00f0ed7e8e9,8,configs/s5_analysis_bn.yaml,3.12.13,Linux-6.12.90+-x86_64-with-glibc2.35,rag_neural_loop,0,43,3,5.431035621228375e-10,0.01841425064755764,-0.018414250104454077
2026-08-22T14:47:16.361858+00:00,e85c645134dafe5024515cf86aa8b00f0ed7e8e9,8,configs/s5_analysis_bn.yaml,3.12.13,Linux-6.12.90+-x86_64-with-glibc2.35,rag_symbolic_loop,0,43,1,0.010226070208530724,0.0333302835949012,-0.023104213386370476
2026-08-22T14:47:16.361858+00:00,e85c645134dafe5024515cf86aa8b00f0ed7e8e9,8,configs/s5_analysis_bn.yaml,3.12.13,Linux-6.12.90+-x86_64-with-glibc2.35,rag_neural_symbolic_feedback,0,43,1,0.010226070208530724,0.0333302835949012,-0.023104213386370476
2026-08-22T14:47:16.361858+00:00,e85c645134dafe5024515cf86aa8b00f0ed7e8e9,8,configs/s5_analysis_bn.yaml,3.12.13,Linux-6.12.90+-x86_64-with-glibc2.35,rag_neural_symbolic_feedback,0,43,2,6.815833675233307e-09,0.034083461095747114,-0.03408345427991344
2026-08-22T14:47:16.361858+00:00,e85c645134dafe5024515cf86aa8b00f0ed7e8e9,8,configs/s5_analysis_bn.yaml,3.12.13,Linux-6.12.90+-x86_64-with-glibc2.35,rag_neural_symbolic_feedback,0,43,3,1.4534040637670387e-10,0.025868592617887765,-0.025868592472547358
2026-08-22T14:47:16.361858+00:00,e85c645134dafe5024515cf86aa8b00f0ed7e8e9,8,configs/s5_analysis_bn.yaml,3.12.13,Linux-6.12.90+-x86_64-with-glibc2.35,rag_neural_loop,1,43,1,0.9531630758099884,0.9778525770641381,-0.024689501254149704
2026-08-22T14:47:16.361858+00:00,e85c645134dafe5024515cf86aa8b00f0ed7e8e9,8,configs/s5_analysis_bn.yaml,3.12.13,Linux-6.12.90+-x86_64-with-glibc2.35,rag_symbolic_loop,1,43,1,0.9531630758099884,0.9778525770641381,-0.024689501254149704
2026-08-22T14:47:16.361858+00:00,e85c645134dafe5024515cf86aa8b00f0ed7e8e9,8,configs/s5_analysis_bn.yaml,3.12.13,Linux-6.12.90+-x86_64-with-glibc2.35,rag_neural_symbolic_feedback,1,43,1,0.9531630758099884,0.9778525770641381,-0.024689501254149704
2026-08-22T14:47:16.361858+00:00,e85c645134dafe5024515cf86aa8b00f0ed7e8e9,8,configs/s5_analysis_bn.yaml,3.12.13,Linux-6.12.90+-x86_64-with-glibc2.35,rag_neural_loop,0,43,1,0.9999999999999993,0.9857988543073859,0.014201145692613437
2026-08-22T14:47:16.361858+00:00,e85c645134dafe5024515cf86aa8b00f0ed7e8e9,8,configs/s5_analysis_bn.yaml,3.12.13,Linux-6.12.90+-x86_64-with-glibc2.35,rag_symbolic_loop,0,43,1,0.9999999999999993,0.9857988543073859,0.014201145692613437
2026-08-22T14:47:16.361858+00:00,e85c645134dafe5024515cf86aa8b00f0ed7e8e9,8,configs/s5_analysis_bn.yaml,3.12.13,Linux-6.12.90+-x86_64-with-glibc2.35,rag_neural_symbolic_feedback,0,43,1,0.9999999999999993,0.9857988543073859,0.014201145692613437
2026-08-22T14:47:16.361858+00:00,e85c645134dafe5024515cf86aa8b00f0ed7e8e9,8,configs/s5_analysis_bn.yaml,3.12.13,Linux-6.12.90+-x86_64-with-glibc2.35,rag_neural_loop,1,43,1,0.9999999893011101,0.9744647872786723,0.025535202022437864
2026-08-22T14:47:16.361858+00:00,e85c645134dafe5024515cf86aa8b00f0ed7e8e9,8,configs/s5_analysis_bn.yaml,3.12.13,Linux-6.12.90+-x86_64-with-glibc2.35,rag_symbolic_loop,1,43,1,0.9999999893011101,0.9744647872786723,0.025535202022437864
2026-08-22T14:47:16.361858+00:00,e85c645134dafe5024515cf86aa8b00f0ed7e8e9,8,configs/s5_analysis_bn.yaml,3.12.13,Linux-6.12.90+-x86_64-with-glibc2.35,rag_symbolic_loop,1,43,2,0.9999999304084295,0.9731366192549021,0.02686331115352736
2026-08-22T14:47:16.361858+00:00,e85c645134dafe5024515cf86aa8b00f0ed7e8e9,8,configs/s5_analysis_bn.yaml,3.12.13,Linux-6.12.90+-x86_64-with-glibc2.35,rag_symbolic_loop,1,43,3,0.9999998489113029,0.9667094239895051,0.03329042492179779
2026-08-22T14:47:16.361858+00:00,e85c645134dafe5024515cf86aa8b00f0ed7e8e9,8,configs/s5_analysis_bn.yaml,3.12.13,Linux-6.12.90+-x86_64-with-glibc2.35,rag_neural_symbolic_feedback,1,43,1,0.9999999893011101,0.9744647872786723,0.025535202022437864
2026-08-22T14:47:16.361858+00:00,e85c645134dafe5024515cf86aa8b00f0ed7e8e9,8,configs/s5_analysis_bn.yaml,3.12.13,Linux-6.12.90+-x86_64-with-glibc2.35,rag_neural_loop,0,43,1,0.002082105176799298,0.019337200921463293,-0.017255095744663995
2026-08-22T14:47:16.361858+00:00,e85c645134dafe5024515cf86aa8b00f0ed7e8e9,8,configs/s5_analysis_bn.yaml,3.12.13,Linux-6.12.90+-x86_64-with-glibc2.35,rag_neural_loop,0,43,2,0.009981007268877184,0.028903563906119367,-0.018922556637242183
2026-08-22T14:47:16.361858+00:00,e85c645134dafe5024515cf86aa8b00f0ed7e8e9,8,configs/s5_analysis_bn.yaml,3.12.13,Linux-6.12.90+-x86_64-with-glibc2.35,rag_neural_loop,0,43,3,0.9887331169893416,0.020300758338465674,0.968432358650876
2026-08-22T14:47:16.361858+00:00,e85c645134dafe5024515cf86aa8b00f0ed7e8e9,8,configs/s5_analysis_bn.yaml,3.12.13,Linux-6.12.90+-x86_64-with-glibc2.35,rag_symbolic_loop,0,43,1,0.002082105176799298,0.019337200921463293,-0.017255095744663995
2026-08-22T14:47:16.361858+00:00,e85c645134dafe5024515cf86aa8b00f0ed7e8e9,8,configs/s5_analysis_bn.yaml,3.12.13,Linux-6.12.90+-x86_64-with-glibc2.35,rag_neural_symbolic_feedback,0,43,1,0.002082105176799298,0.019337200921463293,-0.017255095744663995
2026-08-22T14:47:16.361858+00:00,e85c645134dafe5024515cf86aa8b00f0ed7e8e9,8,configs/s5_analysis_bn.yaml,3.12.13,Linux-6.12.90+-x86_64-with-glibc2.35,rag_neural_symbolic_feedback,0,43,2,0.9999998557815807,0.959283316336211,0.04071653944536968
2026-08-22T14:47:16.361858+00:00,e85c645134dafe5024515cf86aa8b00f0ed7e8e9,8,configs/s5_analysis_bn.yaml,3.12.13,Linux-6.12.90+-x86_64-with-glibc2.35,rag_neural_loop,1,43,1,0.9999906444500566,0.9494719370912386,0.05051870735881803
2026-08-22T14:47:16.361858+00:00,e85c645134dafe5024515cf86aa8b00f0ed7e8e9,8,configs/s5_analysis_bn.yaml,3.12.13,Linux-6.12.90+-x86_64-with-glibc2.35,rag_symbolic_loop,1,43,1,0.9999906444500566,0.9494719370912386,0.05051870735881803
2026-08-22T14:47:16.361858+00:00,e85c645134dafe5024515cf86aa8b00f0ed7e8e9,8,configs/s5_analysis_bn.yaml,3.12.13,Linux-6.12.90+-x86_64-with-glibc2.35,rag_symbolic_loop,1,43,2,0.9999655957401306,0.9192397821719459,0.08072581356818465
2026-08-22T14:47:16.361858+00:00,e85c645134dafe5024515cf86aa8b00f0ed7e8e9,8,configs/s5_analysis_bn.yaml,3.12.13,Linux-6.12.90+-x86_64-with-glibc2.35,rag_symbolic_loop,1,43,3,0.9999060325784115,0.9640036640229485,0.03590236855546303
2026-08-22T14:47:16.361858+00:00,e85c645134dafe5024515cf86aa8b00f0ed7e8e9,8,configs/s5_analysis_bn.yaml,3.12.13,Linux-6.12.90+-x86_64-with-glibc2.35,rag_neural_symbolic_feedback,1,43,1,0.9999906444500566,0.9494719370912386,0.05051870735881803
2026-08-22T14:47:16.361858+00:00,e85c645134dafe5024515cf86aa8b00f0ed7e8e9,8,configs/s5_analysis_bn.yaml,3.12.13,Linux-6.12.90+-x86_64-with-glibc2.35,rag_neural_loop,0,43,1,2.2748771155711722e-07,0.04117743616626501,-0.041177208678553456
2026-08-22T14:47:16.361858+00:00,e85c645134dafe5024515cf86aa8b00f0ed7e8e9,8,configs/s5_analysis_bn.yaml,3.12.13,Linux-6.12.90+-x86_64-with-glibc2.35,rag_neural_loop,0,43,2,5.294863847371545e-08,0.021460391231667653,-0.02146033828302918
2026-08-22T14:47:16.361858+00:00,e85c645134dafe5024515cf86aa8b00f0ed7e8e9,8,configs/s5_analysis_bn.yaml,3.12.13,Linux-6.12.90+-x86_64-with-glibc2.35,rag_neural_loop,0,43,3,0.9999999991105722,0.9851108351428729,0.014889163967699348
2026-08-22T14:47:16.361858+00:00,e85c645134dafe5024515cf86aa8b00f0ed7e8e9,8,configs/s5_analysis_bn.yaml,3.12.13,Linux-6.12.90+-x86_64-with-glibc2.35,rag_symbolic_loop,0,43,1,2.2748771155711722e-07,0.04117743616626501,-0.041177208678553456
2026-08-22T14:47:16.361858+00:00,e85c645134dafe5024515cf86aa8b00f0ed7e8e9,8,configs/s5_analysis_bn.yaml,3.12.13,Linux-6.12.90+-x86_64-with-glibc2.35,rag_neural_symbolic_feedback,0,43,1,2.2748771155711722e-07,0.04117743616626501,-0.041177208678553456
2026-08-22T14:47:16.361858+00:00,e85c645134dafe5024515cf86aa8b00f0ed7e8e9,8,configs/s5_analysis_bn.yaml,3.12.13,Linux-6.12.90+-x86_64-with-glibc2.35,rag_neural_symbolic_feedback,0,43,2,0.0016183096346104042,0.018065294868420567,-0.016446985233810163
2026-08-22T14:47:16.361858+00:00,e85c645134dafe5024515cf86aa8b00f0ed7e8e9,8,configs/s5_analysis_bn.yaml,3.12.13,Linux-6.12.90+-x86_64-with-glibc2.35,rag_neural_symbolic_feedback,0,43,3,0.9999999997713095,0.97190889497163,0.028091104799679467
2026-08-22T14:47:16.361858+00:00,e85c645134dafe5024515cf86aa8b00f0ed7e8e9,8,configs/s5_analysis_bn.yaml,3.12.13,Linux-6.12.90+-x86_64-with-glibc2.35,rag_neural_loop,1,43,1,0.9970170504806771,0.9618679405626049,0.035149109918072186
2026-08-22T14:47:16.361858+00:00,e85c645134dafe5024515cf86aa8b00f0ed7e8e9,8,configs/s5_analysis_bn.yaml,3.12.13,Linux-6.12.90+-x86_64-with-glibc2.35,rag_symbolic_loop,1,43,1,0.9970170504806771,0.9618679405626049,0.035149109918072186
2026-08-22T14:47:16.361858+00:00,e85c645134dafe5024515cf86aa8b00f0ed7e8e9,8,configs/s5_analysis_bn.yaml,3.12.13,Linux-6.12.90+-x86_64-with-glibc2.35,rag_symbolic_loop,1,43,2,0.0034374262969902856,0.03119751058049593,-0.027760084283505643
2026-08-22T14:47:16.361858+00:00,e85c645134dafe5024515cf86aa8b00f0ed7e8e9,8,configs/s5_analysis_bn.yaml,3.12.13,Linux-6.12.90+-x86_64-with-glibc2.35,rag_symbolic_loop,1,43,3,0.537678179378006,0.9562587273177869,-0.41858054793978094
2026-08-22T14:47:16.361858+00:00,e85c645134dafe5024515cf86aa8b00f0ed7e8e9,8,configs/s5_analysis_bn.yaml,3.12.13,Linux-6.12.90+-x86_64-with-glibc2.35,rag_neural_symbolic_feedback,1,43,1,0.9970170504806771,0.9618679405626049,0.035149109918072186
2026-08-22T14:47:16.361858+00:00,e85c645134dafe5024515cf86aa8b00f0ed7e8e9,8,configs/s5_analysis_bn.yaml,3.12.13,Linux-6.12.90+-x86_64-with-glibc2.35,rag_neural_loop,0,43,1,0.9999999999661205,0.9834020254675568,0.016597974498563706
2026-08-22T14:47:16.361858+00:00,e85c645134dafe5024515cf86aa8b00f0ed7e8e9,8,configs/s5_analysis_bn.yaml,3.12.13,Linux-6.12.90+-x86_64-with-glibc2.35,rag_symbolic_loop,0,43,1,0.9999999999661205,0.9834020254675568,0.016597974498563706
2026-08-22T14:47:16.361858+00:00,e85c645134dafe5024515cf86aa8b00f0ed7e8e9,8,configs/s5_analysis_bn.yaml,3.12.13,Linux-6.12.90+-x86_64-with-glibc2.35,rag_neural_symbolic_feedback,0,43,1,0.9999999999661205,0.9834020254675568,0.016597974498563706
2026-08-22T14:47:16.361858+00:00,e85c645134dafe5024515cf86aa8b00f0ed7e8e9,8,configs/s5_analysis_bn.yaml,3.12.13,Linux-6.12.90+-x86_64-with-glibc2.35,rag_neural_loop,1,43,1,0.9998400608364941,0.8678849067832796,0.13195515405321456
2026-08-22T14:47:16.361858+00:00,e85c645134dafe5024515cf86aa8b00f0ed7e8e9,8,configs/s5_analysis_bn.yaml,3.12.13,Linux-6.12.90+-x86_64-with-glibc2.35,rag_symbolic_loop,1,43,1,0.9998400608364941,0.8678849067832796,0.13195515405321456
2026-08-22T14:47:16.361858+00:00,e85c645134dafe5024515cf86aa8b00f0ed7e8e9,8,configs/s5_analysis_bn.yaml,3.12.13,Linux-6.12.90+-x86_64-with-glibc2.35,rag_symbolic_loop,1,43,2,0.9988413222923377,0.9447773404741661,0.054063981818171625
2026-08-22T14:47:16.361858+00:00,e85c645134dafe5024515cf86aa8b00f0ed7e8e9,8,configs/s5_analysis_bn.yaml,3.12.13,Linux-6.12.90+-x86_64-with-glibc2.35,rag_symbolic_loop,1,43,3,0.08092950873521336,0.6891258369076644,-0.6081963281724511
2026-08-22T14:47:16.361858+00:00,e85c645134dafe5024515cf86aa8b00f0ed7e8e9,8,configs/s5_analysis_bn.yaml,3.12.13,Linux-6.12.90+-x86_64-with-glibc2.35,rag_neural_symbolic_feedback,1,43,1,0.9998400608364941,0.8678849067832796,0.13195515405321456
2026-08-22T14:47:16.361858+00:00,e85c645134dafe5024515cf86aa8b00f0ed7e8e9,8,configs/s5_analysis_bn.yaml,3.12.13,Linux-6.12.90+-x86_64-with-glibc2.35,rag_neural_loop,0,43,1,1.2596249698848538e-07,0.03578611722111613,-0.03578599125861914
2026-08-22T14:47:16.361858+00:00,e85c645134dafe5024515cf86aa8b00f0ed7e8e9,8,configs/s5_analysis_bn.yaml,3.12.13,Linux-6.12.90+-x86_64-with-glibc2.35,rag_neural_loop,0,43,2,0.999999999440642,0.9837659575987457,0.016234041841896252
2026-08-22T14:47:16.361858+00:00,e85c645134dafe5024515cf86aa8b00f0ed7e8e9,8,configs/s5_analysis_bn.yaml,3.12.13,Linux-6.12.90+-x86_64-with-glibc2.35,rag_symbolic_loop,0,43,1,1.2596249698848538e-07,0.03578611722111613,-0.03578599125861914
2026-08-22T14:47:16.361858+00:00,e85c645134dafe5024515cf86aa8b00f0ed7e8e9,8,configs/s5_analysis_bn.yaml,3.12.13,Linux-6.12.90+-x86_64-with-glibc2.35,rag_neural_symbolic_feedback,0,43,1,1.2596249698848538e-07,0.03578611722111613,-0.03578599125861914
2026-08-22T14:47:16.361858+00:00,e85c645134dafe5024515cf86aa8b00f0ed7e8e9,8,configs/s5_analysis_bn.yaml,3.12.13,Linux-6.12.90+-x86_64-with-glibc2.35,rag_neural_symbolic_feedback,0,43,2,3.915576307633728e-09,0.024310949340477395,-0.024310945424901087
2026-08-22T14:47:16.361858+00:00,e85c645134dafe5024515cf86aa8b00f0ed7e8e9,8,configs/s5_analysis_bn.yaml,3.12.13,Linux-6.12.90+-x86_64-with-glibc2.35,rag_neural_symbolic_feedback,0,43,3,3.489830646685732e-11,0.025285792225477666,-0.02528579219057936
2026-08-22T14:47:16.361858+00:00,e85c645134dafe5024515cf86aa8b00f0ed7e8e9,8,configs/s5_analysis_bn.yaml,3.12.13,Linux-6.12.90+-x86_64-with-glibc2.35,rag_neural_loop,1,43,1,0.9999982058496928,0.9778490704525409,0.02214913539715191
2026-08-22T14:47:16.361858+00:00,e85c645134dafe5024515cf86aa8b00f0ed7e8e9,8,configs/s5_analysis_bn.yaml,3.12.13,Linux-6.12.90+-x86_64-with-glibc2.35,rag_symbolic_loop,1,43,1,0.9999982058496928,0.9778490704525409,0.02214913539715191
2026-08-22T14:47:16.361858+00:00,e85c645134dafe5024515cf86aa8b00f0ed7e8e9,8,configs/s5_analysis_bn.yaml,3.12.13,Linux-6.12.90+-x86_64-with-glibc2.35,rag_neural_symbolic_feedback,1,43,1,0.9999982058496928,0.9778490704525409,0.02214913539715191
2026-08-22T14:47:16.361858+00:00,e85c645134dafe5024515cf86aa8b00f0ed7e8e9,8,configs/s5_analysis_bn.yaml,3.12.13,Linux-6.12.90+-x86_64-with-glibc2.35,rag_neural_loop,0,43,1,0.9999999944176433,0.9851094737105596,0.014890520707083743
2026-08-22T14:47:16.361858+00:00,e85c645134dafe5024515cf86aa8b00f0ed7e8e9,8,configs/s5_analysis_bn.yaml,3.12.13,Linux-6.12.90+-x86_64-with-glibc2.35,rag_symbolic_loop,0,43,1,0.9999999944176433,0.9851094737105596,0.014890520707083743
2026-08-22T14:47:16.361858+00:00,e85c645134dafe5024515cf86aa8b00f0ed7e8e9,8,configs/s5_analysis_bn.yaml,3.12.13,Linux-6.12.90+-x86_64-with-glibc2.35,rag_neural_symbolic_feedback,0,43,1,0.9999999944176433,0.9851094737105596,0.014890520707083743
2026-08-22T14:47:16.361858+00:00,e85c645134dafe5024515cf86aa8b00f0ed7e8e9,8,configs/s5_analysis_bn.yaml,3.12.13,Linux-6.12.90+-x86_64-with-glibc2.35,rag_neural_loop,1,43,1,0.9999671728524412,0.9753411112447864,0.024626061607654792
2026-08-22T14:47:16.361858+00:00,e85c645134dafe5024515cf86aa8b00f0ed7e8e9,8,configs/s5_analysis_bn.yaml,3.12.13,Linux-6.12.90+-x86_64-with-glibc2.35,rag_symbolic_loop,1,43,1,0.9999671728524412,0.9753411112447864,0.024626061607654792
2026-08-22T14:47:16.361858+00:00,e85c645134dafe5024515cf86aa8b00f0ed7e8e9,8,configs/s5_analysis_bn.yaml,3.12.13,Linux-6.12.90+-x86_64-with-glibc2.35,rag_symbolic_loop,1,43,2,0.9985469590264847,0.9733011922538491,0.02524576677263557
2026-08-22T14:47:16.361858+00:00,e85c645134dafe5024515cf86aa8b00f0ed7e8e9,8,configs/s5_analysis_bn.yaml,3.12.13,Linux-6.12.90+-x86_64-with-glibc2.35,rag_symbolic_loop,1,43,3,0.945867415053997,0.9516485488102883,-0.005781133756291301
2026-08-22T14:47:16.361858+00:00,e85c645134dafe5024515cf86aa8b00f0ed7e8e9,8,configs/s5_analysis_bn.yaml,3.12.13,Linux-6.12.90+-x86_64-with-glibc2.35,rag_neural_symbolic_feedback,1,43,1,0.9999671728524412,0.9753411112447864,0.024626061607654792
2026-08-22T14:47:16.361858+00:00,e85c645134dafe5024515cf86aa8b00f0ed7e8e9,8,configs/s5_analysis_bn.yaml,3.12.13,Linux-6.12.90+-x86_64-with-glibc2.35,rag_neural_loop,0,43,1,0.908178098678867,0.04554980082455207,0.8626282978543149
2026-08-22T14:47:16.361858+00:00,e85c645134dafe5024515cf86aa8b00f0ed7e8e9,8,configs/s5_analysis_bn.yaml,3.12.13,Linux-6.12.90+-x86_64-with-glibc2.35,rag_symbolic_loop,0,43,1,0.908178098678867,0.04554980082455207,0.8626282978543149
2026-08-22T14:47:16.361858+00:00,e85c645134dafe5024515cf86aa8b00f0ed7e8e9,8,configs/s5_analysis_bn.yaml,3.12.13,Linux-6.12.90+-x86_64-with-glibc2.35,rag_neural_symbolic_feedback,0,43,1,0.908178098678867,0.04554980082455207,0.8626282978543149
2026-08-22T14:47:16.361858+00:00,e85c645134dafe5024515cf86aa8b00f0ed7e8e9,8,configs/s5_analysis_bn.yaml,3.12.13,Linux-6.12.90+-x86_64-with-glibc2.35,rag_neural_loop,1,43,1,0.9999999890257542,0.9722622203266439,0.027737768699110266
2026-08-22T14:47:16.361858+00:00,e85c645134dafe5024515cf86aa8b00f0ed7e8e9,8,configs/s5_analysis_bn.yaml,3.12.13,Linux-6.12.90+-x86_64-with-glibc2.35,rag_symbolic_loop,1,43,1,0.9999999890257542,0.9722622203266439,0.027737768699110266
2026-08-22T14:47:16.361858+00:00,e85c645134dafe5024515cf86aa8b00f0ed7e8e9,8,configs/s5_analysis_bn.yaml,3.12.13,Linux-6.12.90+-x86_64-with-glibc2.35,rag_symbolic_loop,1,43,2,0.9990292607300222,0.8941371293643458,0.10489213136567643
2026-08-22T14:47:16.361858+00:00,e85c645134dafe5024515cf86aa8b00f0ed7e8e9,8,configs/s5_analysis_bn.yaml,3.12.13,Linux-6.12.90+-x86_64-with-glibc2.35,rag_symbolic_loop,1,43,3,0.9400140802787426,0.9015165848230103,0.03849749545573222
2026-08-22T14:47:16.361858+00:00,e85c645134dafe5024515cf86aa8b00f0ed7e8e9,8,configs/s5_analysis_bn.yaml,3.12.13,Linux-6.12.90+-x86_64-with-glibc2.35,rag_neural_symbolic_feedback,1,43,1,0.9999999890257542,0.9722622203266439,0.027737768699110266
2026-08-22T14:47:16.361858+00:00,e85c645134dafe5024515cf86aa8b00f0ed7e8e9,8,configs/s5_analysis_bn.yaml,3.12.13,Linux-6.12.90+-x86_64-with-glibc2.35,rag_neural_loop,0,43,1,5.478907982858772e-08,0.029176316457856788,-0.02917626166877696
2026-08-22T14:47:16.361858+00:00,e85c645134dafe5024515cf86aa8b00f0ed7e8e9,8,configs/s5_analysis_bn.yaml,3.12.13,Linux-6.12.90+-x86_64-with-glibc2.35,rag_neural_loop,0,43,2,0.8943989525215714,0.03505074902723049,0.8593482034943409
2026-08-22T14:47:16.361858+00:00,e85c645134dafe5024515cf86aa8b00f0ed7e8e9,8,configs/s5_analysis_bn.yaml,3.12.13,Linux-6.12.90+-x86_64-with-glibc2.35,rag_symbolic_loop,0,43,1,5.478907982858772e-08,0.029176316457856788,-0.02917626166877696
2026-08-22T14:47:16.361858+00:00,e85c645134dafe5024515cf86aa8b00f0ed7e8e9,8,configs/s5_analysis_bn.yaml,3.12.13,Linux-6.12.90+-x86_64-with-glibc2.35,rag_neural_symbolic_feedback,0,43,1,5.478907982858772e-08,0.029176316457856788,-0.02917626166877696
2026-08-22T14:47:16.361858+00:00,e85c645134dafe5024515cf86aa8b00f0ed7e8e9,8,configs/s5_analysis_bn.yaml,3.12.13,Linux-6.12.90+-x86_64-with-glibc2.35,rag_neural_symbolic_feedback,0,43,2,0.9999999999998669,0.9851789368515715,0.014821063148295344
2026-08-22T14:47:16.361858+00:00,e85c645134dafe5024515cf86aa8b00f0ed7e8e9,8,configs/s5_analysis_bn.yaml,3.12.13,Linux-6.12.90+-x86_64-with-glibc2.35,rag_neural_loop,1,43,1,0.9999430803261234,0.976107774617613,0.023835305708510446
2026-08-22T14:47:16.361858+00:00,e85c645134dafe5024515cf86aa8b00f0ed7e8e9,8,configs/s5_analysis_bn.yaml,3.12.13,Linux-6.12.90+-x86_64-with-glibc2.35,rag_symbolic_loop,1,43,1,0.9999430803261234,0.976107774617613,0.023835305708510446
2026-08-22T14:47:16.361858+00:00,e85c645134dafe5024515cf86aa8b00f0ed7e8e9,8,configs/s5_analysis_bn.yaml,3.12.13,Linux-6.12.90+-x86_64-with-glibc2.35,rag_neural_symbolic_feedback,1,43,1,0.9999430803261234,0.976107774617613,0.023835305708510446
2026-08-22T14:47:16.361858+00:00,e85c645134dafe5024515cf86aa8b00f0ed7e8e9,8,configs/s5_analysis_bn.yaml,3.12.13,Linux-6.12.90+-x86_64-with-glibc2.35,rag_neural_loop,0,43,1,0.9999729749967112,0.03512458138896857,0.9648483936077427
2026-08-22T14:47:16.361858+00:00,e85c645134dafe5024515cf86aa8b00f0ed7e8e9,8,configs/s5_analysis_bn.yaml,3.12.13,Linux-6.12.90+-x86_64-with-glibc2.35,rag_symbolic_loop,0,43,1,0.9999729749967112,0.03512458138896857,0.9648483936077427
2026-08-22T14:47:16.361858+00:00,e85c645134dafe5024515cf86aa8b00f0ed7e8e9,8,configs/s5_analysis_bn.yaml,3.12.13,Linux-6.12.90+-x86_64-with-glibc2.35,rag_neural_symbolic_feedback,0,43,1,0.9999729749967112,0.03512458138896857,0.9648483936077427
2026-08-22T14:47:16.361858+00:00,e85c645134dafe5024515cf86aa8b00f0ed7e8e9,8,configs/s5_analysis_bn.yaml,3.12.13,Linux-6.12.90+-x86_64-with-glibc2.35,rag_neural_loop,1,43,1,0.008307280987139927,0.9054674891643968,-0.8971602081772568
2026-08-22T14:47:16.361858+00:00,e85c645134dafe5024515cf86aa8b00f0ed7e8e9,8,configs/s5_analysis_bn.yaml,3.12.13,Linux-6.12.90+-x86_64-with-glibc2.35,rag_neural_loop,1,43,2,0.9942258174189599,0.6986771382824439,0.29554867913651595
2026-08-22T14:47:16.361858+00:00,e85c645134dafe5024515cf86aa8b00f0ed7e8e9,8,configs/s5_analysis_bn.yaml,3.12.13,Linux-6.12.90+-x86_64-with-glibc2.35,rag_symbolic_loop,1,43,1,0.008307280987139927,0.9054674238474637,-0.8971601428603238
2026-08-22T14:47:16.361858+00:00,e85c645134dafe5024515cf86aa8b00f0ed7e8e9,8,configs/s5_analysis_bn.yaml,3.12.13,Linux-6.12.90+-x86_64-with-glibc2.35,rag_symbolic_loop,1,43,2,0.9995352975078649,0.9706624374390722,0.02887286006879264
2026-08-22T14:47:16.361858+00:00,e85c645134dafe5024515cf86aa8b00f0ed7e8e9,8,configs/s5_analysis_bn.yaml,3.12.13,Linux-6.12.90+-x86_64-with-glibc2.35,rag_symbolic_loop,1,43,3,0.006213162384357798,0.6265117375318601,-0.6202985751475023
2026-08-22T14:47:16.361858+00:00,e85c645134dafe5024515cf86aa8b00f0ed7e8e9,8,configs/s5_analysis_bn.yaml,3.12.13,Linux-6.12.90+-x86_64-with-glibc2.35,rag_neural_symbolic_feedback,1,43,1,0.008307280987139927,0.9054674238474637,-0.8971601428603238
2026-08-22T14:47:16.361858+00:00,e85c645134dafe5024515cf86aa8b00f0ed7e8e9,8,configs/s5_analysis_bn.yaml,3.12.13,Linux-6.12.90+-x86_64-with-glibc2.35,rag_neural_symbolic_feedback,1,43,2,0.9992778134362232,0.9688742910543632,0.03040352238186006
2026-08-22T14:47:16.361858+00:00,e85c645134dafe5024515cf86aa8b00f0ed7e8e9,8,configs/s5_analysis_bn.yaml,3.12.13,Linux-6.12.90+-x86_64-with-glibc2.35,rag_neural_loop,0,43,1,0.999999997769461,0.9678012637156124,0.032198734053848654
2026-08-22T14:47:16.361858+00:00,e85c645134dafe5024515cf86aa8b00f0ed7e8e9,8,configs/s5_analysis_bn.yaml,3.12.13,Linux-6.12.90+-x86_64-with-glibc2.35,rag_symbolic_loop,0,43,1,0.999999997769461,0.9678012637156124,0.032198734053848654
2026-08-22T14:47:16.361858+00:00,e85c645134dafe5024515cf86aa8b00f0ed7e8e9,8,configs/s5_analysis_bn.yaml,3.12.13,Linux-6.12.90+-x86_64-with-glibc2.35,rag_neural_symbolic_feedback,0,43,1,0.999999997769461,0.9678012637156124,0.032198734053848654
2026-08-22T14:47:16.361858+00:00,e85c645134dafe5024515cf86aa8b00f0ed7e8e9,8,configs/s5_analysis_bn.yaml,3.12.13,Linux-6.12.90+-x86_64-with-glibc2.35,rag_neural_loop,1,43,1,0.9344765925922061,0.9444754657676674,-0.009998873175461331
2026-08-22T14:47:16.361858+00:00,e85c645134dafe5024515cf86aa8b00f0ed7e8e9,8,configs/s5_analysis_bn.yaml,3.12.13,Linux-6.12.90+-x86_64-with-glibc2.35,rag_symbolic_loop,1,43,1,0.9344765925922061,0.9444754657676674,-0.009998873175461331
2026-08-22T14:47:16.361858+00:00,e85c645134dafe5024515cf86aa8b00f0ed7e8e9,8,configs/s5_analysis_bn.yaml,3.12.13,Linux-6.12.90+-x86_64-with-glibc2.35,rag_symbolic_loop,1,43,2,0.001081314115007745,0.8951604853493207,-0.8940791712343129
2026-08-22T14:47:16.361858+00:00,e85c645134dafe5024515cf86aa8b00f0ed7e8e9,8,configs/s5_analysis_bn.yaml,3.12.13,Linux-6.12.90+-x86_64-with-glibc2.35,rag_neural_symbolic_feedback,1,43,1,0.9344765925922061,0.9444754657676674,-0.009998873175461331
2026-08-22T14:47:16.361858+00:00,e85c645134dafe5024515cf86aa8b00f0ed7e8e9,8,configs/s5_analysis_bn.yaml,3.12.13,Linux-6.12.90+-x86_64-with-glibc2.35,rag_neural_loop,0,43,1,0.38515681574466676,0.9455324569352604,-0.5603756411905937
2026-08-22T14:47:16.361858+00:00,e85c645134dafe5024515cf86aa8b00f0ed7e8e9,8,configs/s5_analysis_bn.yaml,3.12.13,Linux-6.12.90+-x86_64-with-glibc2.35,rag_neural_loop,0,43,2,2.4393529418631488e-09,0.01859767091396014,-0.0185976684746072
2026-08-22T14:47:16.361858+00:00,e85c645134dafe5024515cf86aa8b00f0ed7e8e9,8,configs/s5_analysis_bn.yaml,3.12.13,Linux-6.12.90+-x86_64-with-glibc2.35,rag_neural_loop,0,43,3,3.346977502372006e-06,0.06944196305855488,-0.0694386160810525
2026-08-22T14:47:16.361858+00:00,e85c645134dafe5024515cf86aa8b00f0ed7e8e9,8,configs/s5_analysis_bn.yaml,3.12.13,Linux-6.12.90+-x86_64-with-glibc2.35,rag_symbolic_loop,0,43,1,0.38515681574466676,0.9455324569352604,-0.5603756411905937
2026-08-22T14:47:16.361858+00:00,e85c645134dafe5024515cf86aa8b00f0ed7e8e9,8,configs/s5_analysis_bn.yaml,3.12.13,Linux-6.12.90+-x86_64-with-glibc2.35,rag_neural_symbolic_feedback,0,43,1,0.38515681574466676,0.9455324569352604,-0.5603756411905937
2026-08-22T14:47:16.361858+00:00,e85c645134dafe5024515cf86aa8b00f0ed7e8e9,8,configs/s5_analysis_bn.yaml,3.12.13,Linux-6.12.90+-x86_64-with-glibc2.35,rag_neural_symbolic_feedback,0,43,2,0.9999999999925796,0.9840511399577803,0.01594886003479934
2026-08-22T14:47:16.361858+00:00,e85c645134dafe5024515cf86aa8b00f0ed7e8e9,8,configs/s5_analysis_bn.yaml,3.12.13,Linux-6.12.90+-x86_64-with-glibc2.35,rag_neural_loop,1,43,1,0.9943812020988031,0.968156255249316,0.026224946849487063
2026-08-22T14:47:16.361858+00:00,e85c645134dafe5024515cf86aa8b00f0ed7e8e9,8,configs/s5_analysis_bn.yaml,3.12.13,Linux-6.12.90+-x86_64-with-glibc2.35,rag_symbolic_loop,1,43,1,0.9943812020988031,0.968156255249316,0.026224946849487063
2026-08-22T14:47:16.361858+00:00,e85c645134dafe5024515cf86aa8b00f0ed7e8e9,8,configs/s5_analysis_bn.yaml,3.12.13,Linux-6.12.90+-x86_64-with-glibc2.35,rag_neural_symbolic_feedback,1,43,1,0.9943812020988031,0.968156255249316,0.026224946849487063
2026-08-22T14:47:16.361858+00:00,e85c645134dafe5024515cf86aa8b00f0ed7e8e9,8,configs/s5_analysis_bn.yaml,3.12.13,Linux-6.12.90+-x86_64-with-glibc2.35,rag_neural_loop,0,43,1,0.9999999915126255,0.9793933679115837,0.020606623601041818
2026-08-22T14:47:16.361858+00:00,e85c645134dafe5024515cf86aa8b00f0ed7e8e9,8,configs/s5_analysis_bn.yaml,3.12.13,Linux-6.12.90+-x86_64-with-glibc2.35,rag_symbolic_loop,0,43,1,0.9999999915126255,0.9793933679115837,0.020606623601041818
2026-08-22T14:47:16.361858+00:00,e85c645134dafe5024515cf86aa8b00f0ed7e8e9,8,configs/s5_analysis_bn.yaml,3.12.13,Linux-6.12.90+-x86_64-with-glibc2.35,rag_neural_symbolic_feedback,0,43,1,0.9999999915126255,0.9793933679115837,0.020606623601041818
2026-08-22T14:47:16.361858+00:00,e85c645134dafe5024515cf86aa8b00f0ed7e8e9,8,configs/s5_analysis_bn.yaml,3.12.13,Linux-6.12.90+-x86_64-with-glibc2.35,rag_neural_loop,1,43,1,0.9941474927710545,0.8702601446886723,0.12388734808238222
2026-08-22T14:47:16.361858+00:00,e85c645134dafe5024515cf86aa8b00f0ed7e8e9,8,configs/s5_analysis_bn.yaml,3.12.13,Linux-6.12.90+-x86_64-with-glibc2.35,rag_symbolic_loop,1,43,1,0.9941474927710545,0.8702601446886723,0.12388734808238222
2026-08-22T14:47:16.361858+00:00,e85c645134dafe5024515cf86aa8b00f0ed7e8e9,8,configs/s5_analysis_bn.yaml,3.12.13,Linux-6.12.90+-x86_64-with-glibc2.35,rag_neural_symbolic_feedback,1,43,1,0.9941474927710545,0.8702601446886723,0.12388734808238222
2026-08-22T14:47:16.361858+00:00,e85c645134dafe5024515cf86aa8b00f0ed7e8e9,8,configs/s5_analysis_bn.yaml,3.12.13,Linux-6.12.90+-x86_64-with-glibc2.35,rag_neural_loop,0,43,1,0.029156948071749067,0.028765563537925476,0.00039138453382359106
2026-08-22T14:47:16.361858+00:00,e85c645134dafe5024515cf86aa8b00f0ed7e8e9,8,configs/s5_analysis_bn.yaml,3.12.13,Linux-6.12.90+-x86_64-with-glibc2.35,rag_neural_loop,0,43,2,0.9639158289535485,0.02683052115732354,0.937085307796225
2026-08-22T14:47:16.361858+00:00,e85c645134dafe5024515cf86aa8b00f0ed7e8e9,8,configs/s5_analysis_bn.yaml,3.12.13,Linux-6.12.90+-x86_64-with-glibc2.35,rag_symbolic_loop,0,43,1,0.029156948071749067,0.028765563537925476,0.00039138453382359106
2026-08-22T14:47:16.361858+00:00,e85c645134dafe5024515cf86aa8b00f0ed7e8e9,8,configs/s5_analysis_bn.yaml,3.12.13,Linux-6.12.90+-x86_64-with-glibc2.35,rag_neural_symbolic_feedback,0,43,1,0.029156948071749067,0.028765563537925476,0.00039138453382359106
2026-08-22T14:47:16.361858+00:00,e85c645134dafe5024515cf86aa8b00f0ed7e8e9,8,configs/s5_analysis_bn.yaml,3.12.13,Linux-6.12.90+-x86_64-with-glibc2.35,rag_neural_symbolic_feedback,0,43,2,0.9999999992742215,0.9853544982553519,0.014645501018869522
2026-08-22T14:47:16.361858+00:00,e85c645134dafe5024515cf86aa8b00f0ed7e8e9,8,configs/s5_analysis_bn.yaml,3.12.13,Linux-6.12.90+-x86_64-with-glibc2.35,rag_neural_loop,1,43,1,0.9185026359808828,0.6583122883128839,0.26019034766799887
2026-08-22T14:47:16.361858+00:00,e85c645134dafe5024515cf86aa8b00f0ed7e8e9,8,configs/s5_analysis_bn.yaml,3.12.13,Linux-6.12.90+-x86_64-with-glibc2.35,rag_symbolic_loop,1,43,1,0.9185026359808828,0.6583122883128839,0.26019034766799887
2026-08-22T14:47:16.361858+00:00,e85c645134dafe5024515cf86aa8b00f0ed7e8e9,8,configs/s5_analysis_bn.yaml,3.12.13,Linux-6.12.90+-x86_64-with-glibc2.35,rag_symbolic_loop,1,43,2,0.9960444846452842,0.881931457145346,0.11411302749993812
2026-08-22T14:47:16.361858+00:00,e85c645134dafe5024515cf86aa8b00f0ed7e8e9,8,configs/s5_analysis_bn.yaml,3.12.13,Linux-6.12.90+-x86_64-with-glibc2.35,rag_neural_symbolic_feedback,1,43,1,0.9185026359808828,0.6583122883128839,0.26019034766799887
2026-08-22T14:47:16.361858+00:00,e85c645134dafe5024515cf86aa8b00f0ed7e8e9,8,configs/s5_analysis_bn.yaml,3.12.13,Linux-6.12.90+-x86_64-with-glibc2.35,rag_neural_loop,0,43,1,0.9999999598500402,0.9823284340865613,0.017671525763478857
2026-08-22T14:47:16.361858+00:00,e85c645134dafe5024515cf86aa8b00f0ed7e8e9,8,configs/s5_analysis_bn.yaml,3.12.13,Linux-6.12.90+-x86_64-with-glibc2.35,rag_symbolic_loop,0,43,1,0.9999999598500402,0.9823284340865613,0.017671525763478857
2026-08-22T14:47:16.361858+00:00,e85c645134dafe5024515cf86aa8b00f0ed7e8e9,8,configs/s5_analysis_bn.yaml,3.12.13,Linux-6.12.90+-x86_64-with-glibc2.35,rag_neural_symbolic_feedback,0,43,1,0.9999999598500402,0.9823284340865613,0.017671525763478857
2026-08-22T14:47:16.361858+00:00,e85c645134dafe5024515cf86aa8b00f0ed7e8e9,8,configs/s5_analysis_bn.yaml,3.12.13,Linux-6.12.90+-x86_64-with-glibc2.35,rag_neural_loop,1,43,1,0.9999999995824083,0.9822213873044849,0.017778612277923322
2026-08-22T14:47:16.361858+00:00,e85c645134dafe5024515cf86aa8b00f0ed7e8e9,8,configs/s5_analysis_bn.yaml,3.12.13,Linux-6.12.90+-x86_64-with-glibc2.35,rag_symbolic_loop,1,43,1,0.9999999995824083,0.9822213873044849,0.017778612277923322
2026-08-22T14:47:16.361858+00:00,e85c645134dafe5024515cf86aa8b00f0ed7e8e9,8,configs/s5_analysis_bn.yaml,3.12.13,Linux-6.12.90+-x86_64-with-glibc2.35,rag_symbolic_loop,1,43,2,0.9999999873083744,0.9524916505154332,0.0475083367929412
2026-08-22T14:47:16.361858+00:00,e85c645134dafe5024515cf86aa8b00f0ed7e8e9,8,configs/s5_analysis_bn.yaml,3.12.13,Linux-6.12.90+-x86_64-with-glibc2.35,rag_symbolic_loop,1,43,3,0.9999999821072391,0.9708793433627936,0.02912063874444548
2026-08-22T14:47:16.361858+00:00,e85c645134dafe5024515cf86aa8b00f0ed7e8e9,8,configs/s5_analysis_bn.yaml,3.12.13,Linux-6.12.90+-x86_64-with-glibc2.35,rag_neural_symbolic_feedback,1,43,1,0.9999999995824083,0.9822213873044849,0.017778612277923322
2026-08-22T14:47:16.361858+00:00,e85c645134dafe5024515cf86aa8b00f0ed7e8e9,8,configs/s5_analysis_bn.yaml,3.12.13,Linux-6.12.90+-x86_64-with-glibc2.35,rag_neural_loop,0,43,1,0.99999981176809,0.9842276462419122,0.015772165526177884
2026-08-22T14:47:16.361858+00:00,e85c645134dafe5024515cf86aa8b00f0ed7e8e9,8,configs/s5_analysis_bn.yaml,3.12.13,Linux-6.12.90+-x86_64-with-glibc2.35,rag_symbolic_loop,0,43,1,0.99999981176809,0.9842276462419122,0.015772165526177884
2026-08-22T14:47:16.361858+00:00,e85c645134dafe5024515cf86aa8b00f0ed7e8e9,8,configs/s5_analysis_bn.yaml,3.12.13,Linux-6.12.90+-x86_64-with-glibc2.35,rag_neural_symbolic_feedback,0,43,1,0.99999981176809,0.9842276462419122,0.015772165526177884
2026-08-22T14:47:16.361858+00:00,e85c645134dafe5024515cf86aa8b00f0ed7e8e9,8,configs/s5_analysis_bn.yaml,3.12.13,Linux-6.12.90+-x86_64-with-glibc2.35,rag_neural_loop,1,43,1,0.9996329371618679,0.928952023987469,0.07068091317439884
2026-08-22T14:47:16.361858+00:00,e85c645134dafe5024515cf86aa8b00f0ed7e8e9,8,configs/s5_analysis_bn.yaml,3.12.13,Linux-6.12.90+-x86_64-with-glibc2.35,rag_symbolic_loop,1,43,1,0.9996329371618679,0.928952023987469,0.07068091317439884
2026-08-22T14:47:16.361858+00:00,e85c645134dafe5024515cf86aa8b00f0ed7e8e9,8,configs/s5_analysis_bn.yaml,3.12.13,Linux-6.12.90+-x86_64-with-glibc2.35,rag_neural_symbolic_feedback,1,43,1,0.9996329371618679,0.928952023987469,0.07068091317439884
2026-08-22T14:47:16.361858+00:00,e85c645134dafe5024515cf86aa8b00f0ed7e8e9,8,configs/s5_analysis_bn.yaml,3.12.13,Linux-6.12.90+-x86_64-with-glibc2.35,rag_neural_loop,0,43,1,0.9999999999999051,0.9858885090865841,0.014111490913320979
2026-08-22T14:47:16.361858+00:00,e85c645134dafe5024515cf86aa8b00f0ed7e8e9,8,configs/s5_analysis_bn.yaml,3.12.13,Linux-6.12.90+-x86_64-with-glibc2.35,rag_symbolic_loop,0,43,1,0.9999999999999051,0.9858885090865841,0.014111490913320979
2026-08-22T14:47:16.361858+00:00,e85c645134dafe5024515cf86aa8b00f0ed7e8e9,8,configs/s5_analysis_bn.yaml,3.12.13,Linux-6.12.90+-x86_64-with-glibc2.35,rag_neural_symbolic_feedback,0,43,1,0.9999999999999051,0.9858885090865841,0.014111490913320979
2026-08-22T14:47:16.361858+00:00,e85c645134dafe5024515cf86aa8b00f0ed7e8e9,8,configs/s5_analysis_bn.yaml,3.12.13,Linux-6.12.90+-x86_64-with-glibc2.35,rag_neural_loop,1,43,1,0.9412285203570159,0.9665192644763957,-0.025290744119379815
2026-08-22T14:47:16.361858+00:00,e85c645134dafe5024515cf86aa8b00f0ed7e8e9,8,configs/s5_analysis_bn.yaml,3.12.13,Linux-6.12.90+-x86_64-with-glibc2.35,rag_symbolic_loop,1,43,1,0.9412285203570159,0.9665192644763957,-0.025290744119379815
2026-08-22T14:47:16.361858+00:00,e85c645134dafe5024515cf86aa8b00f0ed7e8e9,8,configs/s5_analysis_bn.yaml,3.12.13,Linux-6.12.90+-x86_64-with-glibc2.35,rag_symbolic_loop,1,43,2,0.9695240633287668,0.9525826048220507,0.016941458506716134
2026-08-22T14:47:16.361858+00:00,e85c645134dafe5024515cf86aa8b00f0ed7e8e9,8,configs/s5_analysis_bn.yaml,3.12.13,Linux-6.12.90+-x86_64-with-glibc2.35,rag_symbolic_loop,1,43,3,2.9265256540287084e-06,0.06444925726948923,-0.0644463307438352
2026-08-22T14:47:16.361858+00:00,e85c645134dafe5024515cf86aa8b00f0ed7e8e9,8,configs/s5_analysis_bn.yaml,3.12.13,Linux-6.12.90+-x86_64-with-glibc2.35,rag_neural_symbolic_feedback,1,43,1,0.9412285203570159,0.9665192644763957,-0.025290744119379815
2026-08-22T14:47:16.361858+00:00,e85c645134dafe5024515cf86aa8b00f0ed7e8e9,8,configs/s5_analysis_bn.yaml,3.12.13,Linux-6.12.90+-x86_64-with-glibc2.35,rag_neural_loop,0,43,1,0.9999704273782203,0.9738908268961537,0.02607960048206659
2026-08-22T14:47:16.361858+00:00,e85c645134dafe5024515cf86aa8b00f0ed7e8e9,8,configs/s5_analysis_bn.yaml,3.12.13,Linux-6.12.90+-x86_64-with-glibc2.35,rag_symbolic_loop,0,43,1,0.9999704273782203,0.9738908268961537,0.02607960048206659
2026-08-22T14:47:16.361858+00:00,e85c645134dafe5024515cf86aa8b00f0ed7e8e9,8,configs/s5_analysis_bn.yaml,3.12.13,Linux-6.12.90+-x86_64-with-glibc2.35,rag_neural_symbolic_feedback,0,43,1,0.9999704273782203,0.9738908268961537,0.02607960048206659
2026-08-22T14:47:16.361858+00:00,e85c645134dafe5024515cf86aa8b00f0ed7e8e9,8,configs/s5_analysis_bn.yaml,3.12.13,Linux-6.12.90+-x86_64-with-glibc2.35,rag_neural_loop,1,43,1,0.9530113818365916,0.9730408114295341,-0.020029429592942516
2026-08-22T14:47:16.361858+00:00,e85c645134dafe5024515cf86aa8b00f0ed7e8e9,8,configs/s5_analysis_bn.yaml,3.12.13,Linux-6.12.90+-x86_64-with-glibc2.35,rag_symbolic_loop,1,43,1,0.9530113818365916,0.9730408114295341,-0.020029429592942516
2026-08-22T14:47:16.361858+00:00,e85c645134dafe5024515cf86aa8b00f0ed7e8e9,8,configs/s5_analysis_bn.yaml,3.12.13,Linux-6.12.90+-x86_64-with-glibc2.35,rag_symbolic_loop,1,43,2,0.9999879436454676,0.9741929739007753,0.02579496974469231
2026-08-22T14:47:16.361858+00:00,e85c645134dafe5024515cf86aa8b00f0ed7e8e9,8,configs/s5_analysis_bn.yaml,3.12.13,Linux-6.12.90+-x86_64-with-glibc2.35,rag_symbolic_loop,1,43,3,0.060220209058855285,0.9710784449456389,-0.9108582358867836
2026-08-22T14:47:16.361858+00:00,e85c645134dafe5024515cf86aa8b00f0ed7e8e9,8,configs/s5_analysis_bn.yaml,3.12.13,Linux-6.12.90+-x86_64-with-glibc2.35,rag_neural_symbolic_feedback,1,43,1,0.9530113818365916,0.9730408114295341,-0.020029429592942516
2026-08-22T14:47:16.361858+00:00,e85c645134dafe5024515cf86aa8b00f0ed7e8e9,8,configs/s5_analysis_bn.yaml,3.12.13,Linux-6.12.90+-x86_64-with-glibc2.35,rag_neural_loop,0,43,1,0.9999999999995374,0.9839996229819504,0.016000377017586942
2026-08-22T14:47:16.361858+00:00,e85c645134dafe5024515cf86aa8b00f0ed7e8e9,8,configs/s5_analysis_bn.yaml,3.12.13,Linux-6.12.90+-x86_64-with-glibc2.35,rag_symbolic_loop,0,43,1,0.9999999999995374,0.9839996229819504,0.016000377017586942
2026-08-22T14:47:16.361858+00:00,e85c645134dafe5024515cf86aa8b00f0ed7e8e9,8,configs/s5_analysis_bn.yaml,3.12.13,Linux-6.12.90+-x86_64-with-glibc2.35,rag_neural_symbolic_feedback,0,43,1,0.9999999999995374,0.9839996229819504,0.016000377017586942
2026-08-22T14:47:16.361858+00:00,e85c645134dafe5024515cf86aa8b00f0ed7e8e9,8,configs/s5_analysis_bn.yaml,3.12.13,Linux-6.12.90+-x86_64-with-glibc2.35,rag_neural_loop,1,43,1,0.9889977499215263,0.9583279341534373,0.030669815768089026
2026-08-22T14:47:16.361858+00:00,e85c645134dafe5024515cf86aa8b00f0ed7e8e9,8,configs/s5_analysis_bn.yaml,3.12.13,Linux-6.12.90+-x86_64-with-glibc2.35,rag_symbolic_loop,1,43,1,0.9889977499215263,0.9583279341534373,0.030669815768089026
2026-08-22T14:47:16.361858+00:00,e85c645134dafe5024515cf86aa8b00f0ed7e8e9,8,configs/s5_analysis_bn.yaml,3.12.13,Linux-6.12.90+-x86_64-with-glibc2.35,rag_symbolic_loop,1,43,2,0.039612532484748914,0.965849877596678,-0.926237345111929
2026-08-22T14:47:16.361858+00:00,e85c645134dafe5024515cf86aa8b00f0ed7e8e9,8,configs/s5_analysis_bn.yaml,3.12.13,Linux-6.12.90+-x86_64-with-glibc2.35,rag_symbolic_loop,1,43,3,0.22213025865050764,0.9123399158387591,-0.6902096571882514
2026-08-22T14:47:16.361858+00:00,e85c645134dafe5024515cf86aa8b00f0ed7e8e9,8,configs/s5_analysis_bn.yaml,3.12.13,Linux-6.12.90+-x86_64-with-glibc2.35,rag_neural_symbolic_feedback,1,43,1,0.9889977499215263,0.9583279341534373,0.030669815768089026
2026-08-22T14:47:16.361858+00:00,e85c645134dafe5024515cf86aa8b00f0ed7e8e9,8,configs/s5_analysis_bn.yaml,3.12.13,Linux-6.12.90+-x86_64-with-glibc2.35,rag_neural_loop,0,43,1,0.9999999999997449,0.9836454049442832,0.016354595055461663
2026-08-22T14:47:16.361858+00:00,e85c645134dafe5024515cf86aa8b00f0ed7e8e9,8,configs/s5_analysis_bn.yaml,3.12.13,Linux-6.12.90+-x86_64-with-glibc2.35,rag_symbolic_loop,0,43,1,0.9999999999997449,0.9836454049442832,0.016354595055461663
2026-08-22T14:47:16.361858+00:00,e85c645134dafe5024515cf86aa8b00f0ed7e8e9,8,configs/s5_analysis_bn.yaml,3.12.13,Linux-6.12.90+-x86_64-with-glibc2.35,rag_neural_symbolic_feedback,0,43,1,0.9999999999997449,0.9836454049442832,0.016354595055461663
2026-08-22T14:47:16.361858+00:00,e85c645134dafe5024515cf86aa8b00f0ed7e8e9,8,configs/s5_analysis_bn.yaml,3.12.13,Linux-6.12.90+-x86_64-with-glibc2.35,rag_neural_loop,1,43,1,0.9783523374494726,0.8208459443982644,0.15750639305120817
2026-08-22T14:47:16.361858+00:00,e85c645134dafe5024515cf86aa8b00f0ed7e8e9,8,configs/s5_analysis_bn.yaml,3.12.13,Linux-6.12.90+-x86_64-with-glibc2.35,rag_symbolic_loop,1,43,1,0.9783523374494726,0.8208459443982644,0.15750639305120817
2026-08-22T14:47:16.361858+00:00,e85c645134dafe5024515cf86aa8b00f0ed7e8e9,8,configs/s5_analysis_bn.yaml,3.12.13,Linux-6.12.90+-x86_64-with-glibc2.35,rag_symbolic_loop,1,43,2,0.018344379906020652,0.9198057767893262,-0.9014613968833055
2026-08-22T14:47:16.361858+00:00,e85c645134dafe5024515cf86aa8b00f0ed7e8e9,8,configs/s5_analysis_bn.yaml,3.12.13,Linux-6.12.90+-x86_64-with-glibc2.35,rag_symbolic_loop,1,43,3,0.7604922888282125,0.860167894231901,-0.09967560540368847
2026-08-22T14:47:16.361858+00:00,e85c645134dafe5024515cf86aa8b00f0ed7e8e9,8,configs/s5_analysis_bn.yaml,3.12.13,Linux-6.12.90+-x86_64-with-glibc2.35,rag_neural_symbolic_feedback,1,43,1,0.9783523374494726,0.8208459443982644,0.15750639305120817
2026-08-22T14:47:16.361858+00:00,e85c645134dafe5024515cf86aa8b00f0ed7e8e9,8,configs/s5_analysis_bn.yaml,3.12.13,Linux-6.12.90+-x86_64-with-glibc2.35,rag_neural_loop,0,43,1,0.05412031356755187,0.024668588508022338,0.029451725059529532
2026-08-22T14:47:16.361858+00:00,e85c645134dafe5024515cf86aa8b00f0ed7e8e9,8,configs/s5_analysis_bn.yaml,3.12.13,Linux-6.12.90+-x86_64-with-glibc2.35,rag_neural_loop,0,43,2,0.9999998251011594,0.9846609515142195,0.01533887358693986
2026-08-22T14:47:16.361858+00:00,e85c645134dafe5024515cf86aa8b00f0ed7e8e9,8,configs/s5_analysis_bn.yaml,3.12.13,Linux-6.12.90+-x86_64-with-glibc2.35,rag_symbolic_loop,0,43,1,0.05412031356755187,0.024668588508022338,0.029451725059529532
2026-08-22T14:47:16.361858+00:00,e85c645134dafe5024515cf86aa8b00f0ed7e8e9,8,configs/s5_analysis_bn.yaml,3.12.13,Linux-6.12.90+-x86_64-with-glibc2.35,rag_neural_symbolic_feedback,0,43,1,0.05412031356755187,0.024668588508022338,0.029451725059529532
2026-08-22T14:47:16.361858+00:00,e85c645134dafe5024515cf86aa8b00f0ed7e8e9,8,configs/s5_analysis_bn.yaml,3.12.13,Linux-6.12.90+-x86_64-with-glibc2.35,rag_neural_symbolic_feedback,0,43,2,0.9999999996208567,0.9836391322392173,0.016360867381639443
2026-08-22T14:47:16.361858+00:00,e85c645134dafe5024515cf86aa8b00f0ed7e8e9,8,configs/s5_analysis_bn.yaml,3.12.13,Linux-6.12.90+-x86_64-with-glibc2.35,rag_neural_loop,1,43,1,7.70462898901216e-05,0.0165940315616758,-0.016516985271785675
2026-08-22T14:47:16.361858+00:00,e85c645134dafe5024515cf86aa8b00f0ed7e8e9,8,configs/s5_analysis_bn.yaml,3.12.13,Linux-6.12.90+-x86_64-with-glibc2.35,rag_neural_loop,1,43,2,8.980596584722788e-07,0.020512662696080503,-0.02051176463642203
2026-08-22T14:47:16.361858+00:00,e85c645134dafe5024515cf86aa8b00f0ed7e8e9,8,configs/s5_analysis_bn.yaml,3.12.13,Linux-6.12.90+-x86_64-with-glibc2.35,rag_neural_loop,1,43,3,0.9998752792696097,0.9760151596413332,0.0238601196282765
2026-08-22T14:47:16.361858+00:00,e85c645134dafe5024515cf86aa8b00f0ed7e8e9,8,configs/s5_analysis_bn.yaml,3.12.13,Linux-6.12.90+-x86_64-with-glibc2.35,rag_symbolic_loop,1,43,1,7.70462898901216e-05,0.0165940315616758,-0.016516985271785675
2026-08-22T14:47:16.361858+00:00,e85c645134dafe5024515cf86aa8b00f0ed7e8e9,8,configs/s5_analysis_bn.yaml,3.12.13,Linux-6.12.90+-x86_64-with-glibc2.35,rag_symbolic_loop,1,43,2,0.9192671173559246,0.9753267157357199,-0.05605959837979535
2026-08-22T14:47:16.361858+00:00,e85c645134dafe5024515cf86aa8b00f0ed7e8e9,8,configs/s5_analysis_bn.yaml,3.12.13,Linux-6.12.90+-x86_64-with-glibc2.35,rag_symbolic_loop,1,43,3,0.962277528579459,0.7063817887703606,0.2558957398090984
2026-08-22T14:47:16.361858+00:00,e85c645134dafe5024515cf86aa8b00f0ed7e8e9,8,configs/s5_analysis_bn.yaml,3.12.13,Linux-6.12.90+-x86_64-with-glibc2.35,rag_neural_symbolic_feedback,1,43,1,7.70462898901216e-05,0.0165940315616758,-0.016516985271785675
2026-08-22T14:47:16.361858+00:00,e85c645134dafe5024515cf86aa8b00f0ed7e8e9,8,configs/s5_analysis_bn.yaml,3.12.13,Linux-6.12.90+-x86_64-with-glibc2.35,rag_neural_symbolic_feedback,1,43,2,0.6504222742982119,0.9670199147818559,-0.316597640483644
2026-08-22T14:47:16.361858+00:00,e85c645134dafe5024515cf86aa8b00f0ed7e8e9,8,configs/s5_analysis_bn.yaml,3.12.13,Linux-6.12.90+-x86_64-with-glibc2.35,rag_neural_loop,0,43,1,0.9973990636042894,0.050464889359263077,0.9469341742450263
2026-08-22T14:47:16.361858+00:00,e85c645134dafe5024515cf86aa8b00f0ed7e8e9,8,configs/s5_analysis_bn.yaml,3.12.13,Linux-6.12.90+-x86_64-with-glibc2.35,rag_symbolic_loop,0,43,1,0.9973990636042894,0.050464889359263077,0.9469341742450263
2026-08-22T14:47:16.361858+00:00,e85c645134dafe5024515cf86aa8b00f0ed7e8e9,8,configs/s5_analysis_bn.yaml,3.12.13,Linux-6.12.90+-x86_64-with-glibc2.35,rag_neural_symbolic_feedback,0,43,1,0.9973990636042894,0.050464889359263077,0.9469341742450263
2026-08-22T14:47:16.361858+00:00,e85c645134dafe5024515cf86aa8b00f0ed7e8e9,8,configs/s5_analysis_bn.yaml,3.12.13,Linux-6.12.90+-x86_64-with-glibc2.35,rag_neural_loop,1,43,1,0.5790748455983791,0.9750959018706604,-0.39602105627228135
2026-08-22T14:47:16.361858+00:00,e85c645134dafe5024515cf86aa8b00f0ed7e8e9,8,configs/s5_analysis_bn.yaml,3.12.13,Linux-6.12.90+-x86_64-with-glibc2.35,rag_symbolic_loop,1,43,1,0.5790748455983791,0.9750959018706604,-0.39602105627228135
2026-08-22T14:47:16.361858+00:00,e85c645134dafe5024515cf86aa8b00f0ed7e8e9,8,configs/s5_analysis_bn.yaml,3.12.13,Linux-6.12.90+-x86_64-with-glibc2.35,rag_symbolic_loop,1,43,2,0.8370414222131287,0.9527607971578714,-0.11571937494474271
2026-08-22T14:47:16.361858+00:00,e85c645134dafe5024515cf86aa8b00f0ed7e8e9,8,configs/s5_analysis_bn.yaml,3.12.13,Linux-6.12.90+-x86_64-with-glibc2.35,rag_symbolic_loop,1,43,3,0.9827694820631251,0.9560276414691808,0.026741840593944244
2026-08-22T14:47:16.361858+00:00,e85c645134dafe5024515cf86aa8b00f0ed7e8e9,8,configs/s5_analysis_bn.yaml,3.12.13,Linux-6.12.90+-x86_64-with-glibc2.35,rag_neural_symbolic_feedback,1,43,1,0.5790748455983791,0.9750959018706604,-0.39602105627228135
2026-08-22T14:47:16.361858+00:00,e85c645134dafe5024515cf86aa8b00f0ed7e8e9,8,configs/s5_analysis_bn.yaml,3.12.13,Linux-6.12.90+-x86_64-with-glibc2.35,rag_neural_loop,0,43,1,0.6830449375632859,0.02463717821213829,0.6584077593511476
2026-08-22T14:47:16.361858+00:00,e85c645134dafe5024515cf86aa8b00f0ed7e8e9,8,configs/s5_analysis_bn.yaml,3.12.13,Linux-6.12.90+-x86_64-with-glibc2.35,rag_symbolic_loop,0,43,1,0.6830449375632859,0.02463717821213829,0.6584077593511476
2026-08-22T14:47:16.361858+00:00,e85c645134dafe5024515cf86aa8b00f0ed7e8e9,8,configs/s5_analysis_bn.yaml,3.12.13,Linux-6.12.90+-x86_64-with-glibc2.35,rag_neural_symbolic_feedback,0,43,1,0.6830449375632859,0.02463717821213829,0.6584077593511476
2026-08-22T14:47:16.361858+00:00,e85c645134dafe5024515cf86aa8b00f0ed7e8e9,8,configs/s5_analysis_bn.yaml,3.12.13,Linux-6.12.90+-x86_64-with-glibc2.35,rag_neural_loop,1,43,1,0.01263864145181385,0.948454494811495,-0.9358158533596812
2026-08-22T14:47:16.361858+00:00,e85c645134dafe5024515cf86aa8b00f0ed7e8e9,8,configs/s5_analysis_bn.yaml,3.12.13,Linux-6.12.90+-x86_64-with-glibc2.35,rag_neural_loop,1,43,2,5.009371767817218e-07,0.021954069014380184,-0.021953568077203403
2026-08-22T14:47:16.361858+00:00,e85c645134dafe5024515cf86aa8b00f0ed7e8e9,8,configs/s5_analysis_bn.yaml,3.12.13,Linux-6.12.90+-x86_64-with-glibc2.35,rag_neural_loop,1,43,3,0.0052199094137598285,0.9689231627765217,-0.9637032533627619
2026-08-22T14:47:16.361858+00:00,e85c645134dafe5024515cf86aa8b00f0ed7e8e9,8,configs/s5_analysis_bn.yaml,3.12.13,Linux-6.12.90+-x86_64-with-glibc2.35,rag_symbolic_loop,1,43,1,0.01263864145181385,0.948454494811495,-0.9358158533596812
2026-08-22T14:47:16.361858+00:00,e85c645134dafe5024515cf86aa8b00f0ed7e8e9,8,configs/s5_analysis_bn.yaml,3.12.13,Linux-6.12.90+-x86_64-with-glibc2.35,rag_symbolic_loop,1,43,2,0.2105089648095093,0.9605233696571809,-0.7500144048476716
2026-08-22T14:47:16.361858+00:00,e85c645134dafe5024515cf86aa8b00f0ed7e8e9,8,configs/s5_analysis_bn.yaml,3.12.13,Linux-6.12.90+-x86_64-with-glibc2.35,rag_symbolic_loop,1,43,3,1.743949013555454e-08,0.022336891479627457,-0.02233687404013732
2026-08-22T14:47:16.361858+00:00,e85c645134dafe5024515cf86aa8b00f0ed7e8e9,8,configs/s5_analysis_bn.yaml,3.12.13,Linux-6.12.90+-x86_64-with-glibc2.35,rag_neural_symbolic_feedback,1,43,1,0.01263864145181385,0.948454494811495,-0.9358158533596812
2026-08-22T14:47:16.361858+00:00,e85c645134dafe5024515cf86aa8b00f0ed7e8e9,8,configs/s5_analysis_bn.yaml,3.12.13,Linux-6.12.90+-x86_64-with-glibc2.35,rag_neural_symbolic_feedback,1,43,2,0.21135505179825376,0.9458646994233737,-0.7345096476251199
2026-08-22T14:47:16.361858+00:00,e85c645134dafe5024515cf86aa8b00f0ed7e8e9,8,configs/s5_analysis_bn.yaml,3.12.13,Linux-6.12.90+-x86_64-with-glibc2.35,rag_neural_symbolic_feedback,1,43,3,0.010950883916173536,0.803978395028579,-0.7930275111124055
2026-08-22T14:47:16.361858+00:00,e85c645134dafe5024515cf86aa8b00f0ed7e8e9,8,configs/s5_analysis_bn.yaml,3.12.13,Linux-6.12.90+-x86_64-with-glibc2.35,rag_neural_loop,0,43,1,0.9999999984658137,0.979304525724588,0.02069547274122563
2026-08-22T14:47:16.361858+00:00,e85c645134dafe5024515cf86aa8b00f0ed7e8e9,8,configs/s5_analysis_bn.yaml,3.12.13,Linux-6.12.90+-x86_64-with-glibc2.35,rag_symbolic_loop,0,43,1,0.9999999984658137,0.979304525724588,0.02069547274122563
2026-08-22T14:47:16.361858+00:00,e85c645134dafe5024515cf86aa8b00f0ed7e8e9,8,configs/s5_analysis_bn.yaml,3.12.13,Linux-6.12.90+-x86_64-with-glibc2.35,rag_neural_symbolic_feedback,0,43,1,0.9999999984658137,0.979304525724588,0.02069547274122563
2026-08-22T14:47:16.361858+00:00,e85c645134dafe5024515cf86aa8b00f0ed7e8e9,8,configs/s5_analysis_bn.yaml,3.12.13,Linux-6.12.90+-x86_64-with-glibc2.35,rag_neural_loop,1,43,1,0.9388844115001548,0.8126524114859355,0.1262320000142193
2026-08-22T14:47:16.361858+00:00,e85c645134dafe5024515cf86aa8b00f0ed7e8e9,8,configs/s5_analysis_bn.yaml,3.12.13,Linux-6.12.90+-x86_64-with-glibc2.35,rag_symbolic_loop,1,43,1,0.9388844115001548,0.8126524114859355,0.1262320000142193
2026-08-22T14:47:16.361858+00:00,e85c645134dafe5024515cf86aa8b00f0ed7e8e9,8,configs/s5_analysis_bn.yaml,3.12.13,Linux-6.12.90+-x86_64-with-glibc2.35,rag_neural_symbolic_feedback,1,43,1,0.9388844115001548,0.8126524114859355,0.1262320000142193
2026-08-22T14:47:16.361858+00:00,e85c645134dafe5024515cf86aa8b00f0ed7e8e9,8,configs/s5_analysis_bn.yaml,3.12.13,Linux-6.12.90+-x86_64-with-glibc2.35,rag_neural_loop,0,43,1,1.3455458969247047e-11,0.020900027726431958,-0.0209000277129765
2026-08-22T14:47:16.361858+00:00,e85c645134dafe5024515cf86aa8b00f0ed7e8e9,8,configs/s5_analysis_bn.yaml,3.12.13,Linux-6.12.90+-x86_64-with-glibc2.35,rag_neural_loop,0,43,2,0.999999931446808,0.9574705474766565,0.04252938397015149
2026-08-22T14:47:16.361858+00:00,e85c645134dafe5024515cf86aa8b00f0ed7e8e9,8,configs/s5_analysis_bn.yaml,3.12.13,Linux-6.12.90+-x86_64-with-glibc2.35,rag_symbolic_loop,0,43,1,1.3455458969247047e-11,0.020899870857198355,-0.020899870843742896
2026-08-22T14:47:16.361858+00:00,e85c645134dafe5024515cf86aa8b00f0ed7e8e9,8,configs/s5_analysis_bn.yaml,3.12.13,Linux-6.12.90+-x86_64-with-glibc2.35,rag_neural_symbolic_feedback,0,43,1,1.3455458969247047e-11,0.020899870857198355,-0.020899870843742896
2026-08-22T14:47:16.361858+00:00,e85c645134dafe5024515cf86aa8b00f0ed7e8e9,8,configs/s5_analysis_bn.yaml,3.12.13,Linux-6.12.90+-x86_64-with-glibc2.35,rag_neural_symbolic_feedback,0,43,2,0.9999999885279163,0.9839066160354025,0.016093372492513747
2026-08-22T14:47:16.361858+00:00,e85c645134dafe5024515cf86aa8b00f0ed7e8e9,8,configs/s5_analysis_bn.yaml,3.12.13,Linux-6.12.90+-x86_64-with-glibc2.35,rag_neural_loop,1,43,1,0.9999978955171305,0.9736268681227865,0.026371027394343938
2026-08-22T14:47:16.361858+00:00,e85c645134dafe5024515cf86aa8b00f0ed7e8e9,8,configs/s5_analysis_bn.yaml,3.12.13,Linux-6.12.90+-x86_64-with-glibc2.35,rag_symbolic_loop,1,43,1,0.9999978955171305,0.9736268681227865,0.026371027394343938
2026-08-22T14:47:16.361858+00:00,e85c645134dafe5024515cf86aa8b00f0ed7e8e9,8,configs/s5_analysis_bn.yaml,3.12.13,Linux-6.12.90+-x86_64-with-glibc2.35,rag_symbolic_loop,1,43,2,0.9919154508011797,0.9603722485343293,0.03154320226685037
2026-08-22T14:47:16.361858+00:00,e85c645134dafe5024515cf86aa8b00f0ed7e8e9,8,configs/s5_analysis_bn.yaml,3.12.13,Linux-6.12.90+-x86_64-with-glibc2.35,rag_symbolic_loop,1,43,3,0.9981989736646486,0.9711417220603983,0.02705725160425032
2026-08-22T14:47:16.361858+00:00,e85c645134dafe5024515cf86aa8b00f0ed7e8e9,8,configs/s5_analysis_bn.yaml,3.12.13,Linux-6.12.90+-x86_64-with-glibc2.35,rag_neural_symbolic_feedback,1,43,1,0.9999978955171305,0.9736268681227865,0.026371027394343938
2026-08-22T14:47:16.361858+00:00,e85c645134dafe5024515cf86aa8b00f0ed7e8e9,8,configs/s5_analysis_bn.yaml,3.12.13,Linux-6.12.90+-x86_64-with-glibc2.35,rag_neural_loop,0,43,1,0.9999999999541362,0.9853711056377659,0.014628894316370378
2026-08-22T14:47:16.361858+00:00,e85c645134dafe5024515cf86aa8b00f0ed7e8e9,8,configs/s5_analysis_bn.yaml,3.12.13,Linux-6.12.90+-x86_64-with-glibc2.35,rag_symbolic_loop,0,43,1,0.9999999999541362,0.9853711056377659,0.014628894316370378
2026-08-22T14:47:16.361858+00:00,e85c645134dafe5024515cf86aa8b00f0ed7e8e9,8,configs/s5_analysis_bn.yaml,3.12.13,Linux-6.12.90+-x86_64-with-glibc2.35,rag_neural_symbolic_feedback,0,43,1,0.9999999999541362,0.9853711056377659,0.014628894316370378
2026-08-22T14:47:16.361858+00:00,e85c645134dafe5024515cf86aa8b00f0ed7e8e9,8,configs/s5_analysis_bn.yaml,3.12.13,Linux-6.12.90+-x86_64-with-glibc2.35,rag_neural_loop,1,43,1,0.0016002139897244856,0.2502796425228006,-0.24867942853307612
2026-08-22T14:47:16.361858+00:00,e85c645134dafe5024515cf86aa8b00f0ed7e8e9,8,configs/s5_analysis_bn.yaml,3.12.13,Linux-6.12.90+-x86_64-with-glibc2.35,rag_neural_loop,1,43,2,0.006445788635265447,0.9615647421771963,-0.9551189535419309
2026-08-22T14:47:16.361858+00:00,e85c645134dafe5024515cf86aa8b00f0ed7e8e9,8,configs/s5_analysis_bn.yaml,3.12.13,Linux-6.12.90+-x86_64-with-glibc2.35,rag_neural_loop,1,43,3,0.3627564367131318,0.9433867375776318,-0.5806303008645
2026-08-22T14:47:16.361858+00:00,e85c645134dafe5024515cf86aa8b00f0ed7e8e9,8,configs/s5_analysis_bn.yaml,3.12.13,Linux-6.12.90+-x86_64-with-glibc2.35,rag_symbolic_loop,1,43,1,0.0016002139897244856,0.2502796425228006,-0.24867942853307612
2026-08-22T14:47:16.361858+00:00,e85c645134dafe5024515cf86aa8b00f0ed7e8e9,8,configs/s5_analysis_bn.yaml,3.12.13,Linux-6.12.90+-x86_64-with-glibc2.35,rag_neural_symbolic_feedback,1,43,1,0.0016002139897244856,0.2502796425228006,-0.24867942853307612
2026-08-22T14:47:16.361858+00:00,e85c645134dafe5024515cf86aa8b00f0ed7e8e9,8,configs/s5_analysis_bn.yaml,3.12.13,Linux-6.12.90+-x86_64-with-glibc2.35,rag_neural_symbolic_feedback,1,43,2,0.0016746881479797317,0.9611923692412904,-0.9595176810933106
2026-08-22T14:47:16.361858+00:00,e85c645134dafe5024515cf86aa8b00f0ed7e8e9,8,configs/s5_analysis_bn.yaml,3.12.13,Linux-6.12.90+-x86_64-with-glibc2.35,rag_neural_symbolic_feedback,1,43,3,0.9846153343498791,0.9610381667915306,0.02357716755834849
2026-08-22T14:47:16.361858+00:00,e85c645134dafe5024515cf86aa8b00f0ed7e8e9,8,configs/s5_analysis_bn.yaml,3.12.13,Linux-6.12.90+-x86_64-with-glibc2.35,rag_neural_loop,0,43,1,0.009722982311256345,0.017347665838344573,-0.007624683527088227
2026-08-22T14:47:16.361858+00:00,e85c645134dafe5024515cf86aa8b00f0ed7e8e9,8,configs/s5_analysis_bn.yaml,3.12.13,Linux-6.12.90+-x86_64-with-glibc2.35,rag_neural_loop,0,43,2,2.7875808405131153e-05,0.030291332303910457,-0.030263456495505325
2026-08-22T14:47:16.361858+00:00,e85c645134dafe5024515cf86aa8b00f0ed7e8e9,8,configs/s5_analysis_bn.yaml,3.12.13,Linux-6.12.90+-x86_64-with-glibc2.35,rag_neural_loop,0,43,3,0.9768216203424066,0.05416714267621936,0.9226544776661872
2026-08-22T14:47:16.361858+00:00,e85c645134dafe5024515cf86aa8b00f0ed7e8e9,8,configs/s5_analysis_bn.yaml,3.12.13,Linux-6.12.90+-x86_64-with-glibc2.35,rag_symbolic_loop,0,43,1,0.009722982311256345,0.017347665838344573,-0.007624683527088227
2026-08-22T14:47:16.361858+00:00,e85c645134dafe5024515cf86aa8b00f0ed7e8e9,8,configs/s5_analysis_bn.yaml,3.12.13,Linux-6.12.90+-x86_64-with-glibc2.35,rag_neural_symbolic_feedback,0,43,1,0.009722982311256345,0.017347665838344573,-0.007624683527088227
2026-08-22T14:47:16.361858+00:00,e85c645134dafe5024515cf86aa8b00f0ed7e8e9,8,configs/s5_analysis_bn.yaml,3.12.13,Linux-6.12.90+-x86_64-with-glibc2.35,rag_neural_symbolic_feedback,0,43,2,0.0007244217767593542,0.0191662996710511,-0.018441877894291747
2026-08-22T14:47:16.361858+00:00,e85c645134dafe5024515cf86aa8b00f0ed7e8e9,8,configs/s5_analysis_bn.yaml,3.12.13,Linux-6.12.90+-x86_64-with-glibc2.35,rag_neural_symbolic_feedback,0,43,3,4.1497803693335555e-07,0.040277141735174715,-0.04027672675713778
2026-08-22T14:47:16.361858+00:00,e85c645134dafe5024515cf86aa8b00f0ed7e8e9,8,configs/s5_analysis_bn.yaml,3.12.13,Linux-6.12.90+-x86_64-with-glibc2.35,rag_neural_loop,1,43,1,0.9999991853137811,0.9637332904982341,0.036265894815546984
2026-08-22T14:47:16.361858+00:00,e85c645134dafe5024515cf86aa8b00f0ed7e8e9,8,configs/s5_analysis_bn.yaml,3.12.13,Linux-6.12.90+-x86_64-with-glibc2.35,rag_symbolic_loop,1,43,1,0.9999991853137811,0.9637332904982341,0.036265894815546984
2026-08-22T14:47:16.361858+00:00,e85c645134dafe5024515cf86aa8b00f0ed7e8e9,8,configs/s5_analysis_bn.yaml,3.12.13,Linux-6.12.90+-x86_64-with-glibc2.35,rag_symbolic_loop,1,43,2,0.4006246399491718,0.9764772504311757,-0.5758526104820039
2026-08-22T14:47:16.361858+00:00,e85c645134dafe5024515cf86aa8b00f0ed7e8e9,8,configs/s5_analysis_bn.yaml,3.12.13,Linux-6.12.90+-x86_64-with-glibc2.35,rag_symbolic_loop,1,43,3,0.999876818994356,0.9702756674407842,0.02960115155357179
2026-08-22T14:47:16.361858+00:00,e85c645134dafe5024515cf86aa8b00f0ed7e8e9,8,configs/s5_analysis_bn.yaml,3.12.13,Linux-6.12.90+-x86_64-with-glibc2.35,rag_neural_symbolic_feedback,1,43,1,0.9999991853137811,0.9637332904982341,0.036265894815546984
2026-08-22T14:47:16.361858+00:00,e85c645134dafe5024515cf86aa8b00f0ed7e8e9,8,configs/s5_analysis_bn.yaml,3.12.13,Linux-6.12.90+-x86_64-with-glibc2.35,rag_neural_loop,0,43,1,0.0005572916355165436,0.032367846795252064,-0.03181055515973552
2026-08-22T14:47:16.361858+00:00,e85c645134dafe5024515cf86aa8b00f0ed7e8e9,8,configs/s5_analysis_bn.yaml,3.12.13,Linux-6.12.90+-x86_64-with-glibc2.35,rag_neural_loop,0,43,2,5.052706064656576e-07,0.025377813407037597,-0.02537730813643113
2026-08-22T14:47:16.361858+00:00,e85c645134dafe5024515cf86aa8b00f0ed7e8e9,8,configs/s5_analysis_bn.yaml,3.12.13,Linux-6.12.90+-x86_64-with-glibc2.35,rag_neural_loop,0,43,3,6.012152997669773e-10,0.01591004169299759,-0.01591004109178229
2026-08-22T14:47:16.361858+00:00,e85c645134dafe5024515cf86aa8b00f0ed7e8e9,8,configs/s5_analysis_bn.yaml,3.12.13,Linux-6.12.90+-x86_64-with-glibc2.35,rag_symbolic_loop,0,43,1,0.0005572916355165436,0.032367846795252064,-0.03181055515973552
2026-08-22T14:47:16.361858+00:00,e85c645134dafe5024515cf86aa8b00f0ed7e8e9,8,configs/s5_analysis_bn.yaml,3.12.13,Linux-6.12.90+-x86_64-with-glibc2.35,rag_neural_symbolic_feedback,0,43,1,0.0005572916355165436,0.032367846795252064,-0.03181055515973552
2026-08-22T14:47:16.361858+00:00,e85c645134dafe5024515cf86aa8b00f0ed7e8e9,8,configs/s5_analysis_bn.yaml,3.12.13,Linux-6.12.90+-x86_64-with-glibc2.35,rag_neural_symbolic_feedback,0,43,2,1.634121948868028e-09,0.017576519445518746,-0.017576517811396797
2026-08-22T14:47:16.361858+00:00,e85c645134dafe5024515cf86aa8b00f0ed7e8e9,8,configs/s5_analysis_bn.yaml,3.12.13,Linux-6.12.90+-x86_64-with-glibc2.35,rag_neural_symbolic_feedback,0,43,3,6.632045868038006e-08,0.015976236939885036,-0.015976170619426355
2026-08-22T14:47:16.361858+00:00,e85c645134dafe5024515cf86aa8b00f0ed7e8e9,8,configs/s5_analysis_bn.yaml,3.12.13,Linux-6.12.90+-x86_64-with-glibc2.35,rag_neural_loop,1,43,1,0.9907208302373015,0.9642080577896014,0.026512772447700117
2026-08-22T14:47:16.361858+00:00,e85c645134dafe5024515cf86aa8b00f0ed7e8e9,8,configs/s5_analysis_bn.yaml,3.12.13,Linux-6.12.90+-x86_64-with-glibc2.35,rag_symbolic_loop,1,43,1,0.9907208302373015,0.9642080577896014,0.026512772447700117
2026-08-22T14:47:16.361858+00:00,e85c645134dafe5024515cf86aa8b00f0ed7e8e9,8,configs/s5_analysis_bn.yaml,3.12.13,Linux-6.12.90+-x86_64-with-glibc2.35,rag_symbolic_loop,1,43,2,0.9696544446080919,0.9148167120536913,0.05483773255440061
2026-08-22T14:47:16.361858+00:00,e85c645134dafe5024515cf86aa8b00f0ed7e8e9,8,configs/s5_analysis_bn.yaml,3.12.13,Linux-6.12.90+-x86_64-with-glibc2.35,rag_neural_symbolic_feedback,1,43,1,0.9907208302373015,0.9642080577896014,0.026512772447700117
2026-08-22T14:47:16.361858+00:00,e85c645134dafe5024515cf86aa8b00f0ed7e8e9,8,configs/s5_analysis_bn.yaml,3.12.13,Linux-6.12.90+-x86_64-with-glibc2.35,rag_neural_loop,0,43,1,0.0008589827913034753,0.047639682587948484,-0.04678069979664501
2026-08-22T14:47:16.361858+00:00,e85c645134dafe5024515cf86aa8b00f0ed7e8e9,8,configs/s5_analysis_bn.yaml,3.12.13,Linux-6.12.90+-x86_64-with-glibc2.35,rag_neural_loop,0,43,2,2.2084319273307784e-07,0.021716722664828825,-0.02171650182163609
2026-08-22T14:47:16.361858+00:00,e85c645134dafe5024515cf86aa8b00f0ed7e8e9,8,configs/s5_analysis_bn.yaml,3.12.13,Linux-6.12.90+-x86_64-with-glibc2.35,rag_neural_loop,0,43,3,0.04647078367549573,0.8288458513858865,-0.7823750677103908
2026-08-22T14:47:16.361858+00:00,e85c645134dafe5024515cf86aa8b00f0ed7e8e9,8,configs/s5_analysis_bn.yaml,3.12.13,Linux-6.12.90+-x86_64-with-glibc2.35,rag_symbolic_loop,0,43,1,0.0008589827913034753,0.047639682587948484,-0.04678069979664501
2026-08-22T14:47:16.361858+00:00,e85c645134dafe5024515cf86aa8b00f0ed7e8e9,8,configs/s5_analysis_bn.yaml,3.12.13,Linux-6.12.90+-x86_64-with-glibc2.35,rag_neural_symbolic_feedback,0,43,1,0.0008589827913034753,0.047639682587948484,-0.04678069979664501
2026-08-22T14:47:16.361858+00:00,e85c645134dafe5024515cf86aa8b00f0ed7e8e9,8,configs/s5_analysis_bn.yaml,3.12.13,Linux-6.12.90+-x86_64-with-glibc2.35,rag_neural_symbolic_feedback,0,43,2,6.432410160073232e-12,0.030721873609517614,-0.030721873603085204
2026-08-22T14:47:16.361858+00:00,e85c645134dafe5024515cf86aa8b00f0ed7e8e9,8,configs/s5_analysis_bn.yaml,3.12.13,Linux-6.12.90+-x86_64-with-glibc2.35,rag_neural_symbolic_feedback,0,43,3,1.191086262952723e-08,0.02653900433934253,-0.0265389924284799
2026-08-22T14:47:16.361858+00:00,e85c645134dafe5024515cf86aa8b00f0ed7e8e9,8,configs/s5_analysis_bn.yaml,3.12.13,Linux-6.12.90+-x86_64-with-glibc2.35,rag_neural_loop,1,43,1,0.7385230167347115,0.8907595171512869,-0.15223650041657533
2026-08-22T14:47:16.361858+00:00,e85c645134dafe5024515cf86aa8b00f0ed7e8e9,8,configs/s5_analysis_bn.yaml,3.12.13,Linux-6.12.90+-x86_64-with-glibc2.35,rag_symbolic_loop,1,43,1,0.7385230167347115,0.8907595171512869,-0.15223650041657533
2026-08-22T14:47:16.361858+00:00,e85c645134dafe5024515cf86aa8b00f0ed7e8e9,8,configs/s5_analysis_bn.yaml,3.12.13,Linux-6.12.90+-x86_64-with-glibc2.35,rag_symbolic_loop,1,43,2,0.9845723687465192,0.15535899411356488,0.8292133746329543
2026-08-22T14:47:16.361858+00:00,e85c645134dafe5024515cf86aa8b00f0ed7e8e9,8,configs/s5_analysis_bn.yaml,3.12.13,Linux-6.12.90+-x86_64-with-glibc2.35,rag_symbolic_loop,1,43,3,0.9569899756297604,0.19377989490987005,0.7632100807198904
2026-08-22T14:47:16.361858+00:00,e85c645134dafe5024515cf86aa8b00f0ed7e8e9,8,configs/s5_analysis_bn.yaml,3.12.13,Linux-6.12.90+-x86_64-with-glibc2.35,rag_neural_symbolic_feedback,1,43,1,0.7385230167347115,0.8907595171512869,-0.15223650041657533
2026-08-22T14:47:16.361858+00:00,e85c645134dafe5024515cf86aa8b00f0ed7e8e9,8,configs/s5_analysis_bn.yaml,3.12.13,Linux-6.12.90+-x86_64-with-glibc2.35,rag_neural_loop,0,43,1,0.999999999678197,0.9837369591580273,0.01626304052016969
2026-08-22T14:47:16.361858+00:00,e85c645134dafe5024515cf86aa8b00f0ed7e8e9,8,configs/s5_analysis_bn.yaml,3.12.13,Linux-6.12.90+-x86_64-with-glibc2.35,rag_symbolic_loop,0,43,1,0.999999999678197,0.9837369591580273,0.01626304052016969
2026-08-22T14:47:16.361858+00:00,e85c645134dafe5024515cf86aa8b00f0ed7e8e9,8,configs/s5_analysis_bn.yaml,3.12.13,Linux-6.12.90+-x86_64-with-glibc2.35,rag_neural_symbolic_feedback,0,43,1,0.999999999678197,0.9837369591580273,0.01626304052016969
2026-08-22T14:47:16.361858+00:00,e85c645134dafe5024515cf86aa8b00f0ed7e8e9,8,configs/s5_analysis_bn.yaml,3.12.13,Linux-6.12.90+-x86_64-with-glibc2.35,rag_neural_loop,1,43,1,0.27653455187770026,0.9629534025736977,-0.6864188506959974
2026-08-22T14:47:16.361858+00:00,e85c645134dafe5024515cf86aa8b00f0ed7e8e9,8,configs/s5_analysis_bn.yaml,3.12.13,Linux-6.12.90+-x86_64-with-glibc2.35,rag_neural_loop,1,43,2,0.053093396230801566,0.5167873292315474,-0.4636939330007458
2026-08-22T14:47:16.361858+00:00,e85c645134dafe5024515cf86aa8b00f0ed7e8e9,8,configs/s5_analysis_bn.yaml,3.12.13,Linux-6.12.90+-x86_64-with-glibc2.35,rag_neural_loop,1,43,3,0.001882228409760783,0.96093890823406,-0.9590566798242992
2026-08-22T14:47:16.361858+00:00,e85c645134dafe5024515cf86aa8b00f0ed7e8e9,8,configs/s5_analysis_bn.yaml,3.12.13,Linux-6.12.90+-x86_64-with-glibc2.35,rag_symbolic_loop,1,43,1,0.27653455187770026,0.9629534025736977,-0.6864188506959974
2026-08-22T14:47:16.361858+00:00,e85c645134dafe5024515cf86aa8b00f0ed7e8e9,8,configs/s5_analysis_bn.yaml,3.12.13,Linux-6.12.90+-x86_64-with-glibc2.35,rag_symbolic_loop,1,43,2,0.8024856150826708,0.9704968441100693,-0.1680112290273985
2026-08-22T14:47:16.361858+00:00,e85c645134dafe5024515cf86aa8b00f0ed7e8e9,8,configs/s5_analysis_bn.yaml,3.12.13,Linux-6.12.90+-x86_64-with-glibc2.35,rag_symbolic_loop,1,43,3,0.005846412686475823,0.9511327673406244,-0.9452863546541486
2026-08-22T14:47:16.361858+00:00,e85c645134dafe5024515cf86aa8b00f0ed7e8e9,8,configs/s5_analysis_bn.yaml,3.12.13,Linux-6.12.90+-x86_64-with-glibc2.35,rag_neural_symbolic_feedback,1,43,1,0.27653455187770026,0.9629534025736977,-0.6864188506959974
2026-08-22T14:47:16.361858+00:00,e85c645134dafe5024515cf86aa8b00f0ed7e8e9,8,configs/s5_analysis_bn.yaml,3.12.13,Linux-6.12.90+-x86_64-with-glibc2.35,rag_neural_symbolic_feedback,1,43,2,0.9848447901871737,0.9748890688418202,0.009955721345353497
2026-08-22T14:47:16.361858+00:00,e85c645134dafe5024515cf86aa8b00f0ed7e8e9,8,configs/s5_analysis_bn.yaml,3.12.13,Linux-6.12.90+-x86_64-with-glibc2.35,rag_neural_loop,0,43,1,0.9999999976002647,0.984193922984791,0.015806074615473675
2026-08-22T14:47:16.361858+00:00,e85c645134dafe5024515cf86aa8b00f0ed7e8e9,8,configs/s5_analysis_bn.yaml,3.12.13,Linux-6.12.90+-x86_64-with-glibc2.35,rag_symbolic_loop,0,43,1,0.9999999976002647,0.984193922984791,0.015806074615473675
2026-08-22T14:47:16.361858+00:00,e85c645134dafe5024515cf86aa8b00f0ed7e8e9,8,configs/s5_analysis_bn.yaml,3.12.13,Linux-6.12.90+-x86_64-with-glibc2.35,rag_neural_symbolic_feedback,0,43,1,0.9999999976002647,0.984193922984791,0.015806074615473675
2026-08-22T14:47:16.361858+00:00,e85c645134dafe5024515cf86aa8b00f0ed7e8e9,8,configs/s5_analysis_bn.yaml,3.12.13,Linux-6.12.90+-x86_64-with-glibc2.35,rag_neural_loop,1,43,1,0.8831546631272689,0.9686418975277237,-0.0854872344004548
2026-08-22T14:47:16.361858+00:00,e85c645134dafe5024515cf86aa8b00f0ed7e8e9,8,configs/s5_analysis_bn.yaml,3.12.13,Linux-6.12.90+-x86_64-with-glibc2.35,rag_symbolic_loop,1,43,1,0.8831546631272689,0.9686418975277237,-0.0854872344004548
2026-08-22T14:47:16.361858+00:00,e85c645134dafe5024515cf86aa8b00f0ed7e8e9,8,configs/s5_analysis_bn.yaml,3.12.13,Linux-6.12.90+-x86_64-with-glibc2.35,rag_neural_symbolic_feedback,1,43,1,0.8831546631272689,0.9686418975277237,-0.0854872344004548
2026-08-22T14:47:16.361858+00:00,e85c645134dafe5024515cf86aa8b00f0ed7e8e9,8,configs/s5_analysis_bn.yaml,3.12.13,Linux-6.12.90+-x86_64-with-glibc2.35,rag_neural_loop,0,43,1,0.09261983778456617,0.029878304872186123,0.06274153291238005
2026-08-22T14:47:16.361858+00:00,e85c645134dafe5024515cf86aa8b00f0ed7e8e9,8,configs/s5_analysis_bn.yaml,3.12.13,Linux-6.12.90+-x86_64-with-glibc2.35,rag_neural_loop,0,43,2,0.9999999999985622,0.9850911860296198,0.014908813968942392
2026-08-22T14:47:16.361858+00:00,e85c645134dafe5024515cf86aa8b00f0ed7e8e9,8,configs/s5_analysis_bn.yaml,3.12.13,Linux-6.12.90+-x86_64-with-glibc2.35,rag_symbolic_loop,0,43,1,0.09261983778456617,0.029878304872186123,0.06274153291238005
2026-08-22T14:47:16.361858+00:00,e85c645134dafe5024515cf86aa8b00f0ed7e8e9,8,configs/s5_analysis_bn.yaml,3.12.13,Linux-6.12.90+-x86_64-with-glibc2.35,rag_neural_symbolic_feedback,0,43,1,0.09261983778456617,0.029878304872186123,0.06274153291238005
2026-08-22T14:47:16.361858+00:00,e85c645134dafe5024515cf86aa8b00f0ed7e8e9,8,configs/s5_analysis_bn.yaml,3.12.13,Linux-6.12.90+-x86_64-with-glibc2.35,rag_neural_symbolic_feedback,0,43,2,0.9999999643958126,0.9791186982453406,0.020881266150472033
2026-08-22T14:47:16.361858+00:00,e85c645134dafe5024515cf86aa8b00f0ed7e8e9,8,configs/s5_analysis_bn.yaml,3.12.13,Linux-6.12.90+-x86_64-with-glibc2.35,rag_neural_loop,1,43,1,0.9999978816472616,0.9662295107293208,0.033768370917940715
2026-08-22T14:47:16.361858+00:00,e85c645134dafe5024515cf86aa8b00f0ed7e8e9,8,configs/s5_analysis_bn.yaml,3.12.13,Linux-6.12.90+-x86_64-with-glibc2.35,rag_symbolic_loop,1,43,1,0.9999978816472616,0.9662295107293208,0.033768370917940715
2026-08-22T14:47:16.361858+00:00,e85c645134dafe5024515cf86aa8b00f0ed7e8e9,8,configs/s5_analysis_bn.yaml,3.12.13,Linux-6.12.90+-x86_64-with-glibc2.35,rag_symbolic_loop,1,43,2,0.9999998842966101,0.9738090682652151,0.02619081603139506
2026-08-22T14:47:16.361858+00:00,e85c645134dafe5024515cf86aa8b00f0ed7e8e9,8,configs/s5_analysis_bn.yaml,3.12.13,Linux-6.12.90+-x86_64-with-glibc2.35,rag_symbolic_loop,1,43,3,0.9999876233227539,0.9765233841858925,0.023464239136861464
2026-08-22T14:47:16.361858+00:00,e85c645134dafe5024515cf86aa8b00f0ed7e8e9,8,configs/s5_analysis_bn.yaml,3.12.13,Linux-6.12.90+-x86_64-with-glibc2.35,rag_neural_symbolic_feedback,1,43,1,0.9999978816472616,0.9662295107293208,0.033768370917940715
2026-08-22T14:47:16.361858+00:00,e85c645134dafe5024515cf86aa8b00f0ed7e8e9,8,configs/s5_analysis_bn.yaml,3.12.13,Linux-6.12.90+-x86_64-with-glibc2.35,rag_neural_loop,0,43,1,0.9999995801286481,0.9591529929919052,0.04084658713674294
2026-08-22T14:47:16.361858+00:00,e85c645134dafe5024515cf86aa8b00f0ed7e8e9,8,configs/s5_analysis_bn.yaml,3.12.13,Linux-6.12.90+-x86_64-with-glibc2.35,rag_symbolic_loop,0,43,1,0.9999995801286481,0.9591529929919052,0.04084658713674294
2026-08-22T14:47:16.361858+00:00,e85c645134dafe5024515cf86aa8b00f0ed7e8e9,8,configs/s5_analysis_bn.yaml,3.12.13,Linux-6.12.90+-x86_64-with-glibc2.35,rag_neural_symbolic_feedback,0,43,1,0.9999995801286481,0.9591529929919052,0.04084658713674294
2026-08-22T14:47:16.361858+00:00,e85c645134dafe5024515cf86aa8b00f0ed7e8e9,8,configs/s5_analysis_bn.yaml,3.12.13,Linux-6.12.90+-x86_64-with-glibc2.35,rag_neural_loop,1,43,1,0.9989621928853308,0.9489806029083425,0.049981589976988317
2026-08-22T14:47:16.361858+00:00,e85c645134dafe5024515cf86aa8b00f0ed7e8e9,8,configs/s5_analysis_bn.yaml,3.12.13,Linux-6.12.90+-x86_64-with-glibc2.35,rag_symbolic_loop,1,43,1,0.9989621928853308,0.9489806029083425,0.049981589976988317
2026-08-22T14:47:16.361858+00:00,e85c645134dafe5024515cf86aa8b00f0ed7e8e9,8,configs/s5_analysis_bn.yaml,3.12.13,Linux-6.12.90+-x86_64-with-glibc2.35,rag_symbolic_loop,1,43,2,0.7998169693688947,0.9717521103745197,-0.17193514100562501
2026-08-22T14:47:16.361858+00:00,e85c645134dafe5024515cf86aa8b00f0ed7e8e9,8,configs/s5_analysis_bn.yaml,3.12.13,Linux-6.12.90+-x86_64-with-glibc2.35,rag_neural_symbolic_feedback,1,43,1,0.9989621928853308,0.9489806029083425,0.049981589976988317
2026-08-22T14:47:16.361858+00:00,e85c645134dafe5024515cf86aa8b00f0ed7e8e9,8,configs/s5_analysis_bn.yaml,3.12.13,Linux-6.12.90+-x86_64-with-glibc2.35,rag_neural_loop,0,43,1,0.9999999999383371,0.9849430382835512,0.015056961654785872
2026-08-22T14:47:16.361858+00:00,e85c645134dafe5024515cf86aa8b00f0ed7e8e9,8,configs/s5_analysis_bn.yaml,3.12.13,Linux-6.12.90+-x86_64-with-glibc2.35,rag_symbolic_loop,0,43,1,0.9999999999383371,0.9849430382835512,0.015056961654785872
2026-08-22T14:47:16.361858+00:00,e85c645134dafe5024515cf86aa8b00f0ed7e8e9,8,configs/s5_analysis_bn.yaml,3.12.13,Linux-6.12.90+-x86_64-with-glibc2.35,rag_neural_symbolic_feedback,0,43,1,0.9999999999383371,0.9849430382835512,0.015056961654785872
2026-08-22T14:47:16.361858+00:00,e85c645134dafe5024515cf86aa8b00f0ed7e8e9,8,configs/s5_analysis_bn.yaml,3.12.13,Linux-6.12.90+-x86_64-with-glibc2.35,rag_neural_loop,1,43,1,0.7213985400852233,0.9765959340245531,-0.25519739393932983
2026-08-22T14:47:16.361858+00:00,e85c645134dafe5024515cf86aa8b00f0ed7e8e9,8,configs/s5_analysis_bn.yaml,3.12.13,Linux-6.12.90+-x86_64-with-glibc2.35,rag_symbolic_loop,1,43,1,0.7213985400852233,0.9765959340245531,-0.25519739393932983
2026-08-22T14:47:16.361858+00:00,e85c645134dafe5024515cf86aa8b00f0ed7e8e9,8,configs/s5_analysis_bn.yaml,3.12.13,Linux-6.12.90+-x86_64-with-glibc2.35,rag_symbolic_loop,1,43,2,0.9999925790811177,0.9730831083932708,0.02690947068784688
2026-08-22T14:47:16.361858+00:00,e85c645134dafe5024515cf86aa8b00f0ed7e8e9,8,configs/s5_analysis_bn.yaml,3.12.13,Linux-6.12.90+-x86_64-with-glibc2.35,rag_symbolic_loop,1,43,3,0.9993783778497052,0.938510193952388,0.060868183897317185
2026-08-22T14:47:16.361858+00:00,e85c645134dafe5024515cf86aa8b00f0ed7e8e9,8,configs/s5_analysis_bn.yaml,3.12.13,Linux-6.12.90+-x86_64-with-glibc2.35,rag_neural_symbolic_feedback,1,43,1,0.7213985400852233,0.9765959340245531,-0.25519739393932983
2026-08-22T14:47:16.361858+00:00,e85c645134dafe5024515cf86aa8b00f0ed7e8e9,8,configs/s5_analysis_bn.yaml,3.12.13,Linux-6.12.90+-x86_64-with-glibc2.35,rag_neural_loop,0,43,1,0.9999999999995537,0.9827252034669185,0.017274796532635195
2026-08-22T14:47:16.361858+00:00,e85c645134dafe5024515cf86aa8b00f0ed7e8e9,8,configs/s5_analysis_bn.yaml,3.12.13,Linux-6.12.90+-x86_64-with-glibc2.35,rag_symbolic_loop,0,43,1,0.9999999999995537,0.9827252034669185,0.017274796532635195
2026-08-22T14:47:16.361858+00:00,e85c645134dafe5024515cf86aa8b00f0ed7e8e9,8,configs/s5_analysis_bn.yaml,3.12.13,Linux-6.12.90+-x86_64-with-glibc2.35,rag_neural_symbolic_feedback,0,43,1,0.9999999999995537,0.9827252034669185,0.017274796532635195
2026-08-22T14:47:16.361858+00:00,e85c645134dafe5024515cf86aa8b00f0ed7e8e9,8,configs/s5_analysis_bn.yaml,3.12.13,Linux-6.12.90+-x86_64-with-glibc2.35,rag_neural_loop,1,43,1,0.9887721301580157,0.9720434924039267,0.01672863775408895
2026-08-22T14:47:16.361858+00:00,e85c645134dafe5024515cf86aa8b00f0ed7e8e9,8,configs/s5_analysis_bn.yaml,3.12.13,Linux-6.12.90+-x86_64-with-glibc2.35,rag_symbolic_loop,1,43,1,0.9887721301580157,0.9720434924039267,0.01672863775408895
2026-08-22T14:47:16.361858+00:00,e85c645134dafe5024515cf86aa8b00f0ed7e8e9,8,configs/s5_analysis_bn.yaml,3.12.13,Linux-6.12.90+-x86_64-with-glibc2.35,rag_neural_symbolic_feedback,1,43,1,0.9887721301580157,0.9720434924039267,0.01672863775408895
2026-08-22T14:47:16.361858+00:00,e85c645134dafe5024515cf86aa8b00f0ed7e8e9,8,configs/s5_analysis_bn.yaml,3.12.13,Linux-6.12.90+-x86_64-with-glibc2.35,rag_neural_loop,0,43,1,0.9999999999403923,0.9833253792809957,0.016674620659396622
2026-08-22T14:47:16.361858+00:00,e85c645134dafe5024515cf86aa8b00f0ed7e8e9,8,configs/s5_analysis_bn.yaml,3.12.13,Linux-6.12.90+-x86_64-with-glibc2.35,rag_symbolic_loop,0,43,1,0.9999999999403923,0.9833253792809957,0.016674620659396622
2026-08-22T14:47:16.361858+00:00,e85c645134dafe5024515cf86aa8b00f0ed7e8e9,8,configs/s5_analysis_bn.yaml,3.12.13,Linux-6.12.90+-x86_64-with-glibc2.35,rag_neural_symbolic_feedback,0,43,1,0.9999999999403923,0.9833253792809957,0.016674620659396622
2026-08-22T14:47:16.361858+00:00,e85c645134dafe5024515cf86aa8b00f0ed7e8e9,8,configs/s5_analysis_bn.yaml,3.12.13,Linux-6.12.90+-x86_64-with-glibc2.35,rag_neural_loop,1,43,1,4.838017885531871e-08,0.048805566989693704,-0.04880551860951485
2026-08-22T14:47:16.361858+00:00,e85c645134dafe5024515cf86aa8b00f0ed7e8e9,8,configs/s5_analysis_bn.yaml,3.12.13,Linux-6.12.90+-x86_64-with-glibc2.35,rag_neural_loop,1,43,2,1.6539893138703026e-05,0.03745707056892646,-0.03744053067578775
2026-08-22T14:47:16.361858+00:00,e85c645134dafe5024515cf86aa8b00f0ed7e8e9,8,configs/s5_analysis_bn.yaml,3.12.13,Linux-6.12.90+-x86_64-with-glibc2.35,rag_neural_loop,1,43,3,0.9390913480024067,0.7036629215196719,0.23542842648273477
2026-08-22T14:47:16.361858+00:00,e85c645134dafe5024515cf86aa8b00f0ed7e8e9,8,configs/s5_analysis_bn.yaml,3.12.13,Linux-6.12.90+-x86_64-with-glibc2.35,rag_symbolic_loop,1,43,1,4.838017885531871e-08,0.048805566989693704,-0.04880551860951485
2026-08-22T14:47:16.361858+00:00,e85c645134dafe5024515cf86aa8b00f0ed7e8e9,8,configs/s5_analysis_bn.yaml,3.12.13,Linux-6.12.90+-x86_64-with-glibc2.35,rag_symbolic_loop,1,43,2,8.265248564164618e-05,0.6444162630784611,-0.6443336105928195
2026-08-22T14:47:16.361858+00:00,e85c645134dafe5024515cf86aa8b00f0ed7e8e9,8,configs/s5_analysis_bn.yaml,3.12.13,Linux-6.12.90+-x86_64-with-glibc2.35,rag_symbolic_loop,1,43,3,0.5534788266439206,0.12369835150412531,0.4297804751397952
2026-08-22T14:47:16.361858+00:00,e85c645134dafe5024515cf86aa8b00f0ed7e8e9,8,configs/s5_analysis_bn.yaml,3.12.13,Linux-6.12.90+-x86_64-with-glibc2.35,rag_neural_symbolic_feedback,1,43,1,4.838017885531871e-08,0.048805566989693704,-0.04880551860951485
2026-08-22T14:47:16.361858+00:00,e85c645134dafe5024515cf86aa8b00f0ed7e8e9,8,configs/s5_analysis_bn.yaml,3.12.13,Linux-6.12.90+-x86_64-with-glibc2.35,rag_neural_symbolic_feedback,1,43,2,7.030395477079167e-07,0.5831644573985935,-0.5831637543590458
2026-08-22T14:47:16.361858+00:00,e85c645134dafe5024515cf86aa8b00f0ed7e8e9,8,configs/s5_analysis_bn.yaml,3.12.13,Linux-6.12.90+-x86_64-with-glibc2.35,rag_neural_symbolic_feedback,1,43,3,7.077691194305221e-06,0.020195882854054787,-0.020188805162860483
2026-08-22T14:47:16.361858+00:00,e85c645134dafe5024515cf86aa8b00f0ed7e8e9,8,configs/s5_analysis_bn.yaml,3.12.13,Linux-6.12.90+-x86_64-with-glibc2.35,rag_neural_loop,0,43,1,0.005218073569116077,0.023131679641074765,-0.017913606071958688
2026-08-22T14:47:16.361858+00:00,e85c645134dafe5024515cf86aa8b00f0ed7e8e9,8,configs/s5_analysis_bn.yaml,3.12.13,Linux-6.12.90+-x86_64-with-glibc2.35,rag_neural_loop,0,43,2,0.99999998188573,0.984458784727323,0.015541197158407072
2026-08-22T14:47:16.361858+00:00,e85c645134dafe5024515cf86aa8b00f0ed7e8e9,8,configs/s5_analysis_bn.yaml,3.12.13,Linux-6.12.90+-x86_64-with-glibc2.35,rag_symbolic_loop,0,43,1,0.005218073569116077,0.023131679641074765,-0.017913606071958688
2026-08-22T14:47:16.361858+00:00,e85c645134dafe5024515cf86aa8b00f0ed7e8e9,8,configs/s5_analysis_bn.yaml,3.12.13,Linux-6.12.90+-x86_64-with-glibc2.35,rag_neural_symbolic_feedback,0,43,1,0.005218073569116077,0.023131679641074765,-0.017913606071958688
2026-08-22T14:47:16.361858+00:00,e85c645134dafe5024515cf86aa8b00f0ed7e8e9,8,configs/s5_analysis_bn.yaml,3.12.13,Linux-6.12.90+-x86_64-with-glibc2.35,rag_neural_symbolic_feedback,0,43,2,0.003576512783122099,0.026297334600873357,-0.022720821817751258
2026-08-22T14:47:16.361858+00:00,e85c645134dafe5024515cf86aa8b00f0ed7e8e9,8,configs/s5_analysis_bn.yaml,3.12.13,Linux-6.12.90+-x86_64-with-glibc2.35,rag_neural_symbolic_feedback,0,43,3,0.003232889806271677,0.027136981337854804,-0.023904091531583127
2026-08-22T14:47:16.361858+00:00,e85c645134dafe5024515cf86aa8b00f0ed7e8e9,8,configs/s5_analysis_bn.yaml,3.12.13,Linux-6.12.90+-x86_64-with-glibc2.35,rag_neural_loop,1,43,1,0.9996918975382372,0.9587973296831384,0.04089456785509882
2026-08-22T14:47:16.361858+00:00,e85c645134dafe5024515cf86aa8b00f0ed7e8e9,8,configs/s5_analysis_bn.yaml,3.12.13,Linux-6.12.90+-x86_64-with-glibc2.35,rag_symbolic_loop,1,43,1,0.9996918975382372,0.9587973296831384,0.04089456785509882
2026-08-22T14:47:16.361858+00:00,e85c645134dafe5024515cf86aa8b00f0ed7e8e9,8,configs/s5_analysis_bn.yaml,3.12.13,Linux-6.12.90+-x86_64-with-glibc2.35,rag_neural_symbolic_feedback,1,43,1,0.9996918975382372,0.9587973296831384,0.04089456785509882
2026-08-22T14:47:16.361858+00:00,e85c645134dafe5024515cf86aa8b00f0ed7e8e9,8,configs/s5_analysis_bn.yaml,3.12.13,Linux-6.12.90+-x86_64-with-glibc2.35,rag_neural_loop,0,43,1,0.9999999999991863,0.9854522498379901,0.014547750161196249
2026-08-22T14:47:16.361858+00:00,e85c645134dafe5024515cf86aa8b00f0ed7e8e9,8,configs/s5_analysis_bn.yaml,3.12.13,Linux-6.12.90+-x86_64-with-glibc2.35,rag_symbolic_loop,0,43,1,0.9999999999991863,0.9854522498379901,0.014547750161196249
2026-08-22T14:47:16.361858+00:00,e85c645134dafe5024515cf86aa8b00f0ed7e8e9,8,configs/s5_analysis_bn.yaml,3.12.13,Linux-6.12.90+-x86_64-with-glibc2.35,rag_neural_symbolic_feedback,0,43,1,0.9999999999991863,0.9854522498379901,0.014547750161196249
2026-08-22T14:47:16.361858+00:00,e85c645134dafe5024515cf86aa8b00f0ed7e8e9,8,configs/s5_analysis_bn.yaml,3.12.13,Linux-6.12.90+-x86_64-with-glibc2.35,rag_neural_loop,1,43,1,0.01675227484260301,0.06360259174050828,-0.04685031689790527
2026-08-22T14:47:16.361858+00:00,e85c645134dafe5024515cf86aa8b00f0ed7e8e9,8,configs/s5_analysis_bn.yaml,3.12.13,Linux-6.12.90+-x86_64-with-glibc2.35,rag_neural_loop,1,43,2,0.9749442109680923,0.9773129779610277,-0.0023687669929354227
2026-08-22T14:47:16.361858+00:00,e85c645134dafe5024515cf86aa8b00f0ed7e8e9,8,configs/s5_analysis_bn.yaml,3.12.13,Linux-6.12.90+-x86_64-with-glibc2.35,rag_symbolic_loop,1,43,1,0.01675227484260301,0.06360260462962554,-0.04685032978702253
2026-08-22T14:47:16.361858+00:00,e85c645134dafe5024515cf86aa8b00f0ed7e8e9,8,configs/s5_analysis_bn.yaml,3.12.13,Linux-6.12.90+-x86_64-with-glibc2.35,rag_neural_symbolic_feedback,1,43,1,0.01675227484260301,0.06360260462962554,-0.04685032978702253
2026-08-22T14:47:16.361858+00:00,e85c645134dafe5024515cf86aa8b00f0ed7e8e9,8,configs/s5_analysis_bn.yaml,3.12.13,Linux-6.12.90+-x86_64-with-glibc2.35,rag_neural_symbolic_feedback,1,43,2,2.782820186692834e-05,0.020843720345851333,-0.020815892143984403
2026-08-22T14:47:16.361858+00:00,e85c645134dafe5024515cf86aa8b00f0ed7e8e9,8,configs/s5_analysis_bn.yaml,3.12.13,Linux-6.12.90+-x86_64-with-glibc2.35,rag_neural_symbolic_feedback,1,43,3,2.5967586386234695e-05,0.028725789198506615,-0.028699821612120383
2026-08-22T14:47:16.361858+00:00,e85c645134dafe5024515cf86aa8b00f0ed7e8e9,8,configs/s5_analysis_bn.yaml,3.12.13,Linux-6.12.90+-x86_64-with-glibc2.35,rag_neural_loop,0,44,1,0.9999999999984952,0.9852784756942758,0.014721524304219358
2026-08-22T14:47:16.361858+00:00,e85c645134dafe5024515cf86aa8b00f0ed7e8e9,8,configs/s5_analysis_bn.yaml,3.12.13,Linux-6.12.90+-x86_64-with-glibc2.35,rag_symbolic_loop,0,44,1,0.9999999999984952,0.9852784756942758,0.014721524304219358
2026-08-22T14:47:16.361858+00:00,e85c645134dafe5024515cf86aa8b00f0ed7e8e9,8,configs/s5_analysis_bn.yaml,3.12.13,Linux-6.12.90+-x86_64-with-glibc2.35,rag_neural_symbolic_feedback,0,44,1,0.9999999999984952,0.9852784756942758,0.014721524304219358
2026-08-22T14:47:16.361858+00:00,e85c645134dafe5024515cf86aa8b00f0ed7e8e9,8,configs/s5_analysis_bn.yaml,3.12.13,Linux-6.12.90+-x86_64-with-glibc2.35,rag_neural_loop,1,44,1,0.9996055440048458,0.9655312410899477,0.0340743029148981
2026-08-22T14:47:16.361858+00:00,e85c645134dafe5024515cf86aa8b00f0ed7e8e9,8,configs/s5_analysis_bn.yaml,3.12.13,Linux-6.12.90+-x86_64-with-glibc2.35,rag_symbolic_loop,1,44,1,0.9996055440048458,0.9655312410899477,0.0340743029148981
2026-08-22T14:47:16.361858+00:00,e85c645134dafe5024515cf86aa8b00f0ed7e8e9,8,configs/s5_analysis_bn.yaml,3.12.13,Linux-6.12.90+-x86_64-with-glibc2.35,rag_neural_symbolic_feedback,1,44,1,0.9996055440048458,0.9655312410899477,0.0340743029148981
2026-08-22T14:47:16.361858+00:00,e85c645134dafe5024515cf86aa8b00f0ed7e8e9,8,configs/s5_analysis_bn.yaml,3.12.13,Linux-6.12.90+-x86_64-with-glibc2.35,rag_neural_loop,0,44,1,0.27547453520374965,0.02530981811209032,0.2501647170916593
2026-08-22T14:47:16.361858+00:00,e85c645134dafe5024515cf86aa8b00f0ed7e8e9,8,configs/s5_analysis_bn.yaml,3.12.13,Linux-6.12.90+-x86_64-with-glibc2.35,rag_neural_loop,0,44,2,2.850819769140145e-08,0.020503273549753454,-0.020503245041555762
2026-08-22T14:47:16.361858+00:00,e85c645134dafe5024515cf86aa8b00f0ed7e8e9,8,configs/s5_analysis_bn.yaml,3.12.13,Linux-6.12.90+-x86_64-with-glibc2.35,rag_neural_loop,0,44,3,0.2826152809108652,0.0824447632581028,0.2001705176527624
2026-08-22T14:47:16.361858+00:00,e85c645134dafe5024515cf86aa8b00f0ed7e8e9,8,configs/s5_analysis_bn.yaml,3.12.13,Linux-6.12.90+-x86_64-with-glibc2.35,rag_symbolic_loop,0,44,1,0.27547453520374965,0.02530981811209032,0.2501647170916593
2026-08-22T14:47:16.361858+00:00,e85c645134dafe5024515cf86aa8b00f0ed7e8e9,8,configs/s5_analysis_bn.yaml,3.12.13,Linux-6.12.90+-x86_64-with-glibc2.35,rag_neural_symbolic_feedback,0,44,1,0.27547453520374965,0.02530981811209032,0.2501647170916593
2026-08-22T14:47:16.361858+00:00,e85c645134dafe5024515cf86aa8b00f0ed7e8e9,8,configs/s5_analysis_bn.yaml,3.12.13,Linux-6.12.90+-x86_64-with-glibc2.35,rag_neural_symbolic_feedback,0,44,2,2.6415314380301425e-11,0.029627713775456033,-0.02962771374904072
2026-08-22T14:47:16.361858+00:00,e85c645134dafe5024515cf86aa8b00f0ed7e8e9,8,configs/s5_analysis_bn.yaml,3.12.13,Linux-6.12.90+-x86_64-with-glibc2.35,rag_neural_symbolic_feedback,0,44,3,0.9999999989218923,0.9813171162127442,0.018682882709148085
2026-08-22T14:47:16.361858+00:00,e85c645134dafe5024515cf86aa8b00f0ed7e8e9,8,configs/s5_analysis_bn.yaml,3.12.13,Linux-6.12.90+-x86_64-with-glibc2.35,rag_neural_loop,1,44,1,0.9351426441576226,0.9663906552272945,-0.0312480110696719
2026-08-22T14:47:16.361858+00:00,e85c645134dafe5024515cf86aa8b00f0ed7e8e9,8,configs/s5_analysis_bn.yaml,3.12.13,Linux-6.12.90+-x86_64-with-glibc2.35,rag_symbolic_loop,1,44,1,0.9351426441576226,0.9663906552272945,-0.0312480110696719
2026-08-22T14:47:16.361858+00:00,e85c645134dafe5024515cf86aa8b00f0ed7e8e9,8,configs/s5_analysis_bn.yaml,3.12.13,Linux-6.12.90+-x86_64-with-glibc2.35,rag_neural_symbolic_feedback,1,44,1,0.9351426441576226,0.9663906552272945,-0.0312480110696719
2026-08-22T14:47:16.361858+00:00,e85c645134dafe5024515cf86aa8b00f0ed7e8e9,8,configs/s5_analysis_bn.yaml,3.12.13,Linux-6.12.90+-x86_64-with-glibc2.35,rag_neural_loop,0,44,1,0.9999999998454859,0.9854301978499101,0.014569801995575782
2026-08-22T14:47:16.361858+00:00,e85c645134dafe5024515cf86aa8b00f0ed7e8e9,8,configs/s5_analysis_bn.yaml,3.12.13,Linux-6.12.90+-x86_64-with-glibc2.35,rag_symbolic_loop,0,44,1,0.9999999998454859,0.9854301978499101,0.014569801995575782
2026-08-22T14:47:16.361858+00:00,e85c645134dafe5024515cf86aa8b00f0ed7e8e9,8,configs/s5_analysis_bn.yaml,3.12.13,Linux-6.12.90+-x86_64-with-glibc2.35,rag_neural_symbolic_feedback,0,44,1,0.9999999998454859,0.9854301978499101,0.014569801995575782
2026-08-22T14:47:16.361858+00:00,e85c645134dafe5024515cf86aa8b00f0ed7e8e9,8,configs/s5_analysis_bn.yaml,3.12.13,Linux-6.12.90+-x86_64-with-glibc2.35,rag_neural_loop,1,44,1,0.9999948331087614,0.9508613914596309,0.04913344164913047
2026-08-22T14:47:16.361858+00:00,e85c645134dafe5024515cf86aa8b00f0ed7e8e9,8,configs/s5_analysis_bn.yaml,3.12.13,Linux-6.12.90+-x86_64-with-glibc2.35,rag_symbolic_loop,1,44,1,0.9999948331087614,0.9508613914596309,0.04913344164913047
2026-08-22T14:47:16.361858+00:00,e85c645134dafe5024515cf86aa8b00f0ed7e8e9,8,configs/s5_analysis_bn.yaml,3.12.13,Linux-6.12.90+-x86_64-with-glibc2.35,rag_symbolic_loop,1,44,2,0.000798214771181187,0.01533832812405305,-0.014540113352871864
2026-08-22T14:47:16.361858+00:00,e85c645134dafe5024515cf86aa8b00f0ed7e8e9,8,configs/s5_analysis_bn.yaml,3.12.13,Linux-6.12.90+-x86_64-with-glibc2.35,rag_neural_symbolic_feedback,1,44,1,0.9999948331087614,0.9508613914596309,0.04913344164913047
2026-08-22T14:47:16.361858+00:00,e85c645134dafe5024515cf86aa8b00f0ed7e8e9,8,configs/s5_analysis_bn.yaml,3.12.13,Linux-6.12.90+-x86_64-with-glibc2.35,rag_neural_loop,0,44,1,0.9999999999994309,0.9859949135092202,0.014005086490210705
2026-08-22T14:47:16.361858+00:00,e85c645134dafe5024515cf86aa8b00f0ed7e8e9,8,configs/s5_analysis_bn.yaml,3.12.13,Linux-6.12.90+-x86_64-with-glibc2.35,rag_symbolic_loop,0,44,1,0.9999999999994309,0.9859949135092202,0.014005086490210705
2026-08-22T14:47:16.361858+00:00,e85c645134dafe5024515cf86aa8b00f0ed7e8e9,8,configs/s5_analysis_bn.yaml,3.12.13,Linux-6.12.90+-x86_64-with-glibc2.35,rag_neural_symbolic_feedback,0,44,1,0.9999999999994309,0.9859949135092202,0.014005086490210705
2026-08-22T14:47:16.361858+00:00,e85c645134dafe5024515cf86aa8b00f0ed7e8e9,8,configs/s5_analysis_bn.yaml,3.12.13,Linux-6.12.90+-x86_64-with-glibc2.35,rag_neural_loop,1,44,1,0.9999996715075288,0.9751935063054996,0.024806165202029162
2026-08-22T14:47:16.361858+00:00,e85c645134dafe5024515cf86aa8b00f0ed7e8e9,8,configs/s5_analysis_bn.yaml,3.12.13,Linux-6.12.90+-x86_64-with-glibc2.35,rag_symbolic_loop,1,44,1,0.9999996715075288,0.9751935063054996,0.024806165202029162
2026-08-22T14:47:16.361858+00:00,e85c645134dafe5024515cf86aa8b00f0ed7e8e9,8,configs/s5_analysis_bn.yaml,3.12.13,Linux-6.12.90+-x86_64-with-glibc2.35,rag_symbolic_loop,1,44,2,0.999693244023175,0.891025090780828,0.10866815324234702
2026-08-22T14:47:16.361858+00:00,e85c645134dafe5024515cf86aa8b00f0ed7e8e9,8,configs/s5_analysis_bn.yaml,3.12.13,Linux-6.12.90+-x86_64-with-glibc2.35,rag_symbolic_loop,1,44,3,0.33994920211949187,0.025059149895951458,0.3148900522235404
2026-08-22T14:47:16.361858+00:00,e85c645134dafe5024515cf86aa8b00f0ed7e8e9,8,configs/s5_analysis_bn.yaml,3.12.13,Linux-6.12.90+-x86_64-with-glibc2.35,rag_neural_symbolic_feedback,1,44,1,0.9999996715075288,0.9751935063054996,0.024806165202029162
2026-08-22T14:47:16.361858+00:00,e85c645134dafe5024515cf86aa8b00f0ed7e8e9,8,configs/s5_analysis_bn.yaml,3.12.13,Linux-6.12.90+-x86_64-with-glibc2.35,rag_neural_loop,0,44,1,0.9999840741951069,0.2836546084912698,0.7163294657038372
2026-08-22T14:47:16.361858+00:00,e85c645134dafe5024515cf86aa8b00f0ed7e8e9,8,configs/s5_analysis_bn.yaml,3.12.13,Linux-6.12.90+-x86_64-with-glibc2.35,rag_symbolic_loop,0,44,1,0.9999840741951069,0.2836546084912698,0.7163294657038372
2026-08-22T14:47:16.361858+00:00,e85c645134dafe5024515cf86aa8b00f0ed7e8e9,8,configs/s5_analysis_bn.yaml,3.12.13,Linux-6.12.90+-x86_64-with-glibc2.35,rag_neural_symbolic_feedback,0,44,1,0.9999840741951069,0.2836546084912698,0.7163294657038372
2026-08-22T14:47:16.361858+00:00,e85c645134dafe5024515cf86aa8b00f0ed7e8e9,8,configs/s5_analysis_bn.yaml,3.12.13,Linux-6.12.90+-x86_64-with-glibc2.35,rag_neural_loop,1,44,1,0.6468627461051779,0.9451719886107387,-0.2983092425055608
2026-08-22T14:47:16.361858+00:00,e85c645134dafe5024515cf86aa8b00f0ed7e8e9,8,configs/s5_analysis_bn.yaml,3.12.13,Linux-6.12.90+-x86_64-with-glibc2.35,rag_symbolic_loop,1,44,1,0.6468627461051779,0.9451719886107387,-0.2983092425055608
2026-08-22T14:47:16.361858+00:00,e85c645134dafe5024515cf86aa8b00f0ed7e8e9,8,configs/s5_analysis_bn.yaml,3.12.13,Linux-6.12.90+-x86_64-with-glibc2.35,rag_neural_symbolic_feedback,1,44,1,0.6468627461051779,0.9451719886107387,-0.2983092425055608
2026-08-22T14:47:16.361858+00:00,e85c645134dafe5024515cf86aa8b00f0ed7e8e9,8,configs/s5_analysis_bn.yaml,3.12.13,Linux-6.12.90+-x86_64-with-glibc2.35,rag_neural_loop,0,44,1,0.9999999998208746,0.9484815087060874,0.051518491114787235
2026-08-22T14:47:16.361858+00:00,e85c645134dafe5024515cf86aa8b00f0ed7e8e9,8,configs/s5_analysis_bn.yaml,3.12.13,Linux-6.12.90+-x86_64-with-glibc2.35,rag_symbolic_loop,0,44,1,0.9999999998208746,0.9484815087060874,0.051518491114787235
2026-08-22T14:47:16.361858+00:00,e85c645134dafe5024515cf86aa8b00f0ed7e8e9,8,configs/s5_analysis_bn.yaml,3.12.13,Linux-6.12.90+-x86_64-with-glibc2.35,rag_neural_symbolic_feedback,0,44,1,0.9999999998208746,0.9484815087060874,0.051518491114787235
2026-08-22T14:47:16.361858+00:00,e85c645134dafe5024515cf86aa8b00f0ed7e8e9,8,configs/s5_analysis_bn.yaml,3.12.13,Linux-6.12.90+-x86_64-with-glibc2.35,rag_neural_loop,1,44,1,1.3645397415213577e-07,0.024106188882249413,-0.024106052428275262
2026-08-22T14:47:16.361858+00:00,e85c645134dafe5024515cf86aa8b00f0ed7e8e9,8,configs/s5_analysis_bn.yaml,3.12.13,Linux-6.12.90+-x86_64-with-glibc2.35,rag_neural_loop,1,44,2,0.04853288880603838,0.9159231031126049,-0.8673902143065666
2026-08-22T14:47:16.361858+00:00,e85c645134dafe5024515cf86aa8b00f0ed7e8e9,8,configs/s5_analysis_bn.yaml,3.12.13,Linux-6.12.90+-x86_64-with-glibc2.35,rag_neural_loop,1,44,3,0.17806014945377008,0.9713112204007791,-0.7932510709470091
2026-08-22T14:47:16.361858+00:00,e85c645134dafe5024515cf86aa8b00f0ed7e8e9,8,configs/s5_analysis_bn.yaml,3.12.13,Linux-6.12.90+-x86_64-with-glibc2.35,rag_symbolic_loop,1,44,1,1.3645397415213577e-07,0.02410616717470391,-0.024106030720729758
2026-08-22T14:47:16.361858+00:00,e85c645134dafe5024515cf86aa8b00f0ed7e8e9,8,configs/s5_analysis_bn.yaml,3.12.13,Linux-6.12.90+-x86_64-with-glibc2.35,rag_symbolic_loop,1,44,2,0.9986151118250156,0.9615418584297897,0.037073253395225936
2026-08-22T14:47:16.361858+00:00,e85c645134dafe5024515cf86aa8b00f0ed7e8e9,8,configs/s5_analysis_bn.yaml,3.12.13,Linux-6.12.90+-x86_64-with-glibc2.35,rag_neural_symbolic_feedback,1,44,1,1.3645397415213577e-07,0.02410616717470391,-0.024106030720729758
2026-08-22T14:47:16.361858+00:00,e85c645134dafe5024515cf86aa8b00f0ed7e8e9,8,configs/s5_analysis_bn.yaml,3.12.13,Linux-6.12.90+-x86_64-with-glibc2.35,rag_neural_symbolic_feedback,1,44,2,0.9599725317499319,0.9622640295936038,-0.002291497843671886
2026-08-22T14:47:16.361858+00:00,e85c645134dafe5024515cf86aa8b00f0ed7e8e9,8,configs/s5_analysis_bn.yaml,3.12.13,Linux-6.12.90+-x86_64-with-glibc2.35,rag_neural_loop,0,44,1,0.40985121791244716,0.06508291324905591,0.34476830466339126
2026-08-22T14:47:16.361858+00:00,e85c645134dafe5024515cf86aa8b00f0ed7e8e9,8,configs/s5_analysis_bn.yaml,3.12.13,Linux-6.12.90+-x86_64-with-glibc2.35,rag_neural_loop,0,44,2,0.9049685955246658,0.7466472427990135,0.1583213527256523
2026-08-22T14:47:16.361858+00:00,e85c645134dafe5024515cf86aa8b00f0ed7e8e9,8,configs/s5_analysis_bn.yaml,3.12.13,Linux-6.12.90+-x86_64-with-glibc2.35,rag_symbolic_loop,0,44,1,0.40985121791244716,0.06508291324905591,0.34476830466339126
2026-08-22T14:47:16.361858+00:00,e85c645134dafe5024515cf86aa8b00f0ed7e8e9,8,configs/s5_analysis_bn.yaml,3.12.13,Linux-6.12.90+-x86_64-with-glibc2.35,rag_neural_symbolic_feedback,0,44,1,0.40985121791244716,0.06508291324905591,0.34476830466339126
2026-08-22T14:47:16.361858+00:00,e85c645134dafe5024515cf86aa8b00f0ed7e8e9,8,configs/s5_analysis_bn.yaml,3.12.13,Linux-6.12.90+-x86_64-with-glibc2.35,rag_neural_symbolic_feedback,0,44,2,0.009211489941362228,0.022895188540055456,-0.013683698598693228
2026-08-22T14:47:16.361858+00:00,e85c645134dafe5024515cf86aa8b00f0ed7e8e9,8,configs/s5_analysis_bn.yaml,3.12.13,Linux-6.12.90+-x86_64-with-glibc2.35,rag_neural_symbolic_feedback,0,44,3,0.9994587889911709,0.05318991912288673,0.9462688698682842
2026-08-22T14:47:16.361858+00:00,e85c645134dafe5024515cf86aa8b00f0ed7e8e9,8,configs/s5_analysis_bn.yaml,3.12.13,Linux-6.12.90+-x86_64-with-glibc2.35,rag_neural_loop,1,44,1,0.9274469306303056,0.9773366044636544,-0.04988967383334886
2026-08-22T14:47:16.361858+00:00,e85c645134dafe5024515cf86aa8b00f0ed7e8e9,8,configs/s5_analysis_bn.yaml,3.12.13,Linux-6.12.90+-x86_64-with-glibc2.35,rag_symbolic_loop,1,44,1,0.9274469306303056,0.9773366044636544,-0.04988967383334886
2026-08-22T14:47:16.361858+00:00,e85c645134dafe5024515cf86aa8b00f0ed7e8e9,8,configs/s5_analysis_bn.yaml,3.12.13,Linux-6.12.90+-x86_64-with-glibc2.35,rag_symbolic_loop,1,44,2,0.032902143861254105,0.9589631984254169,-0.9260610545641628
2026-08-22T14:47:16.361858+00:00,e85c645134dafe5024515cf86aa8b00f0ed7e8e9,8,configs/s5_analysis_bn.yaml,3.12.13,Linux-6.12.90+-x86_64-with-glibc2.35,rag_symbolic_loop,1,44,3,0.061413942825962596,0.9605527420803829,-0.8991387992544203
2026-08-22T14:47:16.361858+00:00,e85c645134dafe5024515cf86aa8b00f0ed7e8e9,8,configs/s5_analysis_bn.yaml,3.12.13,Linux-6.12.90+-x86_64-with-glibc2.35,rag_neural_symbolic_feedback,1,44,1,0.9274469306303056,0.9773366044636544,-0.04988967383334886
2026-08-22T14:47:16.361858+00:00,e85c645134dafe5024515cf86aa8b00f0ed7e8e9,8,configs/s5_analysis_bn.yaml,3.12.13,Linux-6.12.90+-x86_64-with-glibc2.35,rag_neural_loop,0,44,1,0.9999999999999927,0.9844599004498953,0.015540099550097386
2026-08-22T14:47:16.361858+00:00,e85c645134dafe5024515cf86aa8b00f0ed7e8e9,8,configs/s5_analysis_bn.yaml,3.12.13,Linux-6.12.90+-x86_64-with-glibc2.35,rag_symbolic_loop,0,44,1,0.9999999999999927,0.9844599004498953,0.015540099550097386
2026-08-22T14:47:16.361858+00:00,e85c645134dafe5024515cf86aa8b00f0ed7e8e9,8,configs/s5_analysis_bn.yaml,3.12.13,Linux-6.12.90+-x86_64-with-glibc2.35,rag_neural_symbolic_feedback,0,44,1,0.9999999999999927,0.9844599004498953,0.015540099550097386
2026-08-22T14:47:16.361858+00:00,e85c645134dafe5024515cf86aa8b00f0ed7e8e9,8,configs/s5_analysis_bn.yaml,3.12.13,Linux-6.12.90+-x86_64-with-glibc2.35,rag_neural_loop,1,44,1,0.6971525033158317,0.9679445674857494,-0.27079206416991775
2026-08-22T14:47:16.361858+00:00,e85c645134dafe5024515cf86aa8b00f0ed7e8e9,8,configs/s5_analysis_bn.yaml,3.12.13,Linux-6.12.90+-x86_64-with-glibc2.35,rag_symbolic_loop,1,44,1,0.6971525033158317,0.9679445674857494,-0.27079206416991775
2026-08-22T14:47:16.361858+00:00,e85c645134dafe5024515cf86aa8b00f0ed7e8e9,8,configs/s5_analysis_bn.yaml,3.12.13,Linux-6.12.90+-x86_64-with-glibc2.35,rag_symbolic_loop,1,44,2,0.0017575851289174053,0.8733672250719261,-0.8716096399430087
2026-08-22T14:47:16.361858+00:00,e85c645134dafe5024515cf86aa8b00f0ed7e8e9,8,configs/s5_analysis_bn.yaml,3.12.13,Linux-6.12.90+-x86_64-with-glibc2.35,rag_symbolic_loop,1,44,3,0.14928900039748982,0.9401065489765928,-0.790817548579103
2026-08-22T14:47:16.361858+00:00,e85c645134dafe5024515cf86aa8b00f0ed7e8e9,8,configs/s5_analysis_bn.yaml,3.12.13,Linux-6.12.90+-x86_64-with-glibc2.35,rag_neural_symbolic_feedback,1,44,1,0.6971525033158317,0.9679445674857494,-0.27079206416991775
2026-08-22T14:47:16.361858+00:00,e85c645134dafe5024515cf86aa8b00f0ed7e8e9,8,configs/s5_analysis_bn.yaml,3.12.13,Linux-6.12.90+-x86_64-with-glibc2.35,rag_neural_loop,0,44,1,0.99999995941913,0.9857660302649749,0.014233929154155112
2026-08-22T14:47:16.361858+00:00,e85c645134dafe5024515cf86aa8b00f0ed7e8e9,8,configs/s5_analysis_bn.yaml,3.12.13,Linux-6.12.90+-x86_64-with-glibc2.35,rag_symbolic_loop,0,44,1,0.99999995941913,0.9857660302649749,0.014233929154155112
2026-08-22T14:47:16.361858+00:00,e85c645134dafe5024515cf86aa8b00f0ed7e8e9,8,configs/s5_analysis_bn.yaml,3.12.13,Linux-6.12.90+-x86_64-with-glibc2.35,rag_neural_symbolic_feedback,0,44,1,0.99999995941913,0.9857660302649749,0.014233929154155112
2026-08-22T14:47:16.361858+00:00,e85c645134dafe5024515cf86aa8b00f0ed7e8e9,8,configs/s5_analysis_bn.yaml,3.12.13,Linux-6.12.90+-x86_64-with-glibc2.35,rag_neural_loop,1,44,1,0.9995037866170973,0.9746324689714273,0.024871317645669966
2026-08-22T14:47:16.361858+00:00,e85c645134dafe5024515cf86aa8b00f0ed7e8e9,8,configs/s5_analysis_bn.yaml,3.12.13,Linux-6.12.90+-x86_64-with-glibc2.35,rag_symbolic_loop,1,44,1,0.9995037866170973,0.9746324689714273,0.024871317645669966
2026-08-22T14:47:16.361858+00:00,e85c645134dafe5024515cf86aa8b00f0ed7e8e9,8,configs/s5_analysis_bn.yaml,3.12.13,Linux-6.12.90+-x86_64-with-glibc2.35,rag_neural_symbolic_feedback,1,44,1,0.9995037866170973,0.9746324689714273,0.024871317645669966
2026-08-22T14:47:16.361858+00:00,e85c645134dafe5024515cf86aa8b00f0ed7e8e9,8,configs/s5_analysis_bn.yaml,3.12.13,Linux-6.12.90+-x86_64-with-glibc2.35,rag_neural_loop,0,44,1,0.5127338994163952,0.03576679810127148,0.47696710131512376
2026-08-22T14:47:16.361858+00:00,e85c645134dafe5024515cf86aa8b00f0ed7e8e9,8,configs/s5_analysis_bn.yaml,3.12.13,Linux-6.12.90+-x86_64-with-glibc2.35,rag_symbolic_loop,0,44,1,0.5127338994163952,0.03576679810127148,0.47696710131512376
2026-08-22T14:47:16.361858+00:00,e85c645134dafe5024515cf86aa8b00f0ed7e8e9,8,configs/s5_analysis_bn.yaml,3.12.13,Linux-6.12.90+-x86_64-with-glibc2.35,rag_neural_symbolic_feedback,0,44,1,0.5127338994163952,0.03576679810127148,0.47696710131512376
2026-08-22T14:47:16.361858+00:00,e85c645134dafe5024515cf86aa8b00f0ed7e8e9,8,configs/s5_analysis_bn.yaml,3.12.13,Linux-6.12.90+-x86_64-with-glibc2.35,rag_neural_loop,1,44,1,0.9898305048810689,0.9709486898867737,0.0188818149942952
2026-08-22T14:47:16.361858+00:00,e85c645134dafe5024515cf86aa8b00f0ed7e8e9,8,configs/s5_analysis_bn.yaml,3.12.13,Linux-6.12.90+-x86_64-with-glibc2.35,rag_symbolic_loop,1,44,1,0.9898305048810689,0.9709486898867737,0.0188818149942952
2026-08-22T14:47:16.361858+00:00,e85c645134dafe5024515cf86aa8b00f0ed7e8e9,8,configs/s5_analysis_bn.yaml,3.12.13,Linux-6.12.90+-x86_64-with-glibc2.35,rag_neural_symbolic_feedback,1,44,1,0.9898305048810689,0.9709486898867737,0.0188818149942952
2026-08-22T14:47:16.361858+00:00,e85c645134dafe5024515cf86aa8b00f0ed7e8e9,8,configs/s5_analysis_bn.yaml,3.12.13,Linux-6.12.90+-x86_64-with-glibc2.35,rag_neural_loop,0,44,1,0.9999999962270382,0.9795198396784347,0.020480156548603468
2026-08-22T14:47:16.361858+00:00,e85c645134dafe5024515cf86aa8b00f0ed7e8e9,8,configs/s5_analysis_bn.yaml,3.12.13,Linux-6.12.90+-x86_64-with-glibc2.35,rag_symbolic_loop,0,44,1,0.9999999962270382,0.9795198396784347,0.020480156548603468
2026-08-22T14:47:16.361858+00:00,e85c645134dafe5024515cf86aa8b00f0ed7e8e9,8,configs/s5_analysis_bn.yaml,3.12.13,Linux-6.12.90+-x86_64-with-glibc2.35,rag_neural_symbolic_feedback,0,44,1,0.9999999962270382,0.9795198396784347,0.020480156548603468
2026-08-22T14:47:16.361858+00:00,e85c645134dafe5024515cf86aa8b00f0ed7e8e9,8,configs/s5_analysis_bn.yaml,3.12.13,Linux-6.12.90+-x86_64-with-glibc2.35,rag_neural_loop,1,44,1,0.009936514541095664,0.916523778252286,-0.9065872637111904
2026-08-22T14:47:16.361858+00:00,e85c645134dafe5024515cf86aa8b00f0ed7e8e9,8,configs/s5_analysis_bn.yaml,3.12.13,Linux-6.12.90+-x86_64-with-glibc2.35,rag_neural_loop,1,44,2,0.812292179204493,0.9729857224691655,-0.16069354326467244
2026-08-22T14:47:16.361858+00:00,e85c645134dafe5024515cf86aa8b00f0ed7e8e9,8,configs/s5_analysis_bn.yaml,3.12.13,Linux-6.12.90+-x86_64-with-glibc2.35,rag_symbolic_loop,1,44,1,0.009936514541095664,0.916523778252286,-0.9065872637111904
2026-08-22T14:47:16.361858+00:00,e85c645134dafe5024515cf86aa8b00f0ed7e8e9,8,configs/s5_analysis_bn.yaml,3.12.13,Linux-6.12.90+-x86_64-with-glibc2.35,rag_symbolic_loop,1,44,2,0.8828437458046642,0.9554732292996192,-0.07262948349495502
2026-08-22T14:47:16.361858+00:00,e85c645134dafe5024515cf86aa8b00f0ed7e8e9,8,configs/s5_analysis_bn.yaml,3.12.13,Linux-6.12.90+-x86_64-with-glibc2.35,rag_symbolic_loop,1,44,3,0.9999520269448291,0.9304314028623598,0.06952062408246928
2026-08-22T14:47:16.361858+00:00,e85c645134dafe5024515cf86aa8b00f0ed7e8e9,8,configs/s5_analysis_bn.yaml,3.12.13,Linux-6.12.90+-x86_64-with-glibc2.35,rag_neural_symbolic_feedback,1,44,1,0.009936514541095664,0.916523778252286,-0.9065872637111904
2026-08-22T14:47:16.361858+00:00,e85c645134dafe5024515cf86aa8b00f0ed7e8e9,8,configs/s5_analysis_bn.yaml,3.12.13,Linux-6.12.90+-x86_64-with-glibc2.35,rag_neural_symbolic_feedback,1,44,2,0.9355275786645602,0.9267194890290151,0.008808089635545024
2026-08-22T14:47:16.361858+00:00,e85c645134dafe5024515cf86aa8b00f0ed7e8e9,8,configs/s5_analysis_bn.yaml,3.12.13,Linux-6.12.90+-x86_64-with-glibc2.35,rag_neural_loop,0,44,1,0.9992804843890002,0.23426816368810377,0.7650123207008964
2026-08-22T14:47:16.361858+00:00,e85c645134dafe5024515cf86aa8b00f0ed7e8e9,8,configs/s5_analysis_bn.yaml,3.12.13,Linux-6.12.90+-x86_64-with-glibc2.35,rag_symbolic_loop,0,44,1,0.9992804843890002,0.23426816368810377,0.7650123207008964
2026-08-22T14:47:16.361858+00:00,e85c645134dafe5024515cf86aa8b00f0ed7e8e9,8,configs/s5_analysis_bn.yaml,3.12.13,Linux-6.12.90+-x86_64-with-glibc2.35,rag_neural_symbolic_feedback,0,44,1,0.9992804843890002,0.23426816368810377,0.7650123207008964
2026-08-22T14:47:16.361858+00:00,e85c645134dafe5024515cf86aa8b00f0ed7e8e9,8,configs/s5_analysis_bn.yaml,3.12.13,Linux-6.12.90+-x86_64-with-glibc2.35,rag_neural_loop,1,44,1,0.9999937260514279,0.9743744017876912,0.025619324263736698
2026-08-22T14:47:16.361858+00:00,e85c645134dafe5024515cf86aa8b00f0ed7e8e9,8,configs/s5_analysis_bn.yaml,3.12.13,Linux-6.12.90+-x86_64-with-glibc2.35,rag_symbolic_loop,1,44,1,0.9999937260514279,0.9743744017876912,0.025619324263736698
2026-08-22T14:47:16.361858+00:00,e85c645134dafe5024515cf86aa8b00f0ed7e8e9,8,configs/s5_analysis_bn.yaml,3.12.13,Linux-6.12.90+-x86_64-with-glibc2.35,rag_symbolic_loop,1,44,2,0.0008562011824481188,0.9697366386389047,-0.9688804374564566
2026-08-22T14:47:16.361858+00:00,e85c645134dafe5024515cf86aa8b00f0ed7e8e9,8,configs/s5_analysis_bn.yaml,3.12.13,Linux-6.12.90+-x86_64-with-glibc2.35,rag_symbolic_loop,1,44,3,0.010575091318827503,0.9547336345343852,-0.9441585432155577
2026-08-22T14:47:16.361858+00:00,e85c645134dafe5024515cf86aa8b00f0ed7e8e9,8,configs/s5_analysis_bn.yaml,3.12.13,Linux-6.12.90+-x86_64-with-glibc2.35,rag_neural_symbolic_feedback,1,44,1,0.9999937260514279,0.9743744017876912,0.025619324263736698
2026-08-22T14:47:16.361858+00:00,e85c645134dafe5024515cf86aa8b00f0ed7e8e9,8,configs/s5_analysis_bn.yaml,3.12.13,Linux-6.12.90+-x86_64-with-glibc2.35,rag_neural_loop,0,44,1,0.9999999999968077,0.9844007526423912,0.015599247354416423
2026-08-22T14:47:16.361858+00:00,e85c645134dafe5024515cf86aa8b00f0ed7e8e9,8,configs/s5_analysis_bn.yaml,3.12.13,Linux-6.12.90+-x86_64-with-glibc2.35,rag_symbolic_loop,0,44,1,0.9999999999968077,0.9844007526423912,0.015599247354416423
2026-08-22T14:47:16.361858+00:00,e85c645134dafe5024515cf86aa8b00f0ed7e8e9,8,configs/s5_analysis_bn.yaml,3.12.13,Linux-6.12.90+-x86_64-with-glibc2.35,rag_neural_symbolic_feedback,0,44,1,0.9999999999968077,0.9844007526423912,0.015599247354416423
2026-08-22T14:47:16.361858+00:00,e85c645134dafe5024515cf86aa8b00f0ed7e8e9,8,configs/s5_analysis_bn.yaml,3.12.13,Linux-6.12.90+-x86_64-with-glibc2.35,rag_neural_loop,1,44,1,0.9999999327808736,0.9724568201741448,0.027543112606728815
2026-08-22T14:47:16.361858+00:00,e85c645134dafe5024515cf86aa8b00f0ed7e8e9,8,configs/s5_analysis_bn.yaml,3.12.13,Linux-6.12.90+-x86_64-with-glibc2.35,rag_symbolic_loop,1,44,1,0.9999999327808736,0.9724568201741448,0.027543112606728815
2026-08-22T14:47:16.361858+00:00,e85c645134dafe5024515cf86aa8b00f0ed7e8e9,8,configs/s5_analysis_bn.yaml,3.12.13,Linux-6.12.90+-x86_64-with-glibc2.35,rag_neural_symbolic_feedback,1,44,1,0.9999999327808736,0.9724568201741448,0.027543112606728815
2026-08-22T14:47:16.361858+00:00,e85c645134dafe5024515cf86aa8b00f0ed7e8e9,8,configs/s5_analysis_bn.yaml,3.12.13,Linux-6.12.90+-x86_64-with-glibc2.35,rag_neural_loop,0,44,1,0.9999998925573453,0.9799314461991158,0.020068446358229575
2026-08-22T14:47:16.361858+00:00,e85c645134dafe5024515cf86aa8b00f0ed7e8e9,8,configs/s5_analysis_bn.yaml,3.12.13,Linux-6.12.90+-x86_64-with-glibc2.35,rag_symbolic_loop,0,44,1,0.9999998925573453,0.9799314461991158,0.020068446358229575
2026-08-22T14:47:16.361858+00:00,e85c645134dafe5024515cf86aa8b00f0ed7e8e9,8,configs/s5_analysis_bn.yaml,3.12.13,Linux-6.12.90+-x86_64-with-glibc2.35,rag_neural_symbolic_feedback,0,44,1,0.9999998925573453,0.9799314461991158,0.020068446358229575
2026-08-22T14:47:16.361858+00:00,e85c645134dafe5024515cf86aa8b00f0ed7e8e9,8,configs/s5_analysis_bn.yaml,3.12.13,Linux-6.12.90+-x86_64-with-glibc2.35,rag_neural_loop,1,44,1,0.9776698511383085,0.9562629027529238,0.021406948385384705
2026-08-22T14:47:16.361858+00:00,e85c645134dafe5024515cf86aa8b00f0ed7e8e9,8,configs/s5_analysis_bn.yaml,3.12.13,Linux-6.12.90+-x86_64-with-glibc2.35,rag_symbolic_loop,1,44,1,0.9776698511383085,0.9562629027529238,0.021406948385384705
2026-08-22T14:47:16.361858+00:00,e85c645134dafe5024515cf86aa8b00f0ed7e8e9,8,configs/s5_analysis_bn.yaml,3.12.13,Linux-6.12.90+-x86_64-with-glibc2.35,rag_symbolic_loop,1,44,2,0.2460119148810342,0.9580182260216905,-0.7120063111406563
2026-08-22T14:47:16.361858+00:00,e85c645134dafe5024515cf86aa8b00f0ed7e8e9,8,configs/s5_analysis_bn.yaml,3.12.13,Linux-6.12.90+-x86_64-with-glibc2.35,rag_symbolic_loop,1,44,3,0.999901717868716,0.9753372620846135,0.02456445578410249
2026-08-22T14:47:16.361858+00:00,e85c645134dafe5024515cf86aa8b00f0ed7e8e9,8,configs/s5_analysis_bn.yaml,3.12.13,Linux-6.12.90+-x86_64-with-glibc2.35,rag_neural_symbolic_feedback,1,44,1,0.9776698511383085,0.9562629027529238,0.021406948385384705
2026-08-22T14:47:16.361858+00:00,e85c645134dafe5024515cf86aa8b00f0ed7e8e9,8,configs/s5_analysis_bn.yaml,3.12.13,Linux-6.12.90+-x86_64-with-glibc2.35,rag_neural_loop,0,44,1,0.9999999986300104,0.9842862721054069,0.015713726524603566
2026-08-22T14:47:16.361858+00:00,e85c645134dafe5024515cf86aa8b00f0ed7e8e9,8,configs/s5_analysis_bn.yaml,3.12.13,Linux-6.12.90+-x86_64-with-glibc2.35,rag_symbolic_loop,0,44,1,0.9999999986300104,0.9842862721054069,0.015713726524603566
2026-08-22T14:47:16.361858+00:00,e85c645134dafe5024515cf86aa8b00f0ed7e8e9,8,configs/s5_analysis_bn.yaml,3.12.13,Linux-6.12.90+-x86_64-with-glibc2.35,rag_neural_symbolic_feedback,0,44,1,0.9999999986300104,0.9842862721054069,0.015713726524603566
2026-08-22T14:47:16.361858+00:00,e85c645134dafe5024515cf86aa8b00f0ed7e8e9,8,configs/s5_analysis_bn.yaml,3.12.13,Linux-6.12.90+-x86_64-with-glibc2.35,rag_neural_loop,1,44,1,0.9996584316917955,0.9514577802961505,0.048200651395645
2026-08-22T14:47:16.361858+00:00,e85c645134dafe5024515cf86aa8b00f0ed7e8e9,8,configs/s5_analysis_bn.yaml,3.12.13,Linux-6.12.90+-x86_64-with-glibc2.35,rag_symbolic_loop,1,44,1,0.9996584316917955,0.9514577802961505,0.048200651395645
2026-08-22T14:47:16.361858+00:00,e85c645134dafe5024515cf86aa8b00f0ed7e8e9,8,configs/s5_analysis_bn.yaml,3.12.13,Linux-6.12.90+-x86_64-with-glibc2.35,rag_symbolic_loop,1,44,2,0.999999997880965,0.9506128975497584,0.049387100331206635
2026-08-22T14:47:16.361858+00:00,e85c645134dafe5024515cf86aa8b00f0ed7e8e9,8,configs/s5_analysis_bn.yaml,3.12.13,Linux-6.12.90+-x86_64-with-glibc2.35,rag_symbolic_loop,1,44,3,0.9999595615860519,0.9312905507628141,0.06866901082323784
2026-08-22T14:47:16.361858+00:00,e85c645134dafe5024515cf86aa8b00f0ed7e8e9,8,configs/s5_analysis_bn.yaml,3.12.13,Linux-6.12.90+-x86_64-with-glibc2.35,rag_neural_symbolic_feedback,1,44,1,0.9996584316917955,0.9514577802961505,0.048200651395645
2026-08-22T14:47:16.361858+00:00,e85c645134dafe5024515cf86aa8b00f0ed7e8e9,8,configs/s5_analysis_bn.yaml,3.12.13,Linux-6.12.90+-x86_64-with-glibc2.35,rag_neural_loop,0,44,1,0.9999999999995959,0.9855456857055271,0.014454314294068737
2026-08-22T14:47:16.361858+00:00,e85c645134dafe5024515cf86aa8b00f0ed7e8e9,8,configs/s5_analysis_bn.yaml,3.12.13,Linux-6.12.90+-x86_64-with-glibc2.35,rag_symbolic_loop,0,44,1,0.9999999999995959,0.9855456857055271,0.014454314294068737
2026-08-22T14:47:16.361858+00:00,e85c645134dafe5024515cf86aa8b00f0ed7e8e9,8,configs/s5_analysis_bn.yaml,3.12.13,Linux-6.12.90+-x86_64-with-glibc2.35,rag_neural_symbolic_feedback,0,44,1,0.9999999999995959,0.9855456857055271,0.014454314294068737
2026-08-22T14:47:16.361858+00:00,e85c645134dafe5024515cf86aa8b00f0ed7e8e9,8,configs/s5_analysis_bn.yaml,3.12.13,Linux-6.12.90+-x86_64-with-glibc2.35,rag_neural_loop,1,44,1,0.9739046516918937,0.9401286443075851,0.033776007384308526
2026-08-22T14:47:16.361858+00:00,e85c645134dafe5024515cf86aa8b00f0ed7e8e9,8,configs/s5_analysis_bn.yaml,3.12.13,Linux-6.12.90+-x86_64-with-glibc2.35,rag_symbolic_loop,1,44,1,0.9739046516918937,0.9401286443075851,0.033776007384308526
2026-08-22T14:47:16.361858+00:00,e85c645134dafe5024515cf86aa8b00f0ed7e8e9,8,configs/s5_analysis_bn.yaml,3.12.13,Linux-6.12.90+-x86_64-with-glibc2.35,rag_symbolic_loop,1,44,2,0.001878021466743939,0.644021346640525,-0.642143325173781
2026-08-22T14:47:16.361858+00:00,e85c645134dafe5024515cf86aa8b00f0ed7e8e9,8,configs/s5_analysis_bn.yaml,3.12.13,Linux-6.12.90+-x86_64-with-glibc2.35,rag_symbolic_loop,1,44,3,0.0007409588608368007,0.742579319668555,-0.7418383608077181
2026-08-22T14:47:16.361858+00:00,e85c645134dafe5024515cf86aa8b00f0ed7e8e9,8,configs/s5_analysis_bn.yaml,3.12.13,Linux-6.12.90+-x86_64-with-glibc2.35,rag_neural_symbolic_feedback,1,44,1,0.9739046516918937,0.9401286443075851,0.033776007384308526
2026-08-22T14:47:16.361858+00:00,e85c645134dafe5024515cf86aa8b00f0ed7e8e9,8,configs/s5_analysis_bn.yaml,3.12.13,Linux-6.12.90+-x86_64-with-glibc2.35,rag_neural_loop,0,44,1,0.9999999998962298,0.9857335838936747,0.014266416002555071
2026-08-22T14:47:16.361858+00:00,e85c645134dafe5024515cf86aa8b00f0ed7e8e9,8,configs/s5_analysis_bn.yaml,3.12.13,Linux-6.12.90+-x86_64-with-glibc2.35,rag_symbolic_loop,0,44,1,0.9999999998962298,0.9857335838936747,0.014266416002555071
2026-08-22T14:47:16.361858+00:00,e85c645134dafe5024515cf86aa8b00f0ed7e8e9,8,configs/s5_analysis_bn.yaml,3.12.13,Linux-6.12.90+-x86_64-with-glibc2.35,rag_neural_symbolic_feedback,0,44,1,0.9999999998962298,0.9857335838936747,0.014266416002555071
2026-08-22T14:47:16.361858+00:00,e85c645134dafe5024515cf86aa8b00f0ed7e8e9,8,configs/s5_analysis_bn.yaml,3.12.13,Linux-6.12.90+-x86_64-with-glibc2.35,rag_neural_loop,1,44,1,0.6102072856418493,0.17317029396659117,0.43703699167525817
2026-08-22T14:47:16.361858+00:00,e85c645134dafe5024515cf86aa8b00f0ed7e8e9,8,configs/s5_analysis_bn.yaml,3.12.13,Linux-6.12.90+-x86_64-with-glibc2.35,rag_symbolic_loop,1,44,1,0.6102072856418493,0.17317029396659117,0.43703699167525817
2026-08-22T14:47:16.361858+00:00,e85c645134dafe5024515cf86aa8b00f0ed7e8e9,8,configs/s5_analysis_bn.yaml,3.12.13,Linux-6.12.90+-x86_64-with-glibc2.35,rag_symbolic_loop,1,44,2,0.06622161472049751,0.7144314207089759,-0.6482098059884784
2026-08-22T14:47:16.361858+00:00,e85c645134dafe5024515cf86aa8b00f0ed7e8e9,8,configs/s5_analysis_bn.yaml,3.12.13,Linux-6.12.90+-x86_64-with-glibc2.35,rag_symbolic_loop,1,44,3,0.9907328162673242,0.5992252634509688,0.3915075528163554
2026-08-22T14:47:16.361858+00:00,e85c645134dafe5024515cf86aa8b00f0ed7e8e9,8,configs/s5_analysis_bn.yaml,3.12.13,Linux-6.12.90+-x86_64-with-glibc2.35,rag_neural_symbolic_feedback,1,44,1,0.6102072856418493,0.17317029396659117,0.43703699167525817
2026-08-22T14:47:16.361858+00:00,e85c645134dafe5024515cf86aa8b00f0ed7e8e9,8,configs/s5_analysis_bn.yaml,3.12.13,Linux-6.12.90+-x86_64-with-glibc2.35,rag_neural_loop,0,44,1,0.9950581200660158,0.26404999431395226,0.7310081257520635
2026-08-22T14:47:16.361858+00:00,e85c645134dafe5024515cf86aa8b00f0ed7e8e9,8,configs/s5_analysis_bn.yaml,3.12.13,Linux-6.12.90+-x86_64-with-glibc2.35,rag_symbolic_loop,0,44,1,0.9950581200660158,0.26404999431395226,0.7310081257520635
2026-08-22T14:47:16.361858+00:00,e85c645134dafe5024515cf86aa8b00f0ed7e8e9,8,configs/s5_analysis_bn.yaml,3.12.13,Linux-6.12.90+-x86_64-with-glibc2.35,rag_neural_symbolic_feedback,0,44,1,0.9950581200660158,0.26404999431395226,0.7310081257520635
2026-08-22T14:47:16.361858+00:00,e85c645134dafe5024515cf86aa8b00f0ed7e8e9,8,configs/s5_analysis_bn.yaml,3.12.13,Linux-6.12.90+-x86_64-with-glibc2.35,rag_neural_loop,1,44,1,0.9927340540153629,0.9708514741564543,0.021882579858908513
2026-08-22T14:47:16.361858+00:00,e85c645134dafe5024515cf86aa8b00f0ed7e8e9,8,configs/s5_analysis_bn.yaml,3.12.13,Linux-6.12.90+-x86_64-with-glibc2.35,rag_symbolic_loop,1,44,1,0.9927340540153629,0.9708514741564543,0.021882579858908513
2026-08-22T14:47:16.361858+00:00,e85c645134dafe5024515cf86aa8b00f0ed7e8e9,8,configs/s5_analysis_bn.yaml,3.12.13,Linux-6.12.90+-x86_64-with-glibc2.35,rag_symbolic_loop,1,44,2,0.9977963797624874,0.8879331720567988,0.10986320770568858
2026-08-22T14:47:16.361858+00:00,e85c645134dafe5024515cf86aa8b00f0ed7e8e9,8,configs/s5_analysis_bn.yaml,3.12.13,Linux-6.12.90+-x86_64-with-glibc2.35,rag_symbolic_loop,1,44,3,0.9999997267161477,0.9309602256934739,0.06903950102267375
2026-08-22T14:47:16.361858+00:00,e85c645134dafe5024515cf86aa8b00f0ed7e8e9,8,configs/s5_analysis_bn.yaml,3.12.13,Linux-6.12.90+-x86_64-with-glibc2.35,rag_neural_symbolic_feedback,1,44,1,0.9927340540153629,0.9708514741564543,0.021882579858908513
2026-08-22T14:47:16.361858+00:00,e85c645134dafe5024515cf86aa8b00f0ed7e8e9,8,configs/s5_analysis_bn.yaml,3.12.13,Linux-6.12.90+-x86_64-with-glibc2.35,rag_neural_loop,0,44,1,0.9607738779139272,0.03702478688354627,0.9237490910303809
2026-08-22T14:47:16.361858+00:00,e85c645134dafe5024515cf86aa8b00f0ed7e8e9,8,configs/s5_analysis_bn.yaml,3.12.13,Linux-6.12.90+-x86_64-with-glibc2.35,rag_symbolic_loop,0,44,1,0.9607738779139272,0.03702478688354627,0.9237490910303809
2026-08-22T14:47:16.361858+00:00,e85c645134dafe5024515cf86aa8b00f0ed7e8e9,8,configs/s5_analysis_bn.yaml,3.12.13,Linux-6.12.90+-x86_64-with-glibc2.35,rag_neural_symbolic_feedback,0,44,1,0.9607738779139272,0.03702478688354627,0.9237490910303809
2026-08-22T14:47:16.361858+00:00,e85c645134dafe5024515cf86aa8b00f0ed7e8e9,8,configs/s5_analysis_bn.yaml,3.12.13,Linux-6.12.90+-x86_64-with-glibc2.35,rag_neural_loop,1,44,1,0.9999877187965356,0.9655617558760764,0.034425962920459185
2026-08-22T14:47:16.361858+00:00,e85c645134dafe5024515cf86aa8b00f0ed7e8e9,8,configs/s5_analysis_bn.yaml,3.12.13,Linux-6.12.90+-x86_64-with-glibc2.35,rag_symbolic_loop,1,44,1,0.9999877187965356,0.9655617558760764,0.034425962920459185
2026-08-22T14:47:16.361858+00:00,e85c645134dafe5024515cf86aa8b00f0ed7e8e9,8,configs/s5_analysis_bn.yaml,3.12.13,Linux-6.12.90+-x86_64-with-glibc2.35,rag_neural_symbolic_feedback,1,44,1,0.9999877187965356,0.9655617558760764,0.034425962920459185
2026-08-22T14:47:16.361858+00:00,e85c645134dafe5024515cf86aa8b00f0ed7e8e9,8,configs/s5_analysis_bn.yaml,3.12.13,Linux-6.12.90+-x86_64-with-glibc2.35,rag_neural_loop,0,44,1,0.004470593536200829,0.023671376186163662,-0.019200782649962833
2026-08-22T14:47:16.361858+00:00,e85c645134dafe5024515cf86aa8b00f0ed7e8e9,8,configs/s5_analysis_bn.yaml,3.12.13,Linux-6.12.90+-x86_64-with-glibc2.35,rag_neural_loop,0,44,2,0.0003251459509255872,0.02048291421349946,-0.020157768262573872
2026-08-22T14:47:16.361858+00:00,e85c645134dafe5024515cf86aa8b00f0ed7e8e9,8,configs/s5_analysis_bn.yaml,3.12.13,Linux-6.12.90+-x86_64-with-glibc2.35,rag_neural_loop,0,44,3,8.618120353165448e-05,0.08310998029653738,-0.08302379909300572
2026-08-22T14:47:16.361858+00:00,e85c645134dafe5024515cf86aa8b00f0ed7e8e9,8,configs/s5_analysis_bn.yaml,3.12.13,Linux-6.12.90+-x86_64-with-glibc2.35,rag_symbolic_loop,0,44,1,0.004470593536200829,0.023671376186163662,-0.019200782649962833
2026-08-22T14:47:16.361858+00:00,e85c645134dafe5024515cf86aa8b00f0ed7e8e9,8,configs/s5_analysis_bn.yaml,3.12.13,Linux-6.12.90+-x86_64-with-glibc2.35,rag_neural_symbolic_feedback,0,44,1,0.004470593536200829,0.023671376186163662,-0.019200782649962833
2026-08-22T14:47:16.361858+00:00,e85c645134dafe5024515cf86aa8b00f0ed7e8e9,8,configs/s5_analysis_bn.yaml,3.12.13,Linux-6.12.90+-x86_64-with-glibc2.35,rag_neural_symbolic_feedback,0,44,2,0.9997315528277037,0.9821538175246053,0.017577735303098363
2026-08-22T14:47:16.361858+00:00,e85c645134dafe5024515cf86aa8b00f0ed7e8e9,8,configs/s5_analysis_bn.yaml,3.12.13,Linux-6.12.90+-x86_64-with-glibc2.35,rag_neural_loop,1,44,1,0.9999998916076585,0.9714049062194031,0.028594985388255334
2026-08-22T14:47:16.361858+00:00,e85c645134dafe5024515cf86aa8b00f0ed7e8e9,8,configs/s5_analysis_bn.yaml,3.12.13,Linux-6.12.90+-x86_64-with-glibc2.35,rag_symbolic_loop,1,44,1,0.9999998916076585,0.9714049062194031,0.028594985388255334
2026-08-22T14:47:16.361858+00:00,e85c645134dafe5024515cf86aa8b00f0ed7e8e9,8,configs/s5_analysis_bn.yaml,3.12.13,Linux-6.12.90+-x86_64-with-glibc2.35,rag_symbolic_loop,1,44,2,0.9957381500334915,0.9715658742488131,0.0241722757846784
2026-08-22T14:47:16.361858+00:00,e85c645134dafe5024515cf86aa8b00f0ed7e8e9,8,configs/s5_analysis_bn.yaml,3.12.13,Linux-6.12.90+-x86_64-with-glibc2.35,rag_symbolic_loop,1,44,3,0.9999967511093812,0.9649233816967709,0.0350733694126103
2026-08-22T14:47:16.361858+00:00,e85c645134dafe5024515cf86aa8b00f0ed7e8e9,8,configs/s5_analysis_bn.yaml,3.12.13,Linux-6.12.90+-x86_64-with-glibc2.35,rag_neural_symbolic_feedback,1,44,1,0.9999998916076585,0.9714049062194031,0.028594985388255334
2026-08-22T14:47:16.361858+00:00,e85c645134dafe5024515cf86aa8b00f0ed7e8e9,8,configs/s5_analysis_bn.yaml,3.12.13,Linux-6.12.90+-x86_64-with-glibc2.35,rag_neural_loop,0,44,1,1.3657912578679543e-09,0.020220555063362622,-0.020220553697571364
2026-08-22T14:47:16.361858+00:00,e85c645134dafe5024515cf86aa8b00f0ed7e8e9,8,configs/s5_analysis_bn.yaml,3.12.13,Linux-6.12.90+-x86_64-with-glibc2.35,rag_neural_loop,0,44,2,0.9999999999986076,0.9796452680460482,0.020354731952559324
2026-08-22T14:47:16.361858+00:00,e85c645134dafe5024515cf86aa8b00f0ed7e8e9,8,configs/s5_analysis_bn.yaml,3.12.13,Linux-6.12.90+-x86_64-with-glibc2.35,rag_symbolic_loop,0,44,1,1.3657912578679543e-09,0.020220555063362622,-0.020220553697571364
2026-08-22T14:47:16.361858+00:00,e85c645134dafe5024515cf86aa8b00f0ed7e8e9,8,configs/s5_analysis_bn.yaml,3.12.13,Linux-6.12.90+-x86_64-with-glibc2.35,rag_neural_symbolic_feedback,0,44,1,1.3657912578679543e-09,0.020220555063362622,-0.020220553697571364
2026-08-22T14:47:16.361858+00:00,e85c645134dafe5024515cf86aa8b00f0ed7e8e9,8,configs/s5_analysis_bn.yaml,3.12.13,Linux-6.12.90+-x86_64-with-glibc2.35,rag_neural_symbolic_feedback,0,44,2,3.448842097131255e-06,0.0177247780714892,-0.01772132922939207
2026-08-22T14:47:16.361858+00:00,e85c645134dafe5024515cf86aa8b00f0ed7e8e9,8,configs/s5_analysis_bn.yaml,3.12.13,Linux-6.12.90+-x86_64-with-glibc2.35,rag_neural_symbolic_feedback,0,44,3,4.591860225389155e-11,0.018139496076503114,-0.018139496030584512
2026-08-22T14:47:16.361858+00:00,e85c645134dafe5024515cf86aa8b00f0ed7e8e9,8,configs/s5_analysis_bn.yaml,3.12.13,Linux-6.12.90+-x86_64-with-glibc2.35,rag_neural_loop,1,44,1,0.9997839024105,0.971223696162351,0.028560206248148923
2026-08-22T14:47:16.361858+00:00,e85c645134dafe5024515cf86aa8b00f0ed7e8e9,8,configs/s5_analysis_bn.yaml,3.12.13,Linux-6.12.90+-x86_64-with-glibc2.35,rag_symbolic_loop,1,44,1,0.9997839024105,0.971223696162351,0.028560206248148923
2026-08-22T14:47:16.361858+00:00,e85c645134dafe5024515cf86aa8b00f0ed7e8e9,8,configs/s5_analysis_bn.yaml,3.12.13,Linux-6.12.90+-x86_64-with-glibc2.35,rag_symbolic_loop,1,44,2,0.9977574601183767,0.9688508328002471,0.028906627318129652
2026-08-22T14:47:16.361858+00:00,e85c645134dafe5024515cf86aa8b00f0ed7e8e9,8,configs/s5_analysis_bn.yaml,3.12.13,Linux-6.12.90+-x86_64-with-glibc2.35,rag_symbolic_loop,1,44,3,0.9999999703001137,0.9777705387175941,0.022229431582519554
2026-08-22T14:47:16.361858+00:00,e85c645134dafe5024515cf86aa8b00f0ed7e8e9,8,configs/s5_analysis_bn.yaml,3.12.13,Linux-6.12.90+-x86_64-with-glibc2.35,rag_neural_symbolic_feedback,1,44,1,0.9997839024105,0.971223696162351,0.028560206248148923
2026-08-22T14:47:16.361858+00:00,e85c645134dafe5024515cf86aa8b00f0ed7e8e9,8,configs/s5_analysis_bn.yaml,3.12.13,Linux-6.12.90+-x86_64-with-glibc2.35,rag_neural_loop,0,44,1,0.9454725604965655,0.026913842882635985,0.9185587176139295
2026-08-22T14:47:16.361858+00:00,e85c645134dafe5024515cf86aa8b00f0ed7e8e9,8,configs/s5_analysis_bn.yaml,3.12.13,Linux-6.12.90+-x86_64-with-glibc2.35,rag_symbolic_loop,0,44,1,0.9454725604965655,0.026913842882635985,0.9185587176139295
2026-08-22T14:47:16.361858+00:00,e85c645134dafe5024515cf86aa8b00f0ed7e8e9,8,configs/s5_analysis_bn.yaml,3.12.13,Linux-6.12.90+-x86_64-with-glibc2.35,rag_neural_symbolic_feedback,0,44,1,0.9454725604965655,0.026913842882635985,0.9185587176139295
2026-08-22T14:47:16.361858+00:00,e85c645134dafe5024515cf86aa8b00f0ed7e8e9,8,configs/s5_analysis_bn.yaml,3.12.13,Linux-6.12.90+-x86_64-with-glibc2.35,rag_neural_loop,1,44,1,0.9999999824980369,0.9719145952378926,0.028085387260144312
2026-08-22T14:47:16.361858+00:00,e85c645134dafe5024515cf86aa8b00f0ed7e8e9,8,configs/s5_analysis_bn.yaml,3.12.13,Linux-6.12.90+-x86_64-with-glibc2.35,rag_symbolic_loop,1,44,1,0.9999999824980369,0.9719145952378926,0.028085387260144312
2026-08-22T14:47:16.361858+00:00,e85c645134dafe5024515cf86aa8b00f0ed7e8e9,8,configs/s5_analysis_bn.yaml,3.12.13,Linux-6.12.90+-x86_64-with-glibc2.35,rag_symbolic_loop,1,44,2,0.9999999977272889,0.9774442024134783,0.022555795313810578
2026-08-22T14:47:16.361858+00:00,e85c645134dafe5024515cf86aa8b00f0ed7e8e9,8,configs/s5_analysis_bn.yaml,3.12.13,Linux-6.12.90+-x86_64-with-glibc2.35,rag_symbolic_loop,1,44,3,0.999990993766067,0.9733240036911874,0.026666990074879604
2026-08-22T14:47:16.361858+00:00,e85c645134dafe5024515cf86aa8b00f0ed7e8e9,8,configs/s5_analysis_bn.yaml,3.12.13,Linux-6.12.90+-x86_64-with-glibc2.35,rag_neural_symbolic_feedback,1,44,1,0.9999999824980369,0.9719145952378926,0.028085387260144312
2026-08-22T14:47:16.361858+00:00,e85c645134dafe5024515cf86aa8b00f0ed7e8e9,8,configs/s5_analysis_bn.yaml,3.12.13,Linux-6.12.90+-x86_64-with-glibc2.35,rag_neural_loop,0,44,1,8.081978211560426e-06,0.08422598361642397,-0.08421790163821241
2026-08-22T14:47:16.361858+00:00,e85c645134dafe5024515cf86aa8b00f0ed7e8e9,8,configs/s5_analysis_bn.yaml,3.12.13,Linux-6.12.90+-x86_64-with-glibc2.35,rag_neural_loop,0,44,2,0.9999999999913723,0.8542750620559871,0.1457249379353852
2026-08-22T14:47:16.361858+00:00,e85c645134dafe5024515cf86aa8b00f0ed7e8e9,8,configs/s5_analysis_bn.yaml,3.12.13,Linux-6.12.90+-x86_64-with-glibc2.35,rag_symbolic_loop,0,44,1,8.081978211560426e-06,0.08422598361642397,-0.08421790163821241
2026-08-22T14:47:16.361858+00:00,e85c645134dafe5024515cf86aa8b00f0ed7e8e9,8,configs/s5_analysis_bn.yaml,3.12.13,Linux-6.12.90+-x86_64-with-glibc2.35,rag_neural_symbolic_feedback,0,44,1,8.081978211560426e-06,0.08422598361642397,-0.08421790163821241
2026-08-22T14:47:16.361858+00:00,e85c645134dafe5024515cf86aa8b00f0ed7e8e9,8,configs/s5_analysis_bn.yaml,3.12.13,Linux-6.12.90+-x86_64-with-glibc2.35,rag_neural_symbolic_feedback,0,44,2,0.9999999958341905,0.9843777593250944,0.01562223650909611
2026-08-22T14:47:16.361858+00:00,e85c645134dafe5024515cf86aa8b00f0ed7e8e9,8,configs/s5_analysis_bn.yaml,3.12.13,Linux-6.12.90+-x86_64-with-glibc2.35,rag_neural_loop,1,44,1,0.16118656956510044,0.937002228284721,-0.7758156587196205
2026-08-22T14:47:16.361858+00:00,e85c645134dafe5024515cf86aa8b00f0ed7e8e9,8,configs/s5_analysis_bn.yaml,3.12.13,Linux-6.12.90+-x86_64-with-glibc2.35,rag_neural_loop,1,44,2,0.9999979824868633,0.9554983725004671,0.04449960998639624
2026-08-22T14:47:16.361858+00:00,e85c645134dafe5024515cf86aa8b00f0ed7e8e9,8,configs/s5_analysis_bn.yaml,3.12.13,Linux-6.12.90+-x86_64-with-glibc2.35,rag_symbolic_loop,1,44,1,0.16118656956510044,0.937002228284721,-0.7758156587196205
2026-08-22T14:47:16.361858+00:00,e85c645134dafe5024515cf86aa8b00f0ed7e8e9,8,configs/s5_analysis_bn.yaml,3.12.13,Linux-6.12.90+-x86_64-with-glibc2.35,rag_symbolic_loop,1,44,2,0.9998802220033224,0.9381707295392429,0.06170949246407953
2026-08-22T14:47:16.361858+00:00,e85c645134dafe5024515cf86aa8b00f0ed7e8e9,8,configs/s5_analysis_bn.yaml,3.12.13,Linux-6.12.90+-x86_64-with-glibc2.35,rag_neural_symbolic_feedback,1,44,1,0.16118656956510044,0.937002228284721,-0.7758156587196205
2026-08-22T14:47:16.361858+00:00,e85c645134dafe5024515cf86aa8b00f0ed7e8e9,8,configs/s5_analysis_bn.yaml,3.12.13,Linux-6.12.90+-x86_64-with-glibc2.35,rag_neural_symbolic_feedback,1,44,2,0.8610080510358461,0.9737284971933683,-0.11272044615752219
2026-08-22T14:47:16.361858+00:00,e85c645134dafe5024515cf86aa8b00f0ed7e8e9,8,configs/s5_analysis_bn.yaml,3.12.13,Linux-6.12.90+-x86_64-with-glibc2.35,rag_neural_loop,0,44,1,2.5576496476276134e-10,0.01884406196168431,-0.018844061705919346
2026-08-22T14:47:16.361858+00:00,e85c645134dafe5024515cf86aa8b00f0ed7e8e9,8,configs/s5_analysis_bn.yaml,3.12.13,Linux-6.12.90+-x86_64-with-glibc2.35,rag_neural_loop,0,44,2,0.9999999999991195,0.9851543725248095,0.014845627474309953
2026-08-22T14:47:16.361858+00:00,e85c645134dafe5024515cf86aa8b00f0ed7e8e9,8,configs/s5_analysis_bn.yaml,3.12.13,Linux-6.12.90+-x86_64-with-glibc2.35,rag_symbolic_loop,0,44,1,2.5576496476276134e-10,0.01884406196168431,-0.018844061705919346
2026-08-22T14:47:16.361858+00:00,e85c645134dafe5024515cf86aa8b00f0ed7e8e9,8,configs/s5_analysis_bn.yaml,3.12.13,Linux-6.12.90+-x86_64-with-glibc2.35,rag_neural_symbolic_feedback,0,44,1,2.5576496476276134e-10,0.01884406196168431,-0.018844061705919346
2026-08-22T14:47:16.361858+00:00,e85c645134dafe5024515cf86aa8b00f0ed7e8e9,8,configs/s5_analysis_bn.yaml,3.12.13,Linux-6.12.90+-x86_64-with-glibc2.35,rag_neural_symbolic_feedback,0,44,2,0.9999999994025652,0.9757455399513989,0.024254459451166333
2026-08-22T14:47:16.361858+00:00,e85c645134dafe5024515cf86aa8b00f0ed7e8e9,8,configs/s5_analysis_bn.yaml,3.12.13,Linux-6.12.90+-x86_64-with-glibc2.35,rag_neural_loop,1,44,1,0.9991113690407092,0.9332054569422713,0.06590591209843788
2026-08-22T14:47:16.361858+00:00,e85c645134dafe5024515cf86aa8b00f0ed7e8e9,8,configs/s5_analysis_bn.yaml,3.12.13,Linux-6.12.90+-x86_64-with-glibc2.35,rag_symbolic_loop,1,44,1,0.9991113690407092,0.9332054569422713,0.06590591209843788
2026-08-22T14:47:16.361858+00:00,e85c645134dafe5024515cf86aa8b00f0ed7e8e9,8,configs/s5_analysis_bn.yaml,3.12.13,Linux-6.12.90+-x86_64-with-glibc2.35,rag_symbolic_loop,1,44,2,0.9994920296943491,0.9469725567259459,0.0525194729684032
2026-08-22T14:47:16.361858+00:00,e85c645134dafe5024515cf86aa8b00f0ed7e8e9,8,configs/s5_analysis_bn.yaml,3.12.13,Linux-6.12.90+-x86_64-with-glibc2.35,rag_symbolic_loop,1,44,3,0.007916445460098379,0.9399581418785162,-0.9320416964184178
2026-08-22T14:47:16.361858+00:00,e85c645134dafe5024515cf86aa8b00f0ed7e8e9,8,configs/s5_analysis_bn.yaml,3.12.13,Linux-6.12.90+-x86_64-with-glibc2.35,rag_neural_symbolic_feedback,1,44,1,0.9991113690407092,0.9332054569422713,0.06590591209843788
2026-08-22T14:47:16.361858+00:00,e85c645134dafe5024515cf86aa8b00f0ed7e8e9,8,configs/s5_analysis_bn.yaml,3.12.13,Linux-6.12.90+-x86_64-with-glibc2.35,rag_neural_loop,0,44,1,0.9966833983293337,0.10211216399431422,0.8945712343350195
2026-08-22T14:47:16.361858+00:00,e85c645134dafe5024515cf86aa8b00f0ed7e8e9,8,configs/s5_analysis_bn.yaml,3.12.13,Linux-6.12.90+-x86_64-with-glibc2.35,rag_symbolic_loop,0,44,1,0.9966833983293337,0.10211216399431422,0.8945712343350195
2026-08-22T14:47:16.361858+00:00,e85c645134dafe5024515cf86aa8b00f0ed7e8e9,8,configs/s5_analysis_bn.yaml,3.12.13,Linux-6.12.90+-x86_64-with-glibc2.35,rag_neural_symbolic_feedback,0,44,1,0.9966833983293337,0.10211216399431422,0.8945712343350195
2026-08-22T14:47:16.361858+00:00,e85c645134dafe5024515cf86aa8b00f0ed7e8e9,8,configs/s5_analysis_bn.yaml,3.12.13,Linux-6.12.90+-x86_64-with-glibc2.35,rag_neural_loop,1,44,1,0.9959626763065366,0.9620460429779135,0.03391663332862305
2026-08-22T14:47:16.361858+00:00,e85c645134dafe5024515cf86aa8b00f0ed7e8e9,8,configs/s5_analysis_bn.yaml,3.12.13,Linux-6.12.90+-x86_64-with-glibc2.35,rag_symbolic_loop,1,44,1,0.9959626763065366,0.9620460429779135,0.03391663332862305
2026-08-22T14:47:16.361858+00:00,e85c645134dafe5024515cf86aa8b00f0ed7e8e9,8,configs/s5_analysis_bn.yaml,3.12.13,Linux-6.12.90+-x86_64-with-glibc2.35,rag_symbolic_loop,1,44,2,0.9663787943259252,0.9665222370664143,-0.0001434427404890526
2026-08-22T14:47:16.361858+00:00,e85c645134dafe5024515cf86aa8b00f0ed7e8e9,8,configs/s5_analysis_bn.yaml,3.12.13,Linux-6.12.90+-x86_64-with-glibc2.35,rag_neural_symbolic_feedback,1,44,1,0.9959626763065366,0.9620460429779135,0.03391663332862305
2026-08-22T14:47:16.361858+00:00,e85c645134dafe5024515cf86aa8b00f0ed7e8e9,8,configs/s5_analysis_bn.yaml,3.12.13,Linux-6.12.90+-x86_64-with-glibc2.35,rag_neural_loop,0,44,1,0.9999999999817956,0.9808606120114057,0.019139387970389832
2026-08-22T14:47:16.361858+00:00,e85c645134dafe5024515cf86aa8b00f0ed7e8e9,8,configs/s5_analysis_bn.yaml,3.12.13,Linux-6.12.90+-x86_64-with-glibc2.35,rag_symbolic_loop,0,44,1,0.9999999999817956,0.9808606120114057,0.019139387970389832
2026-08-22T14:47:16.361858+00:00,e85c645134dafe5024515cf86aa8b00f0ed7e8e9,8,configs/s5_analysis_bn.yaml,3.12.13,Linux-6.12.90+-x86_64-with-glibc2.35,rag_neural_symbolic_feedback,0,44,1,0.9999999999817956,0.9808606120114057,0.019139387970389832
2026-08-22T14:47:16.361858+00:00,e85c645134dafe5024515cf86aa8b00f0ed7e8e9,8,configs/s5_analysis_bn.yaml,3.12.13,Linux-6.12.90+-x86_64-with-glibc2.35,rag_neural_loop,1,44,1,0.9994926762663677,0.9289313505112029,0.07056132575516483
2026-08-22T14:47:16.361858+00:00,e85c645134dafe5024515cf86aa8b00f0ed7e8e9,8,configs/s5_analysis_bn.yaml,3.12.13,Linux-6.12.90+-x86_64-with-glibc2.35,rag_symbolic_loop,1,44,1,0.9994926762663677,0.9289313505112029,0.07056132575516483
2026-08-22T14:47:16.361858+00:00,e85c645134dafe5024515cf86aa8b00f0ed7e8e9,8,configs/s5_analysis_bn.yaml,3.12.13,Linux-6.12.90+-x86_64-with-glibc2.35,rag_symbolic_loop,1,44,2,0.9999844174422922,0.9751991223879973,0.02478529505429483
2026-08-22T14:47:16.361858+00:00,e85c645134dafe5024515cf86aa8b00f0ed7e8e9,8,configs/s5_analysis_bn.yaml,3.12.13,Linux-6.12.90+-x86_64-with-glibc2.35,rag_symbolic_loop,1,44,3,0.9980405858890301,0.9745904216472029,0.02345016424182722
2026-08-22T14:47:16.361858+00:00,e85c645134dafe5024515cf86aa8b00f0ed7e8e9,8,configs/s5_analysis_bn.yaml,3.12.13,Linux-6.12.90+-x86_64-with-glibc2.35,rag_neural_symbolic_feedback,1,44,1,0.9994926762663677,0.9289313505112029,0.07056132575516483
2026-08-22T14:47:16.361858+00:00,e85c645134dafe5024515cf86aa8b00f0ed7e8e9,8,configs/s5_analysis_bn.yaml,3.12.13,Linux-6.12.90+-x86_64-with-glibc2.35,rag_neural_loop,0,44,1,3.803453607620355e-08,0.0301787535585476,-0.030178715524011523
2026-08-22T14:47:16.361858+00:00,e85c645134dafe5024515cf86aa8b00f0ed7e8e9,8,configs/s5_analysis_bn.yaml,3.12.13,Linux-6.12.90+-x86_64-with-glibc2.35,rag_neural_loop,0,44,2,1.793354140744441e-07,0.022381527715784277,-0.022381348380370203
2026-08-22T14:47:16.361858+00:00,e85c645134dafe5024515cf86aa8b00f0ed7e8e9,8,configs/s5_analysis_bn.yaml,3.12.13,Linux-6.12.90+-x86_64-with-glibc2.35,rag_neural_loop,0,44,3,0.7312314486891636,0.018076614524740187,0.7131548341644234
2026-08-22T14:47:16.361858+00:00,e85c645134dafe5024515cf86aa8b00f0ed7e8e9,8,configs/s5_analysis_bn.yaml,3.12.13,Linux-6.12.90+-x86_64-with-glibc2.35,rag_symbolic_loop,0,44,1,3.803453607620355e-08,0.0301787535585476,-0.030178715524011523
2026-08-22T14:47:16.361858+00:00,e85c645134dafe5024515cf86aa8b00f0ed7e8e9,8,configs/s5_analysis_bn.yaml,3.12.13,Linux-6.12.90+-x86_64-with-glibc2.35,rag_neural_symbolic_feedback,0,44,1,3.803453607620355e-08,0.0301787535585476,-0.030178715524011523
2026-08-22T14:47:16.361858+00:00,e85c645134dafe5024515cf86aa8b00f0ed7e8e9,8,configs/s5_analysis_bn.yaml,3.12.13,Linux-6.12.90+-x86_64-with-glibc2.35,rag_neural_symbolic_feedback,0,44,2,9.681144774731365e-14,0.019775363807750246,-0.019775363807653434
2026-08-22T14:47:16.361858+00:00,e85c645134dafe5024515cf86aa8b00f0ed7e8e9,8,configs/s5_analysis_bn.yaml,3.12.13,Linux-6.12.90+-x86_64-with-glibc2.35,rag_neural_symbolic_feedback,0,44,3,4.312097345859911e-10,0.033800628862613924,-0.03380062843140419
2026-08-22T14:47:16.361858+00:00,e85c645134dafe5024515cf86aa8b00f0ed7e8e9,8,configs/s5_analysis_bn.yaml,3.12.13,Linux-6.12.90+-x86_64-with-glibc2.35,rag_neural_loop,1,44,1,0.9996403423730134,0.9521560299519527,0.04748431242106066
2026-08-22T14:47:16.361858+00:00,e85c645134dafe5024515cf86aa8b00f0ed7e8e9,8,configs/s5_analysis_bn.yaml,3.12.13,Linux-6.12.90+-x86_64-with-glibc2.35,rag_symbolic_loop,1,44,1,0.9996403423730134,0.9521560299519527,0.04748431242106066
2026-08-22T14:47:16.361858+00:00,e85c645134dafe5024515cf86aa8b00f0ed7e8e9,8,configs/s5_analysis_bn.yaml,3.12.13,Linux-6.12.90+-x86_64-with-glibc2.35,rag_neural_symbolic_feedback,1,44,1,0.9996403423730134,0.9521560299519527,0.04748431242106066
2026-08-22T14:47:16.361858+00:00,e85c645134dafe5024515cf86aa8b00f0ed7e8e9,8,configs/s5_analysis_bn.yaml,3.12.13,Linux-6.12.90+-x86_64-with-glibc2.35,rag_neural_loop,0,44,1,0.005270918911803757,0.047485898004091975,-0.04221497909228822
2026-08-22T14:47:16.361858+00:00,e85c645134dafe5024515cf86aa8b00f0ed7e8e9,8,configs/s5_analysis_bn.yaml,3.12.13,Linux-6.12.90+-x86_64-with-glibc2.35,rag_neural_loop,0,44,2,0.9999999999999906,0.98571666776731,0.014283332232680523
2026-08-22T14:47:16.361858+00:00,e85c645134dafe5024515cf86aa8b00f0ed7e8e9,8,configs/s5_analysis_bn.yaml,3.12.13,Linux-6.12.90+-x86_64-with-glibc2.35,rag_symbolic_loop,0,44,1,0.005270918911803757,0.047485898004091975,-0.04221497909228822
2026-08-22T14:47:16.361858+00:00,e85c645134dafe5024515cf86aa8b00f0ed7e8e9,8,configs/s5_analysis_bn.yaml,3.12.13,Linux-6.12.90+-x86_64-with-glibc2.35,rag_neural_symbolic_feedback,0,44,1,0.005270918911803757,0.047485898004091975,-0.04221497909228822
2026-08-22T14:47:16.361858+00:00,e85c645134dafe5024515cf86aa8b00f0ed7e8e9,8,configs/s5_analysis_bn.yaml,3.12.13,Linux-6.12.90+-x86_64-with-glibc2.35,rag_neural_symbolic_feedback,0,44,2,4.19771417625725e-09,0.029096485724983245,-0.02909648152726907
2026-08-22T14:47:16.361858+00:00,e85c645134dafe5024515cf86aa8b00f0ed7e8e9,8,configs/s5_analysis_bn.yaml,3.12.13,Linux-6.12.90+-x86_64-with-glibc2.35,rag_neural_symbolic_feedback,0,44,3,0.9999999999965203,0.9843131345942128,0.01568686540230757
2026-08-22T14:47:16.361858+00:00,e85c645134dafe5024515cf86aa8b00f0ed7e8e9,8,configs/s5_analysis_bn.yaml,3.12.13,Linux-6.12.90+-x86_64-with-glibc2.35,rag_neural_loop,1,44,1,0.9999418002849579,0.9723890988820135,0.027552701402944413
2026-08-22T14:47:16.361858+00:00,e85c645134dafe5024515cf86aa8b00f0ed7e8e9,8,configs/s5_analysis_bn.yaml,3.12.13,Linux-6.12.90+-x86_64-with-glibc2.35,rag_symbolic_loop,1,44,1,0.9999418002849579,0.9723890988820135,0.027552701402944413
2026-08-22T14:47:16.361858+00:00,e85c645134dafe5024515cf86aa8b00f0ed7e8e9,8,configs/s5_analysis_bn.yaml,3.12.13,Linux-6.12.90+-x86_64-with-glibc2.35,rag_neural_symbolic_feedback,1,44,1,0.9999418002849579,0.9723890988820135,0.027552701402944413
2026-08-22T14:47:16.361858+00:00,e85c645134dafe5024515cf86aa8b00f0ed7e8e9,8,configs/s5_analysis_bn.yaml,3.12.13,Linux-6.12.90+-x86_64-with-glibc2.35,rag_neural_loop,0,44,1,0.07566903677446601,0.13410260605772706,-0.058433569283261044
2026-08-22T14:47:16.361858+00:00,e85c645134dafe5024515cf86aa8b00f0ed7e8e9,8,configs/s5_analysis_bn.yaml,3.12.13,Linux-6.12.90+-x86_64-with-glibc2.35,rag_neural_loop,0,44,2,0.8223988833588661,0.07598867932662867,0.7464102040322375
2026-08-22T14:47:16.361858+00:00,e85c645134dafe5024515cf86aa8b00f0ed7e8e9,8,configs/s5_analysis_bn.yaml,3.12.13,Linux-6.12.90+-x86_64-with-glibc2.35,rag_symbolic_loop,0,44,1,0.07566903677446601,0.13410260605772706,-0.058433569283261044
2026-08-22T14:47:16.361858+00:00,e85c645134dafe5024515cf86aa8b00f0ed7e8e9,8,configs/s5_analysis_bn.yaml,3.12.13,Linux-6.12.90+-x86_64-with-glibc2.35,rag_neural_symbolic_feedback,0,44,1,0.07566903677446601,0.13410260605772706,-0.058433569283261044
2026-08-22T14:47:16.361858+00:00,e85c645134dafe5024515cf86aa8b00f0ed7e8e9,8,configs/s5_analysis_bn.yaml,3.12.13,Linux-6.12.90+-x86_64-with-glibc2.35,rag_neural_symbolic_feedback,0,44,2,0.30401298495432394,0.099206318100866,0.20480666685345794
2026-08-22T14:47:16.361858+00:00,e85c645134dafe5024515cf86aa8b00f0ed7e8e9,8,configs/s5_analysis_bn.yaml,3.12.13,Linux-6.12.90+-x86_64-with-glibc2.35,rag_neural_symbolic_feedback,0,44,3,0.9999058044949618,0.9845550085287429,0.01535079596621891
2026-08-22T14:47:16.361858+00:00,e85c645134dafe5024515cf86aa8b00f0ed7e8e9,8,configs/s5_analysis_bn.yaml,3.12.13,Linux-6.12.90+-x86_64-with-glibc2.35,rag_neural_loop,1,44,1,0.9997817319859424,0.9740328132839191,0.025748918702023338
2026-08-22T14:47:16.361858+00:00,e85c645134dafe5024515cf86aa8b00f0ed7e8e9,8,configs/s5_analysis_bn.yaml,3.12.13,Linux-6.12.90+-x86_64-with-glibc2.35,rag_symbolic_loop,1,44,1,0.9997817319859424,0.9740328132839191,0.025748918702023338
2026-08-22T14:47:16.361858+00:00,e85c645134dafe5024515cf86aa8b00f0ed7e8e9,8,configs/s5_analysis_bn.yaml,3.12.13,Linux-6.12.90+-x86_64-with-glibc2.35,rag_symbolic_loop,1,44,2,0.999952490000597,0.9756296854901053,0.024322804510491736
2026-08-22T14:47:16.361858+00:00,e85c645134dafe5024515cf86aa8b00f0ed7e8e9,8,configs/s5_analysis_bn.yaml,3.12.13,Linux-6.12.90+-x86_64-with-glibc2.35,rag_neural_symbolic_feedback,1,44,1,0.9997817319859424,0.9740328132839191,0.025748918702023338
2026-08-22T14:47:16.361858+00:00,e85c645134dafe5024515cf86aa8b00f0ed7e8e9,8,configs/s5_analysis_bn.yaml,3.12.13,Linux-6.12.90+-x86_64-with-glibc2.35,rag_neural_loop,0,44,1,0.9999999999602355,0.9780810388672168,0.02191896109301872
2026-08-22T14:47:16.361858+00:00,e85c645134dafe5024515cf86aa8b00f0ed7e8e9,8,configs/s5_analysis_bn.yaml,3.12.13,Linux-6.12.90+-x86_64-with-glibc2.35,rag_symbolic_loop,0,44,1,0.9999999999602355,0.9780810388672168,0.02191896109301872
2026-08-22T14:47:16.361858+00:00,e85c645134dafe5024515cf86aa8b00f0ed7e8e9,8,configs/s5_analysis_bn.yaml,3.12.13,Linux-6.12.90+-x86_64-with-glibc2.35,rag_neural_symbolic_feedback,0,44,1,0.9999999999602355,0.9780810388672168,0.02191896109301872
2026-08-22T14:47:16.361858+00:00,e85c645134dafe5024515cf86aa8b00f0ed7e8e9,8,configs/s5_analysis_bn.yaml,3.12.13,Linux-6.12.90+-x86_64-with-glibc2.35,rag_neural_loop,1,44,1,0.9999998821899844,0.9713813679268717,0.028618514263112682
2026-08-22T14:47:16.361858+00:00,e85c645134dafe5024515cf86aa8b00f0ed7e8e9,8,configs/s5_analysis_bn.yaml,3.12.13,Linux-6.12.90+-x86_64-with-glibc2.35,rag_symbolic_loop,1,44,1,0.9999998821899844,0.9713813679268717,0.028618514263112682
2026-08-22T14:47:16.361858+00:00,e85c645134dafe5024515cf86aa8b00f0ed7e8e9,8,configs/s5_analysis_bn.yaml,3.12.13,Linux-6.12.90+-x86_64-with-glibc2.35,rag_symbolic_loop,1,44,2,0.9997270879865847,0.9556781605538716,0.04404892743271316
2026-08-22T14:47:16.361858+00:00,e85c645134dafe5024515cf86aa8b00f0ed7e8e9,8,configs/s5_analysis_bn.yaml,3.12.13,Linux-6.12.90+-x86_64-with-glibc2.35,rag_symbolic_loop,1,44,3,0.9999788715456946,0.9489926142033633,0.05098625734233131
2026-08-22T14:47:16.361858+00:00,e85c645134dafe5024515cf86aa8b00f0ed7e8e9,8,configs/s5_analysis_bn.yaml,3.12.13,Linux-6.12.90+-x86_64-with-glibc2.35,rag_neural_symbolic_feedback,1,44,1,0.9999998821899844,0.9713813679268717,0.028618514263112682
2026-08-22T14:47:16.361858+00:00,e85c645134dafe5024515cf86aa8b00f0ed7e8e9,8,configs/s5_analysis_bn.yaml,3.12.13,Linux-6.12.90+-x86_64-with-glibc2.35,rag_neural_loop,0,44,1,0.999999999827738,0.9709325035452331,0.029067496282504934
2026-08-22T14:47:16.361858+00:00,e85c645134dafe5024515cf86aa8b00f0ed7e8e9,8,configs/s5_analysis_bn.yaml,3.12.13,Linux-6.12.90+-x86_64-with-glibc2.35,rag_symbolic_loop,0,44,1,0.999999999827738,0.9709325035452331,0.029067496282504934
2026-08-22T14:47:16.361858+00:00,e85c645134dafe5024515cf86aa8b00f0ed7e8e9,8,configs/s5_analysis_bn.yaml,3.12.13,Linux-6.12.90+-x86_64-with-glibc2.35,rag_neural_symbolic_feedback,0,44,1,0.999999999827738,0.9709325035452331,0.029067496282504934
2026-08-22T14:47:16.361858+00:00,e85c645134dafe5024515cf86aa8b00f0ed7e8e9,8,configs/s5_analysis_bn.yaml,3.12.13,Linux-6.12.90+-x86_64-with-glibc2.35,rag_neural_loop,1,44,1,4.601059267412027e-05,0.37331135635740553,-0.3732653457647314
2026-08-22T14:47:16.361858+00:00,e85c645134dafe5024515cf86aa8b00f0ed7e8e9,8,configs/s5_analysis_bn.yaml,3.12.13,Linux-6.12.90+-x86_64-with-glibc2.35,rag_neural_loop,1,44,2,5.8462358358788e-13,0.017370952703741036,-0.017370952703156414
2026-08-22T14:47:16.361858+00:00,e85c645134dafe5024515cf86aa8b00f0ed7e8e9,8,configs/s5_analysis_bn.yaml,3.12.13,Linux-6.12.90+-x86_64-with-glibc2.35,rag_neural_loop,1,44,3,0.9993359744474446,0.9031080468361917,0.09622792761125287
2026-08-22T14:47:16.361858+00:00,e85c645134dafe5024515cf86aa8b00f0ed7e8e9,8,configs/s5_analysis_bn.yaml,3.12.13,Linux-6.12.90+-x86_64-with-glibc2.35,rag_symbolic_loop,1,44,1,4.601059267412027e-05,0.37331135635740553,-0.3732653457647314
2026-08-22T14:47:16.361858+00:00,e85c645134dafe5024515cf86aa8b00f0ed7e8e9,8,configs/s5_analysis_bn.yaml,3.12.13,Linux-6.12.90+-x86_64-with-glibc2.35,rag_neural_symbolic_feedback,1,44,1,4.601059267412027e-05,0.37331135635740553,-0.3732653457647314
2026-08-22T14:47:16.361858+00:00,e85c645134dafe5024515cf86aa8b00f0ed7e8e9,8,configs/s5_analysis_bn.yaml,3.12.13,Linux-6.12.90+-x86_64-with-glibc2.35,rag_neural_symbolic_feedback,1,44,2,0.9999781982609672,0.9695975653922105,0.030380632868756696
2026-08-22T14:47:16.361858+00:00,e85c645134dafe5024515cf86aa8b00f0ed7e8e9,8,configs/s5_analysis_bn.yaml,3.12.13,Linux-6.12.90+-x86_64-with-glibc2.35,rag_neural_loop,0,44,1,2.769014058046082e-06,0.05124196719960328,-0.05123919818554523
2026-08-22T14:47:16.361858+00:00,e85c645134dafe5024515cf86aa8b00f0ed7e8e9,8,configs/s5_analysis_bn.yaml,3.12.13,Linux-6.12.90+-x86_64-with-glibc2.35,rag_neural_loop,0,44,2,0.999999999969308,0.9630028318899716,0.036997168079336396
2026-08-22T14:47:16.361858+00:00,e85c645134dafe5024515cf86aa8b00f0ed7e8e9,8,configs/s5_analysis_bn.yaml,3.12.13,Linux-6.12.90+-x86_64-with-glibc2.35,rag_symbolic_loop,0,44,1,2.769014058046082e-06,0.05124196719960328,-0.05123919818554523
2026-08-22T14:47:16.361858+00:00,e85c645134dafe5024515cf86aa8b00f0ed7e8e9,8,configs/s5_analysis_bn.yaml,3.12.13,Linux-6.12.90+-x86_64-with-glibc2.35,rag_neural_symbolic_feedback,0,44,1,2.769014058046082e-06,0.05124196719960328,-0.05123919818554523
2026-08-22T14:47:16.361858+00:00,e85c645134dafe5024515cf86aa8b00f0ed7e8e9,8,configs/s5_analysis_bn.yaml,3.12.13,Linux-6.12.90+-x86_64-with-glibc2.35,rag_neural_symbolic_feedback,0,44,2,0.9999999999998503,0.9835849304990695,0.016415069500780866
2026-08-22T14:47:16.361858+00:00,e85c645134dafe5024515cf86aa8b00f0ed7e8e9,8,configs/s5_analysis_bn.yaml,3.12.13,Linux-6.12.90+-x86_64-with-glibc2.35,rag_neural_loop,1,44,1,0.9837867268968913,0.9382653198429868,0.045521407053904506
2026-08-22T14:47:16.361858+00:00,e85c645134dafe5024515cf86aa8b00f0ed7e8e9,8,configs/s5_analysis_bn.yaml,3.12.13,Linux-6.12.90+-x86_64-with-glibc2.35,rag_symbolic_loop,1,44,1,0.9837867268968913,0.9382653198429868,0.045521407053904506
2026-08-22T14:47:16.361858+00:00,e85c645134dafe5024515cf86aa8b00f0ed7e8e9,8,configs/s5_analysis_bn.yaml,3.12.13,Linux-6.12.90+-x86_64-with-glibc2.35,rag_symbolic_loop,1,44,2,0.5159181711164389,0.9202530012311106,-0.40433483011467175
2026-08-22T14:47:16.361858+00:00,e85c645134dafe5024515cf86aa8b00f0ed7e8e9,8,configs/s5_analysis_bn.yaml,3.12.13,Linux-6.12.90+-x86_64-with-glibc2.35,rag_symbolic_loop,1,44,3,0.351087664593953,0.9127228331794774,-0.5616351685855244
2026-08-22T14:47:16.361858+00:00,e85c645134dafe5024515cf86aa8b00f0ed7e8e9,8,configs/s5_analysis_bn.yaml,3.12.13,Linux-6.12.90+-x86_64-with-glibc2.35,rag_neural_symbolic_feedback,1,44,1,0.9837867268968913,0.9382653198429868,0.045521407053904506
2026-08-22T14:47:16.361858+00:00,e85c645134dafe5024515cf86aa8b00f0ed7e8e9,8,configs/s5_analysis_bn.yaml,3.12.13,Linux-6.12.90+-x86_64-with-glibc2.35,rag_neural_loop,0,44,1,7.721379091663039e-12,0.021495891681893142,-0.021495891674171763
2026-08-22T14:47:16.361858+00:00,e85c645134dafe5024515cf86aa8b00f0ed7e8e9,8,configs/s5_analysis_bn.yaml,3.12.13,Linux-6.12.90+-x86_64-with-glibc2.35,rag_neural_loop,0,44,2,0.9999999999755537,0.9849806748369649,0.015019325138588724
2026-08-22T14:47:16.361858+00:00,e85c645134dafe5024515cf86aa8b00f0ed7e8e9,8,configs/s5_analysis_bn.yaml,3.12.13,Linux-6.12.90+-x86_64-with-glibc2.35,rag_symbolic_loop,0,44,1,7.721379091663039e-12,0.021495891681893142,-0.021495891674171763
2026-08-22T14:47:16.361858+00:00,e85c645134dafe5024515cf86aa8b00f0ed7e8e9,8,configs/s5_analysis_bn.yaml,3.12.13,Linux-6.12.90+-x86_64-with-glibc2.35,rag_neural_symbolic_feedback,0,44,1,7.721379091663039e-12,0.021495891681893142,-0.021495891674171763
2026-08-22T14:47:16.361858+00:00,e85c645134dafe5024515cf86aa8b00f0ed7e8e9,8,configs/s5_analysis_bn.yaml,3.12.13,Linux-6.12.90+-x86_64-with-glibc2.35,rag_neural_symbolic_feedback,0,44,2,0.9999417618335419,0.9795062892591325,0.020435472574409363
2026-08-22T14:47:16.361858+00:00,e85c645134dafe5024515cf86aa8b00f0ed7e8e9,8,configs/s5_analysis_bn.yaml,3.12.13,Linux-6.12.90+-x86_64-with-glibc2.35,rag_neural_loop,1,44,1,0.9999968247626434,0.9638872658392075,0.036109558923435925
2026-08-22T14:47:16.361858+00:00,e85c645134dafe5024515cf86aa8b00f0ed7e8e9,8,configs/s5_analysis_bn.yaml,3.12.13,Linux-6.12.90+-x86_64-with-glibc2.35,rag_symbolic_loop,1,44,1,0.9999968247626434,0.9638872658392075,0.036109558923435925
2026-08-22T14:47:16.361858+00:00,e85c645134dafe5024515cf86aa8b00f0ed7e8e9,8,configs/s5_analysis_bn.yaml,3.12.13,Linux-6.12.90+-x86_64-with-glibc2.35,rag_neural_symbolic_feedback,1,44,1,0.9999968247626434,0.9638872658392075,0.036109558923435925
2026-08-22T14:47:16.361858+00:00,e85c645134dafe5024515cf86aa8b00f0ed7e8e9,8,configs/s5_analysis_bn.yaml,3.12.13,Linux-6.12.90+-x86_64-with-glibc2.35,rag_neural_loop,0,44,1,2.1208788672733014e-05,0.03512266005778286,-0.03510145126911013
2026-08-22T14:47:16.361858+00:00,e85c645134dafe5024515cf86aa8b00f0ed7e8e9,8,configs/s5_analysis_bn.yaml,3.12.13,Linux-6.12.90+-x86_64-with-glibc2.35,rag_neural_loop,0,44,2,0.03342107839371933,0.023909144747135902,0.009511933646583426
2026-08-22T14:47:16.361858+00:00,e85c645134dafe5024515cf86aa8b00f0ed7e8e9,8,configs/s5_analysis_bn.yaml,3.12.13,Linux-6.12.90+-x86_64-with-glibc2.35,rag_neural_loop,0,44,3,0.9908158796725004,0.03002270220458292,0.9607931774679175
2026-08-22T14:47:16.361858+00:00,e85c645134dafe5024515cf86aa8b00f0ed7e8e9,8,configs/s5_analysis_bn.yaml,3.12.13,Linux-6.12.90+-x86_64-with-glibc2.35,rag_symbolic_loop,0,44,1,2.1208788672733014e-05,0.03512266005778286,-0.03510145126911013
2026-08-22T14:47:16.361858+00:00,e85c645134dafe5024515cf86aa8b00f0ed7e8e9,8,configs/s5_analysis_bn.yaml,3.12.13,Linux-6.12.90+-x86_64-with-glibc2.35,rag_neural_symbolic_feedback,0,44,1,2.1208788672733014e-05,0.03512266005778286,-0.03510145126911013
2026-08-22T14:47:16.361858+00:00,e85c645134dafe5024515cf86aa8b00f0ed7e8e9,8,configs/s5_analysis_bn.yaml,3.12.13,Linux-6.12.90+-x86_64-with-glibc2.35,rag_neural_symbolic_feedback,0,44,2,0.0006162651029614219,0.021105648576357328,-0.020489383473395906
2026-08-22T14:47:16.361858+00:00,e85c645134dafe5024515cf86aa8b00f0ed7e8e9,8,configs/s5_analysis_bn.yaml,3.12.13,Linux-6.12.90+-x86_64-with-glibc2.35,rag_neural_symbolic_feedback,0,44,3,1.4580559505317225e-06,0.021130718437876395,-0.021129260381925863
2026-08-22T14:47:16.361858+00:00,e85c645134dafe5024515cf86aa8b00f0ed7e8e9,8,configs/s5_analysis_bn.yaml,3.12.13,Linux-6.12.90+-x86_64-with-glibc2.35,rag_neural_loop,1,44,1,0.9909096263791823,0.958450257613884,0.03245936876529831
2026-08-22T14:47:16.361858+00:00,e85c645134dafe5024515cf86aa8b00f0ed7e8e9,8,configs/s5_analysis_bn.yaml,3.12.13,Linux-6.12.90+-x86_64-with-glibc2.35,rag_symbolic_loop,1,44,1,0.9909096263791823,0.958450257613884,0.03245936876529831
2026-08-22T14:47:16.361858+00:00,e85c645134dafe5024515cf86aa8b00f0ed7e8e9,8,configs/s5_analysis_bn.yaml,3.12.13,Linux-6.12.90+-x86_64-with-glibc2.35,rag_symbolic_loop,1,44,2,0.9999855947403493,0.9420375751933568,0.05794801954699247
2026-08-22T14:47:16.361858+00:00,e85c645134dafe5024515cf86aa8b00f0ed7e8e9,8,configs/s5_analysis_bn.yaml,3.12.13,Linux-6.12.90+-x86_64-with-glibc2.35,rag_symbolic_loop,1,44,3,0.9999780925143092,0.9645998355351607,0.03537825697914854
2026-08-22T14:47:16.361858+00:00,e85c645134dafe5024515cf86aa8b00f0ed7e8e9,8,configs/s5_analysis_bn.yaml,3.12.13,Linux-6.12.90+-x86_64-with-glibc2.35,rag_neural_symbolic_feedback,1,44,1,0.9909096263791823,0.958450257613884,0.03245936876529831
2026-08-22T14:47:16.361858+00:00,e85c645134dafe5024515cf86aa8b00f0ed7e8e9,8,configs/s5_analysis_bn.yaml,3.12.13,Linux-6.12.90+-x86_64-with-glibc2.35,rag_neural_loop,0,44,1,0.0021671454367997445,0.02934556180227521,-0.027178416365475466
2026-08-22T14:47:16.361858+00:00,e85c645134dafe5024515cf86aa8b00f0ed7e8e9,8,configs/s5_analysis_bn.yaml,3.12.13,Linux-6.12.90+-x86_64-with-glibc2.35,rag_neural_loop,0,44,2,0.00022959496863872442,0.16223775906926596,-0.16200816410062724
2026-08-22T14:47:16.361858+00:00,e85c645134dafe5024515cf86aa8b00f0ed7e8e9,8,configs/s5_analysis_bn.yaml,3.12.13,Linux-6.12.90+-x86_64-with-glibc2.35,rag_neural_loop,0,44,3,5.8823250516093495e-06,0.026962389111960472,-0.026956506786908863
2026-08-22T14:47:16.361858+00:00,e85c645134dafe5024515cf86aa8b00f0ed7e8e9,8,configs/s5_analysis_bn.yaml,3.12.13,Linux-6.12.90+-x86_64-with-glibc2.35,rag_symbolic_loop,0,44,1,0.0021671454367997445,0.02934556180227521,-0.027178416365475466
2026-08-22T14:47:16.361858+00:00,e85c645134dafe5024515cf86aa8b00f0ed7e8e9,8,configs/s5_analysis_bn.yaml,3.12.13,Linux-6.12.90+-x86_64-with-glibc2.35,rag_neural_symbolic_feedback,0,44,1,0.0021671454367997445,0.02934556180227521,-0.027178416365475466
2026-08-22T14:47:16.361858+00:00,e85c645134dafe5024515cf86aa8b00f0ed7e8e9,8,configs/s5_analysis_bn.yaml,3.12.13,Linux-6.12.90+-x86_64-with-glibc2.35,rag_neural_symbolic_feedback,0,44,2,3.80181930548229e-06,0.04662691976050304,-0.046623117941197556
2026-08-22T14:47:16.361858+00:00,e85c645134dafe5024515cf86aa8b00f0ed7e8e9,8,configs/s5_analysis_bn.yaml,3.12.13,Linux-6.12.90+-x86_64-with-glibc2.35,rag_neural_symbolic_feedback,0,44,3,0.999987556600071,0.03331965083386801,0.966667905766203
2026-08-22T14:47:16.361858+00:00,e85c645134dafe5024515cf86aa8b00f0ed7e8e9,8,configs/s5_analysis_bn.yaml,3.12.13,Linux-6.12.90+-x86_64-with-glibc2.35,rag_neural_loop,1,44,1,0.9979393193192819,0.9623809952508517,0.03555832406843018
2026-08-22T14:47:16.361858+00:00,e85c645134dafe5024515cf86aa8b00f0ed7e8e9,8,configs/s5_analysis_bn.yaml,3.12.13,Linux-6.12.90+-x86_64-with-glibc2.35,rag_symbolic_loop,1,44,1,0.9979393193192819,0.9623809952508517,0.03555832406843018
2026-08-22T14:47:16.361858+00:00,e85c645134dafe5024515cf86aa8b00f0ed7e8e9,8,configs/s5_analysis_bn.yaml,3.12.13,Linux-6.12.90+-x86_64-with-glibc2.35,rag_symbolic_loop,1,44,2,0.9999998509209769,0.9158925269189911,0.08410732400198573
2026-08-22T14:47:16.361858+00:00,e85c645134dafe5024515cf86aa8b00f0ed7e8e9,8,configs/s5_analysis_bn.yaml,3.12.13,Linux-6.12.90+-x86_64-with-glibc2.35,rag_symbolic_loop,1,44,3,0.9999911042767885,0.9303021481150544,0.0696889561617341
2026-08-22T14:47:16.361858+00:00,e85c645134dafe5024515cf86aa8b00f0ed7e8e9,8,configs/s5_analysis_bn.yaml,3.12.13,Linux-6.12.90+-x86_64-with-glibc2.35,rag_neural_symbolic_feedback,1,44,1,0.9979393193192819,0.9623809952508517,0.03555832406843018
2026-08-22T14:47:16.361858+00:00,e85c645134dafe5024515cf86aa8b00f0ed7e8e9,8,configs/s5_analysis_bn.yaml,3.12.13,Linux-6.12.90+-x86_64-with-glibc2.35,rag_neural_loop,0,44,1,0.005156173277785503,0.022743356937543036,-0.017587183659757533
2026-08-22T14:47:16.361858+00:00,e85c645134dafe5024515cf86aa8b00f0ed7e8e9,8,configs/s5_analysis_bn.yaml,3.12.13,Linux-6.12.90+-x86_64-with-glibc2.35,rag_neural_loop,0,44,2,0.5974503396496638,0.047931194300321334,0.5495191453493424
2026-08-22T14:47:16.361858+00:00,e85c645134dafe5024515cf86aa8b00f0ed7e8e9,8,configs/s5_analysis_bn.yaml,3.12.13,Linux-6.12.90+-x86_64-with-glibc2.35,rag_symbolic_loop,0,44,1,0.005156173277785503,0.022743356937543036,-0.017587183659757533
2026-08-22T14:47:16.361858+00:00,e85c645134dafe5024515cf86aa8b00f0ed7e8e9,8,configs/s5_analysis_bn.yaml,3.12.13,Linux-6.12.90+-x86_64-with-glibc2.35,rag_neural_symbolic_feedback,0,44,1,0.005156173277785503,0.022743356937543036,-0.017587183659757533
2026-08-22T14:47:16.361858+00:00,e85c645134dafe5024515cf86aa8b00f0ed7e8e9,8,configs/s5_analysis_bn.yaml,3.12.13,Linux-6.12.90+-x86_64-with-glibc2.35,rag_neural_symbolic_feedback,0,44,2,0.6954847346610924,0.034684937951637185,0.6607997967094552
2026-08-22T14:47:16.361858+00:00,e85c645134dafe5024515cf86aa8b00f0ed7e8e9,8,configs/s5_analysis_bn.yaml,3.12.13,Linux-6.12.90+-x86_64-with-glibc2.35,rag_neural_loop,1,44,1,0.78748780849508,0.9702005529998224,-0.1827127445047424
2026-08-22T14:47:16.361858+00:00,e85c645134dafe5024515cf86aa8b00f0ed7e8e9,8,configs/s5_analysis_bn.yaml,3.12.13,Linux-6.12.90+-x86_64-with-glibc2.35,rag_symbolic_loop,1,44,1,0.78748780849508,0.9702005529998224,-0.1827127445047424
2026-08-22T14:47:16.361858+00:00,e85c645134dafe5024515cf86aa8b00f0ed7e8e9,8,configs/s5_analysis_bn.yaml,3.12.13,Linux-6.12.90+-x86_64-with-glibc2.35,rag_symbolic_loop,1,44,2,0.9036389798984663,0.9698555486341568,-0.06621656873569048
2026-08-22T14:47:16.361858+00:00,e85c645134dafe5024515cf86aa8b00f0ed7e8e9,8,configs/s5_analysis_bn.yaml,3.12.13,Linux-6.12.90+-x86_64-with-glibc2.35,rag_neural_symbolic_feedback,1,44,1,0.78748780849508,0.9702005529998224,-0.1827127445047424
2026-08-22T14:47:16.361858+00:00,e85c645134dafe5024515cf86aa8b00f0ed7e8e9,8,configs/s5_analysis_bn.yaml,3.12.13,Linux-6.12.90+-x86_64-with-glibc2.35,rag_neural_loop,0,44,1,0.9999999999989148,0.9843716486505989,0.01562835134831586
2026-08-22T14:47:16.361858+00:00,e85c645134dafe5024515cf86aa8b00f0ed7e8e9,8,configs/s5_analysis_bn.yaml,3.12.13,Linux-6.12.90+-x86_64-with-glibc2.35,rag_symbolic_loop,0,44,1,0.9999999999989148,0.9843716486505989,0.01562835134831586
2026-08-22T14:47:16.361858+00:00,e85c645134dafe5024515cf86aa8b00f0ed7e8e9,8,configs/s5_analysis_bn.yaml,3.12.13,Linux-6.12.90+-x86_64-with-glibc2.35,rag_neural_symbolic_feedback,0,44,1,0.9999999999989148,0.9843716486505989,0.01562835134831586
2026-08-22T14:47:16.361858+00:00,e85c645134dafe5024515cf86aa8b00f0ed7e8e9,8,configs/s5_analysis_bn.yaml,3.12.13,Linux-6.12.90+-x86_64-with-glibc2.35,rag_neural_loop,1,44,1,0.9996274400148198,0.9224121320601768,0.07721530795464304
2026-08-22T14:47:16.361858+00:00,e85c645134dafe5024515cf86aa8b00f0ed7e8e9,8,configs/s5_analysis_bn.yaml,3.12.13,Linux-6.12.90+-x86_64-with-glibc2.35,rag_symbolic_loop,1,44,1,0.9996274400148198,0.922412266102859,0.07721517391196087
2026-08-22T14:47:16.361858+00:00,e85c645134dafe5024515cf86aa8b00f0ed7e8e9,8,configs/s5_analysis_bn.yaml,3.12.13,Linux-6.12.90+-x86_64-with-glibc2.35,rag_symbolic_loop,1,44,2,0.0037355752084749978,0.01905260976627753,-0.015317034557802532
2026-08-22T14:47:16.361858+00:00,e85c645134dafe5024515cf86aa8b00f0ed7e8e9,8,configs/s5_analysis_bn.yaml,3.12.13,Linux-6.12.90+-x86_64-with-glibc2.35,rag_symbolic_loop,1,44,3,0.9982502301580138,0.15168884992684964,0.8465613802311642
2026-08-22T14:47:16.361858+00:00,e85c645134dafe5024515cf86aa8b00f0ed7e8e9,8,configs/s5_analysis_bn.yaml,3.12.13,Linux-6.12.90+-x86_64-with-glibc2.35,rag_neural_symbolic_feedback,1,44,1,0.9996274400148198,0.922412266102859,0.07721517391196087
2026-08-22T14:47:16.361858+00:00,e85c645134dafe5024515cf86aa8b00f0ed7e8e9,8,configs/s5_analysis_bn.yaml,3.12.13,Linux-6.12.90+-x86_64-with-glibc2.35,rag_neural_loop,0,44,1,5.111022716164371e-12,0.01911679456715676,-0.019116794562045736
2026-08-22T14:47:16.361858+00:00,e85c645134dafe5024515cf86aa8b00f0ed7e8e9,8,configs/s5_analysis_bn.yaml,3.12.13,Linux-6.12.90+-x86_64-with-glibc2.35,rag_neural_loop,0,44,2,0.9999999897584279,0.9677819732192885,0.03221801653913936
2026-08-22T14:47:16.361858+00:00,e85c645134dafe5024515cf86aa8b00f0ed7e8e9,8,configs/s5_analysis_bn.yaml,3.12.13,Linux-6.12.90+-x86_64-with-glibc2.35,rag_symbolic_loop,0,44,1,5.111022716164371e-12,0.01911679456715676,-0.019116794562045736
2026-08-22T14:47:16.361858+00:00,e85c645134dafe5024515cf86aa8b00f0ed7e8e9,8,configs/s5_analysis_bn.yaml,3.12.13,Linux-6.12.90+-x86_64-with-glibc2.35,rag_neural_symbolic_feedback,0,44,1,5.111022716164371e-12,0.01911679456715676,-0.019116794562045736
2026-08-22T14:47:16.361858+00:00,e85c645134dafe5024515cf86aa8b00f0ed7e8e9,8,configs/s5_analysis_bn.yaml,3.12.13,Linux-6.12.90+-x86_64-with-glibc2.35,rag_neural_symbolic_feedback,0,44,2,0.999999998374906,0.9721885692783947,0.027811429096511353
2026-08-22T14:47:16.361858+00:00,e85c645134dafe5024515cf86aa8b00f0ed7e8e9,8,configs/s5_analysis_bn.yaml,3.12.13,Linux-6.12.90+-x86_64-with-glibc2.35,rag_neural_loop,1,44,1,0.9999500028481269,0.976702675801773,0.023247327046353905
2026-08-22T14:47:16.361858+00:00,e85c645134dafe5024515cf86aa8b00f0ed7e8e9,8,configs/s5_analysis_bn.yaml,3.12.13,Linux-6.12.90+-x86_64-with-glibc2.35,rag_symbolic_loop,1,44,1,0.9999500028481269,0.976702675801773,0.023247327046353905
2026-08-22T14:47:16.361858+00:00,e85c645134dafe5024515cf86aa8b00f0ed7e8e9,8,configs/s5_analysis_bn.yaml,3.12.13,Linux-6.12.90+-x86_64-with-glibc2.35,rag_symbolic_loop,1,44,2,0.09502569458704717,0.05593824527759249,0.03908744930945468
2026-08-22T14:47:16.361858+00:00,e85c645134dafe5024515cf86aa8b00f0ed7e8e9,8,configs/s5_analysis_bn.yaml,3.12.13,Linux-6.12.90+-x86_64-with-glibc2.35,rag_symbolic_loop,1,44,3,0.9999909642803118,0.9637201866518328,0.03627077762847897
2026-08-22T14:47:16.361858+00:00,e85c645134dafe5024515cf86aa8b00f0ed7e8e9,8,configs/s5_analysis_bn.yaml,3.12.13,Linux-6.12.90+-x86_64-with-glibc2.35,rag_neural_symbolic_feedback,1,44,1,0.9999500028481269,0.976702675801773,0.023247327046353905
2026-08-22T14:47:16.361858+00:00,e85c645134dafe5024515cf86aa8b00f0ed7e8e9,8,configs/s5_analysis_bn.yaml,3.12.13,Linux-6.12.90+-x86_64-with-glibc2.35,rag_neural_loop,0,44,1,0.9994268377203438,0.055548236331803835,0.94387860138854
2026-08-22T14:47:16.361858+00:00,e85c645134dafe5024515cf86aa8b00f0ed7e8e9,8,configs/s5_analysis_bn.yaml,3.12.13,Linux-6.12.90+-x86_64-with-glibc2.35,rag_symbolic_loop,0,44,1,0.9994268377203438,0.055548236331803835,0.94387860138854
2026-08-22T14:47:16.361858+00:00,e85c645134dafe5024515cf86aa8b00f0ed7e8e9,8,configs/s5_analysis_bn.yaml,3.12.13,Linux-6.12.90+-x86_64-with-glibc2.35,rag_neural_symbolic_feedback,0,44,1,0.9994268377203438,0.055548236331803835,0.94387860138854
2026-08-22T14:47:16.361858+00:00,e85c645134dafe5024515cf86aa8b00f0ed7e8e9,8,configs/s5_analysis_bn.yaml,3.12.13,Linux-6.12.90+-x86_64-with-glibc2.35,rag_neural_loop,1,44,1,0.9991475713670158,0.9529851691899088,0.04616240217710699
2026-08-22T14:47:16.361858+00:00,e85c645134dafe5024515cf86aa8b00f0ed7e8e9,8,configs/s5_analysis_bn.yaml,3.12.13,Linux-6.12.90+-x86_64-with-glibc2.35,rag_symbolic_loop,1,44,1,0.9991475713670158,0.9529851691899088,0.04616240217710699
2026-08-22T14:47:16.361858+00:00,e85c645134dafe5024515cf86aa8b00f0ed7e8e9,8,configs/s5_analysis_bn.yaml,3.12.13,Linux-6.12.90+-x86_64-with-glibc2.35,rag_neural_symbolic_feedback,1,44,1,0.9991475713670158,0.9529851691899088,0.04616240217710699
2026-08-22T14:47:16.361858+00:00,e85c645134dafe5024515cf86aa8b00f0ed7e8e9,8,configs/s5_analysis_bn.yaml,3.12.13,Linux-6.12.90+-x86_64-with-glibc2.35,rag_neural_loop,0,44,1,0.9999999268405417,0.9860271319030366,0.01397279493750514
2026-08-22T14:47:16.361858+00:00,e85c645134dafe5024515cf86aa8b00f0ed7e8e9,8,configs/s5_analysis_bn.yaml,3.12.13,Linux-6.12.90+-x86_64-with-glibc2.35,rag_symbolic_loop,0,44,1,0.9999999268405417,0.9860271319030366,0.01397279493750514
2026-08-22T14:47:16.361858+00:00,e85c645134dafe5024515cf86aa8b00f0ed7e8e9,8,configs/s5_analysis_bn.yaml,3.12.13,Linux-6.12.90+-x86_64-with-glibc2.35,rag_neural_symbolic_feedback,0,44,1,0.9999999268405417,0.9860271319030366,0.01397279493750514
2026-08-22T14:47:16.361858+00:00,e85c645134dafe5024515cf86aa8b00f0ed7e8e9,8,configs/s5_analysis_bn.yaml,3.12.13,Linux-6.12.90+-x86_64-with-glibc2.35,rag_neural_loop,1,44,1,0.9999999999823783,0.9786204086259166,0.021379591356461725
2026-08-22T14:47:16.361858+00:00,e85c645134dafe5024515cf86aa8b00f0ed7e8e9,8,configs/s5_analysis_bn.yaml,3.12.13,Linux-6.12.90+-x86_64-with-glibc2.35,rag_symbolic_loop,1,44,1,0.9999999999823783,0.9786204086259166,0.021379591356461725
2026-08-22T14:47:16.361858+00:00,e85c645134dafe5024515cf86aa8b00f0ed7e8e9,8,configs/s5_analysis_bn.yaml,3.12.13,Linux-6.12.90+-x86_64-with-glibc2.35,rag_symbolic_loop,1,44,2,0.9999999971609488,0.9799295576715972,0.02007043948935161
2026-08-22T14:47:16.361858+00:00,e85c645134dafe5024515cf86aa8b00f0ed7e8e9,8,configs/s5_analysis_bn.yaml,3.12.13,Linux-6.12.90+-x86_64-with-glibc2.35,rag_symbolic_loop,1,44,3,0.9999999988885233,0.9739937090031872,0.026006289885336153
2026-08-22T14:47:16.361858+00:00,e85c645134dafe5024515cf86aa8b00f0ed7e8e9,8,configs/s5_analysis_bn.yaml,3.12.13,Linux-6.12.90+-x86_64-with-glibc2.35,rag_neural_symbolic_feedback,1,44,1,0.9999999999823783,0.9786204086259166,0.021379591356461725
2026-08-22T14:47:16.361858+00:00,e85c645134dafe5024515cf86aa8b00f0ed7e8e9,8,configs/s5_analysis_bn.yaml,3.12.13,Linux-6.12.90+-x86_64-with-glibc2.35,rag_neural_loop,0,44,1,0.9999986763031995,0.9711742787784694,0.028824397524730094
2026-08-22T14:47:16.361858+00:00,e85c645134dafe5024515cf86aa8b00f0ed7e8e9,8,configs/s5_analysis_bn.yaml,3.12.13,Linux-6.12.90+-x86_64-with-glibc2.35,rag_symbolic_loop,0,44,1,0.9999986763031995,0.9711742787784694,0.028824397524730094
2026-08-22T14:47:16.361858+00:00,e85c645134dafe5024515cf86aa8b00f0ed7e8e9,8,configs/s5_analysis_bn.yaml,3.12.13,Linux-6.12.90+-x86_64-with-glibc2.35,rag_neural_symbolic_feedback,0,44,1,0.9999986763031995,0.9711742787784694,0.028824397524730094
2026-08-22T14:47:16.361858+00:00,e85c645134dafe5024515cf86aa8b00f0ed7e8e9,8,configs/s5_analysis_bn.yaml,3.12.13,Linux-6.12.90+-x86_64-with-glibc2.35,rag_neural_loop,1,44,1,0.9782372406041756,0.9586552408573125,0.019581999746863143
2026-08-22T14:47:16.361858+00:00,e85c645134dafe5024515cf86aa8b00f0ed7e8e9,8,configs/s5_analysis_bn.yaml,3.12.13,Linux-6.12.90+-x86_64-with-glibc2.35,rag_symbolic_loop,1,44,1,0.9782372406041756,0.9586552408573125,0.019581999746863143
2026-08-22T14:47:16.361858+00:00,e85c645134dafe5024515cf86aa8b00f0ed7e8e9,8,configs/s5_analysis_bn.yaml,3.12.13,Linux-6.12.90+-x86_64-with-glibc2.35,rag_symbolic_loop,1,44,2,0.6175438444169034,0.9412211135065893,-0.32367726908968597
2026-08-22T14:47:16.361858+00:00,e85c645134dafe5024515cf86aa8b00f0ed7e8e9,8,configs/s5_analysis_bn.yaml,3.12.13,Linux-6.12.90+-x86_64-with-glibc2.35,rag_symbolic_loop,1,44,3,0.42144910841998057,0.7112073321252547,-0.2897582237052741
2026-08-22T14:47:16.361858+00:00,e85c645134dafe5024515cf86aa8b00f0ed7e8e9,8,configs/s5_analysis_bn.yaml,3.12.13,Linux-6.12.90+-x86_64-with-glibc2.35,rag_neural_symbolic_feedback,1,44,1,0.9782372406041756,0.9586552408573125,0.019581999746863143
2026-08-22T14:47:16.361858+00:00,e85c645134dafe5024515cf86aa8b00f0ed7e8e9,8,configs/s5_analysis_bn.yaml,3.12.13,Linux-6.12.90+-x86_64-with-glibc2.35,rag_neural_loop,0,44,1,0.41369779718143684,0.025548707696423922,0.3881490894850129
2026-08-22T14:47:16.361858+00:00,e85c645134dafe5024515cf86aa8b00f0ed7e8e9,8,configs/s5_analysis_bn.yaml,3.12.13,Linux-6.12.90+-x86_64-with-glibc2.35,rag_neural_loop,0,44,2,0.9999990930280125,0.9691886117334648,0.030810481294547665
2026-08-22T14:47:16.361858+00:00,e85c645134dafe5024515cf86aa8b00f0ed7e8e9,8,configs/s5_analysis_bn.yaml,3.12.13,Linux-6.12.90+-x86_64-with-glibc2.35,rag_symbolic_loop,0,44,1,0.41369779718143684,0.025548707696423922,0.3881490894850129
2026-08-22T14:47:16.361858+00:00,e85c645134dafe5024515cf86aa8b00f0ed7e8e9,8,configs/s5_analysis_bn.yaml,3.12.13,Linux-6.12.90+-x86_64-with-glibc2.35,rag_neural_symbolic_feedback,0,44,1,0.41369779718143684,0.025548707696423922,0.3881490894850129
2026-08-22T14:47:16.361858+00:00,e85c645134dafe5024515cf86aa8b00f0ed7e8e9,8,configs/s5_analysis_bn.yaml,3.12.13,Linux-6.12.90+-x86_64-with-glibc2.35,rag_neural_symbolic_feedback,0,44,2,1.3313982040408234e-05,0.01962566586324399,-0.019612351881203582
2026-08-22T14:47:16.361858+00:00,e85c645134dafe5024515cf86aa8b00f0ed7e8e9,8,configs/s5_analysis_bn.yaml,3.12.13,Linux-6.12.90+-x86_64-with-glibc2.35,rag_neural_symbolic_feedback,0,44,3,0.9999999999715542,0.9831876942481184,0.01681230572343584
2026-08-22T14:47:16.361858+00:00,e85c645134dafe5024515cf86aa8b00f0ed7e8e9,8,configs/s5_analysis_bn.yaml,3.12.13,Linux-6.12.90+-x86_64-with-glibc2.35,rag_neural_loop,1,44,1,0.9985290044716433,0.9768393209651497,0.021689683506493584
2026-08-22T14:47:16.361858+00:00,e85c645134dafe5024515cf86aa8b00f0ed7e8e9,8,configs/s5_analysis_bn.yaml,3.12.13,Linux-6.12.90+-x86_64-with-glibc2.35,rag_symbolic_loop,1,44,1,0.9985290044716433,0.9768393209651497,0.021689683506493584
2026-08-22T14:47:16.361858+00:00,e85c645134dafe5024515cf86aa8b00f0ed7e8e9,8,configs/s5_analysis_bn.yaml,3.12.13,Linux-6.12.90+-x86_64-with-glibc2.35,rag_neural_symbolic_feedback,1,44,1,0.9985290044716433,0.9768393209651497,0.021689683506493584
2026-08-22T14:47:16.361858+00:00,e85c645134dafe5024515cf86aa8b00f0ed7e8e9,8,configs/s5_analysis_bn.yaml,3.12.13,Linux-6.12.90+-x86_64-with-glibc2.35,rag_neural_loop,0,44,1,0.9999999999960096,0.9850318220108811,0.014968177985128506
2026-08-22T14:47:16.361858+00:00,e85c645134dafe5024515cf86aa8b00f0ed7e8e9,8,configs/s5_analysis_bn.yaml,3.12.13,Linux-6.12.90+-x86_64-with-glibc2.35,rag_symbolic_loop,0,44,1,0.9999999999960096,0.9850318220108811,0.014968177985128506
2026-08-22T14:47:16.361858+00:00,e85c645134dafe5024515cf86aa8b00f0ed7e8e9,8,configs/s5_analysis_bn.yaml,3.12.13,Linux-6.12.90+-x86_64-with-glibc2.35,rag_neural_symbolic_feedback,0,44,1,0.9999999999960096,0.9850318220108811,0.014968177985128506
2026-08-22T14:47:16.361858+00:00,e85c645134dafe5024515cf86aa8b00f0ed7e8e9,8,configs/s5_analysis_bn.yaml,3.12.13,Linux-6.12.90+-x86_64-with-glibc2.35,rag_neural_loop,1,44,1,4.487094464319348e-08,0.1500671289495748,-0.15006708407863015
2026-08-22T14:47:16.361858+00:00,e85c645134dafe5024515cf86aa8b00f0ed7e8e9,8,configs/s5_analysis_bn.yaml,3.12.13,Linux-6.12.90+-x86_64-with-glibc2.35,rag_neural_loop,1,44,2,0.9998622732845979,0.9522065932893438,0.04765567999525411
2026-08-22T14:47:16.361858+00:00,e85c645134dafe5024515cf86aa8b00f0ed7e8e9,8,configs/s5_analysis_bn.yaml,3.12.13,Linux-6.12.90+-x86_64-with-glibc2.35,rag_symbolic_loop,1,44,1,4.487094464319348e-08,0.1500671289495748,-0.15006708407863015
2026-08-22T14:47:16.361858+00:00,e85c645134dafe5024515cf86aa8b00f0ed7e8e9,8,configs/s5_analysis_bn.yaml,3.12.13,Linux-6.12.90+-x86_64-with-glibc2.35,rag_symbolic_loop,1,44,2,0.9995175528949838,0.9174275760213568,0.08208997687362696
2026-08-22T14:47:16.361858+00:00,e85c645134dafe5024515cf86aa8b00f0ed7e8e9,8,configs/s5_analysis_bn.yaml,3.12.13,Linux-6.12.90+-x86_64-with-glibc2.35,rag_symbolic_loop,1,44,3,0.9962608670200559,0.9404131350371179,0.05584773198293802
2026-08-22T14:47:16.361858+00:00,e85c645134dafe5024515cf86aa8b00f0ed7e8e9,8,configs/s5_analysis_bn.yaml,3.12.13,Linux-6.12.90+-x86_64-with-glibc2.35,rag_neural_symbolic_feedback,1,44,1,4.487094464319348e-08,0.1500672210370957,-0.15006717616615103
2026-08-22T14:47:16.361858+00:00,e85c645134dafe5024515cf86aa8b00f0ed7e8e9,8,configs/s5_analysis_bn.yaml,3.12.13,Linux-6.12.90+-x86_64-with-glibc2.35,rag_neural_symbolic_feedback,1,44,2,0.9999921240597524,0.6829987510668104,0.31699337299294195
2026-08-22T14:47:16.361858+00:00,e85c645134dafe5024515cf86aa8b00f0ed7e8e9,8,configs/s5_analysis_bn.yaml,3.12.13,Linux-6.12.90+-x86_64-with-glibc2.35,rag_neural_loop,0,44,1,0.9999999844525986,0.9858676827241644,0.014132301728434271
2026-08-22T14:47:16.361858+00:00,e85c645134dafe5024515cf86aa8b00f0ed7e8e9,8,configs/s5_analysis_bn.yaml,3.12.13,Linux-6.12.90+-x86_64-with-glibc2.35,rag_symbolic_loop,0,44,1,0.9999999844525986,0.9858676827241644,0.014132301728434271
2026-08-22T14:47:16.361858+00:00,e85c645134dafe5024515cf86aa8b00f0ed7e8e9,8,configs/s5_analysis_bn.yaml,3.12.13,Linux-6.12.90+-x86_64-with-glibc2.35,rag_neural_symbolic_feedback,0,44,1,0.9999999844525986,0.9858676827241644,0.014132301728434271
2026-08-22T14:47:16.361858+00:00,e85c645134dafe5024515cf86aa8b00f0ed7e8e9,8,configs/s5_analysis_bn.yaml,3.12.13,Linux-6.12.90+-x86_64-with-glibc2.35,rag_neural_loop,1,44,1,0.20379576620531525,0.942571307037676,-0.7387755408323607
2026-08-22T14:47:16.361858+00:00,e85c645134dafe5024515cf86aa8b00f0ed7e8e9,8,configs/s5_analysis_bn.yaml,3.12.13,Linux-6.12.90+-x86_64-with-glibc2.35,rag_neural_loop,1,44,2,0.9672089114432649,0.9783085826818145,-0.011099671238549602
2026-08-22T14:47:16.361858+00:00,e85c645134dafe5024515cf86aa8b00f0ed7e8e9,8,configs/s5_analysis_bn.yaml,3.12.13,Linux-6.12.90+-x86_64-with-glibc2.35,rag_symbolic_loop,1,44,1,0.20379576620531525,0.942571307037676,-0.7387755408323607
2026-08-22T14:47:16.361858+00:00,e85c645134dafe5024515cf86aa8b00f0ed7e8e9,8,configs/s5_analysis_bn.yaml,3.12.13,Linux-6.12.90+-x86_64-with-glibc2.35,rag_neural_symbolic_feedback,1,44,1,0.20379576620531525,0.942571307037676,-0.7387755408323607
2026-08-22T14:47:16.361858+00:00,e85c645134dafe5024515cf86aa8b00f0ed7e8e9,8,configs/s5_analysis_bn.yaml,3.12.13,Linux-6.12.90+-x86_64-with-glibc2.35,rag_neural_symbolic_feedback,1,44,2,0.9974398033722893,0.9708263265395684,0.026613476832720973
2026-08-22T14:47:16.361858+00:00,e85c645134dafe5024515cf86aa8b00f0ed7e8e9,8,configs/s5_analysis_bn.yaml,3.12.13,Linux-6.12.90+-x86_64-with-glibc2.35,rag_neural_loop,0,44,1,0.001218164673168487,0.0186537619332644,-0.017435597260095914
2026-08-22T14:47:16.361858+00:00,e85c645134dafe5024515cf86aa8b00f0ed7e8e9,8,configs/s5_analysis_bn.yaml,3.12.13,Linux-6.12.90+-x86_64-with-glibc2.35,rag_neural_loop,0,44,2,0.5645393168534893,0.029460919080789405,0.5350783977726999
2026-08-22T14:47:16.361858+00:00,e85c645134dafe5024515cf86aa8b00f0ed7e8e9,8,configs/s5_analysis_bn.yaml,3.12.13,Linux-6.12.90+-x86_64-with-glibc2.35,rag_symbolic_loop,0,44,1,0.001218164673168487,0.0186537619332644,-0.017435597260095914
2026-08-22T14:47:16.361858+00:00,e85c645134dafe5024515cf86aa8b00f0ed7e8e9,8,configs/s5_analysis_bn.yaml,3.12.13,Linux-6.12.90+-x86_64-with-glibc2.35,rag_neural_symbolic_feedback,0,44,1,0.001218164673168487,0.0186537619332644,-0.017435597260095914
2026-08-22T14:47:16.361858+00:00,e85c645134dafe5024515cf86aa8b00f0ed7e8e9,8,configs/s5_analysis_bn.yaml,3.12.13,Linux-6.12.90+-x86_64-with-glibc2.35,rag_neural_symbolic_feedback,0,44,2,1.0,0.9862677324226207,0.013732267577379331
2026-08-22T14:47:16.361858+00:00,e85c645134dafe5024515cf86aa8b00f0ed7e8e9,8,configs/s5_analysis_bn.yaml,3.12.13,Linux-6.12.90+-x86_64-with-glibc2.35,rag_neural_loop,1,44,1,0.9500740034675282,0.9803231572716645,-0.030249153804136286
2026-08-22T14:47:16.361858+00:00,e85c645134dafe5024515cf86aa8b00f0ed7e8e9,8,configs/s5_analysis_bn.yaml,3.12.13,Linux-6.12.90+-x86_64-with-glibc2.35,rag_symbolic_loop,1,44,1,0.9500740034675282,0.9803231572716645,-0.030249153804136286
2026-08-22T14:47:16.361858+00:00,e85c645134dafe5024515cf86aa8b00f0ed7e8e9,8,configs/s5_analysis_bn.yaml,3.12.13,Linux-6.12.90+-x86_64-with-glibc2.35,rag_symbolic_loop,1,44,2,0.9585986813214823,0.05455479619186072,0.9040438851296215
2026-08-22T14:47:16.361858+00:00,e85c645134dafe5024515cf86aa8b00f0ed7e8e9,8,configs/s5_analysis_bn.yaml,3.12.13,Linux-6.12.90+-x86_64-with-glibc2.35,rag_symbolic_loop,1,44,3,0.23872982872582674,0.8835012473531032,-0.6447714186272765
2026-08-22T14:47:16.361858+00:00,e85c645134dafe5024515cf86aa8b00f0ed7e8e9,8,configs/s5_analysis_bn.yaml,3.12.13,Linux-6.12.90+-x86_64-with-glibc2.35,rag_neural_symbolic_feedback,1,44,1,0.9500740034675282,0.9803231572716645,-0.030249153804136286
2026-08-22T14:47:16.361858+00:00,e85c645134dafe5024515cf86aa8b00f0ed7e8e9,8,configs/s5_analysis_bn.yaml,3.12.13,Linux-6.12.90+-x86_64-with-glibc2.35,rag_neural_loop,0,44,1,0.9752284021805682,0.311487416524855,0.6637409856557132
2026-08-22T14:47:16.361858+00:00,e85c645134dafe5024515cf86aa8b00f0ed7e8e9,8,configs/s5_analysis_bn.yaml,3.12.13,Linux-6.12.90+-x86_64-with-glibc2.35,rag_symbolic_loop,0,44,1,0.9752284021805682,0.311487416524855,0.6637409856557132
2026-08-22T14:47:16.361858+00:00,e85c645134dafe5024515cf86aa8b00f0ed7e8e9,8,configs/s5_analysis_bn.yaml,3.12.13,Linux-6.12.90+-x86_64-with-glibc2.35,rag_neural_symbolic_feedback,0,44,1,0.9752284021805682,0.311487416524855,0.6637409856557132
2026-08-22T14:47:16.361858+00:00,e85c645134dafe5024515cf86aa8b00f0ed7e8e9,8,configs/s5_analysis_bn.yaml,3.12.13,Linux-6.12.90+-x86_64-with-glibc2.35,rag_neural_loop,1,44,1,9.231373349913335e-05,0.02301845829528511,-0.022926144561785978
2026-08-22T14:47:16.361858+00:00,e85c645134dafe5024515cf86aa8b00f0ed7e8e9,8,configs/s5_analysis_bn.yaml,3.12.13,Linux-6.12.90+-x86_64-with-glibc2.35,rag_neural_loop,1,44,2,0.9999974360572439,0.9714026355472133,0.028594800510030605
2026-08-22T14:47:16.361858+00:00,e85c645134dafe5024515cf86aa8b00f0ed7e8e9,8,configs/s5_analysis_bn.yaml,3.12.13,Linux-6.12.90+-x86_64-with-glibc2.35,rag_symbolic_loop,1,44,1,9.231373349913335e-05,0.02301845829528511,-0.022926144561785978
2026-08-22T14:47:16.361858+00:00,e85c645134dafe5024515cf86aa8b00f0ed7e8e9,8,configs/s5_analysis_bn.yaml,3.12.13,Linux-6.12.90+-x86_64-with-glibc2.35,rag_symbolic_loop,1,44,2,0.993787112266089,0.966537249118532,0.027249863147556952
2026-08-22T14:47:16.361858+00:00,e85c645134dafe5024515cf86aa8b00f0ed7e8e9,8,configs/s5_analysis_bn.yaml,3.12.13,Linux-6.12.90+-x86_64-with-glibc2.35,rag_symbolic_loop,1,44,3,0.9777271608968232,0.9745453907027796,0.0031817701940436427
2026-08-22T14:47:16.361858+00:00,e85c645134dafe5024515cf86aa8b00f0ed7e8e9,8,configs/s5_analysis_bn.yaml,3.12.13,Linux-6.12.90+-x86_64-with-glibc2.35,rag_neural_symbolic_feedback,1,44,1,9.231373349913335e-05,0.02301845829528511,-0.022926144561785978
2026-08-22T14:47:16.361858+00:00,e85c645134dafe5024515cf86aa8b00f0ed7e8e9,8,configs/s5_analysis_bn.yaml,3.12.13,Linux-6.12.90+-x86_64-with-glibc2.35,rag_neural_symbolic_feedback,1,44,2,0.961979961212088,0.938440542848376,0.023539418363711984
2026-08-22T14:47:16.361858+00:00,e85c645134dafe5024515cf86aa8b00f0ed7e8e9,8,configs/s5_analysis_bn.yaml,3.12.13,Linux-6.12.90+-x86_64-with-glibc2.35,rag_neural_loop,0,44,1,0.9911992510523632,0.048597875843071625,0.9426013752092915
2026-08-22T14:47:16.361858+00:00,e85c645134dafe5024515cf86aa8b00f0ed7e8e9,8,configs/s5_analysis_bn.yaml,3.12.13,Linux-6.12.90+-x86_64-with-glibc2.35,rag_symbolic_loop,0,44,1,0.9911992510523632,0.048597875843071625,0.9426013752092915
2026-08-22T14:47:16.361858+00:00,e85c645134dafe5024515cf86aa8b00f0ed7e8e9,8,configs/s5_analysis_bn.yaml,3.12.13,Linux-6.12.90+-x86_64-with-glibc2.35,rag_neural_symbolic_feedback,0,44,1,0.9911992510523632,0.048597875843071625,0.9426013752092915
2026-08-22T14:47:16.361858+00:00,e85c645134dafe5024515cf86aa8b00f0ed7e8e9,8,configs/s5_analysis_bn.yaml,3.12.13,Linux-6.12.90+-x86_64-with-glibc2.35,rag_neural_loop,1,44,1,0.9931660687990088,0.9676028335000154,0.025563235298993403
2026-08-22T14:47:16.361858+00:00,e85c645134dafe5024515cf86aa8b00f0ed7e8e9,8,configs/s5_analysis_bn.yaml,3.12.13,Linux-6.12.90+-x86_64-with-glibc2.35,rag_symbolic_loop,1,44,1,0.9931660687990088,0.9676028335000154,0.025563235298993403
2026-08-22T14:47:16.361858+00:00,e85c645134dafe5024515cf86aa8b00f0ed7e8e9,8,configs/s5_analysis_bn.yaml,3.12.13,Linux-6.12.90+-x86_64-with-glibc2.35,rag_symbolic_loop,1,44,2,0.881672948440114,0.9729741424739973,-0.09130119403388326
2026-08-22T14:47:16.361858+00:00,e85c645134dafe5024515cf86aa8b00f0ed7e8e9,8,configs/s5_analysis_bn.yaml,3.12.13,Linux-6.12.90+-x86_64-with-glibc2.35,rag_neural_symbolic_feedback,1,44,1,0.9931660687990088,0.9676028335000154,0.025563235298993403
2026-08-22T14:47:16.361858+00:00,e85c645134dafe5024515cf86aa8b00f0ed7e8e9,8,configs/s5_analysis_bn.yaml,3.12.13,Linux-6.12.90+-x86_64-with-glibc2.35,rag_neural_loop,0,44,1,0.9999995643923874,0.07556287169998477,0.9244366926924026
2026-08-22T14:47:16.361858+00:00,e85c645134dafe5024515cf86aa8b00f0ed7e8e9,8,configs/s5_analysis_bn.yaml,3.12.13,Linux-6.12.90+-x86_64-with-glibc2.35,rag_symbolic_loop,0,44,1,0.9999995643923874,0.07556287169998477,0.9244366926924026
2026-08-22T14:47:16.361858+00:00,e85c645134dafe5024515cf86aa8b00f0ed7e8e9,8,configs/s5_analysis_bn.yaml,3.12.13,Linux-6.12.90+-x86_64-with-glibc2.35,rag_neural_symbolic_feedback,0,44,1,0.9999995643923874,0.07556287169998477,0.9244366926924026
2026-08-22T14:47:16.361858+00:00,e85c645134dafe5024515cf86aa8b00f0ed7e8e9,8,configs/s5_analysis_bn.yaml,3.12.13,Linux-6.12.90+-x86_64-with-glibc2.35,rag_neural_loop,1,44,1,0.9999858050326844,0.9388565949039187,0.06112921012876571
2026-08-22T14:47:16.361858+00:00,e85c645134dafe5024515cf86aa8b00f0ed7e8e9,8,configs/s5_analysis_bn.yaml,3.12.13,Linux-6.12.90+-x86_64-with-glibc2.35,rag_symbolic_loop,1,44,1,0.9999858050326844,0.9388565949039187,0.06112921012876571
2026-08-22T14:47:16.361858+00:00,e85c645134dafe5024515cf86aa8b00f0ed7e8e9,8,configs/s5_analysis_bn.yaml,3.12.13,Linux-6.12.90+-x86_64-with-glibc2.35,rag_symbolic_loop,1,44,2,0.9999745723048803,0.9523506989794962,0.04762387332538409
2026-08-22T14:47:16.361858+00:00,e85c645134dafe5024515cf86aa8b00f0ed7e8e9,8,configs/s5_analysis_bn.yaml,3.12.13,Linux-6.12.90+-x86_64-with-glibc2.35,rag_symbolic_loop,1,44,3,0.9999964449808675,0.973466874005089,0.02652957097577846
2026-08-22T14:47:16.361858+00:00,e85c645134dafe5024515cf86aa8b00f0ed7e8e9,8,configs/s5_analysis_bn.yaml,3.12.13,Linux-6.12.90+-x86_64-with-glibc2.35,rag_neural_symbolic_feedback,1,44,1,0.9999858050326844,0.9388565949039187,0.06112921012876571
2026-08-22T14:47:16.361858+00:00,e85c645134dafe5024515cf86aa8b00f0ed7e8e9,8,configs/s5_analysis_bn.yaml,3.12.13,Linux-6.12.90+-x86_64-with-glibc2.35,rag_neural_loop,0,44,1,0.9999999932533933,0.9823612043986388,0.01763878885475445
2026-08-22T14:47:16.361858+00:00,e85c645134dafe5024515cf86aa8b00f0ed7e8e9,8,configs/s5_analysis_bn.yaml,3.12.13,Linux-6.12.90+-x86_64-with-glibc2.35,rag_symbolic_loop,0,44,1,0.9999999932533933,0.9823612043986388,0.01763878885475445
2026-08-22T14:47:16.361858+00:00,e85c645134dafe5024515cf86aa8b00f0ed7e8e9,8,configs/s5_analysis_bn.yaml,3.12.13,Linux-6.12.90+-x86_64-with-glibc2.35,rag_neural_symbolic_feedback,0,44,1,0.9999999932533933,0.9823612043986388,0.01763878885475445
2026-08-22T14:47:16.361858+00:00,e85c645134dafe5024515cf86aa8b00f0ed7e8e9,8,configs/s5_analysis_bn.yaml,3.12.13,Linux-6.12.90+-x86_64-with-glibc2.35,rag_neural_loop,1,44,1,0.9999901739929257,0.9297488448875785,0.0702413291053472
2026-08-22T14:47:16.361858+00:00,e85c645134dafe5024515cf86aa8b00f0ed7e8e9,8,configs/s5_analysis_bn.yaml,3.12.13,Linux-6.12.90+-x86_64-with-glibc2.35,rag_symbolic_loop,1,44,1,0.9999901739929257,0.9297488448875785,0.0702413291053472
2026-08-22T14:47:16.361858+00:00,e85c645134dafe5024515cf86aa8b00f0ed7e8e9,8,configs/s5_analysis_bn.yaml,3.12.13,Linux-6.12.90+-x86_64-with-glibc2.35,rag_symbolic_loop,1,44,2,0.9998614069461429,0.9273067023327007,0.07255470461344216
2026-08-22T14:47:16.361858+00:00,e85c645134dafe5024515cf86aa8b00f0ed7e8e9,8,configs/s5_analysis_bn.yaml,3.12.13,Linux-6.12.90+-x86_64-with-glibc2.35,rag_symbolic_loop,1,44,3,0.999997958267921,0.9634603599179944,0.03653759834992665
2026-08-22T14:47:16.361858+00:00,e85c645134dafe5024515cf86aa8b00f0ed7e8e9,8,configs/s5_analysis_bn.yaml,3.12.13,Linux-6.12.90+-x86_64-with-glibc2.35,rag_neural_symbolic_feedback,1,44,1,0.9999901739929257,0.9297488448875785,0.0702413291053472
2026-08-22T14:47:16.361858+00:00,e85c645134dafe5024515cf86aa8b00f0ed7e8e9,8,configs/s5_analysis_bn.yaml,3.12.13,Linux-6.12.90+-x86_64-with-glibc2.35,rag_neural_loop,0,44,1,0.9999999999934439,0.9848767125410222,0.015123287452421752
2026-08-22T14:47:16.361858+00:00,e85c645134dafe5024515cf86aa8b00f0ed7e8e9,8,configs/s5_analysis_bn.yaml,3.12.13,Linux-6.12.90+-x86_64-with-glibc2.35,rag_symbolic_loop,0,44,1,0.9999999999934439,0.9848767125410222,0.015123287452421752
2026-08-22T14:47:16.361858+00:00,e85c645134dafe5024515cf86aa8b00f0ed7e8e9,8,configs/s5_analysis_bn.yaml,3.12.13,Linux-6.12.90+-x86_64-with-glibc2.35,rag_neural_symbolic_feedback,0,44,1,0.9999999999934439,0.9848767125410222,0.015123287452421752
2026-08-22T14:47:16.361858+00:00,e85c645134dafe5024515cf86aa8b00f0ed7e8e9,8,configs/s5_analysis_bn.yaml,3.12.13,Linux-6.12.90+-x86_64-with-glibc2.35,rag_neural_loop,1,44,1,0.9933888865133387,0.9731389825517043,0.020249903961634397
2026-08-22T14:47:16.361858+00:00,e85c645134dafe5024515cf86aa8b00f0ed7e8e9,8,configs/s5_analysis_bn.yaml,3.12.13,Linux-6.12.90+-x86_64-with-glibc2.35,rag_symbolic_loop,1,44,1,0.9933888865133387,0.9731389825517043,0.020249903961634397
2026-08-22T14:47:16.361858+00:00,e85c645134dafe5024515cf86aa8b00f0ed7e8e9,8,configs/s5_analysis_bn.yaml,3.12.13,Linux-6.12.90+-x86_64-with-glibc2.35,rag_symbolic_loop,1,44,2,0.9997310000856114,0.9721289557470293,0.027602044338582155
2026-08-22T14:47:16.361858+00:00,e85c645134dafe5024515cf86aa8b00f0ed7e8e9,8,configs/s5_analysis_bn.yaml,3.12.13,Linux-6.12.90+-x86_64-with-glibc2.35,rag_symbolic_loop,1,44,3,0.999397731524202,0.9541048474738325,0.045292884050369464
2026-08-22T14:47:16.361858+00:00,e85c645134dafe5024515cf86aa8b00f0ed7e8e9,8,configs/s5_analysis_bn.yaml,3.12.13,Linux-6.12.90+-x86_64-with-glibc2.35,rag_neural_symbolic_feedback,1,44,1,0.9933888865133387,0.9731389825517043,0.020249903961634397
2026-08-22T14:47:16.361858+00:00,e85c645134dafe5024515cf86aa8b00f0ed7e8e9,8,configs/s5_analysis_bn.yaml,3.12.13,Linux-6.12.90+-x86_64-with-glibc2.35,rag_neural_loop,0,44,1,0.999999590474757,0.9831680752876555,0.016831515187101465
2026-08-22T14:47:16.361858+00:00,e85c645134dafe5024515cf86aa8b00f0ed7e8e9,8,configs/s5_analysis_bn.yaml,3.12.13,Linux-6.12.90+-x86_64-with-glibc2.35,rag_symbolic_loop,0,44,1,0.999999590474757,0.9831680752876555,0.016831515187101465
2026-08-22T14:47:16.361858+00:00,e85c645134dafe5024515cf86aa8b00f0ed7e8e9,8,configs/s5_analysis_bn.yaml,3.12.13,Linux-6.12.90+-x86_64-with-glibc2.35,rag_neural_symbolic_feedback,0,44,1,0.999999590474757,0.9831680752876555,0.016831515187101465
2026-08-22T14:47:16.361858+00:00,e85c645134dafe5024515cf86aa8b00f0ed7e8e9,8,configs/s5_analysis_bn.yaml,3.12.13,Linux-6.12.90+-x86_64-with-glibc2.35,rag_neural_loop,1,44,1,0.6614785018788981,0.9246691195070783,-0.2631906176281802
2026-08-22T14:47:16.361858+00:00,e85c645134dafe5024515cf86aa8b00f0ed7e8e9,8,configs/s5_analysis_bn.yaml,3.12.13,Linux-6.12.90+-x86_64-with-glibc2.35,rag_symbolic_loop,1,44,1,0.6614785018788981,0.9246691195070783,-0.2631906176281802
2026-08-22T14:47:16.361858+00:00,e85c645134dafe5024515cf86aa8b00f0ed7e8e9,8,configs/s5_analysis_bn.yaml,3.12.13,Linux-6.12.90+-x86_64-with-glibc2.35,rag_symbolic_loop,1,44,2,0.9998538902423454,0.9724616092721108,0.027392280970234606
2026-08-22T14:47:16.361858+00:00,e85c645134dafe5024515cf86aa8b00f0ed7e8e9,8,configs/s5_analysis_bn.yaml,3.12.13,Linux-6.12.90+-x86_64-with-glibc2.35,rag_symbolic_loop,1,44,3,0.9887162070580985,0.9251071871065,0.06360901995159851
2026-08-22T14:47:16.361858+00:00,e85c645134dafe5024515cf86aa8b00f0ed7e8e9,8,configs/s5_analysis_bn.yaml,3.12.13,Linux-6.12.90+-x86_64-with-glibc2.35,rag_neural_symbolic_feedback,1,44,1,0.6614785018788981,0.9246691195070783,-0.2631906176281802
2026-08-22T14:47:16.361858+00:00,e85c645134dafe5024515cf86aa8b00f0ed7e8e9,8,configs/s5_analysis_bn.yaml,3.12.13,Linux-6.12.90+-x86_64-with-glibc2.35,rag_neural_loop,0,44,1,0.9999999999978368,0.9833573837903069,0.016642616207529937
2026-08-22T14:47:16.361858+00:00,e85c645134dafe5024515cf86aa8b00f0ed7e8e9,8,configs/s5_analysis_bn.yaml,3.12.13,Linux-6.12.90+-x86_64-with-glibc2.35,rag_symbolic_loop,0,44,1,0.9999999999978368,0.9833573837903069,0.016642616207529937
2026-08-22T14:47:16.361858+00:00,e85c645134dafe5024515cf86aa8b00f0ed7e8e9,8,configs/s5_analysis_bn.yaml,3.12.13,Linux-6.12.90+-x86_64-with-glibc2.35,rag_neural_symbolic_feedback,0,44,1,0.9999999999978368,0.9833573837903069,0.016642616207529937
2026-08-22T14:47:16.361858+00:00,e85c645134dafe5024515cf86aa8b00f0ed7e8e9,8,configs/s5_analysis_bn.yaml,3.12.13,Linux-6.12.90+-x86_64-with-glibc2.35,rag_neural_loop,1,44,1,0.00304558528613025,0.955103606440288,-0.9520580211541577
2026-08-22T14:47:16.361858+00:00,e85c645134dafe5024515cf86aa8b00f0ed7e8e9,8,configs/s5_analysis_bn.yaml,3.12.13,Linux-6.12.90+-x86_64-with-glibc2.35,rag_neural_loop,1,44,2,8.094350021846477e-06,0.7259359423119105,-0.7259278479618887
2026-08-22T14:47:16.361858+00:00,e85c645134dafe5024515cf86aa8b00f0ed7e8e9,8,configs/s5_analysis_bn.yaml,3.12.13,Linux-6.12.90+-x86_64-with-glibc2.35,rag_neural_loop,1,44,3,0.0008529801079126338,0.9623422950752193,-0.9614893149673066
2026-08-22T14:47:16.361858+00:00,e85c645134dafe5024515cf86aa8b00f0ed7e8e9,8,configs/s5_analysis_bn.yaml,3.12.13,Linux-6.12.90+-x86_64-with-glibc2.35,rag_symbolic_loop,1,44,1,0.00304558528613025,0.955103606440288,-0.9520580211541577
2026-08-22T14:47:16.361858+00:00,e85c645134dafe5024515cf86aa8b00f0ed7e8e9,8,configs/s5_analysis_bn.yaml,3.12.13,Linux-6.12.90+-x86_64-with-glibc2.35,rag_neural_symbolic_feedback,1,44,1,0.00304558528613025,0.955103606440288,-0.9520580211541577
2026-08-22T14:47:16.361858+00:00,e85c645134dafe5024515cf86aa8b00f0ed7e8e9,8,configs/s5_analysis_bn.yaml,3.12.13,Linux-6.12.90+-x86_64-with-glibc2.35,rag_neural_symbolic_feedback,1,44,2,0.011277342477184637,0.9684667236112762,-0.9571893811340916
2026-08-22T14:47:16.361858+00:00,e85c645134dafe5024515cf86aa8b00f0ed7e8e9,8,configs/s5_analysis_bn.yaml,3.12.13,Linux-6.12.90+-x86_64-with-glibc2.35,rag_neural_symbolic_feedback,1,44,3,2.5176989829104363e-06,0.9159074500431171,-0.9159049323441342
2026-08-22T14:47:16.361858+00:00,e85c645134dafe5024515cf86aa8b00f0ed7e8e9,8,configs/s5_analysis_bn.yaml,3.12.13,Linux-6.12.90+-x86_64-with-glibc2.35,rag_neural_loop,0,44,1,0.010226070208530724,0.0333302835949012,-0.023104213386370476
2026-08-22T14:47:16.361858+00:00,e85c645134dafe5024515cf86aa8b00f0ed7e8e9,8,configs/s5_analysis_bn.yaml,3.12.13,Linux-6.12.90+-x86_64-with-glibc2.35,rag_neural_loop,0,44,2,0.9999999984439892,0.9855409512737031,0.014459047170286121
2026-08-22T14:47:16.361858+00:00,e85c645134dafe5024515cf86aa8b00f0ed7e8e9,8,configs/s5_analysis_bn.yaml,3.12.13,Linux-6.12.90+-x86_64-with-glibc2.35,rag_symbolic_loop,0,44,1,0.010226070208530724,0.0333302835949012,-0.023104213386370476
2026-08-22T14:47:16.361858+00:00,e85c645134dafe5024515cf86aa8b00f0ed7e8e9,8,configs/s5_analysis_bn.yaml,3.12.13,Linux-6.12.90+-x86_64-with-glibc2.35,rag_neural_symbolic_feedback,0,44,1,0.010226070208530724,0.0333302835949012,-0.023104213386370476
2026-08-22T14:47:16.361858+00:00,e85c645134dafe5024515cf86aa8b00f0ed7e8e9,8,configs/s5_analysis_bn.yaml,3.12.13,Linux-6.12.90+-x86_64-with-glibc2.35,rag_neural_symbolic_feedback,0,44,2,0.6661030051177615,0.03206028753519519,0.6340427175825664
2026-08-22T14:47:16.361858+00:00,e85c645134dafe5024515cf86aa8b00f0ed7e8e9,8,configs/s5_analysis_bn.yaml,3.12.13,Linux-6.12.90+-x86_64-with-glibc2.35,rag_neural_loop,1,44,1,0.9999204142054468,0.9750430798142086,0.02487733439123818
2026-08-22T14:47:16.361858+00:00,e85c645134dafe5024515cf86aa8b00f0ed7e8e9,8,configs/s5_analysis_bn.yaml,3.12.13,Linux-6.12.90+-x86_64-with-glibc2.35,rag_symbolic_loop,1,44,1,0.9999204142054468,0.9750430798142086,0.02487733439123818
2026-08-22T14:47:16.361858+00:00,e85c645134dafe5024515cf86aa8b00f0ed7e8e9,8,configs/s5_analysis_bn.yaml,3.12.13,Linux-6.12.90+-x86_64-with-glibc2.35,rag_symbolic_loop,1,44,2,0.9999215458567626,0.9717957727932754,0.02812577306348718
2026-08-22T14:47:16.361858+00:00,e85c645134dafe5024515cf86aa8b00f0ed7e8e9,8,configs/s5_analysis_bn.yaml,3.12.13,Linux-6.12.90+-x86_64-with-glibc2.35,rag_symbolic_loop,1,44,3,0.9998088768230835,0.8547827883323675,0.14502608849071597
2026-08-22T14:47:16.361858+00:00,e85c645134dafe5024515cf86aa8b00f0ed7e8e9,8,configs/s5_analysis_bn.yaml,3.12.13,Linux-6.12.90+-x86_64-with-glibc2.35,rag_neural_symbolic_feedback,1,44,1,0.9999204142054468,0.9750430798142086,0.02487733439123818
2026-08-22T14:47:16.361858+00:00,e85c645134dafe5024515cf86aa8b00f0ed7e8e9,8,configs/s5_analysis_bn.yaml,3.12.13,Linux-6.12.90+-x86_64-with-glibc2.35,rag_neural_loop,0,44,1,0.9999999934246312,0.9618153907059588,0.03818460271867241
2026-08-22T14:47:16.361858+00:00,e85c645134dafe5024515cf86aa8b00f0ed7e8e9,8,configs/s5_analysis_bn.yaml,3.12.13,Linux-6.12.90+-x86_64-with-glibc2.35,rag_symbolic_loop,0,44,1,0.9999999934246312,0.9618153907059588,0.03818460271867241
2026-08-22T14:47:16.361858+00:00,e85c645134dafe5024515cf86aa8b00f0ed7e8e9,8,configs/s5_analysis_bn.yaml,3.12.13,Linux-6.12.90+-x86_64-with-glibc2.35,rag_neural_symbolic_feedback,0,44,1,0.9999999934246312,0.9618153907059588,0.03818460271867241
2026-08-22T14:47:16.361858+00:00,e85c645134dafe5024515cf86aa8b00f0ed7e8e9,8,configs/s5_analysis_bn.yaml,3.12.13,Linux-6.12.90+-x86_64-with-glibc2.35,rag_neural_loop,1,44,1,0.9996557532326904,0.8801854055985722,0.11947034763411823
2026-08-22T14:47:16.361858+00:00,e85c645134dafe5024515cf86aa8b00f0ed7e8e9,8,configs/s5_analysis_bn.yaml,3.12.13,Linux-6.12.90+-x86_64-with-glibc2.35,rag_symbolic_loop,1,44,1,0.9996557532326904,0.8801854055985722,0.11947034763411823
2026-08-22T14:47:16.361858+00:00,e85c645134dafe5024515cf86aa8b00f0ed7e8e9,8,configs/s5_analysis_bn.yaml,3.12.13,Linux-6.12.90+-x86_64-with-glibc2.35,rag_neural_symbolic_feedback,1,44,1,0.9996557532326904,0.8801854055985722,0.11947034763411823
2026-08-22T14:47:16.361858+00:00,e85c645134dafe5024515cf86aa8b00f0ed7e8e9,8,configs/s5_analysis_bn.yaml,3.12.13,Linux-6.12.90+-x86_64-with-glibc2.35,rag_neural_loop,0,44,1,0.998016444887091,0.9718757128212987,0.02614073206579226
2026-08-22T14:47:16.361858+00:00,e85c645134dafe5024515cf86aa8b00f0ed7e8e9,8,configs/s5_analysis_bn.yaml,3.12.13,Linux-6.12.90+-x86_64-with-glibc2.35,rag_symbolic_loop,0,44,1,0.998016444887091,0.9718757128212987,0.02614073206579226
2026-08-22T14:47:16.361858+00:00,e85c645134dafe5024515cf86aa8b00f0ed7e8e9,8,configs/s5_analysis_bn.yaml,3.12.13,Linux-6.12.90+-x86_64-with-glibc2.35,rag_neural_symbolic_feedback,0,44,1,0.998016444887091,0.9718757128212987,0.02614073206579226
2026-08-22T14:47:16.361858+00:00,e85c645134dafe5024515cf86aa8b00f0ed7e8e9,8,configs/s5_analysis_bn.yaml,3.12.13,Linux-6.12.90+-x86_64-with-glibc2.35,rag_neural_loop,1,44,1,0.9999994595952442,0.9782066004979564,0.021792859097287787
2026-08-22T14:47:16.361858+00:00,e85c645134dafe5024515cf86aa8b00f0ed7e8e9,8,configs/s5_analysis_bn.yaml,3.12.13,Linux-6.12.90+-x86_64-with-glibc2.35,rag_symbolic_loop,1,44,1,0.9999994595952442,0.9782066004979564,0.021792859097287787
2026-08-22T14:47:16.361858+00:00,e85c645134dafe5024515cf86aa8b00f0ed7e8e9,8,configs/s5_analysis_bn.yaml,3.12.13,Linux-6.12.90+-x86_64-with-glibc2.35,rag_symbolic_loop,1,44,2,0.9999996607991677,0.9697993585891486,0.030200302210019125
2026-08-22T14:47:16.361858+00:00,e85c645134dafe5024515cf86aa8b00f0ed7e8e9,8,configs/s5_analysis_bn.yaml,3.12.13,Linux-6.12.90+-x86_64-with-glibc2.35,rag_symbolic_loop,1,44,3,0.9999999907547749,0.9784894878014968,0.021510502953278055
2026-08-22T14:47:16.361858+00:00,e85c645134dafe5024515cf86aa8b00f0ed7e8e9,8,configs/s5_analysis_bn.yaml,3.12.13,Linux-6.12.90+-x86_64-with-glibc2.35,rag_neural_symbolic_feedback,1,44,1,0.9999994595952442,0.9782066004979564,0.021792859097287787
2026-08-22T14:47:16.361858+00:00,e85c645134dafe5024515cf86aa8b00f0ed7e8e9,8,configs/s5_analysis_bn.yaml,3.12.13,Linux-6.12.90+-x86_64-with-glibc2.35,rag_neural_loop,0,44,1,0.9999899268474935,0.928059246027088,0.07193068082040555
2026-08-22T14:47:16.361858+00:00,e85c645134dafe5024515cf86aa8b00f0ed7e8e9,8,configs/s5_analysis_bn.yaml,3.12.13,Linux-6.12.90+-x86_64-with-glibc2.35,rag_symbolic_loop,0,44,1,0.9999899268474935,0.928059246027088,0.07193068082040555
2026-08-22T14:47:16.361858+00:00,e85c645134dafe5024515cf86aa8b00f0ed7e8e9,8,configs/s5_analysis_bn.yaml,3.12.13,Linux-6.12.90+-x86_64-with-glibc2.35,rag_neural_symbolic_feedback,0,44,1,0.9999899268474935,0.928059246027088,0.07193068082040555
2026-08-22T14:47:16.361858+00:00,e85c645134dafe5024515cf86aa8b00f0ed7e8e9,8,configs/s5_analysis_bn.yaml,3.12.13,Linux-6.12.90+-x86_64-with-glibc2.35,rag_neural_loop,1,44,1,0.0498671353258376,0.9783525625248647,-0.928485427199027
2026-08-22T14:47:16.361858+00:00,e85c645134dafe5024515cf86aa8b00f0ed7e8e9,8,configs/s5_analysis_bn.yaml,3.12.13,Linux-6.12.90+-x86_64-with-glibc2.35,rag_neural_loop,1,44,2,0.0022525348667992193,0.8687201610238555,-0.8664676261570563
2026-08-22T14:47:16.361858+00:00,e85c645134dafe5024515cf86aa8b00f0ed7e8e9,8,configs/s5_analysis_bn.yaml,3.12.13,Linux-6.12.90+-x86_64-with-glibc2.35,rag_neural_loop,1,44,3,0.14946539748007906,0.9369140027178894,-0.7874486052378104
2026-08-22T14:47:16.361858+00:00,e85c645134dafe5024515cf86aa8b00f0ed7e8e9,8,configs/s5_analysis_bn.yaml,3.12.13,Linux-6.12.90+-x86_64-with-glibc2.35,rag_symbolic_loop,1,44,1,0.0498671353258376,0.9783525625248647,-0.928485427199027
2026-08-22T14:47:16.361858+00:00,e85c645134dafe5024515cf86aa8b00f0ed7e8e9,8,configs/s5_analysis_bn.yaml,3.12.13,Linux-6.12.90+-x86_64-with-glibc2.35,rag_symbolic_loop,1,44,2,0.000799878344000406,0.9659316677379819,-0.9651317893939815
2026-08-22T14:47:16.361858+00:00,e85c645134dafe5024515cf86aa8b00f0ed7e8e9,8,configs/s5_analysis_bn.yaml,3.12.13,Linux-6.12.90+-x86_64-with-glibc2.35,rag_symbolic_loop,1,44,3,0.9958970952151486,0.9668526851219971,0.029044410093151507
2026-08-22T14:47:16.361858+00:00,e85c645134dafe5024515cf86aa8b00f0ed7e8e9,8,configs/s5_analysis_bn.yaml,3.12.13,Linux-6.12.90+-x86_64-with-glibc2.35,rag_neural_symbolic_feedback,1,44,1,0.0498671353258376,0.9783525625248647,-0.928485427199027
2026-08-22T14:47:16.361858+00:00,e85c645134dafe5024515cf86aa8b00f0ed7e8e9,8,configs/s5_analysis_bn.yaml,3.12.13,Linux-6.12.90+-x86_64-with-glibc2.35,rag_neural_symbolic_feedback,1,44,2,0.0007015906470768906,0.943915759236887,-0.9432141685898101
2026-08-22T14:47:16.361858+00:00,e85c645134dafe5024515cf86aa8b00f0ed7e8e9,8,configs/s5_analysis_bn.yaml,3.12.13,Linux-6.12.90+-x86_64-with-glibc2.35,rag_neural_symbolic_feedback,1,44,3,0.020014644965943015,0.9563530462923151,-0.9363384013263721
2026-08-22T14:47:16.361858+00:00,e85c645134dafe5024515cf86aa8b00f0ed7e8e9,8,configs/s5_analysis_bn.yaml,3.12.13,Linux-6.12.90+-x86_64-with-glibc2.35,rag_neural_loop,0,44,1,0.9999999999999978,0.9855794405055346,0.014420559494463192
2026-08-22T14:47:16.361858+00:00,e85c645134dafe5024515cf86aa8b00f0ed7e8e9,8,configs/s5_analysis_bn.yaml,3.12.13,Linux-6.12.90+-x86_64-with-glibc2.35,rag_symbolic_loop,0,44,1,0.9999999999999978,0.9855794405055346,0.014420559494463192
2026-08-22T14:47:16.361858+00:00,e85c645134dafe5024515cf86aa8b00f0ed7e8e9,8,configs/s5_analysis_bn.yaml,3.12.13,Linux-6.12.90+-x86_64-with-glibc2.35,rag_neural_symbolic_feedback,0,44,1,0.9999999999999978,0.9855794405055346,0.014420559494463192
2026-08-22T14:47:16.361858+00:00,e85c645134dafe5024515cf86aa8b00f0ed7e8e9,8,configs/s5_analysis_bn.yaml,3.12.13,Linux-6.12.90+-x86_64-with-glibc2.35,rag_neural_loop,1,44,1,0.9999693698038729,0.9268657460462824,0.0731036237575905
2026-08-22T14:47:16.361858+00:00,e85c645134dafe5024515cf86aa8b00f0ed7e8e9,8,configs/s5_analysis_bn.yaml,3.12.13,Linux-6.12.90+-x86_64-with-glibc2.35,rag_symbolic_loop,1,44,1,0.9999693698038729,0.9268657460462824,0.0731036237575905
2026-08-22T14:47:16.361858+00:00,e85c645134dafe5024515cf86aa8b00f0ed7e8e9,8,configs/s5_analysis_bn.yaml,3.12.13,Linux-6.12.90+-x86_64-with-glibc2.35,rag_symbolic_loop,1,44,2,0.9987762618708771,0.7382125504110426,0.2605637114598345
2026-08-22T14:47:16.361858+00:00,e85c645134dafe5024515cf86aa8b00f0ed7e8e9,8,configs/s5_analysis_bn.yaml,3.12.13,Linux-6.12.90+-x86_64-with-glibc2.35,rag_symbolic_loop,1,44,3,0.9999177001346549,0.9505964407695393,0.049321259365115555
2026-08-22T14:47:16.361858+00:00,e85c645134dafe5024515cf86aa8b00f0ed7e8e9,8,configs/s5_analysis_bn.yaml,3.12.13,Linux-6.12.90+-x86_64-with-glibc2.35,rag_neural_symbolic_feedback,1,44,1,0.9999693698038729,0.9268657460462824,0.0731036237575905
2026-08-22T14:47:16.361858+00:00,e85c645134dafe5024515cf86aa8b00f0ed7e8e9,8,configs/s5_analysis_bn.yaml,3.12.13,Linux-6.12.90+-x86_64-with-glibc2.35,rag_neural_loop,0,44,1,0.9987593231826276,0.049034325935265466,0.9497249972473621
2026-08-22T14:47:16.361858+00:00,e85c645134dafe5024515cf86aa8b00f0ed7e8e9,8,configs/s5_analysis_bn.yaml,3.12.13,Linux-6.12.90+-x86_64-with-glibc2.35,rag_symbolic_loop,0,44,1,0.9987593231826276,0.049034325935265466,0.9497249972473621
2026-08-22T14:47:16.361858+00:00,e85c645134dafe5024515cf86aa8b00f0ed7e8e9,8,configs/s5_analysis_bn.yaml,3.12.13,Linux-6.12.90+-x86_64-with-glibc2.35,rag_neural_symbolic_feedback,0,44,1,0.9987593231826276,0.049034325935265466,0.9497249972473621
2026-08-22T14:47:16.361858+00:00,e85c645134dafe5024515cf86aa8b00f0ed7e8e9,8,configs/s5_analysis_bn.yaml,3.12.13,Linux-6.12.90+-x86_64-with-glibc2.35,rag_neural_loop,1,44,1,0.7975804637694038,0.9580345043635796,-0.16045404059417578
2026-08-22T14:47:16.361858+00:00,e85c645134dafe5024515cf86aa8b00f0ed7e8e9,8,configs/s5_analysis_bn.yaml,3.12.13,Linux-6.12.90+-x86_64-with-glibc2.35,rag_symbolic_loop,1,44,1,0.7975804637694038,0.9580345043635796,-0.16045404059417578
2026-08-22T14:47:16.361858+00:00,e85c645134dafe5024515cf86aa8b00f0ed7e8e9,8,configs/s5_analysis_bn.yaml,3.12.13,Linux-6.12.90+-x86_64-with-glibc2.35,rag_symbolic_loop,1,44,2,0.9999518891160174,0.9719579073924365,0.02799398172358092
2026-08-22T14:47:16.361858+00:00,e85c645134dafe5024515cf86aa8b00f0ed7e8e9,8,configs/s5_analysis_bn.yaml,3.12.13,Linux-6.12.90+-x86_64-with-glibc2.35,rag_symbolic_loop,1,44,3,0.9999999775540019,0.9328394009667016,0.06716057658730035
2026-08-22T14:47:16.361858+00:00,e85c645134dafe5024515cf86aa8b00f0ed7e8e9,8,configs/s5_analysis_bn.yaml,3.12.13,Linux-6.12.90+-x86_64-with-glibc2.35,rag_neural_symbolic_feedback,1,44,1,0.7975804637694038,0.9580345043635796,-0.16045404059417578
2026-08-22T14:47:16.361858+00:00,e85c645134dafe5024515cf86aa8b00f0ed7e8e9,8,configs/s5_analysis_bn.yaml,3.12.13,Linux-6.12.90+-x86_64-with-glibc2.35,rag_neural_loop,0,44,1,0.9999999990272835,0.9741030036004912,0.025896995426792357
2026-08-22T14:47:16.361858+00:00,e85c645134dafe5024515cf86aa8b00f0ed7e8e9,8,configs/s5_analysis_bn.yaml,3.12.13,Linux-6.12.90+-x86_64-with-glibc2.35,rag_symbolic_loop,0,44,1,0.9999999990272835,0.9741030036004912,0.025896995426792357
2026-08-22T14:47:16.361858+00:00,e85c645134dafe5024515cf86aa8b00f0ed7e8e9,8,configs/s5_analysis_bn.yaml,3.12.13,Linux-6.12.90+-x86_64-with-glibc2.35,rag_neural_symbolic_feedback,0,44,1,0.9999999990272835,0.9741030036004912,0.025896995426792357
2026-08-22T14:47:16.361858+00:00,e85c645134dafe5024515cf86aa8b00f0ed7e8e9,8,configs/s5_analysis_bn.yaml,3.12.13,Linux-6.12.90+-x86_64-with-glibc2.35,rag_neural_loop,1,44,1,2.3539307815744664e-05,0.026538326810491675,-0.02651478750267593
2026-08-22T14:47:16.361858+00:00,e85c645134dafe5024515cf86aa8b00f0ed7e8e9,8,configs/s5_analysis_bn.yaml,3.12.13,Linux-6.12.90+-x86_64-with-glibc2.35,rag_neural_loop,1,44,2,0.9999457942293142,0.9777620485689286,0.022183745660385612
2026-08-22T14:47:16.361858+00:00,e85c645134dafe5024515cf86aa8b00f0ed7e8e9,8,configs/s5_analysis_bn.yaml,3.12.13,Linux-6.12.90+-x86_64-with-glibc2.35,rag_symbolic_loop,1,44,1,2.3539307815744664e-05,0.026538326810491675,-0.02651478750267593
2026-08-22T14:47:16.361858+00:00,e85c645134dafe5024515cf86aa8b00f0ed7e8e9,8,configs/s5_analysis_bn.yaml,3.12.13,Linux-6.12.90+-x86_64-with-glibc2.35,rag_neural_symbolic_feedback,1,44,1,2.3539307815744664e-05,0.026538326810491675,-0.02651478750267593
2026-08-22T14:47:16.361858+00:00,e85c645134dafe5024515cf86aa8b00f0ed7e8e9,8,configs/s5_analysis_bn.yaml,3.12.13,Linux-6.12.90+-x86_64-with-glibc2.35,rag_neural_symbolic_feedback,1,44,2,2.5360060634126843e-14,0.013922215718643568,-0.013922215718618208
2026-08-22T14:47:16.361858+00:00,e85c645134dafe5024515cf86aa8b00f0ed7e8e9,8,configs/s5_analysis_bn.yaml,3.12.13,Linux-6.12.90+-x86_64-with-glibc2.35,rag_neural_symbolic_feedback,1,44,3,1.1162709691634485e-13,0.013796803625816085,-0.013796803625704457
2026-08-22T14:47:16.361858+00:00,e85c645134dafe5024515cf86aa8b00f0ed7e8e9,8,configs/s5_analysis_bn.yaml,3.12.13,Linux-6.12.90+-x86_64-with-glibc2.35,rag_neural_loop,0,44,1,0.9676494641379525,0.7767879554369631,0.1908615087009894
2026-08-22T14:47:16.361858+00:00,e85c645134dafe5024515cf86aa8b00f0ed7e8e9,8,configs/s5_analysis_bn.yaml,3.12.13,Linux-6.12.90+-x86_64-with-glibc2.35,rag_symbolic_loop,0,44,1,0.9676494641379525,0.7767879554369631,0.1908615087009894
2026-08-22T14:47:16.361858+00:00,e85c645134dafe5024515cf86aa8b00f0ed7e8e9,8,configs/s5_analysis_bn.yaml,3.12.13,Linux-6.12.90+-x86_64-with-glibc2.35,rag_neural_symbolic_feedback,0,44,1,0.9676494641379525,0.7767879554369631,0.1908615087009894
2026-08-22T14:47:16.361858+00:00,e85c645134dafe5024515cf86aa8b00f0ed7e8e9,8,configs/s5_analysis_bn.yaml,3.12.13,Linux-6.12.90+-x86_64-with-glibc2.35,rag_neural_loop,1,44,1,0.9999573119029233,0.9674507638840849,0.032506548018838344
2026-08-22T14:47:16.361858+00:00,e85c645134dafe5024515cf86aa8b00f0ed7e8e9,8,configs/s5_analysis_bn.yaml,3.12.13,Linux-6.12.90+-x86_64-with-glibc2.35,rag_symbolic_loop,1,44,1,0.9999573119029233,0.9674507638840849,0.032506548018838344
2026-08-22T14:47:16.361858+00:00,e85c645134dafe5024515cf86aa8b00f0ed7e8e9,8,configs/s5_analysis_bn.yaml,3.12.13,Linux-6.12.90+-x86_64-with-glibc2.35,rag_symbolic_loop,1,44,2,0.9999998898853749,0.9783845186562669,0.02161537122910806
2026-08-22T14:47:16.361858+00:00,e85c645134dafe5024515cf86aa8b00f0ed7e8e9,8,configs/s5_analysis_bn.yaml,3.12.13,Linux-6.12.90+-x86_64-with-glibc2.35,rag_symbolic_loop,1,44,3,0.9999616889563236,0.9726258649289683,0.02733582402735535
2026-08-22T14:47:16.361858+00:00,e85c645134dafe5024515cf86aa8b00f0ed7e8e9,8,configs/s5_analysis_bn.yaml,3.12.13,Linux-6.12.90+-x86_64-with-glibc2.35,rag_neural_symbolic_feedback,1,44,1,0.9999573119029233,0.9674507638840849,0.032506548018838344
2026-08-22T14:47:16.361858+00:00,e85c645134dafe5024515cf86aa8b00f0ed7e8e9,8,configs/s5_analysis_bn.yaml,3.12.13,Linux-6.12.90+-x86_64-with-glibc2.35,rag_neural_loop,0,44,1,0.048992786027743485,0.03580285454747156,0.013189931480271921
2026-08-22T14:47:16.361858+00:00,e85c645134dafe5024515cf86aa8b00f0ed7e8e9,8,configs/s5_analysis_bn.yaml,3.12.13,Linux-6.12.90+-x86_64-with-glibc2.35,rag_neural_loop,0,44,2,0.0051969544710891435,0.02869891794924151,-0.023501963478152366
2026-08-22T14:47:16.361858+00:00,e85c645134dafe5024515cf86aa8b00f0ed7e8e9,8,configs/s5_analysis_bn.yaml,3.12.13,Linux-6.12.90+-x86_64-with-glibc2.35,rag_neural_loop,0,44,3,2.3038797712815473e-05,0.03861134058081783,-0.03858830178310502
2026-08-22T14:47:16.361858+00:00,e85c645134dafe5024515cf86aa8b00f0ed7e8e9,8,configs/s5_analysis_bn.yaml,3.12.13,Linux-6.12.90+-x86_64-with-glibc2.35,rag_symbolic_loop,0,44,1,0.048992786027743485,0.03580285454747156,0.013189931480271921
2026-08-22T14:47:16.361858+00:00,e85c645134dafe5024515cf86aa8b00f0ed7e8e9,8,configs/s5_analysis_bn.yaml,3.12.13,Linux-6.12.90+-x86_64-with-glibc2.35,rag_neural_symbolic_feedback,0,44,1,0.048992786027743485,0.03580285454747156,0.013189931480271921
2026-08-22T14:47:16.361858+00:00,e85c645134dafe5024515cf86aa8b00f0ed7e8e9,8,configs/s5_analysis_bn.yaml,3.12.13,Linux-6.12.90+-x86_64-with-glibc2.35,rag_neural_symbolic_feedback,0,44,2,1.6632890142975754e-07,0.021800347327583958,-0.021800180998682528
2026-08-22T14:47:16.361858+00:00,e85c645134dafe5024515cf86aa8b00f0ed7e8e9,8,configs/s5_analysis_bn.yaml,3.12.13,Linux-6.12.90+-x86_64-with-glibc2.35,rag_neural_symbolic_feedback,0,44,3,0.9999999022163274,0.9718257004480388,0.028174201768288554
2026-08-22T14:47:16.361858+00:00,e85c645134dafe5024515cf86aa8b00f0ed7e8e9,8,configs/s5_analysis_bn.yaml,3.12.13,Linux-6.12.90+-x86_64-with-glibc2.35,rag_neural_loop,1,44,1,0.9132451932727058,0.9701311839099575,-0.05688599063725164
2026-08-22T14:47:16.361858+00:00,e85c645134dafe5024515cf86aa8b00f0ed7e8e9,8,configs/s5_analysis_bn.yaml,3.12.13,Linux-6.12.90+-x86_64-with-glibc2.35,rag_symbolic_loop,1,44,1,0.9132451932727058,0.9701311839099575,-0.05688599063725164
2026-08-22T14:47:16.361858+00:00,e85c645134dafe5024515cf86aa8b00f0ed7e8e9,8,configs/s5_analysis_bn.yaml,3.12.13,Linux-6.12.90+-x86_64-with-glibc2.35,rag_neural_symbolic_feedback,1,44,1,0.9132451932727058,0.9701311839099575,-0.05688599063725164
2026-08-22T14:47:16.361858+00:00,e85c645134dafe5024515cf86aa8b00f0ed7e8e9,8,configs/s5_analysis_bn.yaml,3.12.13,Linux-6.12.90+-x86_64-with-glibc2.35,rag_neural_loop,0,44,1,0.9999999998941677,0.9797098787054489,0.020290121188718757
2026-08-22T14:47:16.361858+00:00,e85c645134dafe5024515cf86aa8b00f0ed7e8e9,8,configs/s5_analysis_bn.yaml,3.12.13,Linux-6.12.90+-x86_64-with-glibc2.35,rag_symbolic_loop,0,44,1,0.9999999998941677,0.9797098787054489,0.020290121188718757
2026-08-22T14:47:16.361858+00:00,e85c645134dafe5024515cf86aa8b00f0ed7e8e9,8,configs/s5_analysis_bn.yaml,3.12.13,Linux-6.12.90+-x86_64-with-glibc2.35,rag_neural_symbolic_feedback,0,44,1,0.9999999998941677,0.9797098787054489,0.020290121188718757
2026-08-22T14:47:16.361858+00:00,e85c645134dafe5024515cf86aa8b00f0ed7e8e9,8,configs/s5_analysis_bn.yaml,3.12.13,Linux-6.12.90+-x86_64-with-glibc2.35,rag_neural_loop,1,44,1,0.9999654759254047,0.9784931623717293,0.021472313553675404
2026-08-22T14:47:16.361858+00:00,e85c645134dafe5024515cf86aa8b00f0ed7e8e9,8,configs/s5_analysis_bn.yaml,3.12.13,Linux-6.12.90+-x86_64-with-glibc2.35,rag_symbolic_loop,1,44,1,0.9999654759254047,0.9784931623717293,0.021472313553675404
2026-08-22T14:47:16.361858+00:00,e85c645134dafe5024515cf86aa8b00f0ed7e8e9,8,configs/s5_analysis_bn.yaml,3.12.13,Linux-6.12.90+-x86_64-with-glibc2.35,rag_symbolic_loop,1,44,2,0.5665492986990973,0.9232570619640057,-0.3567077632649084
2026-08-22T14:47:16.361858+00:00,e85c645134dafe5024515cf86aa8b00f0ed7e8e9,8,configs/s5_analysis_bn.yaml,3.12.13,Linux-6.12.90+-x86_64-with-glibc2.35,rag_symbolic_loop,1,44,3,0.9063791536072463,0.9628318201260685,-0.05645266651882219
2026-08-22T14:47:16.361858+00:00,e85c645134dafe5024515cf86aa8b00f0ed7e8e9,8,configs/s5_analysis_bn.yaml,3.12.13,Linux-6.12.90+-x86_64-with-glibc2.35,rag_neural_symbolic_feedback,1,44,1,0.9999654759254047,0.9784931623717293,0.021472313553675404
2026-08-22T14:47:16.361858+00:00,e85c645134dafe5024515cf86aa8b00f0ed7e8e9,8,configs/s5_analysis_bn.yaml,3.12.13,Linux-6.12.90+-x86_64-with-glibc2.35,rag_neural_loop,0,44,1,0.09945268714597588,0.04142034682660878,0.058032340319367104
2026-08-22T14:47:16.361858+00:00,e85c645134dafe5024515cf86aa8b00f0ed7e8e9,8,configs/s5_analysis_bn.yaml,3.12.13,Linux-6.12.90+-x86_64-with-glibc2.35,rag_neural_loop,0,44,2,0.9999999997253124,0.9847637077467848,0.015236291978527605
2026-08-22T14:47:16.361858+00:00,e85c645134dafe5024515cf86aa8b00f0ed7e8e9,8,configs/s5_analysis_bn.yaml,3.12.13,Linux-6.12.90+-x86_64-with-glibc2.35,rag_symbolic_loop,0,44,1,0.09945268714597588,0.04142034682660878,0.058032340319367104
2026-08-22T14:47:16.361858+00:00,e85c645134dafe5024515cf86aa8b00f0ed7e8e9,8,configs/s5_analysis_bn.yaml,3.12.13,Linux-6.12.90+-x86_64-with-glibc2.35,rag_neural_symbolic_feedback,0,44,1,0.09945268714597588,0.04142034682660878,0.058032340319367104
2026-08-22T14:47:16.361858+00:00,e85c645134dafe5024515cf86aa8b00f0ed7e8e9,8,configs/s5_analysis_bn.yaml,3.12.13,Linux-6.12.90+-x86_64-with-glibc2.35,rag_neural_symbolic_feedback,0,44,2,0.99999993871564,0.9520407289499074,0.047959209765732536
2026-08-22T14:47:16.361858+00:00,e85c645134dafe5024515cf86aa8b00f0ed7e8e9,8,configs/s5_analysis_bn.yaml,3.12.13,Linux-6.12.90+-x86_64-with-glibc2.35,rag_neural_loop,1,44,1,0.9801409760239063,0.9757245234203792,0.004416452603527077
2026-08-22T14:47:16.361858+00:00,e85c645134dafe5024515cf86aa8b00f0ed7e8e9,8,configs/s5_analysis_bn.yaml,3.12.13,Linux-6.12.90+-x86_64-with-glibc2.35,rag_symbolic_loop,1,44,1,0.9801409760239063,0.9757245234203792,0.004416452603527077
2026-08-22T14:47:16.361858+00:00,e85c645134dafe5024515cf86aa8b00f0ed7e8e9,8,configs/s5_analysis_bn.yaml,3.12.13,Linux-6.12.90+-x86_64-with-glibc2.35,rag_symbolic_loop,1,44,2,0.699924750185402,0.9687740270101409,-0.2688492768247389
2026-08-22T14:47:16.361858+00:00,e85c645134dafe5024515cf86aa8b00f0ed7e8e9,8,configs/s5_analysis_bn.yaml,3.12.13,Linux-6.12.90+-x86_64-with-glibc2.35,rag_neural_symbolic_feedback,1,44,1,0.9801409760239063,0.9757245234203792,0.004416452603527077
2026-08-22T14:47:16.361858+00:00,e85c645134dafe5024515cf86aa8b00f0ed7e8e9,8,configs/s5_analysis_bn.yaml,3.12.13,Linux-6.12.90+-x86_64-with-glibc2.35,rag_neural_loop,0,44,1,0.9999999842744767,0.9839667036756321,0.016033280598844568
2026-08-22T14:47:16.361858+00:00,e85c645134dafe5024515cf86aa8b00f0ed7e8e9,8,configs/s5_analysis_bn.yaml,3.12.13,Linux-6.12.90+-x86_64-with-glibc2.35,rag_symbolic_loop,0,44,1,0.9999999842744767,0.9839667036756321,0.016033280598844568
2026-08-22T14:47:16.361858+00:00,e85c645134dafe5024515cf86aa8b00f0ed7e8e9,8,configs/s5_analysis_bn.yaml,3.12.13,Linux-6.12.90+-x86_64-with-glibc2.35,rag_neural_symbolic_feedback,0,44,1,0.9999999842744767,0.9839667036756321,0.016033280598844568
2026-08-22T14:47:16.361858+00:00,e85c645134dafe5024515cf86aa8b00f0ed7e8e9,8,configs/s5_analysis_bn.yaml,3.12.13,Linux-6.12.90+-x86_64-with-glibc2.35,rag_neural_loop,1,44,1,0.9982981567887889,0.9590284219785298,0.03926973481025908
2026-08-22T14:47:16.361858+00:00,e85c645134dafe5024515cf86aa8b00f0ed7e8e9,8,configs/s5_analysis_bn.yaml,3.12.13,Linux-6.12.90+-x86_64-with-glibc2.35,rag_symbolic_loop,1,44,1,0.9982981567887889,0.9590284219785298,0.03926973481025908
2026-08-22T14:47:16.361858+00:00,e85c645134dafe5024515cf86aa8b00f0ed7e8e9,8,configs/s5_analysis_bn.yaml,3.12.13,Linux-6.12.90+-x86_64-with-glibc2.35,rag_symbolic_loop,1,44,2,0.9995750315618319,0.9544612315897876,0.045113799972044344
2026-08-22T14:47:16.361858+00:00,e85c645134dafe5024515cf86aa8b00f0ed7e8e9,8,configs/s5_analysis_bn.yaml,3.12.13,Linux-6.12.90+-x86_64-with-glibc2.35,rag_symbolic_loop,1,44,3,0.9998470352877341,0.9493150708774163,0.05053196441031782
2026-08-22T14:47:16.361858+00:00,e85c645134dafe5024515cf86aa8b00f0ed7e8e9,8,configs/s5_analysis_bn.yaml,3.12.13,Linux-6.12.90+-x86_64-with-glibc2.35,rag_neural_symbolic_feedback,1,44,1,0.9982981567887889,0.9590284219785298,0.03926973481025908
2026-08-22T14:47:16.361858+00:00,e85c645134dafe5024515cf86aa8b00f0ed7e8e9,8,configs/s5_analysis_bn.yaml,3.12.13,Linux-6.12.90+-x86_64-with-glibc2.35,rag_neural_loop,0,44,1,0.9999999999979049,0.9792640451907921,0.020735954807112766
2026-08-22T14:47:16.361858+00:00,e85c645134dafe5024515cf86aa8b00f0ed7e8e9,8,configs/s5_analysis_bn.yaml,3.12.13,Linux-6.12.90+-x86_64-with-glibc2.35,rag_symbolic_loop,0,44,1,0.9999999999979049,0.9792640451907921,0.020735954807112766
2026-08-22T14:47:16.361858+00:00,e85c645134dafe5024515cf86aa8b00f0ed7e8e9,8,configs/s5_analysis_bn.yaml,3.12.13,Linux-6.12.90+-x86_64-with-glibc2.35,rag_neural_symbolic_feedback,0,44,1,0.9999999999979049,0.9792640451907921,0.020735954807112766
2026-08-22T14:47:16.361858+00:00,e85c645134dafe5024515cf86aa8b00f0ed7e8e9,8,configs/s5_analysis_bn.yaml,3.12.13,Linux-6.12.90+-x86_64-with-glibc2.35,rag_neural_loop,1,44,1,0.99707758976279,0.9144161705884113,0.08266141917437875
2026-08-22T14:47:16.361858+00:00,e85c645134dafe5024515cf86aa8b00f0ed7e8e9,8,configs/s5_analysis_bn.yaml,3.12.13,Linux-6.12.90+-x86_64-with-glibc2.35,rag_symbolic_loop,1,44,1,0.99707758976279,0.9144161705884113,0.08266141917437875
2026-08-22T14:47:16.361858+00:00,e85c645134dafe5024515cf86aa8b00f0ed7e8e9,8,configs/s5_analysis_bn.yaml,3.12.13,Linux-6.12.90+-x86_64-with-glibc2.35,rag_symbolic_loop,1,44,2,0.9461383901516764,0.8056957957622878,0.14044259438938866
2026-08-22T14:47:16.361858+00:00,e85c645134dafe5024515cf86aa8b00f0ed7e8e9,8,configs/s5_analysis_bn.yaml,3.12.13,Linux-6.12.90+-x86_64-with-glibc2.35,rag_neural_symbolic_feedback,1,44,1,0.99707758976279,0.9144161705884113,0.08266141917437875
2026-08-22T14:47:16.361858+00:00,e85c645134dafe5024515cf86aa8b00f0ed7e8e9,8,configs/s5_analysis_bn.yaml,3.12.13,Linux-6.12.90+-x86_64-with-glibc2.35,rag_neural_loop,0,44,1,0.621495207768227,0.025022103667540874,0.5964731041006861
2026-08-22T14:47:16.361858+00:00,e85c645134dafe5024515cf86aa8b00f0ed7e8e9,8,configs/s5_analysis_bn.yaml,3.12.13,Linux-6.12.90+-x86_64-with-glibc2.35,rag_symbolic_loop,0,44,1,0.621495207768227,0.025022103667540874,0.5964731041006861
2026-08-22T14:47:16.361858+00:00,e85c645134dafe5024515cf86aa8b00f0ed7e8e9,8,configs/s5_analysis_bn.yaml,3.12.13,Linux-6.12.90+-x86_64-with-glibc2.35,rag_neural_symbolic_feedback,0,44,1,0.621495207768227,0.025022103667540874,0.5964731041006861
2026-08-22T14:47:16.361858+00:00,e85c645134dafe5024515cf86aa8b00f0ed7e8e9,8,configs/s5_analysis_bn.yaml,3.12.13,Linux-6.12.90+-x86_64-with-glibc2.35,rag_neural_loop,1,44,1,6.131991745908266e-05,0.02177161396508443,-0.02171029404762535
2026-08-22T14:47:16.361858+00:00,e85c645134dafe5024515cf86aa8b00f0ed7e8e9,8,configs/s5_analysis_bn.yaml,3.12.13,Linux-6.12.90+-x86_64-with-glibc2.35,rag_neural_loop,1,44,2,0.9999534644406459,0.9735296365402017,0.026423827900444175
2026-08-22T14:47:16.361858+00:00,e85c645134dafe5024515cf86aa8b00f0ed7e8e9,8,configs/s5_analysis_bn.yaml,3.12.13,Linux-6.12.90+-x86_64-with-glibc2.35,rag_symbolic_loop,1,44,1,6.131991745908266e-05,0.02177161396508443,-0.02171029404762535
2026-08-22T14:47:16.361858+00:00,e85c645134dafe5024515cf86aa8b00f0ed7e8e9,8,configs/s5_analysis_bn.yaml,3.12.13,Linux-6.12.90+-x86_64-with-glibc2.35,rag_symbolic_loop,1,44,2,0.7813004005856699,0.7761982020470001,0.005102198538669778
2026-08-22T14:47:16.361858+00:00,e85c645134dafe5024515cf86aa8b00f0ed7e8e9,8,configs/s5_analysis_bn.yaml,3.12.13,Linux-6.12.90+-x86_64-with-glibc2.35,rag_symbolic_loop,1,44,3,0.999580225976613,0.9369773831630153,0.06260284281359774
2026-08-22T14:47:16.361858+00:00,e85c645134dafe5024515cf86aa8b00f0ed7e8e9,8,configs/s5_analysis_bn.yaml,3.12.13,Linux-6.12.90+-x86_64-with-glibc2.35,rag_neural_symbolic_feedback,1,44,1,6.131991745908266e-05,0.02177162250460702,-0.02171030258714794
2026-08-22T14:47:16.361858+00:00,e85c645134dafe5024515cf86aa8b00f0ed7e8e9,8,configs/s5_analysis_bn.yaml,3.12.13,Linux-6.12.90+-x86_64-with-glibc2.35,rag_neural_symbolic_feedback,1,44,2,0.335021638689116,0.028025315138799283,0.3069963235503167
2026-08-22T14:47:16.361858+00:00,e85c645134dafe5024515cf86aa8b00f0ed7e8e9,8,configs/s5_analysis_bn.yaml,3.12.13,Linux-6.12.90+-x86_64-with-glibc2.35,rag_neural_symbolic_feedback,1,44,3,1.480532585778318e-05,0.016356243539661648,-0.016341438213803863
2026-08-22T14:47:16.361858+00:00,e85c645134dafe5024515cf86aa8b00f0ed7e8e9,8,configs/s5_analysis_bn.yaml,3.12.13,Linux-6.12.90+-x86_64-with-glibc2.35,rag_neural_loop,0,44,1,0.9999996546066116,0.9675689224674695,0.03243073213914205
2026-08-22T14:47:16.361858+00:00,e85c645134dafe5024515cf86aa8b00f0ed7e8e9,8,configs/s5_analysis_bn.yaml,3.12.13,Linux-6.12.90+-x86_64-with-glibc2.35,rag_symbolic_loop,0,44,1,0.9999996546066116,0.9675689224674695,0.03243073213914205
2026-08-22T14:47:16.361858+00:00,e85c645134dafe5024515cf86aa8b00f0ed7e8e9,8,configs/s5_analysis_bn.yaml,3.12.13,Linux-6.12.90+-x86_64-with-glibc2.35,rag_neural_symbolic_feedback,0,44,1,0.9999996546066116,0.9675689224674695,0.03243073213914205
2026-08-22T14:47:16.361858+00:00,e85c645134dafe5024515cf86aa8b00f0ed7e8e9,8,configs/s5_analysis_bn.yaml,3.12.13,Linux-6.12.90+-x86_64-with-glibc2.35,rag_neural_loop,1,44,1,0.9999990309241479,0.9799219151240565,0.020077115800091416
2026-08-22T14:47:16.361858+00:00,e85c645134dafe5024515cf86aa8b00f0ed7e8e9,8,configs/s5_analysis_bn.yaml,3.12.13,Linux-6.12.90+-x86_64-with-glibc2.35,rag_symbolic_loop,1,44,1,0.9999990309241479,0.9799219151240565,0.020077115800091416
2026-08-22T14:47:16.361858+00:00,e85c645134dafe5024515cf86aa8b00f0ed7e8e9,8,configs/s5_analysis_bn.yaml,3.12.13,Linux-6.12.90+-x86_64-with-glibc2.35,rag_neural_symbolic_feedback,1,44,1,0.9999990309241479,0.9799219151240565,0.020077115800091416
2026-08-22T14:47:16.361858+00:00,e85c645134dafe5024515cf86aa8b00f0ed7e8e9,8,configs/s5_analysis_bn.yaml,3.12.13,Linux-6.12.90+-x86_64-with-glibc2.35,rag_neural_loop,0,44,1,0.9999994762825397,0.9843106309263572,0.015688845356182535
2026-08-22T14:47:16.361858+00:00,e85c645134dafe5024515cf86aa8b00f0ed7e8e9,8,configs/s5_analysis_bn.yaml,3.12.13,Linux-6.12.90+-x86_64-with-glibc2.35,rag_symbolic_loop,0,44,1,0.9999994762825397,0.9843106309263572,0.015688845356182535
2026-08-22T14:47:16.361858+00:00,e85c645134dafe5024515cf86aa8b00f0ed7e8e9,8,configs/s5_analysis_bn.yaml,3.12.13,Linux-6.12.90+-x86_64-with-glibc2.35,rag_neural_symbolic_feedback,0,44,1,0.9999994762825397,0.9843106309263572,0.015688845356182535
2026-08-22T14:47:16.361858+00:00,e85c645134dafe5024515cf86aa8b00f0ed7e8e9,8,configs/s5_analysis_bn.yaml,3.12.13,Linux-6.12.90+-x86_64-with-glibc2.35,rag_neural_loop,1,44,1,0.9999995441145635,0.949294282445801,0.050705261668762436
2026-08-22T14:47:16.361858+00:00,e85c645134dafe5024515cf86aa8b00f0ed7e8e9,8,configs/s5_analysis_bn.yaml,3.12.13,Linux-6.12.90+-x86_64-with-glibc2.35,rag_symbolic_loop,1,44,1,0.9999995441145635,0.949294282445801,0.050705261668762436
2026-08-22T14:47:16.361858+00:00,e85c645134dafe5024515cf86aa8b00f0ed7e8e9,8,configs/s5_analysis_bn.yaml,3.12.13,Linux-6.12.90+-x86_64-with-glibc2.35,rag_symbolic_loop,1,44,2,0.005197159975576726,0.6779488390914713,-0.6727516791158946
2026-08-22T14:47:16.361858+00:00,e85c645134dafe5024515cf86aa8b00f0ed7e8e9,8,configs/s5_analysis_bn.yaml,3.12.13,Linux-6.12.90+-x86_64-with-glibc2.35,rag_symbolic_loop,1,44,3,0.9999999166593695,0.9706091642226654,0.029390752436704082
2026-08-22T14:47:16.361858+00:00,e85c645134dafe5024515cf86aa8b00f0ed7e8e9,8,configs/s5_analysis_bn.yaml,3.12.13,Linux-6.12.90+-x86_64-with-glibc2.35,rag_neural_symbolic_feedback,1,44,1,0.9999995441145635,0.949294282445801,0.050705261668762436
2026-08-22T14:47:16.361858+00:00,e85c645134dafe5024515cf86aa8b00f0ed7e8e9,8,configs/s5_analysis_bn.yaml,3.12.13,Linux-6.12.90+-x86_64-with-glibc2.35,rag_neural_loop,0,44,1,0.9999982990993528,0.9835952344768418,0.016403064622510954
2026-08-22T14:47:16.361858+00:00,e85c645134dafe5024515cf86aa8b00f0ed7e8e9,8,configs/s5_analysis_bn.yaml,3.12.13,Linux-6.12.90+-x86_64-with-glibc2.35,rag_symbolic_loop,0,44,1,0.9999982990993528,0.9835952344768418,0.016403064622510954
2026-08-22T14:47:16.361858+00:00,e85c645134dafe5024515cf86aa8b00f0ed7e8e9,8,configs/s5_analysis_bn.yaml,3.12.13,Linux-6.12.90+-x86_64-with-glibc2.35,rag_neural_symbolic_feedback,0,44,1,0.9999982990993528,0.9835952344768418,0.016403064622510954
2026-08-22T14:47:16.361858+00:00,e85c645134dafe5024515cf86aa8b00f0ed7e8e9,8,configs/s5_analysis_bn.yaml,3.12.13,Linux-6.12.90+-x86_64-with-glibc2.35,rag_neural_loop,1,44,1,0.9999843772205449,0.9636223671682065,0.03636201005233841
2026-08-22T14:47:16.361858+00:00,e85c645134dafe5024515cf86aa8b00f0ed7e8e9,8,configs/s5_analysis_bn.yaml,3.12.13,Linux-6.12.90+-x86_64-with-glibc2.35,rag_symbolic_loop,1,44,1,0.9999843772205449,0.9636223671682065,0.03636201005233841
2026-08-22T14:47:16.361858+00:00,e85c645134dafe5024515cf86aa8b00f0ed7e8e9,8,configs/s5_analysis_bn.yaml,3.12.13,Linux-6.12.90+-x86_64-with-glibc2.35,rag_symbolic_loop,1,44,2,0.9999686520059755,0.9682383442120908,0.03173030779388475
2026-08-22T14:47:16.361858+00:00,e85c645134dafe5024515cf86aa8b00f0ed7e8e9,8,configs/s5_analysis_bn.yaml,3.12.13,Linux-6.12.90+-x86_64-with-glibc2.35,rag_symbolic_loop,1,44,3,0.9999839316494677,0.862410674290286,0.1375732573591818
2026-08-22T14:47:16.361858+00:00,e85c645134dafe5024515cf86aa8b00f0ed7e8e9,8,configs/s5_analysis_bn.yaml,3.12.13,Linux-6.12.90+-x86_64-with-glibc2.35,rag_neural_symbolic_feedback,1,44,1,0.9999843772205449,0.9636223671682065,0.03636201005233841
2026-08-22T14:47:16.361858+00:00,e85c645134dafe5024515cf86aa8b00f0ed7e8e9,8,configs/s5_analysis_bn.yaml,3.12.13,Linux-6.12.90+-x86_64-with-glibc2.35,rag_neural_loop,0,44,1,9.456193553525338e-06,0.019979494671342857,-0.01997003847778933
2026-08-22T14:47:16.361858+00:00,e85c645134dafe5024515cf86aa8b00f0ed7e8e9,8,configs/s5_analysis_bn.yaml,3.12.13,Linux-6.12.90+-x86_64-with-glibc2.35,rag_neural_loop,0,44,2,0.992980016056678,0.6740771377313468,0.31890287832533115
2026-08-22T14:47:16.361858+00:00,e85c645134dafe5024515cf86aa8b00f0ed7e8e9,8,configs/s5_analysis_bn.yaml,3.12.13,Linux-6.12.90+-x86_64-with-glibc2.35,rag_symbolic_loop,0,44,1,9.456193553525338e-06,0.019979494671342857,-0.01997003847778933
2026-08-22T14:47:16.361858+00:00,e85c645134dafe5024515cf86aa8b00f0ed7e8e9,8,configs/s5_analysis_bn.yaml,3.12.13,Linux-6.12.90+-x86_64-with-glibc2.35,rag_neural_symbolic_feedback,0,44,1,9.456193553525338e-06,0.019979494671342857,-0.01997003847778933
2026-08-22T14:47:16.361858+00:00,e85c645134dafe5024515cf86aa8b00f0ed7e8e9,8,configs/s5_analysis_bn.yaml,3.12.13,Linux-6.12.90+-x86_64-with-glibc2.35,rag_neural_symbolic_feedback,0,44,2,2.2959039203240827e-05,0.01974710776353772,-0.019724148724334478
2026-08-22T14:47:16.361858+00:00,e85c645134dafe5024515cf86aa8b00f0ed7e8e9,8,configs/s5_analysis_bn.yaml,3.12.13,Linux-6.12.90+-x86_64-with-glibc2.35,rag_neural_symbolic_feedback,0,44,3,0.9999999998507159,0.982225979316663,0.01777402053405286
2026-08-22T14:47:16.361858+00:00,e85c645134dafe5024515cf86aa8b00f0ed7e8e9,8,configs/s5_analysis_bn.yaml,3.12.13,Linux-6.12.90+-x86_64-with-glibc2.35,rag_neural_loop,1,44,1,0.998538371673257,0.9700772681701164,0.028461103503140572
2026-08-22T14:47:16.361858+00:00,e85c645134dafe5024515cf86aa8b00f0ed7e8e9,8,configs/s5_analysis_bn.yaml,3.12.13,Linux-6.12.90+-x86_64-with-glibc2.35,rag_symbolic_loop,1,44,1,0.998538371673257,0.9700772681701164,0.028461103503140572
2026-08-22T14:47:16.361858+00:00,e85c645134dafe5024515cf86aa8b00f0ed7e8e9,8,configs/s5_analysis_bn.yaml,3.12.13,Linux-6.12.90+-x86_64-with-glibc2.35,rag_symbolic_loop,1,44,2,0.28800912685657615,0.9257862405389571,-0.6377771136823809
2026-08-22T14:47:16.361858+00:00,e85c645134dafe5024515cf86aa8b00f0ed7e8e9,8,configs/s5_analysis_bn.yaml,3.12.13,Linux-6.12.90+-x86_64-with-glibc2.35,rag_symbolic_loop,1,44,3,0.9999997193255856,0.9728586022089436,0.027141117116642022
2026-08-22T14:47:16.361858+00:00,e85c645134dafe5024515cf86aa8b00f0ed7e8e9,8,configs/s5_analysis_bn.yaml,3.12.13,Linux-6.12.90+-x86_64-with-glibc2.35,rag_neural_symbolic_feedback,1,44,1,0.998538371673257,0.9700772681701164,0.028461103503140572
2026-08-22T14:47:16.361858+00:00,e85c645134dafe5024515cf86aa8b00f0ed7e8e9,8,configs/s5_analysis_bn.yaml,3.12.13,Linux-6.12.90+-x86_64-with-glibc2.35,rag_neural_loop,0,44,1,0.999999999996978,0.9822884112718553,0.017711588725122684
2026-08-22T14:47:16.361858+00:00,e85c645134dafe5024515cf86aa8b00f0ed7e8e9,8,configs/s5_analysis_bn.yaml,3.12.13,Linux-6.12.90+-x86_64-with-glibc2.35,rag_symbolic_loop,0,44,1,0.999999999996978,0.9822884112718553,0.017711588725122684
2026-08-22T14:47:16.361858+00:00,e85c645134dafe5024515cf86aa8b00f0ed7e8e9,8,configs/s5_analysis_bn.yaml,3.12.13,Linux-6.12.90+-x86_64-with-glibc2.35,rag_neural_symbolic_feedback,0,44,1,0.999999999996978,0.9822884112718553,0.017711588725122684
2026-08-22T14:47:16.361858+00:00,e85c645134dafe5024515cf86aa8b00f0ed7e8e9,8,configs/s5_analysis_bn.yaml,3.12.13,Linux-6.12.90+-x86_64-with-glibc2.35,rag_neural_loop,1,44,1,0.9789403923000847,0.9538210975146381,0.02511929478544661
2026-08-22T14:47:16.361858+00:00,e85c645134dafe5024515cf86aa8b00f0ed7e8e9,8,configs/s5_analysis_bn.yaml,3.12.13,Linux-6.12.90+-x86_64-with-glibc2.35,rag_symbolic_loop,1,44,1,0.9789403923000847,0.9538210975146381,0.02511929478544661
2026-08-22T14:47:16.361858+00:00,e85c645134dafe5024515cf86aa8b00f0ed7e8e9,8,configs/s5_analysis_bn.yaml,3.12.13,Linux-6.12.90+-x86_64-with-glibc2.35,rag_symbolic_loop,1,44,2,0.557360217905087,0.9557733358418148,-0.39841311793672773
2026-08-22T14:47:16.361858+00:00,e85c645134dafe5024515cf86aa8b00f0ed7e8e9,8,configs/s5_analysis_bn.yaml,3.12.13,Linux-6.12.90+-x86_64-with-glibc2.35,rag_symbolic_loop,1,44,3,0.2411473556412444,0.9431490179406433,-0.702001662299399
2026-08-22T14:47:16.361858+00:00,e85c645134dafe5024515cf86aa8b00f0ed7e8e9,8,configs/s5_analysis_bn.yaml,3.12.13,Linux-6.12.90+-x86_64-with-glibc2.35,rag_neural_symbolic_feedback,1,44,1,0.9789403923000847,0.9538210975146381,0.02511929478544661
2026-08-22T14:47:16.361858+00:00,e85c645134dafe5024515cf86aa8b00f0ed7e8e9,8,configs/s5_analysis_bn.yaml,3.12.13,Linux-6.12.90+-x86_64-with-glibc2.35,rag_neural_loop,0,44,1,0.9999999996959394,0.9768332589437722,0.023166740752167292
2026-08-22T14:47:16.361858+00:00,e85c645134dafe5024515cf86aa8b00f0ed7e8e9,8,configs/s5_analysis_bn.yaml,3.12.13,Linux-6.12.90+-x86_64-with-glibc2.35,rag_symbolic_loop,0,44,1,0.9999999996959394,0.9768332589437722,0.023166740752167292
2026-08-22T14:47:16.361858+00:00,e85c645134dafe5024515cf86aa8b00f0ed7e8e9,8,configs/s5_analysis_bn.yaml,3.12.13,Linux-6.12.90+-x86_64-with-glibc2.35,rag_neural_symbolic_feedback,0,44,1,0.9999999996959394,0.9768332589437722,0.023166740752167292
2026-08-22T14:47:16.361858+00:00,e85c645134dafe5024515cf86aa8b00f0ed7e8e9,8,configs/s5_analysis_bn.yaml,3.12.13,Linux-6.12.90+-x86_64-with-glibc2.35,rag_neural_loop,1,44,1,0.38799956496262844,0.9543272168351976,-0.5663276518725692
2026-08-22T14:47:16.361858+00:00,e85c645134dafe5024515cf86aa8b00f0ed7e8e9,8,configs/s5_analysis_bn.yaml,3.12.13,Linux-6.12.90+-x86_64-with-glibc2.35,rag_neural_loop,1,44,2,0.9999974206358697,0.9020032005590728,0.09799422007679692
2026-08-22T14:47:16.361858+00:00,e85c645134dafe5024515cf86aa8b00f0ed7e8e9,8,configs/s5_analysis_bn.yaml,3.12.13,Linux-6.12.90+-x86_64-with-glibc2.35,rag_symbolic_loop,1,44,1,0.38799956496262844,0.9543272168351976,-0.5663276518725692
2026-08-22T14:47:16.361858+00:00,e85c645134dafe5024515cf86aa8b00f0ed7e8e9,8,configs/s5_analysis_bn.yaml,3.12.13,Linux-6.12.90+-x86_64-with-glibc2.35,rag_symbolic_loop,1,44,2,0.8142379244275065,0.8620119571522351,-0.04777403272472858
2026-08-22T14:47:16.361858+00:00,e85c645134dafe5024515cf86aa8b00f0ed7e8e9,8,configs/s5_analysis_bn.yaml,3.12.13,Linux-6.12.90+-x86_64-with-glibc2.35,rag_symbolic_loop,1,44,3,0.0004655835683437366,0.9016924003697062,-0.9012268168013625
2026-08-22T14:47:16.361858+00:00,e85c645134dafe5024515cf86aa8b00f0ed7e8e9,8,configs/s5_analysis_bn.yaml,3.12.13,Linux-6.12.90+-x86_64-with-glibc2.35,rag_neural_symbolic_feedback,1,44,1,0.38799956496262844,0.9543272168351976,-0.5663276518725692
2026-08-22T14:47:16.361858+00:00,e85c645134dafe5024515cf86aa8b00f0ed7e8e9,8,configs/s5_analysis_bn.yaml,3.12.13,Linux-6.12.90+-x86_64-with-glibc2.35,rag_neural_symbolic_feedback,1,44,2,0.8306998903922191,0.850467721875423,-0.019767831483203824
2026-08-22T14:47:16.361858+00:00,e85c645134dafe5024515cf86aa8b00f0ed7e8e9,8,configs/s5_analysis_bn.yaml,3.12.13,Linux-6.12.90+-x86_64-with-glibc2.35,rag_neural_loop,0,44,1,2.6053975261675077e-06,0.03107466327372843,-0.031072057876202264
2026-08-22T14:47:16.361858+00:00,e85c645134dafe5024515cf86aa8b00f0ed7e8e9,8,configs/s5_analysis_bn.yaml,3.12.13,Linux-6.12.90+-x86_64-with-glibc2.35,rag_neural_loop,0,44,2,0.9998811693443986,0.979754436635401,0.020126732708997674
2026-08-22T14:47:16.361858+00:00,e85c645134dafe5024515cf86aa8b00f0ed7e8e9,8,configs/s5_analysis_bn.yaml,3.12.13,Linux-6.12.90+-x86_64-with-glibc2.35,rag_symbolic_loop,0,44,1,2.6053975261675077e-06,0.03107466327372843,-0.031072057876202264
2026-08-22T14:47:16.361858+00:00,e85c645134dafe5024515cf86aa8b00f0ed7e8e9,8,configs/s5_analysis_bn.yaml,3.12.13,Linux-6.12.90+-x86_64-with-glibc2.35,rag_neural_symbolic_feedback,0,44,1,2.6053975261675077e-06,0.03107466327372843,-0.031072057876202264
2026-08-22T14:47:16.361858+00:00,e85c645134dafe5024515cf86aa8b00f0ed7e8e9,8,configs/s5_analysis_bn.yaml,3.12.13,Linux-6.12.90+-x86_64-with-glibc2.35,rag_neural_symbolic_feedback,0,44,2,0.9999999987271926,0.9847729780889966,0.015227020638196032
2026-08-22T14:47:16.361858+00:00,e85c645134dafe5024515cf86aa8b00f0ed7e8e9,8,configs/s5_analysis_bn.yaml,3.12.13,Linux-6.12.90+-x86_64-with-glibc2.35,rag_neural_loop,1,44,1,0.0007044988239284967,0.01429282343019218,-0.013588324606263684
2026-08-22T14:47:16.361858+00:00,e85c645134dafe5024515cf86aa8b00f0ed7e8e9,8,configs/s5_analysis_bn.yaml,3.12.13,Linux-6.12.90+-x86_64-with-glibc2.35,rag_neural_loop,1,44,2,0.9973700077151013,0.9389649993096624,0.05840500840543894
2026-08-22T14:47:16.361858+00:00,e85c645134dafe5024515cf86aa8b00f0ed7e8e9,8,configs/s5_analysis_bn.yaml,3.12.13,Linux-6.12.90+-x86_64-with-glibc2.35,rag_symbolic_loop,1,44,1,0.0007044988239284967,0.01429282343019218,-0.013588324606263684
2026-08-22T14:47:16.361858+00:00,e85c645134dafe5024515cf86aa8b00f0ed7e8e9,8,configs/s5_analysis_bn.yaml,3.12.13,Linux-6.12.90+-x86_64-with-glibc2.35,rag_symbolic_loop,1,44,2,0.05447160406226432,0.016162807580416147,0.03830879648184817
2026-08-22T14:47:16.361858+00:00,e85c645134dafe5024515cf86aa8b00f0ed7e8e9,8,configs/s5_analysis_bn.yaml,3.12.13,Linux-6.12.90+-x86_64-with-glibc2.35,rag_symbolic_loop,1,44,3,0.9999728574952746,0.966355448203891,0.03361740929138368
2026-08-22T14:47:16.361858+00:00,e85c645134dafe5024515cf86aa8b00f0ed7e8e9,8,configs/s5_analysis_bn.yaml,3.12.13,Linux-6.12.90+-x86_64-with-glibc2.35,rag_neural_symbolic_feedback,1,44,1,0.0007044988239284967,0.01429282343019218,-0.013588324606263684
2026-08-22T14:47:16.361858+00:00,e85c645134dafe5024515cf86aa8b00f0ed7e8e9,8,configs/s5_analysis_bn.yaml,3.12.13,Linux-6.12.90+-x86_64-with-glibc2.35,rag_neural_symbolic_feedback,1,44,2,0.8036917142178186,0.9764365435799359,-0.17274482936211732
2026-08-22T14:47:16.361858+00:00,e85c645134dafe5024515cf86aa8b00f0ed7e8e9,8,configs/s5_analysis_bn.yaml,3.12.13,Linux-6.12.90+-x86_64-with-glibc2.35,rag_neural_loop,0,44,1,0.9857123171884975,0.05059589471175929,0.9351164224767382
2026-08-22T14:47:16.361858+00:00,e85c645134dafe5024515cf86aa8b00f0ed7e8e9,8,configs/s5_analysis_bn.yaml,3.12.13,Linux-6.12.90+-x86_64-with-glibc2.35,rag_symbolic_loop,0,44,1,0.9857123171884975,0.05059589471175929,0.9351164224767382
2026-08-22T14:47:16.361858+00:00,e85c645134dafe5024515cf86aa8b00f0ed7e8e9,8,configs/s5_analysis_bn.yaml,3.12.13,Linux-6.12.90+-x86_64-with-glibc2.35,rag_neural_symbolic_feedback,0,44,1,0.9857123171884975,0.05059589471175929,0.9351164224767382
2026-08-22T14:47:16.361858+00:00,e85c645134dafe5024515cf86aa8b00f0ed7e8e9,8,configs/s5_analysis_bn.yaml,3.12.13,Linux-6.12.90+-x86_64-with-glibc2.35,rag_neural_loop,1,44,1,0.9983549718415968,0.9608952731756145,0.03745969866598231
2026-08-22T14:47:16.361858+00:00,e85c645134dafe5024515cf86aa8b00f0ed7e8e9,8,configs/s5_analysis_bn.yaml,3.12.13,Linux-6.12.90+-x86_64-with-glibc2.35,rag_symbolic_loop,1,44,1,0.9983549718415968,0.9608952731756145,0.03745969866598231
2026-08-22T14:47:16.361858+00:00,e85c645134dafe5024515cf86aa8b00f0ed7e8e9,8,configs/s5_analysis_bn.yaml,3.12.13,Linux-6.12.90+-x86_64-with-glibc2.35,rag_symbolic_loop,1,44,2,0.003426012989326088,0.9489919783025663,-0.9455659653132402
2026-08-22T14:47:16.361858+00:00,e85c645134dafe5024515cf86aa8b00f0ed7e8e9,8,configs/s5_analysis_bn.yaml,3.12.13,Linux-6.12.90+-x86_64-with-glibc2.35,rag_symbolic_loop,1,44,3,0.00039970210984201595,0.9277816183263162,-0.9273819162164743
2026-08-22T14:47:16.361858+00:00,e85c645134dafe5024515cf86aa8b00f0ed7e8e9,8,configs/s5_analysis_bn.yaml,3.12.13,Linux-6.12.90+-x86_64-with-glibc2.35,rag_neural_symbolic_feedback,1,44,1,0.9983549718415968,0.9608952731756145,0.03745969866598231
2026-08-22T14:47:16.361858+00:00,e85c645134dafe5024515cf86aa8b00f0ed7e8e9,8,configs/s5_analysis_bn.yaml,3.12.13,Linux-6.12.90+-x86_64-with-glibc2.35,rag_neural_loop,0,44,1,0.99536169481978,0.024130593996464667,0.9712311008233153
2026-08-22T14:47:16.361858+00:00,e85c645134dafe5024515cf86aa8b00f0ed7e8e9,8,configs/s5_analysis_bn.yaml,3.12.13,Linux-6.12.90+-x86_64-with-glibc2.35,rag_symbolic_loop,0,44,1,0.99536169481978,0.024130593996464667,0.9712311008233153
2026-08-22T14:47:16.361858+00:00,e85c645134dafe5024515cf86aa8b00f0ed7e8e9,8,configs/s5_analysis_bn.yaml,3.12.13,Linux-6.12.90+-x86_64-with-glibc2.35,rag_neural_symbolic_feedback,0,44,1,0.99536169481978,0.024130593996464667,0.9712311008233153
2026-08-22T14:47:16.361858+00:00,e85c645134dafe5024515cf86aa8b00f0ed7e8e9,8,configs/s5_analysis_bn.yaml,3.12.13,Linux-6.12.90+-x86_64-with-glibc2.35,rag_neural_loop,1,44,1,0.008544809435677527,0.4593139664811881,-0.45076915704551057
2026-08-22T14:47:16.361858+00:00,e85c645134dafe5024515cf86aa8b00f0ed7e8e9,8,configs/s5_analysis_bn.yaml,3.12.13,Linux-6.12.90+-x86_64-with-glibc2.35,rag_neural_loop,1,44,2,0.9431304649607133,0.9772563322929482,-0.03412586733223488
2026-08-22T14:47:16.361858+00:00,e85c645134dafe5024515cf86aa8b00f0ed7e8e9,8,configs/s5_analysis_bn.yaml,3.12.13,Linux-6.12.90+-x86_64-with-glibc2.35,rag_symbolic_loop,1,44,1,0.008544809435677527,0.4593139664811881,-0.45076915704551057
2026-08-22T14:47:16.361858+00:00,e85c645134dafe5024515cf86aa8b00f0ed7e8e9,8,configs/s5_analysis_bn.yaml,3.12.13,Linux-6.12.90+-x86_64-with-glibc2.35,rag_neural_symbolic_feedback,1,44,1,0.008544809435677527,0.4593139664811881,-0.45076915704551057
2026-08-22T14:47:16.361858+00:00,e85c645134dafe5024515cf86aa8b00f0ed7e8e9,8,configs/s5_analysis_bn.yaml,3.12.13,Linux-6.12.90+-x86_64-with-glibc2.35,rag_neural_symbolic_feedback,1,44,2,0.942018229895786,0.964728547269554,-0.022710317373768052
2026-08-22T14:47:16.361858+00:00,e85c645134dafe5024515cf86aa8b00f0ed7e8e9,8,configs/s5_analysis_bn.yaml,3.12.13,Linux-6.12.90+-x86_64-with-glibc2.35,rag_neural_loop,0,44,1,0.9999999998356599,0.9849215415624468,0.01507845827321308
2026-08-22T14:47:16.361858+00:00,e85c645134dafe5024515cf86aa8b00f0ed7e8e9,8,configs/s5_analysis_bn.yaml,3.12.13,Linux-6.12.90+-x86_64-with-glibc2.35,rag_symbolic_loop,0,44,1,0.9999999998356599,0.9849215415624468,0.01507845827321308
2026-08-22T14:47:16.361858+00:00,e85c645134dafe5024515cf86aa8b00f0ed7e8e9,8,configs/s5_analysis_bn.yaml,3.12.13,Linux-6.12.90+-x86_64-with-glibc2.35,rag_neural_symbolic_feedback,0,44,1,0.9999999998356599,0.9849215415624468,0.01507845827321308
2026-08-22T14:47:16.361858+00:00,e85c645134dafe5024515cf86aa8b00f0ed7e8e9,8,configs/s5_analysis_bn.yaml,3.12.13,Linux-6.12.90+-x86_64-with-glibc2.35,rag_neural_loop,1,44,1,0.9462949111922737,0.9634915481608991,-0.01719663696862539
2026-08-22T14:47:16.361858+00:00,e85c645134dafe5024515cf86aa8b00f0ed7e8e9,8,configs/s5_analysis_bn.yaml,3.12.13,Linux-6.12.90+-x86_64-with-glibc2.35,rag_symbolic_loop,1,44,1,0.9462949111922737,0.9634915481608991,-0.01719663696862539
2026-08-22T14:47:16.361858+00:00,e85c645134dafe5024515cf86aa8b00f0ed7e8e9,8,configs/s5_analysis_bn.yaml,3.12.13,Linux-6.12.90+-x86_64-with-glibc2.35,rag_neural_symbolic_feedback,1,44,1,0.9462949111922737,0.9634915481608991,-0.01719663696862539
2026-08-22T14:47:16.361858+00:00,e85c645134dafe5024515cf86aa8b00f0ed7e8e9,8,configs/s5_analysis_bn.yaml,3.12.13,Linux-6.12.90+-x86_64-with-glibc2.35,rag_neural_loop,0,44,1,5.644467115928364e-10,0.02408328136360094,-0.024083280799154227
2026-08-22T14:47:16.361858+00:00,e85c645134dafe5024515cf86aa8b00f0ed7e8e9,8,configs/s5_analysis_bn.yaml,3.12.13,Linux-6.12.90+-x86_64-with-glibc2.35,rag_neural_loop,0,44,2,5.666851300434317e-06,0.025854121397419827,-0.025848454546119393
2026-08-22T14:47:16.361858+00:00,e85c645134dafe5024515cf86aa8b00f0ed7e8e9,8,configs/s5_analysis_bn.yaml,3.12.13,Linux-6.12.90+-x86_64-with-glibc2.35,rag_neural_loop,0,44,3,0.007496201650824874,0.02062789576872026,-0.013131694117895387
2026-08-22T14:47:16.361858+00:00,e85c645134dafe5024515cf86aa8b00f0ed7e8e9,8,configs/s5_analysis_bn.yaml,3.12.13,Linux-6.12.90+-x86_64-with-glibc2.35,rag_symbolic_loop,0,44,1,5.644467115928364e-10,0.02408328136360094,-0.024083280799154227
2026-08-22T14:47:16.361858+00:00,e85c645134dafe5024515cf86aa8b00f0ed7e8e9,8,configs/s5_analysis_bn.yaml,3.12.13,Linux-6.12.90+-x86_64-with-glibc2.35,rag_neural_symbolic_feedback,0,44,1,5.644467115928364e-10,0.02408328136360094,-0.024083280799154227
2026-08-22T14:47:16.361858+00:00,e85c645134dafe5024515cf86aa8b00f0ed7e8e9,8,configs/s5_analysis_bn.yaml,3.12.13,Linux-6.12.90+-x86_64-with-glibc2.35,rag_neural_symbolic_feedback,0,44,2,0.9999999999997049,0.9851754972219712,0.014824502777733728
2026-08-22T14:47:16.361858+00:00,e85c645134dafe5024515cf86aa8b00f0ed7e8e9,8,configs/s5_analysis_bn.yaml,3.12.13,Linux-6.12.90+-x86_64-with-glibc2.35,rag_neural_loop,1,44,1,0.990561632579581,0.9654395676912916,0.025122064888289386
2026-08-22T14:47:16.361858+00:00,e85c645134dafe5024515cf86aa8b00f0ed7e8e9,8,configs/s5_analysis_bn.yaml,3.12.13,Linux-6.12.90+-x86_64-with-glibc2.35,rag_symbolic_loop,1,44,1,0.990561632579581,0.9654395676912916,0.025122064888289386
2026-08-22T14:47:16.361858+00:00,e85c645134dafe5024515cf86aa8b00f0ed7e8e9,8,configs/s5_analysis_bn.yaml,3.12.13,Linux-6.12.90+-x86_64-with-glibc2.35,rag_neural_symbolic_feedback,1,44,1,0.990561632579581,0.9654395676912916,0.025122064888289386
2026-08-22T14:47:16.361858+00:00,e85c645134dafe5024515cf86aa8b00f0ed7e8e9,8,configs/s5_analysis_bn.yaml,3.12.13,Linux-6.12.90+-x86_64-with-glibc2.35,rag_neural_loop,0,44,1,0.9999999999952995,0.980754287963122,0.01924571203217751
2026-08-22T14:47:16.361858+00:00,e85c645134dafe5024515cf86aa8b00f0ed7e8e9,8,configs/s5_analysis_bn.yaml,3.12.13,Linux-6.12.90+-x86_64-with-glibc2.35,rag_symbolic_loop,0,44,1,0.9999999999952995,0.980754287963122,0.01924571203217751
2026-08-22T14:47:16.361858+00:00,e85c645134dafe5024515cf86aa8b00f0ed7e8e9,8,configs/s5_analysis_bn.yaml,3.12.13,Linux-6.12.90+-x86_64-with-glibc2.35,rag_neural_symbolic_feedback,0,44,1,0.9999999999952995,0.980754287963122,0.01924571203217751
2026-08-22T14:47:16.361858+00:00,e85c645134dafe5024515cf86aa8b00f0ed7e8e9,8,configs/s5_analysis_bn.yaml,3.12.13,Linux-6.12.90+-x86_64-with-glibc2.35,rag_neural_loop,1,44,1,0.9999999554137402,0.9777374369903944,0.022262518423345812
2026-08-22T14:47:16.361858+00:00,e85c645134dafe5024515cf86aa8b00f0ed7e8e9,8,configs/s5_analysis_bn.yaml,3.12.13,Linux-6.12.90+-x86_64-with-glibc2.35,rag_symbolic_loop,1,44,1,0.9999999554137402,0.9777374369903944,0.022262518423345812
2026-08-22T14:47:16.361858+00:00,e85c645134dafe5024515cf86aa8b00f0ed7e8e9,8,configs/s5_analysis_bn.yaml,3.12.13,Linux-6.12.90+-x86_64-with-glibc2.35,rag_symbolic_loop,1,44,2,0.9999999995252806,0.9780998344164342,0.021900165108846403
2026-08-22T14:47:16.361858+00:00,e85c645134dafe5024515cf86aa8b00f0ed7e8e9,8,configs/s5_analysis_bn.yaml,3.12.13,Linux-6.12.90+-x86_64-with-glibc2.35,rag_symbolic_loop,1,44,3,0.9998493016350067,0.9386963470249114,0.06115295461009529
2026-08-22T14:47:16.361858+00:00,e85c645134dafe5024515cf86aa8b00f0ed7e8e9,8,configs/s5_analysis_bn.yaml,3.12.13,Linux-6.12.90+-x86_64-with-glibc2.35,rag_neural_symbolic_feedback,1,44,1,0.9999999554137402,0.9777374369903944,0.022262518423345812
2026-08-22T14:47:16.361858+00:00,e85c645134dafe5024515cf86aa8b00f0ed7e8e9,8,configs/s5_analysis_bn.yaml,3.12.13,Linux-6.12.90+-x86_64-with-glibc2.35,rag_neural_loop,0,44,1,0.999999984349905,0.9691229098016404,0.030877074548264605
2026-08-22T14:47:16.361858+00:00,e85c645134dafe5024515cf86aa8b00f0ed7e8e9,8,configs/s5_analysis_bn.yaml,3.12.13,Linux-6.12.90+-x86_64-with-glibc2.35,rag_symbolic_loop,0,44,1,0.999999984349905,0.9691229098016404,0.030877074548264605
2026-08-22T14:47:16.361858+00:00,e85c645134dafe5024515cf86aa8b00f0ed7e8e9,8,configs/s5_analysis_bn.yaml,3.12.13,Linux-6.12.90+-x86_64-with-glibc2.35,rag_neural_symbolic_feedback,0,44,1,0.999999984349905,0.9691229098016404,0.030877074548264605
2026-08-22T14:47:16.361858+00:00,e85c645134dafe5024515cf86aa8b00f0ed7e8e9,8,configs/s5_analysis_bn.yaml,3.12.13,Linux-6.12.90+-x86_64-with-glibc2.35,rag_neural_loop,1,44,1,0.9999886843672029,0.9412932522547545,0.05869543211244843
2026-08-22T14:47:16.361858+00:00,e85c645134dafe5024515cf86aa8b00f0ed7e8e9,8,configs/s5_analysis_bn.yaml,3.12.13,Linux-6.12.90+-x86_64-with-glibc2.35,rag_symbolic_loop,1,44,1,0.9999886843672029,0.9412932522547545,0.05869543211244843
2026-08-22T14:47:16.361858+00:00,e85c645134dafe5024515cf86aa8b00f0ed7e8e9,8,configs/s5_analysis_bn.yaml,3.12.13,Linux-6.12.90+-x86_64-with-glibc2.35,rag_symbolic_loop,1,44,2,0.9999970990142064,0.9611033580912464,0.03889374092296005
2026-08-22T14:47:16.361858+00:00,e85c645134dafe5024515cf86aa8b00f0ed7e8e9,8,configs/s5_analysis_bn.yaml,3.12.13,Linux-6.12.90+-x86_64-with-glibc2.35,rag_symbolic_loop,1,44,3,0.3091286864940458,0.9674512858053393,-0.6583225993112936
2026-08-22T14:47:16.361858+00:00,e85c645134dafe5024515cf86aa8b00f0ed7e8e9,8,configs/s5_analysis_bn.yaml,3.12.13,Linux-6.12.90+-x86_64-with-glibc2.35,rag_neural_symbolic_feedback,1,44,1,0.9999886843672029,0.9412932522547545,0.05869543211244843
2026-08-22T14:47:16.361858+00:00,e85c645134dafe5024515cf86aa8b00f0ed7e8e9,8,configs/s5_analysis_bn.yaml,3.12.13,Linux-6.12.90+-x86_64-with-glibc2.35,rag_neural_loop,0,44,1,0.006782916881758916,0.027577384887194967,-0.02079446800543605
2026-08-22T14:47:16.361858+00:00,e85c645134dafe5024515cf86aa8b00f0ed7e8e9,8,configs/s5_analysis_bn.yaml,3.12.13,Linux-6.12.90+-x86_64-with-glibc2.35,rag_neural_loop,0,44,2,0.9999999998796456,0.983803192583074,0.01619680729657158
2026-08-22T14:47:16.361858+00:00,e85c645134dafe5024515cf86aa8b00f0ed7e8e9,8,configs/s5_analysis_bn.yaml,3.12.13,Linux-6.12.90+-x86_64-with-glibc2.35,rag_symbolic_loop,0,44,1,0.006782916881758916,0.027577384887194967,-0.02079446800543605
2026-08-22T14:47:16.361858+00:00,e85c645134dafe5024515cf86aa8b00f0ed7e8e9,8,configs/s5_analysis_bn.yaml,3.12.13,Linux-6.12.90+-x86_64-with-glibc2.35,rag_neural_symbolic_feedback,0,44,1,0.006782916881758916,0.027577384887194967,-0.02079446800543605
2026-08-22T14:47:16.361858+00:00,e85c645134dafe5024515cf86aa8b00f0ed7e8e9,8,configs/s5_analysis_bn.yaml,3.12.13,Linux-6.12.90+-x86_64-with-glibc2.35,rag_neural_symbolic_feedback,0,44,2,4.271683138323823e-07,0.0238175012432017,-0.023817074074887867
2026-08-22T14:47:16.361858+00:00,e85c645134dafe5024515cf86aa8b00f0ed7e8e9,8,configs/s5_analysis_bn.yaml,3.12.13,Linux-6.12.90+-x86_64-with-glibc2.35,rag_neural_symbolic_feedback,0,44,3,0.9999997813025575,0.8763011286086694,0.12369865269388813
2026-08-22T14:47:16.361858+00:00,e85c645134dafe5024515cf86aa8b00f0ed7e8e9,8,configs/s5_analysis_bn.yaml,3.12.13,Linux-6.12.90+-x86_64-with-glibc2.35,rag_neural_loop,1,44,1,0.9993010533807362,0.9659169838586974,0.03338406952203876
2026-08-22T14:47:16.361858+00:00,e85c645134dafe5024515cf86aa8b00f0ed7e8e9,8,configs/s5_analysis_bn.yaml,3.12.13,Linux-6.12.90+-x86_64-with-glibc2.35,rag_symbolic_loop,1,44,1,0.9993010533807362,0.9659169838586974,0.03338406952203876
2026-08-22T14:47:16.361858+00:00,e85c645134dafe5024515cf86aa8b00f0ed7e8e9,8,configs/s5_analysis_bn.yaml,3.12.13,Linux-6.12.90+-x86_64-with-glibc2.35,rag_neural_symbolic_feedback,1,44,1,0.9993010533807362,0.9659169838586974,0.03338406952203876
2026-08-22T14:47:16.361858+00:00,e85c645134dafe5024515cf86aa8b00f0ed7e8e9,8,configs/s5_analysis_bn.yaml,3.12.13,Linux-6.12.90+-x86_64-with-glibc2.35,rag_neural_loop,0,44,1,0.999998731921214,0.9853007524920493,0.014697979429164731
2026-08-22T14:47:16.361858+00:00,e85c645134dafe5024515cf86aa8b00f0ed7e8e9,8,configs/s5_analysis_bn.yaml,3.12.13,Linux-6.12.90+-x86_64-with-glibc2.35,rag_symbolic_loop,0,44,1,0.999998731921214,0.9853007524920493,0.014697979429164731
2026-08-22T14:47:16.361858+00:00,e85c645134dafe5024515cf86aa8b00f0ed7e8e9,8,configs/s5_analysis_bn.yaml,3.12.13,Linux-6.12.90+-x86_64-with-glibc2.35,rag_neural_symbolic_feedback,0,44,1,0.999998731921214,0.9853007524920493,0.014697979429164731
2026-08-22T14:47:16.361858+00:00,e85c645134dafe5024515cf86aa8b00f0ed7e8e9,8,configs/s5_analysis_bn.yaml,3.12.13,Linux-6.12.90+-x86_64-with-glibc2.35,rag_neural_loop,1,44,1,0.9826424502467799,0.9429303748685612,0.039712075378218636
2026-08-22T14:47:16.361858+00:00,e85c645134dafe5024515cf86aa8b00f0ed7e8e9,8,configs/s5_analysis_bn.yaml,3.12.13,Linux-6.12.90+-x86_64-with-glibc2.35,rag_symbolic_loop,1,44,1,0.9826424502467799,0.9429303748685612,0.039712075378218636
2026-08-22T14:47:16.361858+00:00,e85c645134dafe5024515cf86aa8b00f0ed7e8e9,8,configs/s5_analysis_bn.yaml,3.12.13,Linux-6.12.90+-x86_64-with-glibc2.35,rag_symbolic_loop,1,44,2,0.999891264071277,0.8339291925682952,0.1659620715029818
2026-08-22T14:47:16.361858+00:00,e85c645134dafe5024515cf86aa8b00f0ed7e8e9,8,configs/s5_analysis_bn.yaml,3.12.13,Linux-6.12.90+-x86_64-with-glibc2.35,rag_symbolic_loop,1,44,3,0.9984494568972685,0.8696548069254378,0.12879464997183065
2026-08-22T14:47:16.361858+00:00,e85c645134dafe5024515cf86aa8b00f0ed7e8e9,8,configs/s5_analysis_bn.yaml,3.12.13,Linux-6.12.90+-x86_64-with-glibc2.35,rag_neural_symbolic_feedback,1,44,1,0.9826424502467799,0.9429303748685612,0.039712075378218636
2026-08-22T14:47:16.361858+00:00,e85c645134dafe5024515cf86aa8b00f0ed7e8e9,8,configs/s5_analysis_bn.yaml,3.12.13,Linux-6.12.90+-x86_64-with-glibc2.35,rag_neural_loop,0,44,1,0.9999999999964885,0.9821723720005728,0.01782762799591564
2026-08-22T14:47:16.361858+00:00,e85c645134dafe5024515cf86aa8b00f0ed7e8e9,8,configs/s5_analysis_bn.yaml,3.12.13,Linux-6.12.90+-x86_64-with-glibc2.35,rag_symbolic_loop,0,44,1,0.9999999999964885,0.9821723720005728,0.01782762799591564
2026-08-22T14:47:16.361858+00:00,e85c645134dafe5024515cf86aa8b00f0ed7e8e9,8,configs/s5_analysis_bn.yaml,3.12.13,Linux-6.12.90+-x86_64-with-glibc2.35,rag_neural_symbolic_feedback,0,44,1,0.9999999999964885,0.9821723720005728,0.01782762799591564
2026-08-22T14:47:16.361858+00:00,e85c645134dafe5024515cf86aa8b00f0ed7e8e9,8,configs/s5_analysis_bn.yaml,3.12.13,Linux-6.12.90+-x86_64-with-glibc2.35,rag_neural_loop,1,44,1,0.018803157823671392,0.9783704541793614,-0.95956729635569
2026-08-22T14:47:16.361858+00:00,e85c645134dafe5024515cf86aa8b00f0ed7e8e9,8,configs/s5_analysis_bn.yaml,3.12.13,Linux-6.12.90+-x86_64-with-glibc2.35,rag_neural_loop,1,44,2,0.17135786397716155,0.9736424534279566,-0.8022845894507951
2026-08-22T14:47:16.361858+00:00,e85c645134dafe5024515cf86aa8b00f0ed7e8e9,8,configs/s5_analysis_bn.yaml,3.12.13,Linux-6.12.90+-x86_64-with-glibc2.35,rag_neural_loop,1,44,3,0.8409015896475311,0.9763816870555533,-0.13548009740802214
2026-08-22T14:47:16.361858+00:00,e85c645134dafe5024515cf86aa8b00f0ed7e8e9,8,configs/s5_analysis_bn.yaml,3.12.13,Linux-6.12.90+-x86_64-with-glibc2.35,rag_symbolic_loop,1,44,1,0.018803157823671392,0.9783704541793614,-0.95956729635569
2026-08-22T14:47:16.361858+00:00,e85c645134dafe5024515cf86aa8b00f0ed7e8e9,8,configs/s5_analysis_bn.yaml,3.12.13,Linux-6.12.90+-x86_64-with-glibc2.35,rag_symbolic_loop,1,44,2,0.0010157354718265724,0.6901455865793387,-0.6891298511075121
2026-08-22T14:47:16.361858+00:00,e85c645134dafe5024515cf86aa8b00f0ed7e8e9,8,configs/s5_analysis_bn.yaml,3.12.13,Linux-6.12.90+-x86_64-with-glibc2.35,rag_symbolic_loop,1,44,3,0.02205482998296635,0.9603310191372,-0.9382761891542336
2026-08-22T14:47:16.361858+00:00,e85c645134dafe5024515cf86aa8b00f0ed7e8e9,8,configs/s5_analysis_bn.yaml,3.12.13,Linux-6.12.90+-x86_64-with-glibc2.35,rag_neural_symbolic_feedback,1,44,1,0.018803157823671392,0.9783704541793614,-0.95956729635569
2026-08-22T14:47:16.361858+00:00,e85c645134dafe5024515cf86aa8b00f0ed7e8e9,8,configs/s5_analysis_bn.yaml,3.12.13,Linux-6.12.90+-x86_64-with-glibc2.35,rag_neural_symbolic_feedback,1,44,2,0.9995648331941701,0.9631958275941734,0.03636900559999667
2026-08-22T14:47:16.361858+00:00,e85c645134dafe5024515cf86aa8b00f0ed7e8e9,8,configs/s5_analysis_bn.yaml,3.12.13,Linux-6.12.90+-x86_64-with-glibc2.35,rag_neural_loop,0,44,1,0.9999999996738596,0.9842176934247735,0.015782306249086053
2026-08-22T14:47:16.361858+00:00,e85c645134dafe5024515cf86aa8b00f0ed7e8e9,8,configs/s5_analysis_bn.yaml,3.12.13,Linux-6.12.90+-x86_64-with-glibc2.35,rag_symbolic_loop,0,44,1,0.9999999996738596,0.9842176934247735,0.015782306249086053
2026-08-22T14:47:16.361858+00:00,e85c645134dafe5024515cf86aa8b00f0ed7e8e9,8,configs/s5_analysis_bn.yaml,3.12.13,Linux-6.12.90+-x86_64-with-glibc2.35,rag_neural_symbolic_feedback,0,44,1,0.9999999996738596,0.9842176934247735,0.015782306249086053
2026-08-22T14:47:16.361858+00:00,e85c645134dafe5024515cf86aa8b00f0ed7e8e9,8,configs/s5_analysis_bn.yaml,3.12.13,Linux-6.12.90+-x86_64-with-glibc2.35,rag_neural_loop,1,44,1,0.99985865304401,0.9701982931259304,0.029660359918079582
2026-08-22T14:47:16.361858+00:00,e85c645134dafe5024515cf86aa8b00f0ed7e8e9,8,configs/s5_analysis_bn.yaml,3.12.13,Linux-6.12.90+-x86_64-with-glibc2.35,rag_symbolic_loop,1,44,1,0.99985865304401,0.9701982931259304,0.029660359918079582
2026-08-22T14:47:16.361858+00:00,e85c645134dafe5024515cf86aa8b00f0ed7e8e9,8,configs/s5_analysis_bn.yaml,3.12.13,Linux-6.12.90+-x86_64-with-glibc2.35,rag_symbolic_loop,1,44,2,0.9901857564554585,0.9366636560427265,0.05352210041273198
2026-08-22T14:47:16.361858+00:00,e85c645134dafe5024515cf86aa8b00f0ed7e8e9,8,configs/s5_analysis_bn.yaml,3.12.13,Linux-6.12.90+-x86_64-with-glibc2.35,rag_symbolic_loop,1,44,3,0.0071307851085182375,0.1804923418177803,-0.17336155670926204
2026-08-22T14:47:16.361858+00:00,e85c645134dafe5024515cf86aa8b00f0ed7e8e9,8,configs/s5_analysis_bn.yaml,3.12.13,Linux-6.12.90+-x86_64-with-glibc2.35,rag_neural_symbolic_feedback,1,44,1,0.99985865304401,0.9701982931259304,0.029660359918079582
2026-08-22T14:47:16.361858+00:00,e85c645134dafe5024515cf86aa8b00f0ed7e8e9,8,configs/s5_analysis_bn.yaml,3.12.13,Linux-6.12.90+-x86_64-with-glibc2.35,rag_neural_loop,0,44,1,0.9999999998785113,0.9849078043238578,0.015092195554653465
2026-08-22T14:47:16.361858+00:00,e85c645134dafe5024515cf86aa8b00f0ed7e8e9,8,configs/s5_analysis_bn.yaml,3.12.13,Linux-6.12.90+-x86_64-with-glibc2.35,rag_symbolic_loop,0,44,1,0.9999999998785113,0.9849078043238578,0.015092195554653465
2026-08-22T14:47:16.361858+00:00,e85c645134dafe5024515cf86aa8b00f0ed7e8e9,8,configs/s5_analysis_bn.yaml,3.12.13,Linux-6.12.90+-x86_64-with-glibc2.35,rag_neural_symbolic_feedback,0,44,1,0.9999999998785113,0.9849078043238578,0.015092195554653465
2026-08-22T14:47:16.361858+00:00,e85c645134dafe5024515cf86aa8b00f0ed7e8e9,8,configs/s5_analysis_bn.yaml,3.12.13,Linux-6.12.90+-x86_64-with-glibc2.35,rag_neural_loop,1,44,1,0.9999717789727365,0.976980246975783,0.022991531996953474
2026-08-22T14:47:16.361858+00:00,e85c645134dafe5024515cf86aa8b00f0ed7e8e9,8,configs/s5_analysis_bn.yaml,3.12.13,Linux-6.12.90+-x86_64-with-glibc2.35,rag_symbolic_loop,1,44,1,0.9999717789727365,0.976980246975783,0.022991531996953474
2026-08-22T14:47:16.361858+00:00,e85c645134dafe5024515cf86aa8b00f0ed7e8e9,8,configs/s5_analysis_bn.yaml,3.12.13,Linux-6.12.90+-x86_64-with-glibc2.35,rag_symbolic_loop,1,44,2,0.9999999368352865,0.9756736295537017,0.024326307281584802
2026-08-22T14:47:16.361858+00:00,e85c645134dafe5024515cf86aa8b00f0ed7e8e9,8,configs/s5_analysis_bn.yaml,3.12.13,Linux-6.12.90+-x86_64-with-glibc2.35,rag_neural_symbolic_feedback,1,44,1,0.9999717789727365,0.976980246975783,0.022991531996953474
2026-08-22T14:47:16.361858+00:00,e85c645134dafe5024515cf86aa8b00f0ed7e8e9,8,configs/s5_analysis_bn.yaml,3.12.13,Linux-6.12.90+-x86_64-with-glibc2.35,rag_neural_loop,0,44,1,0.9999999944312692,0.9382972895816476,0.06170270484962159
2026-08-22T14:47:16.361858+00:00,e85c645134dafe5024515cf86aa8b00f0ed7e8e9,8,configs/s5_analysis_bn.yaml,3.12.13,Linux-6.12.90+-x86_64-with-glibc2.35,rag_symbolic_loop,0,44,1,0.9999999944312692,0.9382972895816476,0.06170270484962159
2026-08-22T14:47:16.361858+00:00,e85c645134dafe5024515cf86aa8b00f0ed7e8e9,8,configs/s5_analysis_bn.yaml,3.12.13,Linux-6.12.90+-x86_64-with-glibc2.35,rag_neural_symbolic_feedback,0,44,1,0.9999999944312692,0.9382972895816476,0.06170270484962159
2026-08-22T14:47:16.361858+00:00,e85c645134dafe5024515cf86aa8b00f0ed7e8e9,8,configs/s5_analysis_bn.yaml,3.12.13,Linux-6.12.90+-x86_64-with-glibc2.35,rag_neural_loop,1,44,1,0.7487797934281701,0.9514190405249021,-0.20263924709673198
2026-08-22T14:47:16.361858+00:00,e85c645134dafe5024515cf86aa8b00f0ed7e8e9,8,configs/s5_analysis_bn.yaml,3.12.13,Linux-6.12.90+-x86_64-with-glibc2.35,rag_symbolic_loop,1,44,1,0.7487797934281701,0.9514190405249021,-0.20263924709673198
2026-08-22T14:47:16.361858+00:00,e85c645134dafe5024515cf86aa8b00f0ed7e8e9,8,configs/s5_analysis_bn.yaml,3.12.13,Linux-6.12.90+-x86_64-with-glibc2.35,rag_neural_symbolic_feedback,1,44,1,0.7487797934281701,0.9514190405249021,-0.20263924709673198
2026-08-22T14:47:16.361858+00:00,e85c645134dafe5024515cf86aa8b00f0ed7e8e9,8,configs/s5_analysis_bn.yaml,3.12.13,Linux-6.12.90+-x86_64-with-glibc2.35,rag_neural_loop,0,44,1,0.9999999996302376,0.9790355150782846,0.02096448455195299
2026-08-22T14:47:16.361858+00:00,e85c645134dafe5024515cf86aa8b00f0ed7e8e9,8,configs/s5_analysis_bn.yaml,3.12.13,Linux-6.12.90+-x86_64-with-glibc2.35,rag_symbolic_loop,0,44,1,0.9999999996302376,0.9790355150782846,0.02096448455195299
2026-08-22T14:47:16.361858+00:00,e85c645134dafe5024515cf86aa8b00f0ed7e8e9,8,configs/s5_analysis_bn.yaml,3.12.13,Linux-6.12.90+-x86_64-with-glibc2.35,rag_neural_symbolic_feedback,0,44,1,0.9999999996302376,0.9790355150782846,0.02096448455195299
2026-08-22T14:47:16.361858+00:00,e85c645134dafe5024515cf86aa8b00f0ed7e8e9,8,configs/s5_analysis_bn.yaml,3.12.13,Linux-6.12.90+-x86_64-with-glibc2.35,rag_neural_loop,1,44,1,0.9999668355376671,0.9720531301919921,0.027913705345674944
2026-08-22T14:47:16.361858+00:00,e85c645134dafe5024515cf86aa8b00f0ed7e8e9,8,configs/s5_analysis_bn.yaml,3.12.13,Linux-6.12.90+-x86_64-with-glibc2.35,rag_symbolic_loop,1,44,1,0.9999668355376671,0.9720531301919921,0.027913705345674944
2026-08-22T14:47:16.361858+00:00,e85c645134dafe5024515cf86aa8b00f0ed7e8e9,8,configs/s5_analysis_bn.yaml,3.12.13,Linux-6.12.90+-x86_64-with-glibc2.35,rag_neural_symbolic_feedback,1,44,1,0.9999668355376671,0.9720531301919921,0.027913705345674944
2026-08-22T14:47:16.361858+00:00,e85c645134dafe5024515cf86aa8b00f0ed7e8e9,8,configs/s5_analysis_bn.yaml,3.12.13,Linux-6.12.90+-x86_64-with-glibc2.35,rag_neural_loop,0,44,1,0.9999999999999404,0.9527309768712584,0.047269023128681975
2026-08-22T14:47:16.361858+00:00,e85c645134dafe5024515cf86aa8b00f0ed7e8e9,8,configs/s5_analysis_bn.yaml,3.12.13,Linux-6.12.90+-x86_64-with-glibc2.35,rag_symbolic_loop,0,44,1,0.9999999999999404,0.9527309768712584,0.047269023128681975
2026-08-22T14:47:16.361858+00:00,e85c645134dafe5024515cf86aa8b00f0ed7e8e9,8,configs/s5_analysis_bn.yaml,3.12.13,Linux-6.12.90+-x86_64-with-glibc2.35,rag_neural_symbolic_feedback,0,44,1,0.9999999999999404,0.9527309768712584,0.047269023128681975
2026-08-22T14:47:16.361858+00:00,e85c645134dafe5024515cf86aa8b00f0ed7e8e9,8,configs/s5_analysis_bn.yaml,3.12.13,Linux-6.12.90+-x86_64-with-glibc2.35,rag_neural_loop,1,44,1,0.9995889663381127,0.9641390512354714,0.03544991510264128
2026-08-22T14:47:16.361858+00:00,e85c645134dafe5024515cf86aa8b00f0ed7e8e9,8,configs/s5_analysis_bn.yaml,3.12.13,Linux-6.12.90+-x86_64-with-glibc2.35,rag_symbolic_loop,1,44,1,0.9995889663381127,0.9641390512354714,0.03544991510264128
2026-08-22T14:47:16.361858+00:00,e85c645134dafe5024515cf86aa8b00f0ed7e8e9,8,configs/s5_analysis_bn.yaml,3.12.13,Linux-6.12.90+-x86_64-with-glibc2.35,rag_symbolic_loop,1,44,2,0.9940105965892961,0.9701267407066072,0.02388385588268893
2026-08-22T14:47:16.361858+00:00,e85c645134dafe5024515cf86aa8b00f0ed7e8e9,8,configs/s5_analysis_bn.yaml,3.12.13,Linux-6.12.90+-x86_64-with-glibc2.35,rag_neural_symbolic_feedback,1,44,1,0.9995889663381127,0.9641390512354714,0.03544991510264128
2026-08-22T14:47:16.361858+00:00,e85c645134dafe5024515cf86aa8b00f0ed7e8e9,8,configs/s5_analysis_bn.yaml,3.12.13,Linux-6.12.90+-x86_64-with-glibc2.35,rag_neural_loop,0,44,1,0.9915693620089523,0.027199489323109005,0.9643698726858433
2026-08-22T14:47:16.361858+00:00,e85c645134dafe5024515cf86aa8b00f0ed7e8e9,8,configs/s5_analysis_bn.yaml,3.12.13,Linux-6.12.90+-x86_64-with-glibc2.35,rag_symbolic_loop,0,44,1,0.9915693620089523,0.027199489323109005,0.9643698726858433
2026-08-22T14:47:16.361858+00:00,e85c645134dafe5024515cf86aa8b00f0ed7e8e9,8,configs/s5_analysis_bn.yaml,3.12.13,Linux-6.12.90+-x86_64-with-glibc2.35,rag_neural_symbolic_feedback,0,44,1,0.9915693620089523,0.027199489323109005,0.9643698726858433
2026-08-22T14:47:16.361858+00:00,e85c645134dafe5024515cf86aa8b00f0ed7e8e9,8,configs/s5_analysis_bn.yaml,3.12.13,Linux-6.12.90+-x86_64-with-glibc2.35,rag_neural_loop,1,44,1,0.0005579866316702313,0.02373250838770746,-0.02317452175603723
2026-08-22T14:47:16.361858+00:00,e85c645134dafe5024515cf86aa8b00f0ed7e8e9,8,configs/s5_analysis_bn.yaml,3.12.13,Linux-6.12.90+-x86_64-with-glibc2.35,rag_neural_loop,1,44,2,0.4856329342721445,0.15277741931978012,0.3328555149523644
2026-08-22T14:47:16.361858+00:00,e85c645134dafe5024515cf86aa8b00f0ed7e8e9,8,configs/s5_analysis_bn.yaml,3.12.13,Linux-6.12.90+-x86_64-with-glibc2.35,rag_symbolic_loop,1,44,1,0.0005579866316702313,0.02373250838770746,-0.02317452175603723
2026-08-22T14:47:16.361858+00:00,e85c645134dafe5024515cf86aa8b00f0ed7e8e9,8,configs/s5_analysis_bn.yaml,3.12.13,Linux-6.12.90+-x86_64-with-glibc2.35,rag_symbolic_loop,1,44,2,0.00097015527740228,0.6805741142714121,-0.6796039589940098
2026-08-22T14:47:16.361858+00:00,e85c645134dafe5024515cf86aa8b00f0ed7e8e9,8,configs/s5_analysis_bn.yaml,3.12.13,Linux-6.12.90+-x86_64-with-glibc2.35,rag_symbolic_loop,1,44,3,0.0007072879193135758,0.024105506299479513,-0.02339821838016594
2026-08-22T14:47:16.361858+00:00,e85c645134dafe5024515cf86aa8b00f0ed7e8e9,8,configs/s5_analysis_bn.yaml,3.12.13,Linux-6.12.90+-x86_64-with-glibc2.35,rag_neural_symbolic_feedback,1,44,1,0.0005579866316702313,0.02373250838770746,-0.02317452175603723
2026-08-22T14:47:16.361858+00:00,e85c645134dafe5024515cf86aa8b00f0ed7e8e9,8,configs/s5_analysis_bn.yaml,3.12.13,Linux-6.12.90+-x86_64-with-glibc2.35,rag_neural_symbolic_feedback,1,44,2,0.1517035056659048,0.662660647592999,-0.5109571419270942
2026-08-22T14:47:16.361858+00:00,e85c645134dafe5024515cf86aa8b00f0ed7e8e9,8,configs/s5_analysis_bn.yaml,3.12.13,Linux-6.12.90+-x86_64-with-glibc2.35,rag_neural_symbolic_feedback,1,44,3,0.9996908655777899,0.9683090891420356,0.03138177643575424
2026-08-22T14:47:16.361858+00:00,e85c645134dafe5024515cf86aa8b00f0ed7e8e9,8,configs/s5_analysis_bn.yaml,3.12.13,Linux-6.12.90+-x86_64-with-glibc2.35,rag_neural_loop,0,44,1,0.47545238303765736,0.14952275776844748,0.3259296252692099
2026-08-22T14:47:16.361858+00:00,e85c645134dafe5024515cf86aa8b00f0ed7e8e9,8,configs/s5_analysis_bn.yaml,3.12.13,Linux-6.12.90+-x86_64-with-glibc2.35,rag_symbolic_loop,0,44,1,0.47545238303765736,0.14952275776844748,0.3259296252692099
2026-08-22T14:47:16.361858+00:00,e85c645134dafe5024515cf86aa8b00f0ed7e8e9,8,configs/s5_analysis_bn.yaml,3.12.13,Linux-6.12.90+-x86_64-with-glibc2.35,rag_neural_symbolic_feedback,0,44,1,0.47545238303765736,0.14952275776844748,0.3259296252692099
2026-08-22T14:47:16.361858+00:00,e85c645134dafe5024515cf86aa8b00f0ed7e8e9,8,configs/s5_analysis_bn.yaml,3.12.13,Linux-6.12.90+-x86_64-with-glibc2.35,rag_neural_loop,1,44,1,0.9987876532529799,0.9210482460675848,0.07773940718539507
2026-08-22T14:47:16.361858+00:00,e85c645134dafe5024515cf86aa8b00f0ed7e8e9,8,configs/s5_analysis_bn.yaml,3.12.13,Linux-6.12.90+-x86_64-with-glibc2.35,rag_symbolic_loop,1,44,1,0.9987876532529799,0.9210482460675848,0.07773940718539507
2026-08-22T14:47:16.361858+00:00,e85c645134dafe5024515cf86aa8b00f0ed7e8e9,8,configs/s5_analysis_bn.yaml,3.12.13,Linux-6.12.90+-x86_64-with-glibc2.35,rag_symbolic_loop,1,44,2,0.9984727875976053,0.30636568952275156,0.6921070980748537
2026-08-22T14:47:16.361858+00:00,e85c645134dafe5024515cf86aa8b00f0ed7e8e9,8,configs/s5_analysis_bn.yaml,3.12.13,Linux-6.12.90+-x86_64-with-glibc2.35,rag_symbolic_loop,1,44,3,0.9999992738470441,0.9653016671325881,0.034697606714455986
2026-08-22T14:47:16.361858+00:00,e85c645134dafe5024515cf86aa8b00f0ed7e8e9,8,configs/s5_analysis_bn.yaml,3.12.13,Linux-6.12.90+-x86_64-with-glibc2.35,rag_neural_symbolic_feedback,1,44,1,0.9987876532529799,0.9210482460675848,0.07773940718539507
2026-08-22T14:47:16.361858+00:00,e85c645134dafe5024515cf86aa8b00f0ed7e8e9,8,configs/s5_analysis_bn.yaml,3.12.13,Linux-6.12.90+-x86_64-with-glibc2.35,rag_neural_loop,0,44,1,0.9999999999996517,0.9854842967044817,0.014515703295170046
2026-08-22T14:47:16.361858+00:00,e85c645134dafe5024515cf86aa8b00f0ed7e8e9,8,configs/s5_analysis_bn.yaml,3.12.13,Linux-6.12.90+-x86_64-with-glibc2.35,rag_symbolic_loop,0,44,1,0.9999999999996517,0.9854842967044817,0.014515703295170046
2026-08-22T14:47:16.361858+00:00,e85c645134dafe5024515cf86aa8b00f0ed7e8e9,8,configs/s5_analysis_bn.yaml,3.12.13,Linux-6.12.90+-x86_64-with-glibc2.35,rag_neural_symbolic_feedback,0,44,1,0.9999999999996517,0.9854842967044817,0.014515703295170046
2026-08-22T14:47:16.361858+00:00,e85c645134dafe5024515cf86aa8b00f0ed7e8e9,8,configs/s5_analysis_bn.yaml,3.12.13,Linux-6.12.90+-x86_64-with-glibc2.35,rag_neural_loop,1,44,1,0.8928870816126221,0.9703212591321146,-0.07743417751949255
2026-08-22T14:47:16.361858+00:00,e85c645134dafe5024515cf86aa8b00f0ed7e8e9,8,configs/s5_analysis_bn.yaml,3.12.13,Linux-6.12.90+-x86_64-with-glibc2.35,rag_symbolic_loop,1,44,1,0.8928870816126221,0.9703212591321146,-0.07743417751949255
2026-08-22T14:47:16.361858+00:00,e85c645134dafe5024515cf86aa8b00f0ed7e8e9,8,configs/s5_analysis_bn.yaml,3.12.13,Linux-6.12.90+-x86_64-with-glibc2.35,rag_symbolic_loop,1,44,2,0.058609430312688775,0.9625362099289076,-0.9039267796162189
2026-08-22T14:47:16.361858+00:00,e85c645134dafe5024515cf86aa8b00f0ed7e8e9,8,configs/s5_analysis_bn.yaml,3.12.13,Linux-6.12.90+-x86_64-with-glibc2.35,rag_symbolic_loop,1,44,3,0.7613131504477453,0.9762123340115506,-0.21489918356380533
2026-08-22T14:47:16.361858+00:00,e85c645134dafe5024515cf86aa8b00f0ed7e8e9,8,configs/s5_analysis_bn.yaml,3.12.13,Linux-6.12.90+-x86_64-with-glibc2.35,rag_neural_symbolic_feedback,1,44,1,0.8928870816126221,0.9703212591321146,-0.07743417751949255
